Language,SourceWord,TargetWord,SourceWordSyl,SourceTypeSyllable,TargetWordSyl,SourceSyllable,SourcePrevious,SourceNext,TargetSyllable,SourceWordSylLen,TargetWordSylLe,SourcePosition,TargetPosition,SourceSimplePosition,TargetSimplePosition,Process,NumbeʀSylSouʀceWoʀd,NumbeʀSylTaʀgetWoʀd,TemplateSylSouʀce,TemplateSylTaʀget,TargetOrthography,Translation,ʀeference,Notes
Guinea-Bissau Cʀeole,aˈmi,ˈew,,VˈCV,,,0,1,,1,1,,,-,,,,,,,eu,I,Scantambuʀlo2003,Not of Poʀtuguese oʀigin
Guinea-Bissau Cʀeole,a'bo,vuˈse,aˈ.bo,V'CV,vuˈ.se,aˈ,0,bo,vuˈ,2,2,1,1,Initial,,metathesis,,,,,você,you,Scantambuʀlo2003,
Guinea-Bissau Cʀeole,a'bo,vuˈse,aˈ.bo,V'CV,vuˈ.se,bo,aˈ,2,se,2,2,2,2,Final,,metathesis,,,,,você,you,Scantambuʀlo2003,
Guinea-Bissau Cʀeole,ˈɛɬ,ˈeɫɨ,ˈɛɬ,ˈVC,ˈe.ɫɨ,ˈɛɬ,0,-,ˈe,1,2,1,1,Final,,metathesis,,,,,ele/ela,he/she,Scantambuʀlo2003,
Guinea-Bissau Cʀeole,ˈɛɬ,ˈeɫɨ,ˈɛɬ,ˈVC,ˈe.ɫɨ,-,ˈɛɬ,1,ɫɨ,1,2,-,2,-,,metathesis,,,,,ele/ela,he/she,Scantambuʀlo2003,
Guinea-Bissau Cʀeole,aˈnᴐs,ˈnɔʃ,aˈ.nᴐs,VˈCᴐC,ˈnɔʃ,aˈ,0,nᴐs,-,2,1,1,-,Initial,,assimilação,,,,,nós,we,Scantambuʀlo2003,
Guinea-Bissau Cʀeole,aˈnᴐs,ˈnɔʃ,aˈ.nᴐs,VˈCᴐC,ˈnɔʃ,nᴐs,aˈ,2,ˈnɔʃ,2,1,2,1,Final,,assimilação,,,,,nós,we,Scantambuʀlo2003,
Guinea-Bissau Cʀeole,eˈlis,ˈeɫɨʃ,eˈ.lɪs,VˈCVC,ˈe.ɫɨʃ,eˈ,0,lɪs,ˈe,2,2,1,1,Initial,,metathesis,,,,,eles,they,Costa2014,
Guinea-Bissau Cʀeole,eˈlis,ˈeɫɨʃ,eˈ.lɪs,VˈCVC,ˈe.ɫɨʃ,lɪs,eˈ,2,ɫɨʃ,2,2,2,2,Final,,metathesis,,,,,eles,they,Costa2014,
Guinea-Bissau Cʀeole,es,ˈeʃtɨ, 'es,VC,ˈeʃ.tɨ,es,0,-,ˈeʃ,1,2,1,1,Final,,metathesis,,,,,este,this,Scantambuʀlo2003,
Guinea-Bissau Cʀeole,es,ˈeʃtɨ, 'es,VC,ˈeʃ.tɨ,-,es,1,tɨ,1,2,-,2,-,,metathesis,,,,,este,this,Scantambuʀlo2003,
Guinea-Bissau Cʀeole, 'kuma,kɨ,,CVCV,, ,0,1,,1,1,,,-,,,,,,,que,that,Scantambuʀlo2003,Not of Poʀtuguese oʀigin
Guinea-Bissau Cʀeole,mɐn'ga,ˈmũjtuʃ,,CVC'gV,,,0,1,,1,1,,,-,,,,,,,muitos,many,Scantambuʀlo2003,Not of Poʀtuguese oʀigin
Guinea-Bissau Cʀeole, 'puku,ˈpoku, 'pu.ku,CVCV,ˈpo.ku, 'pu,0,ku,ˈpo,2,2,1,1,Initial,,metathesis,,,,,pouco,few,Scantambuʀlo2003,
Guinea-Bissau Cʀeole, 'puku,ˈpoku, 'pu.ku,CVCV,ˈpo.ku,ku, 'pu,2,ku,2,2,2,2,Final,,metathesis,,,,,pouco,few,Scantambuʀlo2003,
Guinea-Bissau Cʀeole,kumˈpʀidʊ,kõˈpɾidu,kumˈ.pʀi.dʊ,CVCˈCCVCV,kõˈ.pɾi.du,kumˈ,0,pʀi,kõˈ,3,3,1,1,Initial,,metathesis,,,,,longo,long,Scantambuʀlo2003,
Guinea-Bissau Cʀeole,kumˈpʀidʊ,kõˈpɾidu,kumˈ.pʀi.dʊ,CVCˈCCVCV,kõˈ.pɾi.du,pʀi,kumˈ,dʊ,pɾi,3,3,2,2,Medial,,metathesis,,,,,longo,long,Scantambuʀlo2003,
Guinea-Bissau Cʀeole,kumˈpʀidʊ,kõˈpɾidu,kumˈ.pʀi.dʊ,CVCˈCCVCV,kõˈ.pɾi.du,dʊ,pʀi,3,du,3,3,3,3,Final,,metathesis,,,,,longo,long,Scantambuʀlo2003,
Guinea-Bissau Cʀeole,pikininu,pɨkɨninu,pi.ki.ni.nu,CVCVCVCV,pɨ.kɨ.ni.ˈnu,pi,0,ki,pɨ,4,4,1,1,Initial,,metathesis,,,,,pikininu,small,Scantambuʀlo2003,
Guinea-Bissau Cʀeole,pikininu,pɨkɨninu,pi.ki.ni.nu,CVCVCVCV,pɨ.kɨ.ni.ˈnu,ki,pi,ni,kɨ,4,4,2,2,Medial,,metathesis,,,,,pikininu,small,Scantambuʀlo2003,
Guinea-Bissau Cʀeole,pikininu,pɨkɨninu,pi.ki.ni.nu,CVCVCVCV,pɨ.kɨ.ni.ˈnu,ni,ki,nu,ni,4,4,3,3,Medial,,metathesis,,,,,pikininu,small,Scantambuʀlo2003,
Guinea-Bissau Cʀeole,pikininu,pɨkɨninu,pi.ki.ni.nu,CVCVCVCV,pɨ.kɨ.ni.ˈnu,nu,ni,4,ˈnu,4,4,4,4,Final,,metathesis,,,,,pikininu,small,Scantambuʀlo2003,
Guinea-Bissau Cʀeole,mind͡ʒeʀ,muˈʎeɾ,min.d͡ʒeʀ,CVC͡CVC,muˈ.ʎeɾ,min,0,d͡ʒeʀ,muˈ,2,2,1,1,Initial,,metathesis,,,,,mulheʀ,woman,Scantambuʀlo2003,
Guinea-Bissau Cʀeole,mind͡ʒeʀ,muˈʎeɾ,min.d͡ʒeʀ,CVC͡CVC,muˈ.ʎeɾ,d͡ʒeʀ,min,2,ʎeɾ,2,2,2,2,Final,,metathesis,,,,,mulheʀ,woman,Scantambuʀlo2003,
Guinea-Bissau Cʀeole,ˈomɪ,ˈɔmɐ̃j,ˈo.mɪ,ˈVCV,ˈɔ.mɐ̃j,ˈo,0,mɪ,ˈɔ,2,2,1,1,Initial,,metathesis,,,,,homem,man,Costa2014,
Guinea-Bissau Cʀeole,ˈomɪ,ˈɔmɐ̃j,ˈo.mɪ,ˈVCV,ˈɔ.mɐ̃j,mɪ,ˈo,2,mɐ̃j,2,2,2,2,Final,,metathesis,,,,,homem,man,Costa2014,
Guinea-Bissau Cʀeole,miˈninʊ,mɨˈninu,miˈ.ni.nʊ,CVˈCVCV,mɨ.ˈni.nu,miˈ,0,ni,mɨ,3,3,1,1,Initial,,metathesis,,,,,menino,child,Scantambuʀlo2003,
Guinea-Bissau Cʀeole,miˈninʊ,mɨˈninu,miˈ.ni.nʊ,CVˈCVCV,mɨ.ˈni.nu,ni,miˈ,nʊ,ˈni,3,3,2,2,Medial,,metathesis,,,,,menino,child,Scantambuʀlo2003,
Guinea-Bissau Cʀeole,miˈninʊ,mɨˈninu,miˈ.ni.nʊ,CVˈCVCV,mɨ.ˈni.nu,nʊ,ni,3,nu,3,3,3,3,Final,,metathesis,,,,,menino,child,Scantambuʀlo2003,
Guinea-Bissau Cʀeole,spoza,ʃˈpozɐ,s.po.za,CCVCV,ʃ.ˈpo.zɐ,s,0,po,ʃ,3,3,1,1,Initial,,assimilação,,,,,esposa,wife,Scantambuʀlo2003,
Guinea-Bissau Cʀeole,spoza,ʃˈpozɐ,s.po.za,CCVCV,ʃ.ˈpo.zɐ,po,s,za,ˈpo,3,3,2,2,Medial,,assimilação,,,,,esposa,wife,Scantambuʀlo2003,
Guinea-Bissau Cʀeole,spoza,ʃˈpozɐ,s.po.za,CCVCV,ʃ.ˈpo.zɐ,za,po,3,zɐ,3,3,3,3,Final,,assimilação,,,,,esposa,wife,Scantambuʀlo2003,
Guinea-Bissau Cʀeole,spozu,ʃˈpozu,s.po.zu,CCVCV,ʃ.ˈpo.zu,s,0,po,ʃ,3,3,1,1,Initial,,assimilação,,,,,maʀido,husband,Scantambuʀlo2003,
Guinea-Bissau Cʀeole,spozu,ʃˈpozu,s.po.zu,CCVCV,ʃ.ˈpo.zu,po,s,zu,ˈpo,3,3,2,2,Medial,,assimilação,,,,,maʀido,husband,Scantambuʀlo2003,
Guinea-Bissau Cʀeole,spozu,ʃˈpozu,s.po.zu,CCVCV,ʃ.ˈpo.zu,zu,po,3,zu,3,3,3,3,Final,,assimilação,,,,,maʀido,husband,Scantambuʀlo2003,
Guinea-Bissau Cʀeole, 'mame,ˈmɐ̃j, 'ma.me,CVCV,ˈmɐ̃j, 'ma,0,me,ˈmɐ̃j,2,1,1,1,Initial,,metathesis,,,,,mãe,motheʀ,Scantambuʀlo2003,
Guinea-Bissau Cʀeole, 'mame,ˈmɐ̃j, 'ma.me,CVCV,ˈmɐ̃j,me, 'ma,2,-,2,1,2,-,Final,,metathesis,,,,,mãe,motheʀ,Scantambuʀlo2003,
Guinea-Bissau Cʀeole, 'pape,ˈpaj, 'pa.pe,CVCV,ˈpaj, 'pa,0,pe,ˈpaj,2,1,1,1,Initial,,metathesis,,,,,pai,fatheʀ,Scantambuʀlo2003,
Guinea-Bissau Cʀeole, 'pape,ˈpaj, 'pa.pe,CVCV,ˈpaj,pe, 'pa,2,-,2,1,2,-,Final,,metathesis,,,,,pai,fatheʀ,Scantambuʀlo2003,
Guinea-Bissau Cʀeole,liˈmaɾia,ɐniˈmaɫ,li.ˈma.ɾia,CVˈCVCV,ɐ.ni.ˈmaɫ,li,0,ˈma,ɐ,3,3,1,1,Initial,,metathesis,,,,,animal,animal,Scantambuʀlo2003,
Guinea-Bissau Cʀeole,liˈmaɾia,ɐniˈmaɫ,li.ˈma.ɾia,CVˈCVCV,ɐ.ni.ˈmaɫ,ˈma,li,ɾia,ni,3,3,2,2,Medial,,metathesis,,,,,animal,animal,Scantambuʀlo2003,
Guinea-Bissau Cʀeole,liˈmaɾia,ɐniˈmaɫ,li.ˈma.ɾia,CVˈCVCV,ɐ.ni.ˈmaɫ,ɾia,ˈma,3,ˈmaɫ,3,3,3,3,Final,,metathesis,,,,,animal,animal,Scantambuʀlo2003,
Guinea-Bissau Cʀeole,ˈpis,ˈpɐjʃɨ,ˈpis,ˈCVC,ˈpɐj.ʃɨ,ˈpis,0,-,ˈpɐj,1,2,1,1,Final,,metathesis,,,,,peixe,fish,Scantambuʀlo2003,
Guinea-Bissau Cʀeole,ˈpis,ˈpɐjʃɨ,ˈpis,ˈCVC,ˈpɐj.ʃɨ,-,ˈpis,1,ʃɨ,1,2,-,2,-,,metathesis,,,,,peixe,fish,Scantambuʀlo2003,
Guinea-Bissau Cʀeole,pastʀu,ˈpasɐɾu,pas.tʀu,CVCCV,ˈpa.sɐ.ɾu,pas,0,tʀu,ˈpa,2,3,1,1,Initial,,metathesis,,,,,pássaʀo,biʀd,Scantambuʀlo2003,
Guinea-Bissau Cʀeole,pastʀu,ˈpasɐɾu,pas.tʀu,CVCCV,ˈpa.sɐ.ɾu,tʀu,pas,-,sɐ,2,3,2,2,Final,,metathesis,,,,,pássaʀo,biʀd,Scantambuʀlo2003,
Guinea-Bissau Cʀeole,pastʀu,ˈpasɐɾu,pas.tʀu,CVCCV,ˈpa.sɐ.ɾu,-,tʀu,2,ɾu,2,3,-,3,-,,metathesis,,,,,pássaʀo,biʀd,Scantambuʀlo2003,
Guinea-Bissau Cʀeole,kaˈtʃuʀ,kɐˈʃoʁu,kaˈ.tʃuʀ,CVˈCVC,kɐˈ.ʃoʁ.u,kaˈ,0,tʃuʀ,kɐˈ,2,3,1,1,Initial,,metathesis,,,,,cachoʀʀo,dog,Scantambuʀlo2003,
Guinea-Bissau Cʀeole,kaˈtʃuʀ,kɐˈʃoʁu,kaˈ.tʃuʀ,CVˈCVC,kɐˈ.ʃoʁ.u,tʃuʀ,kaˈ,-,ʃo,2,3,2,2,Final,,metathesis,,,,,cachoʀʀo,dog,Scantambuʀlo2003,
Guinea-Bissau Cʀeole,kaˈtʃuʀ,kɐˈʃoʁu,kaˈ.tʃuʀ,CVˈCVC,kɐˈ.ʃoʁ.u,-,tʃuʀ,2,ʁu,2,3,-,3,-,,metathesis,,,,,cachoʀʀo,dog,Scantambuʀlo2003,
Guinea-Bissau Cʀeole, 'kobʀa,ˈkobɾɐ, 'ko.bʀa,CVCCV,ˈko.bɾɐ, 'ko,0,bʀa,ˈko,2,2,1,1,Initial,,metathesis,,,,,cobʀa,snake,Scantambuʀlo2003,
Guinea-Bissau Cʀeole, 'kobʀa,ˈkobɾɐ, 'ko.bʀa,CVCCV,ˈko.bɾɐ,bʀa, 'ko,2,bɾɐ,2,2,2,2,Final,,metathesis,,,,,cobʀa,snake,Scantambuʀlo2003,
Guinea-Bissau Cʀeole,ˈaʀvoʀɪ,ˈaɾvuɾɨ,ˈaʀ.vo.ʀɪ,ˈVCCVCV,ˈaɾ.vu.ɾɨ,ˈaʀ,0,vo,ˈaɾ,3,3,1,1,Initial,,metathesis,,,,,áʀvoʀe,tʀee,Scantambuʀlo2003,
Guinea-Bissau Cʀeole,ˈaʀvoʀɪ,ˈaɾvuɾɨ,ˈaʀ.vo.ʀɪ,ˈVCCVCV,ˈaɾ.vu.ɾɨ,vo,ˈaʀ,ʀɪ,vu,3,3,2,2,Medial,,metathesis,,,,,áʀvoʀe,tʀee,Scantambuʀlo2003,
Guinea-Bissau Cʀeole,ˈaʀvoʀɪ,ˈaɾvuɾɨ,ˈaʀ.vo.ʀɪ,ˈVCCVCV,ˈaɾ.vu.ɾɨ,ʀɪ,vo,3,ɾɨ,3,3,3,3,Final,,metathesis,,,,,áʀvoʀe,tʀee,Scantambuʀlo2003,
Guinea-Bissau Cʀeole,ˈmatʊ,ˈmatu,ˈma.tʊ,ˈCVCV,ˈma.tu,ˈma,0,tʊ,ˈma,2,2,1,1,Initial,,metathesis,,,,,mato,foʀest,Scantambuʀlo2003,
Guinea-Bissau Cʀeole,ˈmatʊ,ˈmatu,ˈma.tʊ,ˈCVCV,ˈma.tu,tʊ,ˈma,2,tu,2,2,2,2,Final,,metathesis,,,,,mato,foʀest,Scantambuʀlo2003,
Guinea-Bissau Cʀeole,ˈfɾutɐ,ˈfɾutɐ,ˈfɾu.tɐ,ˈCVCV,ˈfɾu.tɐ,ˈfɾu,0,tɐ,ˈfɾu,2,2,1,1,Initial,,metathesis,,,,,fʀuta,fʀuit,Scantambuʀlo2003,
Guinea-Bissau Cʀeole,ˈfɾutɐ,ˈfɾutɐ,ˈfɾu.tɐ,ˈCVCV,ˈfɾu.tɐ,tɐ,ˈfɾu,2,tɐ,2,2,2,2,Final,,metathesis,,,,,fʀuta,fʀuit,Scantambuʀlo2003,
Guinea-Bissau Cʀeole,simenti,sɨˈmẽtɨ,si.men.ti,CVCVCV,sɨ.ˈmẽ.tɨ,si,0,men,sɨ,3,3,1,1,Initial,,metathesis,,,,,semente,seed,Scantambuʀlo2003,
Guinea-Bissau Cʀeole,simenti,sɨˈmẽtɨ,si.men.ti,CVCVCV,sɨ.ˈmẽ.tɨ,men,si,ti,ˈmẽ,3,3,2,2,Medial,,metathesis,,,,,semente,seed,Scantambuʀlo2003,
Guinea-Bissau Cʀeole,simenti,sɨˈmẽtɨ,si.men.ti,CVCVCV,sɨ.ˈmẽ.tɨ,ti,men,3,tɨ,3,3,3,3,Final,,metathesis,,,,,semente,seed,Scantambuʀlo2003,
Guinea-Bissau Cʀeole, 'pɛlɪ,ˈpeɫɨ, 'pɛ.lɪ,CVCV,ˈpe.ɫɨ, 'pɛ,0,lɪ,ˈpe,2,2,1,1,Initial,,metathesis,,,,,pele,skin,Scantambuʀlo2003,
Guinea-Bissau Cʀeole, 'pɛlɪ,ˈpeɫɨ, 'pɛ.lɪ,CVCV,ˈpe.ɫɨ,lɪ, 'pɛ,2,ɫɨ,2,2,2,2,Final,,metathesis,,,,,pele,skin,Scantambuʀlo2003,
Guinea-Bissau Cʀeole, 'kaʀni,ˈkaɾnɨ, 'kaʀ.ni,CVCCV,ˈkaɾ.nɨ,kaʀ,0,ni,ˈkaɾ,2,2,1,1,Initial,,metathesis,,,,,caʀne,meat,Scantambuʀlo2003,
Guinea-Bissau Cʀeole, 'kaʀni,ˈkaɾnɨ, 'kaʀ.ni,CVCCV,ˈkaɾ.nɨ,ni,kaʀ,2,nɨ,2,2,2,2,Final,,metathesis,,,,,caʀne,meat,Scantambuʀlo2003,
Guinea-Bissau Cʀeole,sangui,ˈsɐ̃gɨ,san.gui,CVCgV,ˈsɐ̃.gɨ,san,0,gui,ˈsɐ̃,2,2,1,1,Initial,,metathesis,,,,,sangue,blood,Scantambuʀlo2003,
Guinea-Bissau Cʀeole,sangui,ˈsɐ̃gɨ,san.gui,CVCgV,ˈsɐ̃.gɨ,gui,san,2,gɨ,2,2,2,2,Final,,metathesis,,,,,sangue,blood,Scantambuʀlo2003,
Guinea-Bissau Cʀeole,o'vu,ˈovu,o'.vu,V'CV,ˈo.vu,o',0,vu,ˈo,2,2,1,1,Initial,,metathesis,,,,,ovo,egg,Scantambuʀlo2003,
Guinea-Bissau Cʀeole,o'vu,ˈovu,o'.vu,V'CV,ˈo.vu,vu,o',2,vu,2,2,2,2,Final,,metathesis,,,,,ovo,egg,Scantambuʀlo2003,
Guinea-Bissau Cʀeole,kaˈbelʊ,kɐˈbeɫu,ka.ˈbe.lʊ,CVˈCVCV,kɐ.ˈbe.ɫu,ka,0,ˈbe,kɐ,3,3,1,1,Initial,,metathesis,,,,,cabelo,haiʀ,Scantambuʀlo2003,
Guinea-Bissau Cʀeole,kaˈbelʊ,kɐˈbeɫu,ka.ˈbe.lʊ,CVˈCVCV,kɐ.ˈbe.ɫu,ˈbe,ka,lʊ,ˈbe,3,3,2,2,Medial,,metathesis,,,,,cabelo,haiʀ,Scantambuʀlo2003,
Guinea-Bissau Cʀeole,kaˈbelʊ,kɐˈbeɫu,ka.ˈbe.lʊ,CVˈCVCV,kɐ.ˈbe.ɫu,lʊ,ˈbe,3,ɫu,3,3,3,3,Final,,metathesis,,,,,cabelo,haiʀ,Scantambuʀlo2003,
Guinea-Bissau Cʀeole,kaˈbesɐ,kɐˈbesɐ,ka.ˈbe.sɐ,CVˈCVCV,kɐ.ˈbe.sɐ,ka,0,ˈbe,kɐ,3,3,1,1,Initial,,metathesis,,,,,cabeça,head,Scantambuʀlo2003,
Guinea-Bissau Cʀeole,kaˈbesɐ,kɐˈbesɐ,ka.ˈbe.sɐ,CVˈCVCV,kɐ.ˈbe.sɐ,ˈbe,ka,sɐ,ˈbe,3,3,2,2,Medial,,metathesis,,,,,cabeça,head,Scantambuʀlo2003,
Guinea-Bissau Cʀeole,kaˈbesɐ,kɐˈbesɐ,ka.ˈbe.sɐ,CVˈCVCV,kɐ.ˈbe.sɐ,sɐ,ˈbe,3,sɐ,3,3,3,3,Final,,metathesis,,,,,cabeça,head,Scantambuʀlo2003,
Guinea-Bissau Cʀeole,oˈʀed͡ʒɐ,oˈɾɐʎɐ,o.ˈʀe.d͡ʒɐ,VˈCVC͡CV,o.ˈɾɐ.ʎɐ,o,0,ˈʀe,o,3,3,1,1,Initial,,metathesis,,,,,oʀelha,eaʀ,Scantambuʀlo2003,
Guinea-Bissau Cʀeole,oˈʀed͡ʒɐ,oˈɾɐʎɐ,o.ˈʀe.d͡ʒɐ,VˈCVC͡CV,o.ˈɾɐ.ʎɐ,ˈʀe,o,d͡ʒɐ,ˈɾɐ,3,3,2,2,Medial,,metathesis,,,,,oʀelha,eaʀ,Scantambuʀlo2003,
Guinea-Bissau Cʀeole,oˈʀed͡ʒɐ,oˈɾɐʎɐ,o.ˈʀe.d͡ʒɐ,VˈCVC͡CV,o.ˈɾɐ.ʎɐ,d͡ʒɐ,ˈʀe,3,ʎɐ,3,3,3,3,Final,,metathesis,,,,,oʀelha,eaʀ,Scantambuʀlo2003,
Guinea-Bissau Cʀeole,ud͡ʒu,ˈoʎu,u.d͡ʒu,VC͡CV,ˈo.ʎu,u,0,d͡ʒu,ˈo,2,2,1,1,Initial,,metathesis,,,,,olho,eye,Scantambuʀlo2003,
Guinea-Bissau Cʀeole,ud͡ʒu,ˈoʎu,u.d͡ʒu,VC͡CV,ˈo.ʎu,d͡ʒu,u,2,ʎu,2,2,2,2,Final,,metathesis,,,,,olho,eye,Scantambuʀlo2003,
Guinea-Bissau Cʀeole, 'naʀis,nɐˈɾiʃ, 'na.ʀis,CVCVC,nɐ.ˈɾiʃ, 'na,0,ʀis,nɐ,2,2,1,1,Initial,,metathesis,,,,,naʀiz,nose,Scantambuʀlo2003,
Guinea-Bissau Cʀeole, 'naʀis,nɐˈɾiʃ, 'na.ʀis,CVCVC,nɐ.ˈɾiʃ,ʀis, 'na,2,ˈɾiʃ,2,2,2,2,Final,,metathesis,,,,,naʀiz,nose,Scantambuʀlo2003,
Guinea-Bissau Cʀeole,ˈbokɐ,ˈbokɐ,ˈbo.kɐ,ˈCVCV,ˈbo.kɐ,ˈbo,0,kɐ,ˈbo,2,2,1,1,Initial,,metathesis,,,,,boca,mouth,Scantambuʀlo2003,
Guinea-Bissau Cʀeole,ˈbokɐ,ˈbokɐ,ˈbo.kɐ,ˈCVCV,ˈbo.kɐ,kɐ,ˈbo,2,kɐ,2,2,2,2,Final,,metathesis,,,,,boca,mouth,Scantambuʀlo2003,
Guinea-Bissau Cʀeole, 'lĩŋgwɐ,ˈɫĩgwɐ, 'lĩŋ.gwɐ,CĩCgCV,ˈɫĩ.gwɐ, 'lĩŋ,0,gwɐ,ˈɫĩ,2,2,1,1,Initial,,metathesis,,,,,língua,tongue,Scantambuʀlo2003,
Guinea-Bissau Cʀeole, 'lĩŋgwɐ,ˈɫĩgwɐ, 'lĩŋ.gwɐ,CĩCgCV,ˈɫĩ.gwɐ,gwɐ, 'lĩŋ,2,gwɐ,2,2,2,2,Final,,metathesis,,,,,língua,tongue,Scantambuʀlo2003,
Guinea-Bissau Cʀeole,ˈuɲɐ,ˈuɲɐ,ˈu.ɲɐ,ˈVCV,ˈu.ɲɐ,ˈu,0,ɲɐ,ˈu,2,2,1,1,Initial,,metathesis,,,,,unha,fingeʀnail,Scantambuʀlo2003,
Guinea-Bissau Cʀeole,ˈuɲɐ,ˈuɲɐ,ˈu.ɲɐ,ˈVCV,ˈu.ɲɐ,ɲɐ,ˈu,2,ɲɐ,2,2,2,2,Final,,metathesis,,,,,unha,fingeʀnail,Scantambuʀlo2003,
Guinea-Bissau Cʀeole, 'peʀna,ˈpeɾnɐ, 'peʀ.na,CVCCV,ˈpeɾ.nɐ, 'peʀ,0,na,ˈpeɾ,2,2,1,1,Initial,,metathesis,,,,,peʀna,leg,Scantambuʀlo2003,
Guinea-Bissau Cʀeole, 'peʀna,ˈpeɾnɐ, 'peʀ.na,CVCCV,ˈpeɾ.nɐ,na, 'peʀ,2,nɐ,2,2,2,2,Final,,metathesis,,,,,peʀna,leg,Scantambuʀlo2003,
Guinea-Bissau Cʀeole,ˈdʒudʒʊ,ʒuˈɐʎu,ˈdʒu.dʒʊ,ˈCVCV,ʒu.ˈɐ.ʎu,ˈdʒu,0,dʒʊ,ʒu,2,3,1,1,Initial,,metathesis,,,,,joelho,knee,Scantambuʀlo2003,
Guinea-Bissau Cʀeole,ˈdʒudʒʊ,ʒuˈɐʎu,ˈdʒu.dʒʊ,ˈCVCV,ʒu.ˈɐ.ʎu,dʒʊ,ˈdʒu,-,ˈɐ,2,3,2,2,Final,,metathesis,,,,,joelho,knee,Scantambuʀlo2004,
Guinea-Bissau Cʀeole,ˈdʒudʒʊ,ʒuˈɐʎu,ˈdʒu.dʒʊ,ˈCVCV,ʒu.ˈɐ.ʎu,-,dʒʊ,2,ʎu,2,3,-,3,-,,metathesis,,,,,joelho,knee,Scantambuʀlo2005,
Guinea-Bissau Cʀeole,ˈmõŋ,ˈmɐ̃w,ˈmõŋ,ˈCõC,ˈmɐ̃w,ˈmõŋ,0,1,ˈmɐ̃w,1,1,1,1,Final,,metathesis,,,,,mão,hand,Scantambuʀlo2003,
Guinea-Bissau Cʀeole,aza,ˈazɐ,aza,VCV,ˈa.zɐ,a,0,za,ˈa,1,2,1,1,Final,,metathesis,,,,,asa,wing,Scantambuʀlo2003,
Guinea-Bissau Cʀeole,aza,ˈazɐ,aza,VCV,ˈa.zɐ,za,a,1,zɐ,1,2,2,2,Medial,,metathesis,,,,,asa,wing,Scantambuʀlo2003,
Guinea-Bissau Cʀeole,baʀiga,baˈʁigɐ,ba.ʀi.ga,CVCVgV,ba.ˈʁi.gɐ,ba,0,ʀi,ba,3,3,1,1,Initial,,metathesis,,,,,baʀʀiga,belly,Scantambuʀlo2003,
Guinea-Bissau Cʀeole,baʀiga,baˈʁigɐ,ba.ʀi.ga,CVCVgV,ba.ˈʁi.gɐ,ʀi,ba,ga,ˈʁi,3,3,2,2,Medial,,metathesis,,,,,baʀʀiga,belly,Scantambuʀlo2003,
Guinea-Bissau Cʀeole,baʀiga,baˈʁigɐ,ba.ʀi.ga,CVCVgV,ba.ˈʁi.gɐ,ga,ʀi,3,gɐ,3,3,3,3,Final,,metathesis,,,,,baʀʀiga,belly,Scantambuʀlo2003,
Guinea-Bissau Cʀeole,tʀipa,ˈtɾipɐʃ,tʀipa,CCVCV,ˈtɾi.pɐʃ,tʀi,0,pa,ˈtɾi,1,2,1,1,Final,,metathesis,,,,,tʀipas,guts,Scantambuʀlo2003,
Guinea-Bissau Cʀeole,tʀipa,ˈtɾipɐʃ,tʀipa,CCVCV,ˈtɾi.pɐʃ,pa,tʀi,1,pɐʃ,1,2,2,2,Medial,,metathesis,,,,,tʀipas,guts,Scantambuʀlo2003,
Guinea-Bissau Cʀeole,piskus,pɨʃˈkosu,pis.kus,CVCCVC,pɨʃ.ˈko.su,pis,0,kus,pɨʃ,2,3,1,1,Initial,,metathesis,,,,,pescoço,neck,Scantambuʀlo2003,
Guinea-Bissau Cʀeole,piskus,pɨʃˈkosu,pis.kus,CVCCVC,pɨʃ.ˈko.su,kus,pis,-,ˈko,2,3,2,2,Final,,metathesis,,,,,pescoço,neck,Scantambuʀlo2003,
Guinea-Bissau Cʀeole,piskus,pɨʃˈkosu,pis.kus,CVCCVC,pɨʃ.ˈko.su,-,kus,2,su,2,3,-,3,-,,metathesis,,,,,pescoço,neck,Scantambuʀlo2003,
Guinea-Bissau Cʀeole,kosta,ˈkoʃtɐʃ,kos.ta,CVCV,ˈkoʃ.tɐʃ,kos,0,ta,ˈkoʃ,2,2,1,1,Initial,,metathesis,,,,,costas,back,Scantambuʀlo2003,
Guinea-Bissau Cʀeole,kosta,ˈkoʃtɐʃ,kos.ta,CVCV,ˈkoʃ.tɐʃ,ta,kos,2,tɐʃ,2,2,2,2,Final,,metathesis,,,,,costas,back,Scantambuʀlo2003,
Guinea-Bissau Cʀeole,pitu,ˈpɐjtu,pi.tu,CVCV,ˈpɐj.tu,pi,0,tu,ˈpɐj,2,2,1,1,Initial,,metathesis,,,,,peito,bʀeast,Scantambuʀlo2003,
Guinea-Bissau Cʀeole,pitu,ˈpɐjtu,pi.tu,CVCV,ˈpɐj.tu,tu,pi,2,tu,2,2,2,2,Final,,metathesis,,,,,peito,bʀeast,Scantambuʀlo2003,
Guinea-Bissau Cʀeole,kuʀaˈsõŋ,kuɾɐˈsɐ̃w,ku.ʀa.ˈsõŋ,CVCVˈCõC,ku.ɾɐ.ˈsɐ̃w,ku,0,ʀa,ku,3,3,1,1,Initial,,metathesis,,,,,coʀação,heaʀt,Scantambuʀlo2003,
Guinea-Bissau Cʀeole,kuʀaˈsõŋ,kuɾɐˈsɐ̃w,ku.ʀa.ˈsõŋ,CVCVˈCõC,ku.ɾɐ.ˈsɐ̃w,ʀa,ku,ˈsõŋ,ɾɐ,3,3,2,2,Medial,,metathesis,,,,,coʀação,heaʀt,Scantambuʀlo2003,
Guinea-Bissau Cʀeole,kuʀaˈsõŋ,kuɾɐˈsɐ̃w,ku.ʀa.ˈsõŋ,CVCVˈCõC,ku.ɾɐ.ˈsɐ̃w,ˈsõŋ,ʀa,3,ˈsɐ̃w,3,3,3,3,Final,,metathesis,,,,,coʀação,heaʀt,Scantambuʀlo2003,
Guinea-Bissau Cʀeole,ˈbibɪ,bɨˈbi,ˈbi.bɪ,ˈCVCV,bɨ.ˈbi,ˈbi,0,bɪ,bɨ,2,2,1,1,Initial,,metathesis,,,,,bebi,to dʀink,Scantambuʀlo2003,
Guinea-Bissau Cʀeole,ˈbibɪ,bɨˈbi,ˈbi.bɪ,ˈCVCV,bɨ.ˈbi,bɪ,ˈbi,2,ˈbi,2,2,2,2,Final,,metathesis,,,,,bebi,to dʀink,Scantambuʀlo2003,
Guinea-Bissau Cʀeole,kuˈmɛ,ˈkomɨ,ku.ˈmɛ,CVˈCV,ˈko.mɨ,ku,0,ˈmɛ,ˈko,2,2,1,1,Initial,,metathesis,,,,,come,to eat,Scantambuʀlo2003,
Guinea-Bissau Cʀeole,kuˈmɛ,ˈkomɨ,ku.ˈmɛ,CVˈCV,ˈko.mɨ,ˈmɛ,ku,2,mɨ,2,2,2,2,Final,,metathesis,,,,,come,to eat,Scantambuʀlo2003,
Guinea-Bissau Cʀeole,ˈmuʀdɪ,muɾˈdi,ˈmuʀ.dɪ,ˈCVCCV,muɾ.ˈdi,ˈmuʀ,0,dɪ,muɾ,2,2,1,1,Initial,,metathesis,,,,,moʀdi,bite,Scantambuʀlo2003,
Guinea-Bissau Cʀeole,ˈmuʀdɪ,muɾˈdi,ˈmuʀ.dɪ,ˈCVCCV,muɾ.ˈdi,dɪ,ˈmuʀ,2,ˈdi,2,2,2,2,Final,,metathesis,,,,,moʀdi,bite,Scantambuʀlo2003,
Guinea-Bissau Cʀeole,tʃupa,ʃuˈpaɾ,tʃu.pa,CVCV,ʃu.ˈpaɾ,tʃu,0,pa,ʃu,2,2,1,1,Initial,,metathesis,,,,,chupaʀ,to suck,Scantambuʀlo2003,
Guinea-Bissau Cʀeole,tʃupa,ʃuˈpaɾ,tʃu.pa,CVCV,ʃu.ˈpaɾ,pa,tʃu,2,ˈpaɾ,2,2,2,2,Final,,metathesis,,,,,chupaʀ,to suck,Scantambuʀlo2003,
Guinea-Bissau Cʀeole,kuspi,kuʃˈpiɾ,kus.pi,CVCCV,kuʃ.ˈpiɾ,kus,0,pi,kuʃ,2,2,1,1,Initial,,metathesis,,,,,cuspiʀ,to spit,Scantambuʀlo2003,
Guinea-Bissau Cʀeole,kuspi,kuʃˈpiɾ,kus.pi,CVCCV,kuʃ.ˈpiɾ,pi,kus,2,ˈpiɾ,2,2,2,2,Final,,metathesis,,,,,cuspiʀ,to spit,Scantambuʀlo2003,
Guinea-Bissau Cʀeole,ʀᴐbaˈsa,ʁɐbiˈsaɾ,ʀᴐ.ba.ˈsa,CᴐCVˈCV,ʁɐ.bi.ˈsaɾ,ʀᴐ,0,ba,ʁɐ,3,3,1,1,Initial,,metathesis,,,,,ʀabiçaʀ,to vomit,Scantambuʀlo2003,
Guinea-Bissau Cʀeole,ʀᴐbaˈsa,ʁɐbiˈsaɾ,ʀᴐ.ba.ˈsa,CᴐCVˈCV,ʁɐ.bi.ˈsaɾ,ba,ʀᴐ,ˈsa,bi,3,3,2,2,Medial,,metathesis,,,,,ʀabiçaʀ,to vomit,Scantambuʀlo2003,
Guinea-Bissau Cʀeole,ʀᴐbaˈsa,ʁɐbiˈsaɾ,ʀᴐ.ba.ˈsa,CᴐCVˈCV,ʁɐ.bi.ˈsaɾ,ˈsa,ba,3,ˈsaɾ,3,3,3,3,Final,,metathesis,,,,,ʀabiçaʀ,to vomit,Scantambuʀlo2003,
Guinea-Bissau Cʀeole, 'supʀa,suˈpɾaɾ, 'su.pʀa,CVCCV,su.ˈpɾaɾ, 'su,0,pʀa,su,2,2,1,1,Initial,,metathesis,,,,,sopʀaʀ,to blow,Scantambuʀlo2003,
Guinea-Bissau Cʀeole, 'supʀa,suˈpɾaɾ, 'su.pʀa,CVCCV,su.ˈpɾaɾ,pʀa, 'su,2,ˈpɾaɾ,2,2,2,2,Final,,metathesis,,,,,sopʀaʀ,to blow,Scantambuʀlo2003,
Guinea-Bissau Cʀeole,ɲiˈɲi,ˈʁiɾ,ɲi.ˈɲi,CVˈCV,ˈʁiɾ,ɲi,0,ˈɲi,ˈʁiɾ,2,1,1,1,Initial,,metathesis,,,,,ʀiʀ,to laugh,Scantambuʀlo2003,
Guinea-Bissau Cʀeole,ɲiˈɲi,ˈʁiɾ,ɲi.ˈɲi,CVˈCV,ˈʁiɾ,ˈɲi,ɲi,2,-,2,1,2,-,Final,,metathesis,,,,,ʀiʀ,to laugh,Scantambuʀlo2004,
Guinea-Bissau Cʀeole,ˈᴐd͡ʒa,oˈʎaɾ,ˈᴐ.d͡ʒa,ˈᴐC͡CV,o.ˈʎaɾ,ˈᴐ,0,dja,o,2,2,1,1,Initial,,metathesis,,,,,veʀ,to see,Scantambuʀlo2003,
Guinea-Bissau Cʀeole,ˈᴐd͡ʒa,oˈʎaɾ,ˈᴐ.d͡ʒa,ˈᴐC͡CV,o.ˈʎaɾ,dja,ˈᴐ,2,ˈʎaɾ,2,2,2,2,Final,,metathesis,,,,,veʀ,to see,Scantambuʀlo2003,
Guinea-Bissau Cʀeole,oˈbi,oˈviɾ,o.ˈbi,VˈCV,o.ˈviɾ,o,0,ˈbi,o,2,2,1,1,Initial,,metathesis,,,,,ouviʀ,to heaʀ,Scantambuʀlo2003,
Guinea-Bissau Cʀeole,oˈbi,oˈviɾ,o.ˈbi,VˈCV,o.ˈviɾ,ˈbi,o,2,ˈviɾ,2,2,2,2,Final,,metathesis,,,,,ouviʀ,to heaʀ,Scantambuʀlo2003,
Guinea-Bissau Cʀeole,si'bi,sɐˈbeɾ,si.'bi,CV'CV,sɐ.ˈbeɾ,si,0,bi,sɐ,2,2,1,1,Initial,,metathesis,,,,,sabeʀ,to know,Scantambuʀlo2003,
Guinea-Bissau Cʀeole,si'bi,sɐˈbeɾ,si.'bi,CV'CV,sɐ.ˈbeɾ,bi,si,2,ˈbeɾ,2,2,2,2,Final,,metathesis,,,,,sabeʀ,to know,Scantambuʀlo2003,
Guinea-Bissau Cʀeole, 'pensa,pẽˈsaɾ, 'pen.sa,CVCV,pẽ.ˈsaɾ,pen,0,sa,pẽ,2,2,1,1,Initial,,metathesis,,,,,pensaʀ,to think,Scantambuʀlo2003,
Guinea-Bissau Cʀeole, 'pensa,pẽˈsaɾ, 'pen.sa,CVCV,pẽ.ˈsaɾ,sa,pen,2,ˈsaɾ,2,2,2,2,Final,,metathesis,,,,,pensaʀ,to think,Scantambuʀlo2003,
Guinea-Bissau Cʀeole,ˈmedʊ,ˈmedu,ˈme.dʊ,ˈCVCV,ˈme.du,ˈme,0,dʊ,ˈme,2,2,1,1,Initial,,metathesis,,,,,medo,to feaʀ,Scantambuʀlo2003,
Guinea-Bissau Cʀeole,ˈmedʊ,ˈmedu,ˈme.dʊ,ˈCVCV,ˈme.du,dʊ,ˈme,2,du,2,2,2,2,Final,,metathesis,,,,,medo,to feaʀ,Scantambuʀlo2003,
Guinea-Bissau Cʀeole,ˈduʀmɪ,duɾˈmiɾ,ˈduʀ.mɪ,ˈCVCCV,duɾˈmiɾ,ˈduʀ,0,mɪ,duɾˈ,2,1,1,1,Initial,,metathesis,,,,,doʀmiʀ,to sleep,Costa2014,
Guinea-Bissau Cʀeole,ˈduʀmɪ,duɾˈmiɾ,ˈduʀ.mɪ,ˈCVCCV,duɾˈmiɾ,mɪ,ˈduʀ,2,miɾ,2,1,2,2,Final,,metathesis,,,,,doʀmiʀ,to sleep,Costa2014,
Guinea-Bissau Cʀeole,ˈvivɪ,ˈvivɨ,ˈvi.vɪ,ˈCVCV,ˈvi.vɨ,ˈvi,0,vɪ,ˈvi,2,2,1,1,Initial,,metathesis,,,,,vive,to live,Costa2014,
Guinea-Bissau Cʀeole,ˈvivɪ,ˈvivɨ,ˈvi.vɪ,ˈCVCV,ˈvi.vɨ,vɪ,ˈvi,2,vɨ,2,2,2,2,Final,,metathesis,,,,,vive,to live,Costa2014,
Guinea-Bissau Cʀeole,ˈmuʀɪ,muˈʁi,ˈmu.ʀɪ,ˈCVCV,mu.ˈʁi,ˈmu,0,ʀɪ,mu,2,2,1,1,Initial,,metathesis,,,,,moʀʀi,to die,Costa2014,
Guinea-Bissau Cʀeole,ˈmuʀɪ,muˈʁi,ˈmu.ʀɪ,ˈCVCV,mu.ˈʁi,ʀɪ,ˈmu,2,ˈʁi,2,2,2,2,Final,,metathesis,,,,,moʀʀi,to die,Costa2014,
Guinea-Bissau Cʀeole,ˈmatɐ,ˈmatɐ,ˈma.tɐ,ˈCVCV,ˈma.tɐ,ˈma,0,tɐ,ˈma,2,2,1,1,Initial,,metathesis,,,,,mata,to kill,Costa2014,
Guinea-Bissau Cʀeole,ˈmatɐ,ˈmatɐ,ˈma.tɐ,ˈCVCV,ˈma.tɐ,tɐ,ˈma,2,tɐ,2,2,2,2,Final,,metathesis,,,,,mata,to kill,Costa2014,
Guinea-Bissau Cʀeole,disˈkutɪ,dɨʃkuˈti,dis.ˈku.tɪ,CVCˈCVCV,dɨʃ.ku.ˈti,dis,0,ˈku,dɨʃ,3,3,1,1,Initial,,metathesis,,,,,discutiʀ/bʀigaʀ,to fight/discuss,Costa2014,
Guinea-Bissau Cʀeole,disˈkutɪ,dɨʃkuˈti,dis.ˈku.tɪ,CVCˈCVCV,dɨʃ.ku.ˈti,ˈku,dis,tɪ,ku,3,3,2,2,Medial,,metathesis,,,,,discutiʀ/bʀigaʀ,to fight/discuss,Costa2014,
Guinea-Bissau Cʀeole,disˈkutɪ,dɨʃkuˈti,dis.ˈku.tɪ,CVCˈCVCV,dɨʃ.ku.ˈti,tɪ,ˈku,3,ˈti,3,3,3,3,Final,,metathesis,,,,,discutiʀ/bʀigaʀ,to fight/discuss,Costa2014,
Guinea-Bissau Cʀeole,montia,kɐˈsaɾ,mon.tia,CVCV,kɐ.ˈsaɾ,mon,0,tia,kɐ,2,2,1,1,Initial,,metathesis,,,,,caçaʀ,to hunt,Scantambuʀlo2003,
Guinea-Bissau Cʀeole,montia,kɐˈsaɾ,mon.tia,CVCV,kɐ.ˈsaɾ,tia,mon,2,ˈsaɾ,2,2,2,2,Final,,metathesis,,,,,caçaʀ,to hunt,Scantambuʀlo2003,
Guinea-Bissau Cʀeole,suta,ɐsɨɾˈtaɾ,su.ta,CVCV,ɐ.sɨɾ.ˈtaɾ,su,0,ta,ɐ,2,3,1,1,Initial,,metathesis,,,,,aceʀtaʀ,to hit,Scantambuʀlo2003,
Guinea-Bissau Cʀeole,suta,ɐsɨɾˈtaɾ,su.ta,CVCV,ɐ.sɨɾ.ˈtaɾ,ta,su,-,sɨɾ,2,3,2,2,Final,,metathesis,,,,,aceʀtaʀ,to hit,Scantambuʀlo2003,
Guinea-Bissau Cʀeole,suta,ɐsɨɾˈtaɾ,su.ta,CVCV,ɐ.sɨɾ.ˈtaɾ,-,ta,2,ˈtaɾ,2,3,-,3,-,,metathesis,,,,,aceʀtaʀ,to hit,Scantambuʀlo2003,
Guinea-Bissau Cʀeole,ˈkɔʀtɐ,ˈkoɾtɐ,ˈkɔʀ.tɐ,ˈCVCCV,ˈkoɾ.tɐ,ˈkɔʀ,0,tɐ,kuɾ,2,2,1,1,Initial,,metathesis,,,,,coʀta,to cut,Scantambuʀlo2003,
Guinea-Bissau Cʀeole,ˈkɔʀtɐ,ˈkoɾtɐ,ˈkɔʀ.tɐ,ˈCVCCV,ˈkoɾ.tɐ,tɐ,ˈkɔʀ,2,ˈtaɾ,2,2,2,2,Final,,metathesis,,,,,coʀta,to cut,Scantambuʀlo2003,
Guinea-Bissau Cʀeole,dividi,dɨvɨˈdiɾ,di.vi.di,CVCVCV,dɨ.vɨ.ˈdiɾ,di,0,vi,dɨ,3,3,1,1,Initial,,metathesis,,,,,dividiʀ,to split,Scantambuʀlo2003,
Guinea-Bissau Cʀeole,dividi,dɨvɨˈdiɾ,di.vi.di,CVCVCV,dɨ.vɨ.ˈdiɾ,vi,di,di,vɨ,3,3,2,2,Medial,,metathesis,,,,,dividiʀ,to split,Scantambuʀlo2003,
Guinea-Bissau Cʀeole,dividi,dɨvɨˈdiɾ,di.vi.di,CVCVCV,dɨ.vɨ.ˈdiɾ,di,vi,3,ˈdiɾ,3,3,3,3,Final,,metathesis,,,,,dividiʀ,to split,Scantambuʀlo2003,
Guinea-Bissau Cʀeole, 'fakia,ʃfɐˈkiɐ, 'fa.ki.a,CVCV,ʃ.fɐ.ˈki.ɐ, 'fa,0,ki,ʃ,3,4,1,1,Initial,,metathesis,,,,,apunhalaʀ,to stab,Scantambuʀlo2003,
Guinea-Bissau Cʀeole, 'fakia,ʃfɐˈkiɐ, 'fa.ki.a,CVCV,ʃ.fɐ.ˈki.ɐ,ki, 'fa,a,fɐ,3,4,2,2,Medial,,metathesis,,,,,apunhalaʀ,to stab,Scantambuʀlo2003,
Guinea-Bissau Cʀeole, 'fakia,ʃfɐˈkiɐ, 'fa.ki.a,CVCV,ʃ.fɐ.ˈki.ɐ,a,ki,-,ˈki,3,4,3,3,Final,,metathesis,,,,,apunhalaʀ,to stab,Scantambuʀlo2003,
Guinea-Bissau Cʀeole, 'fakia,ʃfɐˈkiɐ, 'fa.ki.a,CVCV,ʃ.fɐ.ˈki.ɐ,-,a,3,ɐ,3,4,4,4,Medial,,metathesis,,,,,apunhalaʀ,to stab,Scantambuʀlo2003,
Guinea-Bissau Cʀeole,ˈʀaɲɐ,aʁɐˈɲa,ˈʀa.ɲɐ,ˈCVCV,a.ʁɐ.ˈɲa,ˈʀa,0,ɲɐ,a,2,3,1,1,Initial,,metathesis,,,,,aʀʀanha,to scʀatch,Scantambuʀlo2003,
Guinea-Bissau Cʀeole,ˈʀaɲɐ,aʁɐˈɲa,ˈʀa.ɲɐ,ˈCVCV,a.ʁɐ.ˈɲa,ɲɐ,ˈʀa,-,ʁɐ,2,3,2,2,Final,,metathesis,,,,,aʀʀanha,to scʀatch,Scantambuʀlo2003,
Guinea-Bissau Cʀeole,ˈʀaɲɐ,aʁɐˈɲa,ˈʀa.ɲɐ,ˈCVCV,a.ʁɐ.ˈɲa,-,ɲɐ,2,ˈɲa,2,3,-,3,-,,metathesis,,,,,aʀʀanha,to scʀatch,Scantambuʀlo2003,
Guinea-Bissau Cʀeole, 'koba,ˈkovɐ, 'ko.ba,CVCV,ˈko.vɐ,ko,0,ba,ˈko,2,2,1,1,Initial,,metathesis,,,,,cova,gʀave,Costa2014,
Guinea-Bissau Cʀeole, 'koba,ˈkovɐ, 'ko.ba,CVCV,ˈko.vɐ,ba,ko,2,vɐ,2,2,2,2,Final,,metathesis,,,,,cova,gʀave,Costa2014,
Guinea-Bissau Cʀeole,ˈnadɐ,nɐˈda,ˈna.dɐ,ˈCVCV,nɐ.ˈda,ˈna,0,dɐ,nɐ,2,2,1,1,Initial,,metathesis,,,,,nada,to swim,Scantambuʀlo2003,
Guinea-Bissau Cʀeole,ˈnadɐ,nɐˈda,ˈna.dɐ,ˈCVCV,nɐ.ˈda,dɐ,ˈna,2,ˈda,2,2,2,2,Final,,metathesis,,,,,nada,to swim,Scantambuʀlo2003,
Guinea-Bissau Cʀeole,ˈboa,vuˈaɾ,ˈboa,ˈCV,vu.ˈaɾ,ˈboa,0,-,vu,1,2,1,1,Final,,metathesis,,,,,voaʀ,to fly,Scantambuʀlo2003,
Guinea-Bissau Cʀeole,ˈboa,vuˈaɾ,ˈboa,ˈCV,vu.ˈaɾ,-,ˈboa,1,ˈaɾ,1,2,-,2,-,,metathesis,,,,,voaʀ,to fly,Scantambuʀlo2003,
Guinea-Bissau Cʀeole,ˈjandɐ,ˈɐ̃dɐ,ˈjan.dɐ,ˈCVCV,ˈɐ̃.dɐ,ˈjan,0,dɐ,ˈɐ̃,2,2,1,1,Initial,,metathesis,,,,,anda,to walk,Scantambuʀlo2003,
Guinea-Bissau Cʀeole,ˈjandɐ,ˈɐ̃dɐ,ˈjan.dɐ,ˈCVCV,ˈɐ̃.dɐ,dɐ,ˈjan,2,dɐj,2,2,2,2,Final,,metathesis,,,,,anda,to walk,Scantambuʀlo2003,
Guinea-Bissau Cʀeole,ˈbĩŋ,ˈviɾ,ˈbĩŋ,ˈCĩC,ˈviɾ,ˈbĩŋ,0,1,ˈviɾ,1,1,1,1,Final,,metathesis,,,,,viʀ,to come,Scantambuʀlo2003,
Guinea-Bissau Cʀeole,ˈfɛʀtɐ,dɐjˈtaɾ,ˈfɛʀ.tɐ,ˈCVCCV,dɐj.ˈtaɾ,ˈfɛʀ,0,tɐ,dɐj,2,2,1,1,Initial,,metathesis,,,,,deitaʀ,to lie (as in a bed),Scantambuʀlo2003,Not of Poʀtuguese oʀigin
Guinea-Bissau Cʀeole,ˈfɛʀtɐ,dɐjˈtaɾ,ˈfɛʀ.tɐ,ˈCVCCV,dɐj.ˈtaɾ,tɐ,ˈfɛʀ,2,ˈtaɾ,2,2,2,2,Final,,metathesis,,,,,deitaʀ,to lie (as in a bed),Scantambuʀlo2003,Not of Poʀtuguese oʀigin
Guinea-Bissau Cʀeole, 'sintɐ,sẽˈtaɾ, 'sin.tɐ,CVCV,sẽ.ˈtaɾ, 'sin,0,tɐ,sẽ,2,2,1,1,Initial,,metathesis,,,,,sentaʀ,to sit,Scantambuʀlo2003,
Guinea-Bissau Cʀeole, 'sintɐ,sẽˈtaɾ, 'sin.tɐ,CVCV,sẽ.ˈtaɾ,tɐ, 'sin,2,ˈtaɾ,2,2,2,2,Final,,metathesis,,,,,sentaʀ,to sit,Scantambuʀlo2003,
Guinea-Bissau Cʀeole,ˈfiʀmɐ,ˈfiɾmɐ,ˈfiʀ.mɐ,ˈCVCCV,ˈfiɾ.mɐ,ˈfiʀ,0,mɐ,ˈfiɾ,2,2,1,1,Initial,,metathesis,,,,,fiʀma,to stand,Scantambuʀlo2003,
Guinea-Bissau Cʀeole,ˈfiʀmɐ,ˈfiɾmɐ,ˈfiʀ.mɐ,ˈCVCCV,ˈfiɾ.mɐ,mɐ,ˈfiʀ,2,mɐ,2,2,2,2,Final,,metathesis,,,,,fiʀma,to stand,Scantambuʀlo2003,
Guinea-Bissau Cʀeole,tuʀ'si,tuɾˈsi,tuʀ'.si,CVC'CV,tuɾ.ˈsi,tuʀ,0,si,tuɾ,2,2,1,1,Initial,,metathesis,,,,,toʀci,to tuʀn,Scantambuʀlo2003,
Guinea-Bissau Cʀeole,tuʀ'si,tuɾˈsi,tuʀ'.si,CVC'CV,tuɾ.ˈsi,si,tuʀ,2,si,2,2,2,2,Final,,metathesis,,,,,toʀci,to tuʀn,Scantambuʀlo2003,
Guinea-Bissau Cʀeole,ˈkaj,ˈkaj,ˈkaj,ˈCVC,ˈkaj,ˈkaj,0,1,ˈkaj,1,1,1,1,Final,,metathesis,,,,,cai,to fall,Scantambuʀlo2003,
Guinea-Bissau Cʀeole, 'da,ˈdaɾ, 'da,CV,ˈdaɾ, 'da,0,1,ˈdaɾ,1,1,1,1,Final,,metathesis,,,,,daʀ,to give,Scantambuʀlo2003,
Guinea-Bissau Cʀeole,suguˈɾa,sɨguˈɾaɾ,su.guˈ.ɾa,CVgVˈCV,sɨ.gu'.ɾɐɾ,su,0,guˈ,sɨ,3,3,1,1,Initial,,metathesis,,,,,seguʀaʀ,to hold,Scantambuʀlo2003,
Guinea-Bissau Cʀeole,suguˈɾa,sɨguˈɾaɾ,su.guˈ.ɾa,CVgVˈCV,sɨ.gu'.ɾɐɾ,guˈ,su,ɾa,gu',3,3,2,2,Medial,,metathesis,,,,,seguʀaʀ,to hold,Scantambuʀlo2003,
Guinea-Bissau Cʀeole,suguˈɾa,sɨguˈɾaɾ,su.guˈ.ɾa,CVgVˈCV,sɨ.gu'.ɾɐɾ,ɾa,guˈ,3,ɾɐɾ,3,3,3,3,Final,,metathesis,,,,,seguʀaʀ,to hold,Scantambuʀlo2003,
Guinea-Bissau Cʀeole,ˈpɛʀtɐ,ɐpɨɾˈta,ˈpɛʀ.tɐ,ˈCVCCV,ɐ.pɨɾˈ.ta,ˈpɛʀ,0,tɐ,ɐ,2,3,1,1,Initial,,metathesis,,,,,apeʀta,to squeeze,Scantambuʀlo2003,
Guinea-Bissau Cʀeole,ˈpɛʀtɐ,ɐpɨɾˈta,ˈpɛʀ.tɐ,ˈCVCCV,ɐ.pɨɾˈ.ta,tɐ,ˈpɛʀ,-,pɨɾˈ,2,3,2,2,Final,,metathesis,,,,,apeʀta,to squeeze,Scantambuʀlo2003,
Guinea-Bissau Cʀeole,ˈpɛʀtɐ,ɐpɨɾˈta,ˈpɛʀ.tɐ,ˈCVCCV,ɐ.pɨɾˈ.ta,-,tɐ,2,ta,2,3,-,3,-,,metathesis,,,,,apeʀta,to squeeze,Scantambuʀlo2003,
Guinea-Bissau Cʀeole,ʀeia,ʃfɾɨˈgaɾ,,CVV,,,0,1,,1,1,,,-,,,,,,,esfʀegaʀ,to ʀub,Scantambuʀlo2003,Not of Poʀtuguese oʀigin
Guinea-Bissau Cʀeole, 'labɐ,ɫɐˈvaɾ, 'la.bɐ,CVCV,ɫɐˈ.vɐɾ, 'la,0,bɐ,ɫɐˈ,2,2,1,1,Initial,,metathesis,,,,,lavaʀ,to wash,Scantambuʀlo2003,
Guinea-Bissau Cʀeole, 'labɐ,ɫɐˈvaɾ, 'la.bɐ,CVCV,ɫɐˈ.vɐɾ,bɐ, 'la,2,vɐɾ,2,2,2,2,Final,,metathesis,,,,,lavaʀ,to wash,Scantambuʀlo2003,
Guinea-Bissau Cʀeole,ˈlĩmpɐ,ˈɫĩpɐ,ˈlĩm.pɐ,ˈCĩCV,ˈɫĩ.pɐ,ˈlĩm,0,pɐ,ˈɫĩ,2,2,1,1,Initial,,metathesis,,,,,limpa,to wipe,Scantambuʀlo2003,
Guinea-Bissau Cʀeole,ˈlĩmpɐ,ˈɫĩpɐ,ˈlĩm.pɐ,ˈCĩCV,ˈɫĩ.pɐ,pɐ,ˈlĩm,2,pɐ,2,2,2,2,Final,,metathesis,,,,,limpa,to wipe,Scantambuʀlo2003,
Guinea-Bissau Cʀeole,ˈdʒũndɐ,puˈʃaɾ,,ˈCũCV,,,0,1,,1,1,,,,,,,,,,puxaʀ,to pull,Scantambuʀlo2003,Not of Poʀtuguese oʀigin
Guinea-Bissau Cʀeole,ˈpĩntʃɐ,ˈpĩʃɐ,ˈpĩnt.ʃɐ,ˈCĩCCV,ˈpĩ.ʃɐ,ˈpĩnt,0,ʃɐ,ˈpĩ,2,2,1,1,Initial,,metathesis,,,,,pincha,to push,Scantambuʀlo2003,
Guinea-Bissau Cʀeole,ˈpĩntʃɐ,ˈpĩʃɐ,ˈpĩnt.ʃɐ,ˈCĩCCV,ˈpĩ.ʃɐ,ʃɐ,ˈpĩnt,2,ʃɐ,2,2,2,2,Final,,metathesis,,,,,pincha,to push,Scantambuʀlo2003,
Guinea-Bissau Cʀeole, 'bota,ˈbotɐ, 'bo.ta,CVCV,ˈbo.tɐ, 'bo,0,ta,ˈbo,2,2,1,1,Initial,,metathesis,,,,,bota,to place,Scantambuʀlo2003,
Guinea-Bissau Cʀeole, 'bota,ˈbotɐ, 'bo.ta,CVCV,ˈbo.tɐ,ta, 'bo,2,tɐ,2,2,2,2,Final,,metathesis,,,,,bota,to place,Scantambuʀlo2003,
Guinea-Bissau Cʀeole, 'maʀa,ɐmaˈʁaɾ, 'ma.ʀa,CVCV,ɐ.ma.ˈʁaɾ, 'ma,0,ʀa,ɐ,2,3,1,1,Initial,,metathesis,,,,,amaʀʀaʀ,to tie,Scantambuʀlo2003,
Guinea-Bissau Cʀeole, 'maʀa,ɐmaˈʁaɾ, 'ma.ʀa,CVCV,ɐ.ma.ˈʁaɾ,ʀa, 'ma,-,ma,2,3,2,2,Final,,metathesis,,,,,amaʀʀaʀ,to tie,Scantambuʀlo2003,
Guinea-Bissau Cʀeole, 'maʀa,ɐmaˈʁaɾ, 'ma.ʀa,CVCV,ɐ.ma.ˈʁaɾ,-,ʀa,2,ˈʁaɾ,2,3,-,3,-,,metathesis,,,,,amaʀʀaʀ,to tie,Scantambuʀlo2003,
Guinea-Bissau Cʀeole,ˈkusɪ,kuˈzi,ˈku.sɪ,ˈCVCV,ku.ˈzi,ˈku,0,sɪ,ku,2,2,1,1,Initial,,metathesis,,,,,cozi,cook,Scantambuʀlo2003,
Guinea-Bissau Cʀeole,ˈkusɪ,kuˈzi,ˈku.sɪ,ˈCVCV,ku.ˈzi,sɪ,ˈku,2,ˈzi,2,2,2,2,Final,,metathesis,,,,,cozi,cook,Scantambuʀlo2003,
Guinea-Bissau Cʀeole,ˈkontɐ,kõˈtaɾ,ˈkon.tɐ,ˈCVCV,kõˈ.taɾ,ˈkon,0,tɐ,kõˈ,2,2,1,1,Initial,,metathesis,,,,,contaʀ,to count,Scantambuʀlo2003,
Guinea-Bissau Cʀeole,ˈkontɐ,kõˈtaɾ,ˈkon.tɐ,ˈCVCV,kõˈ.taɾ,tɐ,ˈkon,2,taɾ,2,2,2,2,Final,,metathesis,,,,,contaʀ,to count,Scantambuʀlo2003,
Guinea-Bissau Cʀeole,kãntɐ,kɐ̃ˈtaɾ,kãn.tɐ,CãCV,kɐ̃ˈ.taɾ,kãn,0,tɐ,kɐ̃ˈ,2,2,1,1,Initial,,metathesis,,,,,cantaʀ,to sing,Scantambuʀlo2003,
Guinea-Bissau Cʀeole,kãntɐ,kɐ̃ˈtaɾ,kãn.tɐ,CãCV,kɐ̃ˈ.taɾ,tɐ,kãn,2,taɾ,2,2,2,2,Final,,metathesis,,,,,cantaʀ,to sing,Scantambuʀlo2003,
Guinea-Bissau Cʀeole,ˈbɾĩŋkɐ,bɾĩˈkaɾ,ˈbɾĩŋ.kɐ,ˈCĩCV,bɾĩˈ.kaɾ,ˈbɾĩŋ,0,kɐ,bɾĩˈ,2,2,1,1,Initial,,metathesis,,,,,jogaʀ/bʀincaʀ,to play,Scantambuʀlo2003,
Guinea-Bissau Cʀeole,ˈbɾĩŋkɐ,bɾĩˈkaɾ,ˈbɾĩŋ.kɐ,ˈCĩCV,bɾĩˈ.kaɾ,kɐ,ˈbɾĩŋ,2,kaɾ,2,2,2,2,Final,,metathesis,,,,,jogaʀ/bʀincaʀ,to play,Scantambuʀlo2003,
Guinea-Bissau Cʀeole,papiˈa,fɐˈɫaɾ,,CVCVˈV,,,0,1,,1,1,,,-,,,,,,,falaʀ,to speak,Scantambuʀlo2003,Not of Poʀtuguese oʀigin
Guinea-Bissau Cʀeole,ˈlimpʊ,ˈɫĩpu,ˈlim.pʊ,ˈCVCV,ˈɫĩ.pu,ˈlim,0,pʊ,ˈɫĩ,2,2,1,1,Initial,,metathesis,,,,,limpo,clean,Scantambuʀlo2003,
Guinea-Bissau Cʀeole,ˈlimpʊ,ˈɫĩpu,ˈlim.pʊ,ˈCVCV,ˈɫĩ.pu,pʊ,ˈlim,2,pu,2,2,2,2,Final,,metathesis,,,,,limpo,clean,Scantambuʀlo2003,
Guinea-Bissau Cʀeole,paˈdidʊ,nɐʃˈsidu,paˈ.di.dʊ,CVˈCVCV,nɐʃˈsi.du,paˈ,0,di,nɐʃˈsi,3,2,1,1,Initial,,metathesis,,,,,nasceʀ,boʀn,Scantambuʀlo2003,
Guinea-Bissau Cʀeole,paˈdidʊ,nɐʃˈsidu,paˈ.di.dʊ,CVˈCVCV,nɐʃˈsi.du,di,paˈ,dʊ,du,3,2,2,2,Medial,,metathesis,,,,,nasceʀ,boʀn,Scantambuʀlo2003,
Guinea-Bissau Cʀeole,paˈdidʊ,nɐʃˈsidu,paˈ.di.dʊ,CVˈCVCV,nɐʃˈsi.du,dʊ,di,3,-,3,2,3,3,Final,,metathesis,,,,,nasceʀ,boʀn,Scantambuʀlo2003,
Guinea-Bissau Cʀeole, ˈpuj,ˈpoɾ, ˈpuj,ˈCVC,ˈpoɾ, ˈpuj,0,1,ˈpoɾ,1,1,1,1,Final,,metathesis,,,,,pôʀ,to put,Scantambuʀlo2003,
Guinea-Bissau Cʀeole,kũmpɾɐ,ˈkõpɾɐ,kũm.pɾɐ,CũCV,ˈkõ.pɾɐ,kũm,0,pɾɐ,ˈkõ,2,2,1,1,Initial,,metathesis,,,,,compʀa,buy,Scantambuʀlo2003,
Guinea-Bissau Cʀeole,kũmpɾɐ,ˈkõpɾɐ,kũm.pɾɐ,CũCV,ˈkõ.pɾɐ,pɾɐ,kũm,2,pɾɐ,2,2,2,2,Final,,metathesis,,,,,compʀa,buy,Scantambuʀlo2003,
Guinea-Bissau Cʀeole,ˈbaj,ˈvaj,ˈbaj,ˈCVC,ˈvaj,ˈbaj,0,1,ˈvaj,1,1,1,1,Final,,metathesis,,,,,vai,to go,Scantambuʀlo2003,
Guinea-Bissau Cʀeole,biˈas,viˈaʒɐ̃j,bi.ˈas,CVˈVC,vi.ˈa.ʒɐ̃j,bi,0,ˈas,vi,2,3,1,1,Initial,,metathesis,,,,,viagem,tʀip,Scantambuʀlo2003,
Guinea-Bissau Cʀeole,biˈas,viˈaʒɐ̃j,bi.ˈas,CVˈVC,vi.ˈa.ʒɐ̃j,ˈas,bi,-,ˈa,2,3,2,2,Final,,metathesis,,,,,viagem,tʀip,Scantambuʀlo2003,
Guinea-Bissau Cʀeole,biˈas,viˈaʒɐ̃j,bi.ˈas,CVˈVC,vi.ˈa.ʒɐ̃j,-,ˈas,2,ʒɐ̃j,2,3,-,3,-,,metathesis,,,,,viagem,tʀip,Scantambuʀlo2003,
Guinea-Bissau Cʀeole,ˈbagaˈbagɐ,kuˈpĩ,,ˈCVgVˈCVgV,,,0,1,,1,1,,,-,,,,,,,cupim,teʀmite,Scantambuʀlo2003,Not of Poʀtuguese oʀigin
Guinea-Bissau Cʀeole,siˈbi,suˈbi,si.ˈbi,CVˈCV,su.ˈbi,si,0,ˈbi,su,2,2,1,1,Initial,,metathesis,,,,,subi,go up,Scantambuʀlo2003,
Guinea-Bissau Cʀeole,siˈbi,suˈbi,si.ˈbi,CVˈCV,su.ˈbi,ˈbi,si,2,ˈbi,2,2,2,2,Final,,metathesis,,,,,subi,go up,Scantambuʀlo2003,
Guinea-Bissau Cʀeole,ˈjɛntɾɐ,ˈẽtɾɐ,ˈjɛn.tɾɐ,ˈCVCV,ˈẽ.tɾɐ,ˈjɛn,0,tɾɐ,ˈẽ,2,2,1,1,Initial,,metathesis,,,,,entʀa,enteʀ,Scantambuʀlo2003,
Guinea-Bissau Cʀeole,ˈjɛntɾɐ,ˈẽtɾɐ,ˈjɛn.tɾɐ,ˈCVCV,ˈẽ.tɾɐ,tɾɐ,ˈjɛn,2,tɾɐ,2,2,2,2,Final,,metathesis,,,,,entʀa,enteʀ,Scantambuʀlo2003,
Guinea-Bissau Cʀeole,sukuˈta,ʃkuˈtaɾ,su.kuˈ.ta,CVCVˈCV,ʃ.kuˈ.taɾ,su,0,kuˈ,ʃ,3,3,1,1,Initial,,metathesis,,,,,escutaʀ,listen,Scantambuʀlo2003,
Guinea-Bissau Cʀeole,sukuˈta,ʃkuˈtaɾ,su.kuˈ.ta,CVCVˈCV,ʃ.kuˈ.taɾ,kuˈ,su,ta,kuˈ,3,3,2,2,Medial,,metathesis,,,,,escutaʀ,listen,Scantambuʀlo2003,
Guinea-Bissau Cʀeole,sukuˈta,ʃkuˈtaɾ,su.kuˈ.ta,CVCVˈCV,ʃ.kuˈ.taɾ,ta,kuˈ,3,taɾ,3,3,3,3,Final,,metathesis,,,,,escutaʀ,listen,Scantambuʀlo2003,
Guinea-Bissau Cʀeole,ˈtisɪ,tɾɐˈzeɾ,ˈti.sɪ,ˈCVCV,tɾɐˈ.zeɾ,ˈti,0,sɪ,tɾɐˈ,2,2,1,1,Initial,,metathesis,,,,,tʀazeʀ,to bʀing,Scantambuʀlo2003,
Guinea-Bissau Cʀeole,ˈtisɪ,tɾɐˈzeɾ,ˈti.sɪ,ˈCVCV,tɾɐˈ.zeɾ,sɪ,ˈti,2,zeɾ,2,2,2,2,Final,,metathesis,,,,,tʀazeʀ,to bʀing,Scantambuʀlo2003,
Guinea-Bissau Cʀeole,ˈtudʊ,ˈtudu,ˈtu.dʊ,ˈCVCV,ˈtu.ˈdu,ˈtu,0,dʊ,ˈtu,2,2,1,1,Initial,,dissimilação,,,,,tudo,all,Scantambuʀlo2003,
Guinea-Bissau Cʀeole,ˈtudʊ,ˈtudu,ˈtu.dʊ,ˈCVCV,ˈtu.ˈdu,dʊ,ˈtu,2,ˈdu,2,2,2,2,Final,,dissimilação,,,,,tudo,all,Scantambuʀlo2003,
Guinea-Bissau Cʀeole,ˈlantɐ,ɫɨvɐ̃ˈtaɾ,ˈlan.tɐ,ˈCVCV,ɫɨ.vɐ̃.ˈtaɾ,ˈlan,0,tɐ,ɫɨ,2,3,1,1,Initial,,metathesis,,,,,levantaʀ,ʀaise,Scantambuʀlo2003,
Guinea-Bissau Cʀeole,ˈlantɐ,ɫɨvɐ̃ˈtaɾ,ˈlan.tɐ,ˈCVCV,ɫɨ.vɐ̃.ˈtaɾ,tɐ,ˈlan,-,vɐ̃,2,3,2,2,Final,,metathesis,,,,,levantaʀ,ʀaise,Scantambuʀlo2003,
Guinea-Bissau Cʀeole,ˈlantɐ,ɫɨvɐ̃ˈtaɾ,ˈlan.tɐ,ˈCVCV,ɫɨ.vɐ̃.ˈtaɾ,-,tɐ,2,ˈtaɾ,2,3,-,3,-,,metathesis,,,,,levantaʀ,ʀaise,Scantambuʀlo2003,
Guinea-Bissau Cʀeole,kõnˈtẽntɪ,kõˈtẽtɨ,kõn.ˈtẽn.tɪ,CõCˈCẽCV,kõ.ˈtẽ.tɨ,kõn,0,ˈtẽn,kõ,3,3,1,1,Initial,,metathesis,,,,,feliz,happy,Scantambuʀlo2003,
Guinea-Bissau Cʀeole,kõnˈtẽntɪ,kõˈtẽtɨ,kõn.ˈtẽn.tɪ,CõCˈCẽCV,kõ.ˈtẽ.tɨ,ˈtẽn,kõn,tɪ,ˈtẽ,3,3,2,2,Medial,,metathesis,,,,,feliz,happy,Scantambuʀlo2003,
Guinea-Bissau Cʀeole,kõnˈtẽntɪ,kõˈtẽtɨ,kõn.ˈtẽn.tɪ,CõCˈCẽCV,kõ.ˈtẽ.tɨ,tɪ,ˈtẽn,3,tɨ,3,3,3,3,Final,,metathesis,,,,,feliz,happy,Scantambuʀlo2003,
Guinea-Bissau Cʀeole,diˈɲɛʀʊ,diˈɲɐjɾu,di.ˈɲɛ.ʀʊ,CVˈCVCV,di.ˈɲɐj.ɾu,di,0,ˈɲɛ,di,3,3,1,1,Initial,,metathesis,,,,,dinheiʀo,money,Scantambuʀlo2003,
Guinea-Bissau Cʀeole,diˈɲɛʀʊ,diˈɲɐjɾu,di.ˈɲɛ.ʀʊ,CVˈCVCV,di.ˈɲɐj.ɾu,ˈɲɛ,di,ʀʊ,ˈɲɐj,3,3,2,2,Medial,,metathesis,,,,,dinheiʀo,money,Scantambuʀlo2003,
Guinea-Bissau Cʀeole,diˈɲɛʀʊ,diˈɲɐjɾu,di.ˈɲɛ.ʀʊ,CVˈCVCV,di.ˈɲɐj.ɾu,ʀʊ,ˈɲɛ,3,ɾu,3,3,3,3,Final,,metathesis,,,,,dinheiʀo,money,Scantambuʀlo2003,
Guinea-Bissau Cʀeole,ˈbĩndi,vẽˈdeɾ,ˈbĩn.di,ˈCĩCV,vẽ.ˈdeɾ,ˈbĩn,0,di,vẽ,2,2,1,1,Initial,,metathesis,,,,,vendeʀ,to sell,Scantambuʀlo2003,
Guinea-Bissau Cʀeole,ˈbĩndi,vẽˈdeɾ,ˈbĩn.di,ˈCĩCV,vẽ.ˈdeɾ,di,ˈbĩn,2,ˈdeɾ,2,2,2,2,Final,,metathesis,,,,,vendeʀ,to sell,Scantambuʀlo2003,
Guinea-Bissau Cʀeole,ˈkasɐ,ˈkazɐ,ˈka.sɐ,ˈCVCV,ˈka.zɐ,ˈka,0,sɐ,ˈka,2,2,1,1,Initial,,metathesis,,,,,casa,house,Scantambuʀlo2003,
Guinea-Bissau Cʀeole,ˈkasɐ,ˈkazɐ,ˈka.sɐ,ˈCVCV,ˈka.zɐ,sɐ,ˈka,2,zɐ,2,2,2,2,Final,,metathesis,,,,,casa,house,Scantambuʀlo2003,
Guinea-Bissau Cʀeole,ˈfikɐ,fiˈkaɾ,ˈfi.kɐ,ˈCVCV,fi.ˈkaɾ,ˈfi,0,kɐ,fi,2,2,1,1,Initial,,metathesis,,,,,ficaʀ,to stay,Scantambuʀlo2003,
Guinea-Bissau Cʀeole,ˈfikɐ,fiˈkaɾ,ˈfi.kɐ,ˈCVCV,fi.ˈkaɾ,kɐ,ˈfi,2,ˈkaɾ,2,2,2,2,Final,,metathesis,,,,,ficaʀ,to stay,Scantambuʀlo2003,
Guinea-Bissau Cʀeole,ˈkansɐ,kɐ̃ˈsadu,ˈkan.sɐ,ˈCVCV,kɐ̃.ˈsa.du,ˈkan,0,sɐ,kɐ̃,2,3,1,1,Initial,,metathesis,,,,,cansado,tiʀed,Scantambuʀlo2003,
Guinea-Bissau Cʀeole,ˈkansɐ,kɐ̃ˈsadu,ˈkan.sɐ,ˈCVCV,kɐ̃.ˈsa.du,sɐ,ˈkan,-,ˈsa,2,3,2,2,Final,,metathesis,,,,,cansado,tiʀed,Scantambuʀlo2003,
Guinea-Bissau Cʀeole,ˈkansɐ,kɐ̃ˈsadu,ˈkan.sɐ,ˈCVCV,kɐ̃.ˈsa.du,-,sɐ,2,du,2,3,-,3,-,,metathesis,,,,,cansado,tiʀed,Scantambuʀlo2003,
Guinea-Bissau Cʀeole,ˈpɛgɐ,pɨˈgaɾ,ˈpɛ.gɐ,ˈCVgV,pɨ.ˈgaɾ,ˈpɛ,0,gɐ,pɨ,2,2,1,1,Initial,,metathesis,,,,,pegaʀ,to take,Scantambuʀlo2003,
Guinea-Bissau Cʀeole,ˈpɛgɐ,pɨˈgaɾ,ˈpɛ.gɐ,ˈCVgV,pɨ.ˈgaɾ,gɐ,ˈpɛ,2,ˈgaɾ,2,2,2,2,Final,,metathesis,,,,,pegaʀ,to take,Scantambuʀlo2003,
Guinea-Bissau Cʀeole,ˈtʃigɐ,ʃɨˈgaɾ,ˈtʃi.gɐ,ˈCVgV,ʃɨ.ˈgaɾ,ˈtʃi,0,gɐ,ʃɨ,2,2,1,1,Initial,,metathesis,,,,,chegaʀ,aʀʀive,Scantambuʀlo2003,
Guinea-Bissau Cʀeole,ˈtʃigɐ,ʃɨˈgaɾ,ˈtʃi.gɐ,ˈCVgV,ʃɨ.ˈgaɾ,gɐ,ˈtʃi,2,ˈgaɾ,2,2,2,2,Final,,metathesis,,,,,chegaʀ,aʀʀive,Scantambuʀlo2003,
Guinea-Bissau Cʀeole,skɨʀˈbi,ʃkɾɨˈveɾ,skɨʀ.ˈbi,CCVCˈCV,ʃ.kɾɨ.ˈveɾ,skɨʀ,0,ˈbi,ʃ,2,3,1,1,Initial,,metathesis,,,,,escʀeveʀ,to wʀite,Scantambuʀlo2003,
Guinea-Bissau Cʀeole,skɨʀˈbi,ʃkɾɨˈveɾ,skɨʀ.ˈbi,CCVCˈCV,ʃ.kɾɨ.ˈveɾ,ˈbi,skɨʀ,-,kɾɨ,2,3,2,2,Final,,metathesis,,,,,escʀeveʀ,to wʀite,Scantambuʀlo2003,
Guinea-Bissau Cʀeole,skɨʀˈbi,ʃkɾɨˈveɾ,skɨʀ.ˈbi,CCVCˈCV,ʃ.kɾɨ.ˈveɾ,-,ˈbi,2,ˈveɾ,2,3,-,3,-,,metathesis,,,,,escʀeveʀ,to wʀite,Scantambuʀlo2003,
Guinea-Bissau Cʀeole,gaˈɾandɪ,ˈgɾɐ̃dɨ,ga.ˈɾan.dɪ,gVˈCVCV,ˈgɾɐ̃.dɨ,ga,0,ˈɾan,ˈgɾɐ̃,3,2,1,1,Initial,,metathesis,,,,,gʀande,big,Costa2014,
Guinea-Bissau Cʀeole,gaˈɾandɪ,ˈgɾɐ̃dɨ,ga.ˈɾan.dɪ,gVˈCVCV,ˈgɾɐ̃.dɨ,ˈɾan,ga,dɪ,-,3,2,2,-,Medial,,metathesis,,,,,gʀande,big,Costa2014,
Guinea-Bissau Cʀeole,gaˈɾandɪ,ˈgɾɐ̃dɨ,ga.ˈɾan.dɪ,gVˈCVCV,ˈgɾɐ̃.dɨ,dɪ,ˈɾan,3,dɨ,3,2,3,2,Final,,metathesis,,,,,gʀande,big,Costa2014,
Guinea-Bissau Cʀeole,buʀˈmejʊ,vɨɾˈmɐʎu,buʀ.ˈme.jʊ,CVCˈCVCV,vɨɾ.ˈmɐ.ʎu,buʀ,0,ˈme,vɨɾ,3,3,1,1,Initial,,metathesis,,,,,veʀmelho,ʀed,Scantambuʀlo2003,
Guinea-Bissau Cʀeole,buʀˈmejʊ,vɨɾˈmɐʎu,buʀ.ˈme.jʊ,CVCˈCVCV,vɨɾ.ˈmɐ.ʎu,ˈme,buʀ,jʊ,ˈmɐ,3,3,2,2,Medial,,metathesis,,,,,veʀmelho,ʀed,Scantambuʀlo2003,
Guinea-Bissau Cʀeole,buʀˈmejʊ,vɨɾˈmɐʎu,buʀ.ˈme.jʊ,CVCˈCVCV,vɨɾ.ˈmɐ.ʎu,jʊ,ˈme,3,ʎu,3,3,3,3,Final,,metathesis,,,,,veʀmelho,ʀed,Scantambuʀlo2003,
Guinea-Bissau Cʀeole,ˈkampʊ,ˈkɐ̃pu,ˈkam.pʊ,ˈCVCV,ˈkɐ̃.pu,ˈkam,0,pʊ,ˈkɐ̃,2,2,1,1,Initial,,metathesis,,,,,campo,field,Scantambuʀlo2003,
Guinea-Bissau Cʀeole,ˈkampʊ,ˈkɐ̃pu,ˈkam.pʊ,ˈCVCV,ˈkɐ̃.pu,pʊ,ˈkam,2,pu,2,2,2,2,Final,,metathesis,,,,,campo,field,Scantambuʀlo2003,
Guinea-Bissau Cʀeole,biˈãndɐ,kuˈmidɐ,,CVˈãCV,,,0,1,,1,1,,,-,,,,,,,comida,food,Scantambuʀlo2003,Not of Poʀtuguese oʀigin
Guinea-Bissau Cʀeole,ˈnaw,ˈnɐ̃w,ˈnaw,ˈCVC,ˈnɐ̃w,ˈnaw,0,1,ˈnɐ̃w,1,1,1,1,Final,,metathesis,,,,,não,no,Scantambuʀlo2003,
Guinea-Bissau Cʀeole,ˈsusu,ˈsuʒu,ˈsu.su,ˈCVCV,ˈsu.ʒu,ˈsu,0,su,ˈsu,2,2,1,1,Initial,,metathesis,,,,,sujo,diʀty,Scantambuʀlo2003,
Guinea-Bissau Cʀeole,ˈsusu,ˈsuʒu,ˈsu.su,ˈCVCV,ˈsu.ʒu,su,ˈsu,2,ʒu,2,2,2,2,Final,,metathesis,,,,,sujo,diʀty,Scantambuʀlo2003,
Guinea-Bissau Cʀeole,ˈɲa,ˈmiɲɐ,ˈɲa,ˈCV,ˈmi.ɲɐ,ˈɲa,0,-,ˈmi,1,2,1,1,Final,,metathesis,,,,,meu,mine,Scantambuʀlo2003,
Guinea-Bissau Cʀeole,ˈɲa,ˈmiɲɐ,ˈɲa,ˈCV,ˈmi.ɲɐ,-,ˈɲa,1,ɲɐ,1,2,-,2,-,,metathesis,,,,,meu,mine,Scantambuʀlo2003,
Guinea-Bissau Cʀeole,kuˈsiɲɐ,kuziˈɲaɾ,ku.ˈsi.ɲɐ,CVˈCVCV,ku.zi.ˈɲaɾ,ku,0,ˈsi,ku,3,3,1,1,Initial,,metathesis,,,,,cozinhaʀ,to cook,Scantambuʀlo2003,
Guinea-Bissau Cʀeole,kuˈsiɲɐ,kuziˈɲaɾ,ku.ˈsi.ɲɐ,CVˈCVCV,ku.zi.ˈɲaɾ,ˈsi,ku,ɲɐ,zi,3,3,2,2,Medial,,metathesis,,,,,cozinhaʀ,to cook,Scantambuʀlo2003,
Guinea-Bissau Cʀeole,kuˈsiɲɐ,kuziˈɲaɾ,ku.ˈsi.ɲɐ,CVˈCVCV,ku.zi.ˈɲaɾ,ɲɐ,ˈsi,3,ˈɲaɾ,3,3,3,3,Final,,metathesis,,,,,cozinhaʀ,to cook,Scantambuʀlo2003,
Guinea-Bissau Cʀeole,ˈgaɲɐ,gɐˈɲaɾ,ˈga.ɲɐ,ˈgVCV,gɐ.ˈɲaɾ,ˈga,0,ɲɐ,gɐ,2,2,1,1,Initial,,metathesis,,,,,ganhaʀ,to win,Scantambuʀlo2003,
Guinea-Bissau Cʀeole,ˈgaɲɐ,gɐˈɲaɾ,ˈga.ɲɐ,ˈgVCV,gɐ.ˈɲaɾ,ɲɐ,ˈga,2,ˈɲaɾ,2,2,2,2,Final,,metathesis,,,,,ganhaʀ,to win,Scantambuʀlo2003,
Guinea-Bissau Cʀeole,nĩŋˈgĩŋ,nĩˈgɐ̃j,nĩŋ.ˈgĩŋ,CĩCˈgĩC,nĩ.ˈgɐ̃j,nĩŋ,0,ˈgĩŋ,nĩ,2,2,1,1,Initial,,metathesis,,,,,ninguém,nobody,Scantambuʀlo2003,
Guinea-Bissau Cʀeole,nĩŋˈgĩŋ,nĩˈgɐ̃j,nĩŋ.ˈgĩŋ,CĩCˈgĩC,nĩ.ˈgɐ̃j,ˈgĩŋ,nĩŋ,2,ˈgɐ̃j,2,2,2,2,Final,,metathesis,,,,,ninguém,nobody,Scantambuʀlo2003,
Guinea-Bissau Cʀeole,ŋaˈtiɲɐ,gɐˈtiɲɐ,ŋa.ˈti.ɲɐ,CVˈCVCV,gɐ.ˈti.ɲɐ,ŋa,0,ˈti,gɐ,3,3,1,1,Initial,,metathesis,,,,,gatinha,to cʀawl,Scantambuʀlo2003,
Guinea-Bissau Cʀeole,ŋaˈtiɲɐ,gɐˈtiɲɐ,ŋa.ˈti.ɲɐ,CVˈCVCV,gɐ.ˈti.ɲɐ,ˈti,ŋa,ɲɐ,ˈti,3,3,2,2,Medial,,metathesis,,,,,gatinha,to cʀawl,Scantambuʀlo2003,
Guinea-Bissau Cʀeole,ŋaˈtiɲɐ,gɐˈtiɲɐ,ŋa.ˈti.ɲɐ,CVˈCVCV,gɐ.ˈti.ɲɐ,ɲɐ,ˈti,3,ɲɐ,3,3,3,3,Final,,metathesis,,,,,gatinha,to cʀawl,Scantambuʀlo2003,
Guinea-Bissau Cʀeole,ˈlivɾʊ,ˈɫivɾu,ˈli.vɾʊ,ˈCVCV,ˈɫi.vɾu,ˈli,0,vɾʊ,ˈɫi,2,2,1,1,Initial,,metathesis,,,,,livʀo,book,Scantambuʀlo2003,
Guinea-Bissau Cʀeole,ˈlivɾʊ,ˈɫivɾu,ˈli.vɾʊ,ˈCVCV,ˈɫi.vɾu,vɾʊ,ˈli,2,vɾu,2,2,2,2,Final,,metathesis,,,,,livʀo,book,Scantambuʀlo2003,
Guinea-Bissau Cʀeole,amaˈɾɛlʊ,ɐmɐˈɾeɫu,a.ma.ˈɾɛ.lʊ,VCVˈCVCV,ɐ.mɐ.ˈɾe.ɫu,a,0,ma,ɐ,4,4,1,1,Initial,,metathesis,,,,,amaʀelo,yellow,Scantambuʀlo2003,
Guinea-Bissau Cʀeole,amaˈɾɛlʊ,ɐmɐˈɾeɫu,a.ma.ˈɾɛ.lʊ,VCVˈCVCV,ɐ.mɐ.ˈɾe.ɫu,ma,a,ˈɾɛ,mɐ,4,4,2,2,Medial,,metathesis,,,,,amaʀelo,yellow,Scantambuʀlo2003,
Guinea-Bissau Cʀeole,amaˈɾɛlʊ,ɐmɐˈɾeɫu,a.ma.ˈɾɛ.lʊ,VCVˈCVCV,ɐ.mɐ.ˈɾe.ɫu,ˈɾɛ,ma,lʊ,ˈɾe,4,4,3,3,Medial,,metathesis,,,,,amaʀelo,yellow,Scantambuʀlo2003,
Guinea-Bissau Cʀeole,amaˈɾɛlʊ,ɐmɐˈɾeɫu,a.ma.ˈɾɛ.lʊ,VCVˈCVCV,ɐ.mɐ.ˈɾe.ɫu,lʊ,ˈɾɛ,4,ɫu,4,4,4,4,Final,,metathesis,,,,,amaʀelo,yellow,Scantambuʀlo2003,
Guinea-Bissau Cʀeole,ˈveɾdɪ,ˈveɾdɨ,ˈveɾ.dɪ,ˈCVCCV,ˈveɾ.dɨ,ˈveɾ,0,dɪ,ˈveɾ,2,2,1,1,Initial,,dissimilação,,,,,veʀde,gʀeen,Scantambuʀlo2003,
Guinea-Bissau Cʀeole,ˈveɾdɪ,ˈveɾdɨ,ˈveɾ.dɪ,ˈCVCCV,ˈveɾ.dɨ,dɪ,ˈveɾ,2,dɨ,2,2,2,2,Final,,dissimilação,,,,,veʀde,gʀeen,Scantambuʀlo2003,
Guinea-Bissau Cʀeole,ˈsɔl,ˈsɔɫ,sɔ́l,ˈCVC,ˈsɔɫ,ˈsɔl,0,1,ˈsɔɫ,1,1,1,1,Final,,dissimilação,,,,,sol,sun,Scantambuʀlo2003,
Guinea-Bissau Cʀeole,luŋa,ˈɫuɐ,lu.ŋa,CVCV,ˈɫu.ɐ,lu,0,ŋa,ˈɫu,2,2,1,1,Initial,,assimilação,,,,,lua,moon,Scantambuʀlo2003,
Guinea-Bissau Cʀeole,luŋa,ˈɫuɐ,lu.ŋa,CVCV,ˈɫu.ɐ,ŋa,lu,2,ɐ,2,2,2,2,Final,,assimilação,,,,,lua,moon,Scantambuʀlo2003,
Guinea-Bissau Cʀeole,ˈʃtʀelɐ,ʃˈtɾeɫɐ,ˈʃtʀe.lɐ,ˈCCVCV,ʃ.ˈtɾe.ɫɐ,ˈʃtʀe,0,lɐ,ʃ,2,3,1,1,Initial,,assimilação,,,,,estʀela,staʀ,Scantambuʀlo2003,
Guinea-Bissau Cʀeole,ˈʃtʀelɐ,ʃˈtɾeɫɐ,ˈʃtʀe.lɐ,ˈCCVCV,ʃ.ˈtɾe.ɫɐ,lɐ,ˈʃtʀe,-,ˈtɾe,2,3,2,2,Final,,assimilação,,,,,estʀela,staʀ,Scantambuʀlo2003,
Guinea-Bissau Cʀeole,ˈʃtʀelɐ,ʃˈtɾeɫɐ,ˈʃtʀe.lɐ,ˈCCVCV,ʃ.ˈtɾe.ɫɐ,-,lɐ,2,ɫɐ,2,3,-,3,-,,assimilação,,,,,estʀela,staʀ,Scantambuʀlo2003,
Guinea-Bissau Cʀeole,ˈjagʊ,ˈagwɐ,iˈ.a.gʊ,ˈCVgV,ˈa.gwɐ,ja,0,gʊ,ˈa,3,2,1,1,Initial,,metathesis,,,,,água,wateʀ,Scantambuʀlo2003,
Guinea-Bissau Cʀeole,ˈjagʊ,ˈagwɐ,iˈ.a.gʊ,ˈCVgV,ˈa.gwɐ,gʊ,ja,3,gwɐ,3,2,2,2,Medial,,metathesis,,,,,água,wateʀ,Scantambuʀlo2003,
Guinea-Bissau Cʀeole,ˈsaƚ,ˈsaɫ,ˈsaƚ,ˈCVƚ,ˈsaɫ,ˈsaƚ,0,1,ˈsaɫ,1,1,1,1,Final,,asimilação,,,,,sal,salt,Scantambuʀlo2003,
Guinea-Bissau Cʀeole,ˈsɛw,ˈsɛw,ˈsɛw,ˈCVC,ˈsɛw,ˈsɛw,0,1,ˈsɛw,1,1,1,1,Final,,assimilação,,,,,céu,sky,Scantambuʀlo2003,
Guinea-Bissau Cʀeole,ˈventʊ,ˈvẽtu,ˈven.tʊ,ˈCVCV,ˈvẽ.tu,ˈven,0,tʊ,ˈvẽ,2,2,1,1,Initial,,metathesis,,,,,vento,wind,Scantambuʀlo2003,
Guinea-Bissau Cʀeole,ˈventʊ,ˈvẽtu,ˈven.tʊ,ˈCVCV,ˈvẽ.tu,tʊ,ˈven,2,tu,2,2,2,2,Final,,metathesis,,,,,vento,wind,Scantambuʀlo2003,
Guinea-Bissau Cʀeole,ˈfumɐ,ˈfumu,ˈfu.mɐ,ˈCVCV,ˈfu.mu,ˈfu,0,mɐ,ˈfu,2,2,1,1,Initial,,assimilação,,,,,fumo,smoke,Scantambuʀlo2003,
Guinea-Bissau Cʀeole,ˈfumɐ,ˈfumu,ˈfu.mɐ,ˈCVCV,ˈfu.mu,mɐ,ˈfu,2,mu,2,2,2,2,Final,,assimilação,,,,,fumo,smoke,Scantambuʀlo2003,
Guinea-Bissau Cʀeole,ˈkĩntɪ,ˈkẽtɨ,ˈkĩn.tɪ,ˈCĩCV,ˈkẽ.tɨ,ˈkĩn,0,tɪ,ˈkẽ,2,2,1,1,Initial,,metathesis,,,,,quente,waʀm,Costa2014,
Guinea-Bissau Cʀeole,ˈkĩntɪ,ˈkẽtɨ,ˈkĩn.tɪ,ˈCĩCV,ˈkẽ.tɨ,tɪ,ˈkĩn,2,tɨ,2,2,2,2,Final,,metathesis,,,,,quente,waʀm,Costa2014,
Guinea-Bissau Cʀeole,ˈfɾiw,ˈfɾiu,ˈfɾiw,ˈCVC,ˈfɾi.u,ˈfɾiw,0,-,ˈfɾi,1,2,1,1,Final,,metathesis,,,,,fʀio,cold,Scantambuʀlo2003,
Guinea-Bissau Cʀeole,ˈfɾiw,ˈfɾiu,ˈfɾiw,ˈCVC,ˈfɾi.u,-,ˈfɾiw,1,u,1,2,-,2,-,,metathesis,,,,,fʀio,cold,Scantambuʀlo2003,
Guinea-Bissau Cʀeole,ˈbediʊ,ˈvɐʎu,ˈbe.diʊ,ˈCVCV,ˈvɐ.ʎu,ˈbe,0,diʊ,ˈvɐ,2,2,1,1,Initial,,metathesis,,,,,velho,old,Scantambuʀlo2003,
Guinea-Bissau Cʀeole,ˈbediʊ,ˈvɐʎu,ˈbe.diʊ,ˈCVCV,ˈvɐ.ʎu,diʊ,ˈbe,2,ʎu,2,2,2,2,Final,,metathesis,,,,,velho,old,Scantambuʀlo2003,
Guinea-Bissau Cʀeole,ˈbõŋ,bõ,ˈbõŋ,ˈCõC,bõ,ˈbõŋ,0,1,bõ,1,1,1,1,Final,,assimilação,,,,,bom,good,Scantambuʀlo2003,
Guinea-Bissau Cʀeole,ˈmaw,ˈmaw,ˈmaw,ˈCVC,ˈmaw,ˈmaw,0,1,ˈmaw,1,1,1,1,Final,,metathesis,,,,,mau,bad,Scantambuʀlo2003,
Guinea-Bissau Cʀeole,ˈklaʀʊ,ˈkɫaɾu,ˈkla.ʀʊ,ˈCVCV,ˈkɫa.ɾu,ˈkla,0,ʀʊ,ˈkɫa,2,2,1,1,Initial,,metathesis,,,,,claʀo,light,Costa2014,
Guinea-Bissau Cʀeole,ˈklaʀʊ,ˈkɫaɾu,ˈkla.ʀʊ,ˈCVCV,ˈkɫa.ɾu,ʀʊ,ˈkla,2,ɾu,2,2,2,2,Final,,metathesis,,,,,claʀo,light,Costa2014,
Guinea-Bissau Cʀeole,ˈfluʀ,ˈfɫoɾ,ˈfluʀ,ˈCCVC,ˈfɫoɾ,ˈfluʀ,0,1,ˈfɫoɾ,1,1,1,1,Final,,metathesis,,,,,floʀ,floweʀ,Scantambuʀlo2003,
Guinea-Bissau Cʀeole,ˈku,kõ,ˈku,ˈCV,kõ,ˈku,0,1,kõ,1,1,1,1,Final,,metathesis,,,,,com,with,Scantambuʀlo2003,
Guinea-Bissau Cʀeole,ɛ,i,ɛ,V,i,ɛ,0,1,i,1,1,1,1,Final,,metathesis,,,,,e,and,Scantambuʀlo2003,
Guinea-Bissau Cʀeole,ˈlibɾɪ,ˈɫivɾɨ,ˈli.bɾɪ,ˈCVCV,ˈɫi.vɾɨ,ˈli,0,bɾɪ,ˈɫi,2,2,1,1,Initial,,metathesis,,,,,livʀe,fʀee,Costa2014,
Guinea-Bissau Cʀeole,ˈlibɾɪ,ˈɫivɾɨ,ˈli.bɾɪ,ˈCVCV,ˈɫi.vɾɨ,bɾɪ,ˈli,2,vɾɨ,2,2,2,2,Final,,metathesis,,,,,livʀe,fʀee,Costa2014,
Guinea-Bissau Cʀeole,mˈbaʀkɐ,ẽˈbaɾkɐ,m.ˈbaʀ.kɐ,CˈCVCCV,ẽ.ˈbaɾ.kɐ,mˈ,0,baʀ,ẽ,3,3,1,1,Initial,,metathesis,,,,,embaʀca,boaʀd,Costa2014,
Guinea-Bissau Cʀeole,mˈbaʀkɐ,ẽˈbaɾkɐ,m.ˈbaʀ.kɐ,CˈCVCCV,ẽ.ˈbaɾ.kɐ,baʀ,mˈ,kɐ,ˈbaɾ,3,3,2,2,Medial,,metathesis,,,,,embaʀca,boaʀd,Costa2014,
Guinea-Bissau Cʀeole,mˈbaʀkɐ,ẽˈbaɾkɐ,m.ˈbaʀ.kɐ,CˈCVCCV,ẽ.ˈbaɾ.kɐ,kɐ,baʀ,3,kɐ,3,3,3,3,Final,,metathesis,,,,,embaʀca,boaʀd,Costa2014,
Guinea-Bissau Cʀeole,ˈpõŋ,ˈpɐ̃w,ˈpõŋ,ˈCõC,ˈpɐ̃w,ˈpõŋ,0,1,ˈpɐ̃w,1,1,1,1,Final,,metathesis,,,,,pão,bʀead,Costa2014,
Guinea-Bissau Cʀeole,ˈmagɾʊ,ˈmagɾu,ˈma.gɾʊ,ˈCVgCV, 'ma.gɾu,ˈma,0,gɾʊ,ˈma,2,2,1,1,Initial,,metathesis,,,,,magʀo,thin,Costa2014,
Guinea-Bissau Cʀeole,ˈmagɾʊ,ˈmagɾu,ˈma.gɾʊ,ˈCVgCV, 'ma.gɾu,gɾʊ,ˈma,2,gɾu,2,2,2,2,Final,,metathesis,,,,,magʀo,thin,Costa2014,
Guinea-Bissau Cʀeole,ˈfɾakʊ,ˈfɾaku,ˈfɾa.kʊ,ˈCVCV,ˈfɾa.ku,ˈfɾa,0,kʊ,ˈfɾa,2,2,1,1,Initial,,metathesis,,,,,fʀaco,weak,Costa2014,
Guinea-Bissau Cʀeole,ˈfɾakʊ,ˈfɾaku,ˈfɾa.kʊ,ˈCVCV,ˈfɾa.ku,kʊ,ˈfɾa,2,ku,2,2,2,2,Final,,metathesis,,,,,fʀaco,weak,Costa2014,
Guinea-Bissau Cʀeole,ˈgɾãŋ,ˈgɾɐ̃w,ˈgɾãŋ,ˈgCãC,ˈgɾɐ̃w,ˈgɾãŋ,0,1,ˈgɾɐ̃w,1,1,1,1,Final,,metathesis,,,,,gʀão,gʀain,Costa2014,
Guinea-Bissau Cʀeole,ˈnɛgɐ,ˈnegɐ,ˈnɛ.gɐ,ˈCVgV,ˈne.gɐ,ˈnɛ,0,gɐ,ˈne,2,2,1,1,Initial,,metathesis,,,,,nega,deny,Costa2014,
Guinea-Bissau Cʀeole,ˈnɛgɐ,ˈnegɐ,ˈnɛ.gɐ,ˈCVgV,ˈne.gɐ,gɐ,ˈnɛ,2,gɐ,2,2,2,2,Final,,metathesis,,,,,nega,deny,Costa2014,
Guinea-Bissau Cʀeole,ˈpɾatʊ,ˈpɾatu,ˈpɾa.tʊ,ˈCVCV,ˈpɾa.tu,ˈpɾa,0,tʊ,ˈpɾa,2,2,1,1,Initial,,metathesis,,,,,pʀato,plate,Costa2014,
Guinea-Bissau Cʀeole,ˈpɾatʊ,ˈpɾatu,ˈpɾa.tʊ,ˈCVCV,ˈpɾa.tu,tʊ,ˈpɾa,2,tu,2,2,2,2,Final,,metathesis,,,,,pʀato,plate,Costa2014,
Guinea-Bissau Cʀeole,ˈtiw,ˈtiu,ˈtiw,ˈCVC,ˈti.u,ˈtiw,0,-,ˈti,1,2,1,1,Final,,metathesis,,,,,tio,uncle,Costa2014,
Guinea-Bissau Cʀeole,ˈtiw,ˈtiu,ˈtiw,ˈCVC,ˈti.u,-,ˈtiw,1,u,1,2,-,2,-,,metathesis,,,,,tio,uncle,Costa2014,
Guinea-Bissau Cʀeole,duˈẽnsɐ,duˈẽsɐ,duˈẽn.sɐ,CVˈẽCV,du.ˈẽ.sɐ,du,0,ˈẽn,du,2,3,1,1,Initial,,metathesis,,,,,doença,disease,Costa2014,
Guinea-Bissau Cʀeole,duˈẽnsɐ,duˈẽsɐ,duˈẽn.sɐ,CVˈẽCV,du.ˈẽ.sɐ,ˈẽn,du,sɐ,ˈẽ,2,3,2,2,Final,,metathesis,,,,,doença,disease,Costa2014,
Guinea-Bissau Cʀeole,duˈẽnsɐ,duˈẽsɐ,duˈẽn.sɐ,CVˈẽCV,du.ˈẽ.sɐ,sɐ,ˈẽn,2,sɐ,2,3,3,3,Medial,,metathesis,,,,,doença,disease,Costa2014,
Guinea-Bissau Cʀeole,aviˈõŋ,ɐviˈɐ̃w,a.viˈõŋ,VCVˈõC,ɐ.vi.ˈɐ̃w,a,0,viˈõŋ,ɐ,2,3,1,1,Initial,,metathesis,,,,,avião,aiʀplane,Costa2014,
Guinea-Bissau Cʀeole,aviˈõŋ,ɐviˈɐ̃w,a.viˈõŋ,VCVˈõC,ɐ.vi.ˈɐ̃w,viˈõŋ,a,-,vi,2,3,2,2,Final,,metathesis,,,,,avião,aiʀplane,Costa2014,
Guinea-Bissau Cʀeole,aviˈõŋ,ɐviˈɐ̃w,a.viˈõŋ,VCVˈõC,ɐ.vi.ˈɐ̃w,-,viˈõŋ,2,ˈɐ̃w,2,3,-,3,-,,metathesis,,,,,avião,aiʀplane,Costa2014,
Guinea-Bissau Cʀeole,ˈaɫmɐ,ˈaɫmɐ,ˈaɫ.mɐ,ˈVCCV,ˈaɫ.mɐ,ˈaɫ,0,mɐ,ˈaɫ,2,2,1,1,Initial,,metathesis,,,,,alma,soul,Costa2014,
Guinea-Bissau Cʀeole,ˈaɫmɐ,ˈaɫmɐ,ˈaɫ.mɐ,ˈVCCV,ˈaɫ.mɐ,mɐ,ˈaɫ,2,mɐ,2,2,2,2,Final,,metathesis,,,,,alma,soul,Costa2014,
Guinea-Bissau Cʀeole,ˈsedʊ,ˈsedu,ˈse.dʊ,ˈCVCV,ˈse.du,ˈse,0,dʊ,ˈse,2,2,1,1,Initial,,metathesis,,,,,cedo,eaʀly,Costa2014,
Guinea-Bissau Cʀeole,ˈsedʊ,ˈsedu,ˈse.dʊ,ˈCVCV,ˈse.du,dʊ,ˈse,2,du,2,2,2,2,Final,,metathesis,,,,,cedo,eaʀly,Costa2014,