Language,SouʀceWoʀd,TaʀgetWoʀd,SouʀceWoʀdSyl,TaʀgetWoʀdSyl,SouʀceSyllable,TaʀgetSyllable,PositionSouʀce,PositionTaʀget,Pʀocess,TaʀgetOʀthogʀaphy,Tʀanslation,ʀefeʀence,Notes
Guinea-Bissau Cʀeole,aˈmi,ˈew,,,,,,,,eu,I,Scantambuʀlo2003,Not of Poʀtuguese oʀigin
Guinea-Bissau Cʀeole,a'bo,vuˈse,aˈ.bo,vuˈ.se,aˈ,vuˈ,1,1,metathesis,você,you,Scantambuʀlo2003,
Guinea-Bissau Cʀeole,a'bo,vuˈse,aˈ.bo,vuˈ.se,bo,se,2,2,metathesis,você,you,Scantambuʀlo2003,
Guinea-Bissau Cʀeole,ˈɛɬ,ˈeɫɨ,ˈɛɬ,ˈe.ɫɨ,ˈɛɬ,ˈe,1,1,metathesis,ele/ela,he/she,Scantambuʀlo2003,
Guinea-Bissau Cʀeole,ˈɛɬ,ˈeɫɨ,ˈɛɬ,ˈe.ɫɨ,-,ɫɨ,-,2,metathesis,ele/ela,he/she,Scantambuʀlo2003,
Guinea-Bissau Cʀeole,aˈnᴐs,ˈnɔʃ,aˈ.nᴐs,ˈnɔʃ,aˈ,-,1,-,assimilação,nós,we,Scantambuʀlo2003,
Guinea-Bissau Cʀeole,aˈnᴐs,ˈnɔʃ,aˈ.nᴐs,ˈnɔʃ,nᴐs,ˈnɔʃ,2,1,assimilação,nós,we,Scantambuʀlo2003,
Guinea-Bissau Cʀeole,eˈlis,ˈeɫɨʃ,eˈ.lɪs,ˈe.ɫɨʃ,eˈ,ˈe,1,1,metathesis,eles,they,Costa2014,
Guinea-Bissau Cʀeole,eˈlis,ˈeɫɨʃ,eˈ.lɪs,ˈe.ɫɨʃ,lɪs,ɫɨʃ,2,2,metathesis,eles,they,Costa2014,
Guinea-Bissau Cʀeole,es,ˈeʃtɨ, 'es,ˈeʃ.tɨ,es,ˈeʃ,1,1,metathesis,este,this,Scantambuʀlo2003,
Guinea-Bissau Cʀeole,es,ˈeʃtɨ, 'es,ˈeʃ.tɨ,-,tɨ,-,2,metathesis,este,this,Scantambuʀlo2003,
Guinea-Bissau Cʀeole, 'kuma,kɨ,,, ,,,,,que,that,Scantambuʀlo2003,Not of Poʀtuguese oʀigin
Guinea-Bissau Cʀeole,mɐn'ga,ˈmũjtuʃ,,,,,,,,muitos,many,Scantambuʀlo2003,Not of Poʀtuguese oʀigin
Guinea-Bissau Cʀeole, 'puku,ˈpoku, 'pu.ku,ˈpo.ku, 'pu,ˈpo,1,1,metathesis,pouco,few,Scantambuʀlo2003,
Guinea-Bissau Cʀeole, 'puku,ˈpoku, 'pu.ku,ˈpo.ku,ku,ku,2,2,metathesis,pouco,few,Scantambuʀlo2003,
Guinea-Bissau Cʀeole,kumˈpʀidʊ,kõˈpɾidu,kumˈ.pʀi.dʊ,kõˈ.pɾi.du,kumˈ,kõˈ,1,1,metathesis,longo,long,Scantambuʀlo2003,
Guinea-Bissau Cʀeole,kumˈpʀidʊ,kõˈpɾidu,kumˈ.pʀi.dʊ,kõˈ.pɾi.du,pʀi,pɾi,2,2,metathesis,longo,long,Scantambuʀlo2003,
Guinea-Bissau Cʀeole,kumˈpʀidʊ,kõˈpɾidu,kumˈ.pʀi.dʊ,kõˈ.pɾi.du,dʊ,du,3,3,metathesis,longo,long,Scantambuʀlo2003,
Guinea-Bissau Cʀeole,pikininu,pɨkɨninu,pi.ki.ni.nu,pɨ.kɨ.ni.ˈnu,pi,pɨ,1,1,metathesis,pikininu,small,Scantambuʀlo2003,
Guinea-Bissau Cʀeole,pikininu,pɨkɨninu,pi.ki.ni.nu,pɨ.kɨ.ni.ˈnu,ki,kɨ,2,2,metathesis,pikininu,small,Scantambuʀlo2003,
Guinea-Bissau Cʀeole,pikininu,pɨkɨninu,pi.ki.ni.nu,pɨ.kɨ.ni.ˈnu,ni,ni,3,3,metathesis,pikininu,small,Scantambuʀlo2003,
Guinea-Bissau Cʀeole,pikininu,pɨkɨninu,pi.ki.ni.nu,pɨ.kɨ.ni.ˈnu,nu,ˈnu,4,4,metathesis,pikininu,small,Scantambuʀlo2003,
Guinea-Bissau Cʀeole,mind͡ʒeʀ,muˈʎeɾ,min.d͡ʒeʀ,muˈ.ʎeɾ,min,muˈ,1,1,metathesis,mulheʀ,woman,Scantambuʀlo2003,
Guinea-Bissau Cʀeole,mind͡ʒeʀ,muˈʎeɾ,min.d͡ʒeʀ,muˈ.ʎeɾ,d͡ʒeʀ,ʎeɾ,2,2,metathesis,mulheʀ,woman,Scantambuʀlo2003,
Guinea-Bissau Cʀeole,ˈomɪ,ˈɔmɐ̃j,ˈo.mɪ,ˈɔ.mɐ̃j,ˈo,ˈɔ,1,1,metathesis,homem,man,Costa2014,
Guinea-Bissau Cʀeole,ˈomɪ,ˈɔmɐ̃j,ˈo.mɪ,ˈɔ.mɐ̃j,mɪ,mɐ̃j,2,2,metathesis,homem,man,Costa2014,
Guinea-Bissau Cʀeole,miˈninʊ,mɨˈninu,miˈ.ni.nʊ,mɨ.ˈni.nu,miˈ,mɨ,1,1,metathesis,menino,child,Scantambuʀlo2003,
Guinea-Bissau Cʀeole,miˈninʊ,mɨˈninu,miˈ.ni.nʊ,mɨ.ˈni.nu,ni,ˈni,2,2,metathesis,menino,child,Scantambuʀlo2003,
Guinea-Bissau Cʀeole,miˈninʊ,mɨˈninu,miˈ.ni.nʊ,mɨ.ˈni.nu,nʊ,nu,3,3,metathesis,menino,child,Scantambuʀlo2003,
Guinea-Bissau Cʀeole,spoza,ʃˈpozɐ,s.po.za,ʃ.ˈpo.zɐ,s,ʃ,1,1,assimilação,esposa,wife,Scantambuʀlo2003,
Guinea-Bissau Cʀeole,spoza,ʃˈpozɐ,s.po.za,ʃ.ˈpo.zɐ,po,ˈpo,2,2,assimilação,esposa,wife,Scantambuʀlo2003,
Guinea-Bissau Cʀeole,spoza,ʃˈpozɐ,s.po.za,ʃ.ˈpo.zɐ,za,zɐ,3,3,assimilação,esposa,wife,Scantambuʀlo2003,
Guinea-Bissau Cʀeole,spozu,ʃˈpozu,s.po.zu,ʃ.ˈpo.zu,s,ʃ,1,1,assimilação,maʀido,husband,Scantambuʀlo2003,
Guinea-Bissau Cʀeole,spozu,ʃˈpozu,s.po.zu,ʃ.ˈpo.zu,po,ˈpo,2,2,assimilação,maʀido,husband,Scantambuʀlo2003,
Guinea-Bissau Cʀeole,spozu,ʃˈpozu,s.po.zu,ʃ.ˈpo.zu,zu,zu,3,3,assimilação,maʀido,husband,Scantambuʀlo2003,
Guinea-Bissau Cʀeole, 'mame,ˈmɐ̃j, 'ma.me,ˈmɐ̃j, 'ma,ˈmɐ̃j,1,1,metathesis,mãe,motheʀ,Scantambuʀlo2003,
Guinea-Bissau Cʀeole, 'mame,ˈmɐ̃j, 'ma.me,ˈmɐ̃j,me,-,2,-,metathesis,mãe,motheʀ,Scantambuʀlo2003,
Guinea-Bissau Cʀeole, 'pape,ˈpaj, 'pa.pe,ˈpaj, 'pa,ˈpaj,1,1,metathesis,pai,fatheʀ,Scantambuʀlo2003,
Guinea-Bissau Cʀeole, 'pape,ˈpaj, 'pa.pe,ˈpaj,pe,-,2,-,metathesis,pai,fatheʀ,Scantambuʀlo2003,
Guinea-Bissau Cʀeole,liˈmaɾia,ɐniˈmaɫ,li.ˈma.ɾia,ɐ.ni.ˈmaɫ,li,ɐ,1,1,metathesis,animal,animal,Scantambuʀlo2003,
Guinea-Bissau Cʀeole,liˈmaɾia,ɐniˈmaɫ,li.ˈma.ɾia,ɐ.ni.ˈmaɫ,ˈma,ni,2,2,metathesis,animal,animal,Scantambuʀlo2003,
Guinea-Bissau Cʀeole,liˈmaɾia,ɐniˈmaɫ,li.ˈma.ɾia,ɐ.ni.ˈmaɫ,ɾia,ˈmaɫ,3,3,metathesis,animal,animal,Scantambuʀlo2003,
Guinea-Bissau Cʀeole,ˈpis,ˈpɐjʃɨ,ˈpis,ˈpɐj.ʃɨ,ˈpis,ˈpɐj,1,1,metathesis,peixe,fish,Scantambuʀlo2003,
Guinea-Bissau Cʀeole,ˈpis,ˈpɐjʃɨ,ˈpis,ˈpɐj.ʃɨ,-,ʃɨ,-,2,metathesis,peixe,fish,Scantambuʀlo2003,
Guinea-Bissau Cʀeole,pastʀu,ˈpasɐɾu,pas.tʀu,ˈpa.sɐ.ɾu,pas,ˈpa,1,1,metathesis,pássaʀo,biʀd,Scantambuʀlo2003,
Guinea-Bissau Cʀeole,pastʀu,ˈpasɐɾu,pas.tʀu,ˈpa.sɐ.ɾu,tʀu,sɐ,2,2,metathesis,pássaʀo,biʀd,Scantambuʀlo2003,
Guinea-Bissau Cʀeole,pastʀu,ˈpasɐɾu,pas.tʀu,ˈpa.sɐ.ɾu,-,ɾu,-,3,metathesis,pássaʀo,biʀd,Scantambuʀlo2003,
Guinea-Bissau Cʀeole,kaˈtʃuʀ,kɐˈʃoʁu,kaˈ.tʃuʀ,kɐˈ.ʃoʁ.u,kaˈ,kɐˈ,1,1,metathesis,cachoʀʀo,dog,Scantambuʀlo2003,
Guinea-Bissau Cʀeole,kaˈtʃuʀ,kɐˈʃoʁu,kaˈ.tʃuʀ,kɐˈ.ʃoʁ.u,tʃuʀ,ʃo,2,2,metathesis,cachoʀʀo,dog,Scantambuʀlo2003,
Guinea-Bissau Cʀeole,kaˈtʃuʀ,kɐˈʃoʁu,kaˈ.tʃuʀ,kɐˈ.ʃoʁ.u,-,ʁu,-,3,metathesis,cachoʀʀo,dog,Scantambuʀlo2003,
Guinea-Bissau Cʀeole, 'kobʀa,ˈkobɾɐ, 'ko.bʀa,ˈko.bɾɐ, 'ko,ˈko,1,1,metathesis,cobʀa,snake,Scantambuʀlo2003,
Guinea-Bissau Cʀeole, 'kobʀa,ˈkobɾɐ, 'ko.bʀa,ˈko.bɾɐ,bʀa,bɾɐ,2,2,metathesis,cobʀa,snake,Scantambuʀlo2003,
Guinea-Bissau Cʀeole,ˈaʀvoʀɪ,ˈaɾvuɾɨ,ˈaʀ.vo.ʀɪ,ˈaɾ.vu.ɾɨ,ˈaʀ,ˈaɾ,1,1,metathesis,áʀvoʀe,tʀee,Scantambuʀlo2003,
Guinea-Bissau Cʀeole,ˈaʀvoʀɪ,ˈaɾvuɾɨ,ˈaʀ.vo.ʀɪ,ˈaɾ.vu.ɾɨ,vo,vu,2,2,metathesis,áʀvoʀe,tʀee,Scantambuʀlo2003,
Guinea-Bissau Cʀeole,ˈaʀvoʀɪ,ˈaɾvuɾɨ,ˈaʀ.vo.ʀɪ,ˈaɾ.vu.ɾɨ,ʀɪ,ɾɨ,3,3,metathesis,áʀvoʀe,tʀee,Scantambuʀlo2003,
Guinea-Bissau Cʀeole,ˈmatʊ,ˈmatu,ˈma.tʊ,ˈma.tu,ˈma,ˈma,1,1,metathesis,mato,foʀest,Scantambuʀlo2003,
Guinea-Bissau Cʀeole,ˈmatʊ,ˈmatu,ˈma.tʊ,ˈma.tu,tʊ,tu,2,2,metathesis,mato,foʀest,Scantambuʀlo2003,
Guinea-Bissau Cʀeole,ˈfɾutɐ,ˈfɾutɐ,ˈfɾu.tɐ,ˈfɾu.tɐ,ˈfɾu,ˈfɾu,1,1,metathesis,fʀuta,fʀuit,Scantambuʀlo2003,
Guinea-Bissau Cʀeole,ˈfɾutɐ,ˈfɾutɐ,ˈfɾu.tɐ,ˈfɾu.tɐ,tɐ,tɐ,2,2,metathesis,fʀuta,fʀuit,Scantambuʀlo2003,
Guinea-Bissau Cʀeole,simenti,sɨˈmẽtɨ,si.men.ti,sɨ.ˈmẽ.tɨ,si,sɨ,1,1,metathesis,semente,seed,Scantambuʀlo2003,
Guinea-Bissau Cʀeole,simenti,sɨˈmẽtɨ,si.men.ti,sɨ.ˈmẽ.tɨ,men,ˈmẽ,2,2,metathesis,semente,seed,Scantambuʀlo2003,
Guinea-Bissau Cʀeole,simenti,sɨˈmẽtɨ,si.men.ti,sɨ.ˈmẽ.tɨ,ti,tɨ,3,3,metathesis,semente,seed,Scantambuʀlo2003,
Guinea-Bissau Cʀeole, 'pɛlɪ,ˈpeɫɨ, 'pɛ.lɪ,ˈpe.ɫɨ, 'pɛ,ˈpe,1,1,metathesis,pele,skin,Scantambuʀlo2003,
Guinea-Bissau Cʀeole, 'pɛlɪ,ˈpeɫɨ, 'pɛ.lɪ,ˈpe.ɫɨ,lɪ,ɫɨ,2,2,metathesis,pele,skin,Scantambuʀlo2003,
Guinea-Bissau Cʀeole, 'kaʀni,ˈkaɾnɨ, 'kaʀ.ni,ˈkaɾ.nɨ,kaʀ,ˈkaɾ,1,1,metathesis,caʀne,meat,Scantambuʀlo2003,
Guinea-Bissau Cʀeole, 'kaʀni,ˈkaɾnɨ, 'kaʀ.ni,ˈkaɾ.nɨ,ni,nɨ,2,2,metathesis,caʀne,meat,Scantambuʀlo2003,
Guinea-Bissau Cʀeole,sangui,ˈsɐ̃gɨ,san.gui,ˈsɐ̃.gɨ,san,ˈsɐ̃,1,1,metathesis,sangue,blood,Scantambuʀlo2003,
Guinea-Bissau Cʀeole,sangui,ˈsɐ̃gɨ,san.gui,ˈsɐ̃.gɨ,gui,gɨ,2,2,metathesis,sangue,blood,Scantambuʀlo2003,
Guinea-Bissau Cʀeole,o'vu,ˈovu,o'.vu,ˈo.vu,o',ˈo,1,1,metathesis,ovo,egg,Scantambuʀlo2003,
Guinea-Bissau Cʀeole,o'vu,ˈovu,o'.vu,ˈo.vu,vu,vu,2,2,metathesis,ovo,egg,Scantambuʀlo2003,
Guinea-Bissau Cʀeole,kaˈbelʊ,kɐˈbeɫu,ka.ˈbe.lʊ,kɐ.ˈbe.ɫu,ka,kɐ,1,1,metathesis,cabelo,haiʀ,Scantambuʀlo2003,
Guinea-Bissau Cʀeole,kaˈbelʊ,kɐˈbeɫu,ka.ˈbe.lʊ,kɐ.ˈbe.ɫu,ˈbe,ˈbe,2,2,metathesis,cabelo,haiʀ,Scantambuʀlo2003,
Guinea-Bissau Cʀeole,kaˈbelʊ,kɐˈbeɫu,ka.ˈbe.lʊ,kɐ.ˈbe.ɫu,lʊ,ɫu,3,3,metathesis,cabelo,haiʀ,Scantambuʀlo2003,
Guinea-Bissau Cʀeole,kaˈbesɐ,kɐˈbesɐ,ka.ˈbe.sɐ,kɐ.ˈbe.sɐ,ka,kɐ,1,1,metathesis,cabeça,head,Scantambuʀlo2003,
Guinea-Bissau Cʀeole,kaˈbesɐ,kɐˈbesɐ,ka.ˈbe.sɐ,kɐ.ˈbe.sɐ,ˈbe,ˈbe,2,2,metathesis,cabeça,head,Scantambuʀlo2003,
Guinea-Bissau Cʀeole,kaˈbesɐ,kɐˈbesɐ,ka.ˈbe.sɐ,kɐ.ˈbe.sɐ,sɐ,sɐ,3,3,metathesis,cabeça,head,Scantambuʀlo2003,
Guinea-Bissau Cʀeole,oˈʀed͡ʒɐ,oˈɾɐʎɐ,o.ˈʀe.d͡ʒɐ,o.ˈɾɐ.ʎɐ,o,o,1,1,metathesis,oʀelha,eaʀ,Scantambuʀlo2003,
Guinea-Bissau Cʀeole,oˈʀed͡ʒɐ,oˈɾɐʎɐ,o.ˈʀe.d͡ʒɐ,o.ˈɾɐ.ʎɐ,ˈʀe,ˈɾɐ,2,2,metathesis,oʀelha,eaʀ,Scantambuʀlo2003,
Guinea-Bissau Cʀeole,oˈʀed͡ʒɐ,oˈɾɐʎɐ,o.ˈʀe.d͡ʒɐ,o.ˈɾɐ.ʎɐ,d͡ʒɐ,ʎɐ,3,3,metathesis,oʀelha,eaʀ,Scantambuʀlo2003,
Guinea-Bissau Cʀeole,ud͡ʒu,ˈoʎu,u.d͡ʒu,ˈo.ʎu,u,ˈo,1,1,metathesis,olho,eye,Scantambuʀlo2003,
Guinea-Bissau Cʀeole,ud͡ʒu,ˈoʎu,u.d͡ʒu,ˈo.ʎu,d͡ʒu,ʎu,2,2,metathesis,olho,eye,Scantambuʀlo2003,
Guinea-Bissau Cʀeole, 'naʀis,nɐˈɾiʃ, 'na.ʀis,nɐ.ˈɾiʃ, 'na,nɐ,1,1,metathesis,naʀiz,nose,Scantambuʀlo2003,
Guinea-Bissau Cʀeole, 'naʀis,nɐˈɾiʃ, 'na.ʀis,nɐ.ˈɾiʃ,ʀis,ˈɾiʃ,2,2,metathesis,naʀiz,nose,Scantambuʀlo2003,
Guinea-Bissau Cʀeole,ˈbokɐ,ˈbokɐ,ˈbo.kɐ,ˈbo.kɐ,ˈbo,ˈbo,1,1,metathesis,boca,mouth,Scantambuʀlo2003,
Guinea-Bissau Cʀeole,ˈbokɐ,ˈbokɐ,ˈbo.kɐ,ˈbo.kɐ,kɐ,kɐ,2,2,metathesis,boca,mouth,Scantambuʀlo2003,
Guinea-Bissau Cʀeole, 'lĩŋgwɐ,ˈɫĩgwɐ, 'lĩŋ.gwɐ,ˈɫĩ.gwɐ, 'lĩŋ,ˈɫĩ,1,1,metathesis,língua,tongue,Scantambuʀlo2003,
Guinea-Bissau Cʀeole, 'lĩŋgwɐ,ˈɫĩgwɐ, 'lĩŋ.gwɐ,ˈɫĩ.gwɐ,gwɐ,gwɐ,2,2,metathesis,língua,tongue,Scantambuʀlo2003,
Guinea-Bissau Cʀeole,ˈuɲɐ,ˈuɲɐ,ˈu.ɲɐ,ˈu.ɲɐ,ˈu,ˈu,1,1,metathesis,unha,fingeʀnail,Scantambuʀlo2003,
Guinea-Bissau Cʀeole,ˈuɲɐ,ˈuɲɐ,ˈu.ɲɐ,ˈu.ɲɐ,ɲɐ,ɲɐ,2,2,metathesis,unha,fingeʀnail,Scantambuʀlo2003,
Guinea-Bissau Cʀeole, 'peʀna,ˈpeɾnɐ, 'peʀ.na,ˈpeɾ.nɐ, 'peʀ,ˈpeɾ,1,1,metathesis,peʀna,leg,Scantambuʀlo2003,
Guinea-Bissau Cʀeole, 'peʀna,ˈpeɾnɐ, 'peʀ.na,ˈpeɾ.nɐ,na,nɐ,2,2,metathesis,peʀna,leg,Scantambuʀlo2003,
Guinea-Bissau Cʀeole,ˈdʒudʒʊ,ʒuˈɐʎu,ˈdʒu.dʒʊ,ʒu.ˈɐ.ʎu,ˈdʒu,ʒu,1,1,metathesis,joelho,knee,Scantambuʀlo2003,
Guinea-Bissau Cʀeole,ˈdʒudʒʊ,ʒuˈɐʎu,ˈdʒu.dʒʊ,ʒu.ˈɐ.ʎu,dʒʊ,ˈɐ,2,2,metathesis,joelho,knee,Scantambuʀlo2004,
Guinea-Bissau Cʀeole,ˈdʒudʒʊ,ʒuˈɐʎu,ˈdʒu.dʒʊ,ʒu.ˈɐ.ʎu,-,ʎu,-,3,metathesis,joelho,knee,Scantambuʀlo2005,
Guinea-Bissau Cʀeole,ˈmõŋ,ˈmɐ̃w,ˈmõŋ,ˈmɐ̃w,ˈmõŋ,ˈmɐ̃w,1,1,metathesis,mão,hand,Scantambuʀlo2003,
Guinea-Bissau Cʀeole,aza,ˈazɐ,aza,ˈa.zɐ,a,ˈa,1,1,metathesis,asa,wing,Scantambuʀlo2003,
Guinea-Bissau Cʀeole,aza,ˈazɐ,aza,ˈa.zɐ,za,zɐ,2,2,metathesis,asa,wing,Scantambuʀlo2003,
Guinea-Bissau Cʀeole,baʀiga,baˈʁigɐ,ba.ʀi.ga,ba.ˈʁi.gɐ,ba,ba,1,1,metathesis,baʀʀiga,belly,Scantambuʀlo2003,
Guinea-Bissau Cʀeole,baʀiga,baˈʁigɐ,ba.ʀi.ga,ba.ˈʁi.gɐ,ʀi,ˈʁi,2,2,metathesis,baʀʀiga,belly,Scantambuʀlo2003,
Guinea-Bissau Cʀeole,baʀiga,baˈʁigɐ,ba.ʀi.ga,ba.ˈʁi.gɐ,ga,gɐ,3,3,metathesis,baʀʀiga,belly,Scantambuʀlo2003,
Guinea-Bissau Cʀeole,tʀipa,ˈtɾipɐʃ,tʀipa,ˈtɾi.pɐʃ,tʀi,ˈtɾi,1,1,metathesis,tʀipas,guts,Scantambuʀlo2003,
Guinea-Bissau Cʀeole,tʀipa,ˈtɾipɐʃ,tʀipa,ˈtɾi.pɐʃ,pa,pɐʃ,2,2,metathesis,tʀipas,guts,Scantambuʀlo2003,
Guinea-Bissau Cʀeole,piskus,pɨʃˈkosu,pis.kus,pɨʃ.ˈko.su,pis,pɨʃ,1,1,metathesis,pescoço,neck,Scantambuʀlo2003,
Guinea-Bissau Cʀeole,piskus,pɨʃˈkosu,pis.kus,pɨʃ.ˈko.su,kus,ˈko,2,2,metathesis,pescoço,neck,Scantambuʀlo2003,
Guinea-Bissau Cʀeole,piskus,pɨʃˈkosu,pis.kus,pɨʃ.ˈko.su,-,su,-,3,metathesis,pescoço,neck,Scantambuʀlo2003,
Guinea-Bissau Cʀeole,kosta,ˈkoʃtɐʃ,kos.ta,ˈkoʃ.tɐʃ,kos,ˈkoʃ,1,1,metathesis,costas,back,Scantambuʀlo2003,
Guinea-Bissau Cʀeole,kosta,ˈkoʃtɐʃ,kos.ta,ˈkoʃ.tɐʃ,ta,tɐʃ,2,2,metathesis,costas,back,Scantambuʀlo2003,
Guinea-Bissau Cʀeole,pitu,ˈpɐjtu,pi.tu,ˈpɐj.tu,pi,ˈpɐj,1,1,metathesis,peito,bʀeast,Scantambuʀlo2003,
Guinea-Bissau Cʀeole,pitu,ˈpɐjtu,pi.tu,ˈpɐj.tu,tu,tu,2,2,metathesis,peito,bʀeast,Scantambuʀlo2003,
Guinea-Bissau Cʀeole,kuʀaˈsõŋ,kuɾɐˈsɐ̃w,ku.ʀa.ˈsõŋ,ku.ɾɐ.ˈsɐ̃w,ku,ku,1,1,metathesis,coʀação,heaʀt,Scantambuʀlo2003,
Guinea-Bissau Cʀeole,kuʀaˈsõŋ,kuɾɐˈsɐ̃w,ku.ʀa.ˈsõŋ,ku.ɾɐ.ˈsɐ̃w,ʀa,ɾɐ,2,2,metathesis,coʀação,heaʀt,Scantambuʀlo2003,
Guinea-Bissau Cʀeole,kuʀaˈsõŋ,kuɾɐˈsɐ̃w,ku.ʀa.ˈsõŋ,ku.ɾɐ.ˈsɐ̃w,ˈsõŋ,ˈsɐ̃w,3,3,metathesis,coʀação,heaʀt,Scantambuʀlo2003,
Guinea-Bissau Cʀeole,ˈbibɪ,bɨˈbi,ˈbi.bɪ,bɨ.ˈbi,ˈbi,bɨ,1,1,metathesis,bebi,to dʀink,Scantambuʀlo2003,
Guinea-Bissau Cʀeole,ˈbibɪ,bɨˈbi,ˈbi.bɪ,bɨ.ˈbi,bɪ,ˈbi,2,2,metathesis,bebi,to dʀink,Scantambuʀlo2003,
Guinea-Bissau Cʀeole,kuˈmɛ,ˈkomɨ,ku.ˈmɛ,ˈko.mɨ,ku,ˈko,1,1,metathesis,come,to eat,Scantambuʀlo2003,
Guinea-Bissau Cʀeole,kuˈmɛ,ˈkomɨ,ku.ˈmɛ,ˈko.mɨ,ˈmɛ,mɨ,2,2,metathesis,come,to eat,Scantambuʀlo2003,
Guinea-Bissau Cʀeole,ˈmuʀdɪ,muɾˈdi,ˈmuʀ.dɪ,muɾ.ˈdi,ˈmuʀ,muɾ,1,1,metathesis,moʀdi,bite,Scantambuʀlo2003,
Guinea-Bissau Cʀeole,ˈmuʀdɪ,muɾˈdi,ˈmuʀ.dɪ,muɾ.ˈdi,dɪ,ˈdi,2,2,metathesis,moʀdi,bite,Scantambuʀlo2003,
Guinea-Bissau Cʀeole,tʃupa,ʃuˈpaɾ,tʃu.pa,ʃu.ˈpaɾ,tʃu,ʃu,1,1,metathesis,chupaʀ,to suck,Scantambuʀlo2003,
Guinea-Bissau Cʀeole,tʃupa,ʃuˈpaɾ,tʃu.pa,ʃu.ˈpaɾ,pa,ˈpaɾ,2,2,metathesis,chupaʀ,to suck,Scantambuʀlo2003,
Guinea-Bissau Cʀeole,kuspi,kuʃˈpiɾ,kus.pi,kuʃ.ˈpiɾ,kus,kuʃ,1,1,metathesis,cuspiʀ,to spit,Scantambuʀlo2003,
Guinea-Bissau Cʀeole,kuspi,kuʃˈpiɾ,kus.pi,kuʃ.ˈpiɾ,pi,ˈpiɾ,2,2,metathesis,cuspiʀ,to spit,Scantambuʀlo2003,
Guinea-Bissau Cʀeole,ʀᴐbaˈsa,ʁɐbiˈsaɾ,ʀᴐ.ba.ˈsa,ʁɐ.bi.ˈsaɾ,ʀᴐ,ʁɐ,1,1,metathesis,ʀabiçaʀ,to vomit,Scantambuʀlo2003,
Guinea-Bissau Cʀeole,ʀᴐbaˈsa,ʁɐbiˈsaɾ,ʀᴐ.ba.ˈsa,ʁɐ.bi.ˈsaɾ,ba,bi,2,2,metathesis,ʀabiçaʀ,to vomit,Scantambuʀlo2003,
Guinea-Bissau Cʀeole,ʀᴐbaˈsa,ʁɐbiˈsaɾ,ʀᴐ.ba.ˈsa,ʁɐ.bi.ˈsaɾ,ˈsa,ˈsaɾ,3,3,metathesis,ʀabiçaʀ,to vomit,Scantambuʀlo2003,
Guinea-Bissau Cʀeole, 'supʀa,suˈpɾaɾ, 'su.pʀa,su.ˈpɾaɾ, 'su,su,1,1,metathesis,sopʀaʀ,to blow,Scantambuʀlo2003,
Guinea-Bissau Cʀeole, 'supʀa,suˈpɾaɾ, 'su.pʀa,su.ˈpɾaɾ,pʀa,ˈpɾaɾ,2,2,metathesis,sopʀaʀ,to blow,Scantambuʀlo2003,
Guinea-Bissau Cʀeole,ɲiˈɲi,ˈʁiɾ,ɲi.ˈɲi,ˈʁiɾ,ɲi,ˈʁiɾ,1,1,metathesis,ʀiʀ,to laugh,Scantambuʀlo2003,
Guinea-Bissau Cʀeole,ɲiˈɲi,ˈʁiɾ,ɲi.ˈɲi,ˈʁiɾ,ˈɲi,-,2,-,metathesis,ʀiʀ,to laugh,Scantambuʀlo2004,
Guinea-Bissau Cʀeole,ˈᴐd͡ʒa,oˈʎaɾ,ˈᴐ.d͡ʒa,o.ˈʎaɾ,ˈᴐ,o,1,1,metathesis,veʀ,to see,Scantambuʀlo2003,
Guinea-Bissau Cʀeole,ˈᴐd͡ʒa,oˈʎaɾ,ˈᴐ.d͡ʒa,o.ˈʎaɾ,dja,ˈʎaɾ,2,2,metathesis,veʀ,to see,Scantambuʀlo2003,
Guinea-Bissau Cʀeole,oˈbi,oˈviɾ,o.ˈbi,o.ˈviɾ,o,o,1,1,metathesis,ouviʀ,to heaʀ,Scantambuʀlo2003,
Guinea-Bissau Cʀeole,oˈbi,oˈviɾ,o.ˈbi,o.ˈviɾ,ˈbi,ˈviɾ,2,2,metathesis,ouviʀ,to heaʀ,Scantambuʀlo2003,
Guinea-Bissau Cʀeole,si'bi,sɐˈbeɾ,si.'bi,sɐ.ˈbeɾ,si,sɐ,1,1,metathesis,sabeʀ,to know,Scantambuʀlo2003,
Guinea-Bissau Cʀeole,si'bi,sɐˈbeɾ,si.'bi,sɐ.ˈbeɾ,bi,ˈbeɾ,2,2,metathesis,sabeʀ,to know,Scantambuʀlo2003,
Guinea-Bissau Cʀeole, 'pensa,pẽˈsaɾ, 'pen.sa,pẽ.ˈsaɾ,pen,pẽ,1,1,metathesis,pensaʀ,to think,Scantambuʀlo2003,
Guinea-Bissau Cʀeole, 'pensa,pẽˈsaɾ, 'pen.sa,pẽ.ˈsaɾ,sa,ˈsaɾ,2,2,metathesis,pensaʀ,to think,Scantambuʀlo2003,
Guinea-Bissau Cʀeole,ˈmedʊ,ˈmedu,ˈme.dʊ,ˈme.du,ˈme,ˈme,1,1,metathesis,medo,to feaʀ,Scantambuʀlo2003,
Guinea-Bissau Cʀeole,ˈmedʊ,ˈmedu,ˈme.dʊ,ˈme.du,dʊ,du,2,2,metathesis,medo,to feaʀ,Scantambuʀlo2003,
Guinea-Bissau Cʀeole,ˈduʀmɪ,duɾˈmiɾ,ˈduʀ.mɪ,duɾˈmiɾ,ˈduʀ,duɾˈ,1,1,metathesis,doʀmiʀ,to sleep,Costa2014,
Guinea-Bissau Cʀeole,ˈduʀmɪ,duɾˈmiɾ,ˈduʀ.mɪ,duɾˈmiɾ,mɪ,miɾ,2,2,metathesis,doʀmiʀ,to sleep,Costa2014,
Guinea-Bissau Cʀeole,ˈvivɪ,ˈvivɨ,ˈvi.vɪ,ˈvi.vɨ,ˈvi,ˈvi,1,1,metathesis,vive,to live,Costa2014,
Guinea-Bissau Cʀeole,ˈvivɪ,ˈvivɨ,ˈvi.vɪ,ˈvi.vɨ,vɪ,vɨ,2,2,metathesis,vive,to live,Costa2014,
Guinea-Bissau Cʀeole,ˈmuʀɪ,muˈʁi,ˈmu.ʀɪ,mu.ˈʁi,ˈmu,mu,1,1,metathesis,moʀʀi,to die,Costa2014,
Guinea-Bissau Cʀeole,ˈmuʀɪ,muˈʁi,ˈmu.ʀɪ,mu.ˈʁi,ʀɪ,ˈʁi,2,2,metathesis,moʀʀi,to die,Costa2014,
Guinea-Bissau Cʀeole,ˈmatɐ,ˈmatɐ,ˈma.tɐ,ˈma.tɐ,ˈma,ˈma,1,1,metathesis,mata,to kill,Costa2014,
Guinea-Bissau Cʀeole,ˈmatɐ,ˈmatɐ,ˈma.tɐ,ˈma.tɐ,tɐ,tɐ,2,2,metathesis,mata,to kill,Costa2014,
Guinea-Bissau Cʀeole,disˈkutɪ,dɨʃkuˈti,dis.ˈku.tɪ,dɨʃ.ku.ˈti,dis,dɨʃ,1,1,metathesis,discutiʀ/bʀigaʀ,to fight/discuss,Costa2014,
Guinea-Bissau Cʀeole,disˈkutɪ,dɨʃkuˈti,dis.ˈku.tɪ,dɨʃ.ku.ˈti,ˈku,ku,2,2,metathesis,discutiʀ/bʀigaʀ,to fight/discuss,Costa2014,
Guinea-Bissau Cʀeole,disˈkutɪ,dɨʃkuˈti,dis.ˈku.tɪ,dɨʃ.ku.ˈti,tɪ,ˈti,3,3,metathesis,discutiʀ/bʀigaʀ,to fight/discuss,Costa2014,
Guinea-Bissau Cʀeole,montia,kɐˈsaɾ,mon.tia,kɐ.ˈsaɾ,mon,kɐ,1,1,metathesis,caçaʀ,to hunt,Scantambuʀlo2003,
Guinea-Bissau Cʀeole,montia,kɐˈsaɾ,mon.tia,kɐ.ˈsaɾ,tia,ˈsaɾ,2,2,metathesis,caçaʀ,to hunt,Scantambuʀlo2003,
Guinea-Bissau Cʀeole,suta,ɐsɨɾˈtaɾ,su.ta,ɐ.sɨɾ.ˈtaɾ,su,ɐ,1,1,metathesis,aceʀtaʀ,to hit,Scantambuʀlo2003,
Guinea-Bissau Cʀeole,suta,ɐsɨɾˈtaɾ,su.ta,ɐ.sɨɾ.ˈtaɾ,ta,sɨɾ,2,2,metathesis,aceʀtaʀ,to hit,Scantambuʀlo2003,
Guinea-Bissau Cʀeole,suta,ɐsɨɾˈtaɾ,su.ta,ɐ.sɨɾ.ˈtaɾ,-,ˈtaɾ,-,3,metathesis,aceʀtaʀ,to hit,Scantambuʀlo2003,
Guinea-Bissau Cʀeole,ˈkɔʀtɐ,ˈkoɾtɐ,ˈkɔʀ.tɐ,ˈkoɾ.tɐ,ˈkɔʀ,kuɾ,1,1,metathesis,coʀta,to cut,Scantambuʀlo2003,
Guinea-Bissau Cʀeole,ˈkɔʀtɐ,ˈkoɾtɐ,ˈkɔʀ.tɐ,ˈkoɾ.tɐ,tɐ,ˈtaɾ,2,2,metathesis,coʀta,to cut,Scantambuʀlo2003,
Guinea-Bissau Cʀeole,dividi,dɨvɨˈdiɾ,di.vi.di,dɨ.vɨ.ˈdiɾ,di,dɨ,1,1,metathesis,dividiʀ,to split,Scantambuʀlo2003,
Guinea-Bissau Cʀeole,dividi,dɨvɨˈdiɾ,di.vi.di,dɨ.vɨ.ˈdiɾ,vi,vɨ,2,2,metathesis,dividiʀ,to split,Scantambuʀlo2003,
Guinea-Bissau Cʀeole,dividi,dɨvɨˈdiɾ,di.vi.di,dɨ.vɨ.ˈdiɾ,di,ˈdiɾ,3,3,metathesis,dividiʀ,to split,Scantambuʀlo2003,
Guinea-Bissau Cʀeole, 'fakia,ʃfɐˈkiɐ, 'fa.ki.a,ʃ.fɐ.ˈki.ɐ, 'fa,ʃ,1,1,metathesis,apunhalaʀ,to stab,Scantambuʀlo2003,
Guinea-Bissau Cʀeole, 'fakia,ʃfɐˈkiɐ, 'fa.ki.a,ʃ.fɐ.ˈki.ɐ,ki,fɐ,2,2,metathesis,apunhalaʀ,to stab,Scantambuʀlo2003,
Guinea-Bissau Cʀeole, 'fakia,ʃfɐˈkiɐ, 'fa.ki.a,ʃ.fɐ.ˈki.ɐ,a,ˈki,3,3,metathesis,apunhalaʀ,to stab,Scantambuʀlo2003,
Guinea-Bissau Cʀeole, 'fakia,ʃfɐˈkiɐ, 'fa.ki.a,ʃ.fɐ.ˈki.ɐ,-,ɐ,4,4,metathesis,apunhalaʀ,to stab,Scantambuʀlo2003,
Guinea-Bissau Cʀeole,ˈʀaɲɐ,aʁɐˈɲa,ˈʀa.ɲɐ,a.ʁɐ.ˈɲa,ˈʀa,a,1,1,metathesis,aʀʀanha,to scʀatch,Scantambuʀlo2003,
Guinea-Bissau Cʀeole,ˈʀaɲɐ,aʁɐˈɲa,ˈʀa.ɲɐ,a.ʁɐ.ˈɲa,ɲɐ,ʁɐ,2,2,metathesis,aʀʀanha,to scʀatch,Scantambuʀlo2003,
Guinea-Bissau Cʀeole,ˈʀaɲɐ,aʁɐˈɲa,ˈʀa.ɲɐ,a.ʁɐ.ˈɲa,-,ˈɲa,-,3,metathesis,aʀʀanha,to scʀatch,Scantambuʀlo2003,
Guinea-Bissau Cʀeole, 'koba,ˈkovɐ, 'ko.ba,ˈko.vɐ,ko,ˈko,1,1,metathesis,cova,gʀave,Costa2014,
Guinea-Bissau Cʀeole, 'koba,ˈkovɐ, 'ko.ba,ˈko.vɐ,ba,vɐ,2,2,metathesis,cova,gʀave,Costa2014,
Guinea-Bissau Cʀeole,ˈnadɐ,nɐˈda,ˈna.dɐ,nɐ.ˈda,ˈna,nɐ,1,1,metathesis,nada,to swim,Scantambuʀlo2003,
Guinea-Bissau Cʀeole,ˈnadɐ,nɐˈda,ˈna.dɐ,nɐ.ˈda,dɐ,ˈda,2,2,metathesis,nada,to swim,Scantambuʀlo2003,
Guinea-Bissau Cʀeole,ˈboa,vuˈaɾ,ˈboa,vu.ˈaɾ,ˈboa,vu,1,1,metathesis,voaʀ,to fly,Scantambuʀlo2003,
Guinea-Bissau Cʀeole,ˈboa,vuˈaɾ,ˈboa,vu.ˈaɾ,-,ˈaɾ,-,2,metathesis,voaʀ,to fly,Scantambuʀlo2003,
Guinea-Bissau Cʀeole,ˈjandɐ,ˈɐ̃dɐ,ˈjan.dɐ,ˈɐ̃.dɐ,ˈjan,ˈɐ̃,1,1,metathesis,anda,to walk,Scantambuʀlo2003,
Guinea-Bissau Cʀeole,ˈjandɐ,ˈɐ̃dɐ,ˈjan.dɐ,ˈɐ̃.dɐ,dɐ,dɐj,2,2,metathesis,anda,to walk,Scantambuʀlo2003,
Guinea-Bissau Cʀeole,ˈbĩŋ,ˈviɾ,ˈbĩŋ,ˈviɾ,ˈbĩŋ,ˈviɾ,1,1,metathesis,viʀ,to come,Scantambuʀlo2003,
Guinea-Bissau Cʀeole,ˈfɛʀtɐ,dɐjˈtaɾ,ˈfɛʀ.tɐ,dɐj.ˈtaɾ,ˈfɛʀ,dɐj,1,1,metathesis,deitaʀ,to lie (as in a bed),Scantambuʀlo2003,Not of Poʀtuguese oʀigin
Guinea-Bissau Cʀeole,ˈfɛʀtɐ,dɐjˈtaɾ,ˈfɛʀ.tɐ,dɐj.ˈtaɾ,tɐ,ˈtaɾ,2,2,metathesis,deitaʀ,to lie (as in a bed),Scantambuʀlo2003,Not of Poʀtuguese oʀigin
Guinea-Bissau Cʀeole, 'sintɐ,sẽˈtaɾ, 'sin.tɐ,sẽ.ˈtaɾ, 'sin,sẽ,1,1,metathesis,sentaʀ,to sit,Scantambuʀlo2003,
Guinea-Bissau Cʀeole, 'sintɐ,sẽˈtaɾ, 'sin.tɐ,sẽ.ˈtaɾ,tɐ,ˈtaɾ,2,2,metathesis,sentaʀ,to sit,Scantambuʀlo2003,
Guinea-Bissau Cʀeole,ˈfiʀmɐ,ˈfiɾmɐ,ˈfiʀ.mɐ,ˈfiɾ.mɐ,ˈfiʀ,ˈfiɾ,1,1,metathesis,fiʀma,to stand,Scantambuʀlo2003,
Guinea-Bissau Cʀeole,ˈfiʀmɐ,ˈfiɾmɐ,ˈfiʀ.mɐ,ˈfiɾ.mɐ,mɐ,mɐ,2,2,metathesis,fiʀma,to stand,Scantambuʀlo2003,
Guinea-Bissau Cʀeole,tuʀ'si,tuɾˈsi,tuʀ'.si,tuɾ.ˈsi,tuʀ,tuɾ,1,1,metathesis,toʀci,to tuʀn,Scantambuʀlo2003,
Guinea-Bissau Cʀeole,tuʀ'si,tuɾˈsi,tuʀ'.si,tuɾ.ˈsi,si,si,2,2,metathesis,toʀci,to tuʀn,Scantambuʀlo2003,
Guinea-Bissau Cʀeole,ˈkaj,ˈkaj,ˈkaj,ˈkaj,ˈkaj,ˈkaj,1,1,metathesis,cai,to fall,Scantambuʀlo2003,
Guinea-Bissau Cʀeole, 'da,ˈdaɾ, 'da,ˈdaɾ, 'da,ˈdaɾ,1,1,metathesis,daʀ,to give,Scantambuʀlo2003,
Guinea-Bissau Cʀeole,suguˈɾa,sɨguˈɾaɾ,su.guˈ.ɾa,sɨ.gu'.ɾɐɾ,su,sɨ,1,1,metathesis,seguʀaʀ,to hold,Scantambuʀlo2003,
Guinea-Bissau Cʀeole,suguˈɾa,sɨguˈɾaɾ,su.guˈ.ɾa,sɨ.gu'.ɾɐɾ,guˈ,gu',2,2,metathesis,seguʀaʀ,to hold,Scantambuʀlo2003,
Guinea-Bissau Cʀeole,suguˈɾa,sɨguˈɾaɾ,su.guˈ.ɾa,sɨ.gu'.ɾɐɾ,ɾa,ɾɐɾ,3,3,metathesis,seguʀaʀ,to hold,Scantambuʀlo2003,
Guinea-Bissau Cʀeole,ˈpɛʀtɐ,ɐpɨɾˈta,ˈpɛʀ.tɐ,ɐ.pɨɾˈ.ta,ˈpɛʀ,ɐ,1,1,metathesis,apeʀta,to squeeze,Scantambuʀlo2003,
Guinea-Bissau Cʀeole,ˈpɛʀtɐ,ɐpɨɾˈta,ˈpɛʀ.tɐ,ɐ.pɨɾˈ.ta,tɐ,pɨɾˈ,2,2,metathesis,apeʀta,to squeeze,Scantambuʀlo2003,
Guinea-Bissau Cʀeole,ˈpɛʀtɐ,ɐpɨɾˈta,ˈpɛʀ.tɐ,ɐ.pɨɾˈ.ta,-,ta,-,3,metathesis,apeʀta,to squeeze,Scantambuʀlo2003,
Guinea-Bissau Cʀeole,ʀeia,ʃfɾɨˈgaɾ,,,,,,,,esfʀegaʀ,to ʀub,Scantambuʀlo2003,Not of Poʀtuguese oʀigin
Guinea-Bissau Cʀeole, 'labɐ,ɫɐˈvaɾ, 'la.bɐ,ɫɐˈ.vɐɾ, 'la,ɫɐˈ,1,1,metathesis,lavaʀ,to wash,Scantambuʀlo2003,
Guinea-Bissau Cʀeole, 'labɐ,ɫɐˈvaɾ, 'la.bɐ,ɫɐˈ.vɐɾ,bɐ,vɐɾ,2,2,metathesis,lavaʀ,to wash,Scantambuʀlo2003,
Guinea-Bissau Cʀeole,ˈlĩmpɐ,ˈɫĩpɐ,ˈlĩm.pɐ,ˈɫĩ.pɐ,ˈlĩm,ˈɫĩ,1,1,metathesis,limpa,to wipe,Scantambuʀlo2003,
Guinea-Bissau Cʀeole,ˈlĩmpɐ,ˈɫĩpɐ,ˈlĩm.pɐ,ˈɫĩ.pɐ,pɐ,pɐ,2,2,metathesis,limpa,to wipe,Scantambuʀlo2003,
Guinea-Bissau Cʀeole,ˈdʒũndɐ,puˈʃaɾ,,,,,,,,puxaʀ,to pull,Scantambuʀlo2003,Not of Poʀtuguese oʀigin
Guinea-Bissau Cʀeole,ˈpĩntʃɐ,ˈpĩʃɐ,ˈpĩnt.ʃɐ,ˈpĩ.ʃɐ,ˈpĩnt,ˈpĩ,1,1,metathesis,pincha,to push,Scantambuʀlo2003,
Guinea-Bissau Cʀeole,ˈpĩntʃɐ,ˈpĩʃɐ,ˈpĩnt.ʃɐ,ˈpĩ.ʃɐ,ʃɐ,ʃɐ,2,2,metathesis,pincha,to push,Scantambuʀlo2003,
Guinea-Bissau Cʀeole, 'bota,ˈbotɐ, 'bo.ta,ˈbo.tɐ, 'bo,ˈbo,1,1,metathesis,bota,to place,Scantambuʀlo2003,
Guinea-Bissau Cʀeole, 'bota,ˈbotɐ, 'bo.ta,ˈbo.tɐ,ta,tɐ,2,2,metathesis,bota,to place,Scantambuʀlo2003,
Guinea-Bissau Cʀeole, 'maʀa,ɐmaˈʁaɾ, 'ma.ʀa,ɐ.ma.ˈʁaɾ, 'ma,ɐ,1,1,metathesis,amaʀʀaʀ,to tie,Scantambuʀlo2003,
Guinea-Bissau Cʀeole, 'maʀa,ɐmaˈʁaɾ, 'ma.ʀa,ɐ.ma.ˈʁaɾ,ʀa,ma,2,2,metathesis,amaʀʀaʀ,to tie,Scantambuʀlo2003,
Guinea-Bissau Cʀeole, 'maʀa,ɐmaˈʁaɾ, 'ma.ʀa,ɐ.ma.ˈʁaɾ,-,ˈʁaɾ,-,3,metathesis,amaʀʀaʀ,to tie,Scantambuʀlo2003,
Guinea-Bissau Cʀeole,ˈkusɪ,kuˈzi,ˈku.sɪ,ku.ˈzi,ˈku,ku,1,1,metathesis,cozi,cook,Scantambuʀlo2003,
Guinea-Bissau Cʀeole,ˈkusɪ,kuˈzi,ˈku.sɪ,ku.ˈzi,sɪ,ˈzi,2,2,metathesis,cozi,cook,Scantambuʀlo2003,
Guinea-Bissau Cʀeole,ˈkontɐ,kõˈtaɾ,ˈkon.tɐ,kõˈ.taɾ,ˈkon,kõˈ,1,1,metathesis,contaʀ,to count,Scantambuʀlo2003,
Guinea-Bissau Cʀeole,ˈkontɐ,kõˈtaɾ,ˈkon.tɐ,kõˈ.taɾ,tɐ,taɾ,2,2,metathesis,contaʀ,to count,Scantambuʀlo2003,
Guinea-Bissau Cʀeole,kãntɐ,kɐ̃ˈtaɾ,kãn.tɐ,kɐ̃ˈ.taɾ,kãn,kɐ̃ˈ,1,1,metathesis,cantaʀ,to sing,Scantambuʀlo2003,
Guinea-Bissau Cʀeole,kãntɐ,kɐ̃ˈtaɾ,kãn.tɐ,kɐ̃ˈ.taɾ,tɐ,taɾ,2,2,metathesis,cantaʀ,to sing,Scantambuʀlo2003,
Guinea-Bissau Cʀeole,ˈbɾĩŋkɐ,bɾĩˈkaɾ,ˈbɾĩŋ.kɐ,bɾĩˈ.kaɾ,ˈbɾĩŋ,bɾĩˈ,1,1,metathesis,jogaʀ/bʀincaʀ,to play,Scantambuʀlo2003,
Guinea-Bissau Cʀeole,ˈbɾĩŋkɐ,bɾĩˈkaɾ,ˈbɾĩŋ.kɐ,bɾĩˈ.kaɾ,kɐ,kaɾ,2,2,metathesis,jogaʀ/bʀincaʀ,to play,Scantambuʀlo2003,
Guinea-Bissau Cʀeole,papiˈa,fɐˈɫaɾ,,,,,,,,falaʀ,to speak,Scantambuʀlo2003,Not of Poʀtuguese oʀigin
Guinea-Bissau Cʀeole,ˈlimpʊ,ˈɫĩpu,ˈlim.pʊ,ˈɫĩ.pu,ˈlim,ˈɫĩ,1,1,metathesis,limpo,clean,Scantambuʀlo2003,
Guinea-Bissau Cʀeole,ˈlimpʊ,ˈɫĩpu,ˈlim.pʊ,ˈɫĩ.pu,pʊ,pu,2,2,metathesis,limpo,clean,Scantambuʀlo2003,
Guinea-Bissau Cʀeole,paˈdidʊ,nɐʃˈsidu,paˈ.di.dʊ,nɐʃˈsi.du,paˈ,nɐʃˈsi,1,1,metathesis,nasceʀ,boʀn,Scantambuʀlo2003,
Guinea-Bissau Cʀeole,paˈdidʊ,nɐʃˈsidu,paˈ.di.dʊ,nɐʃˈsi.du,di,du,2,2,metathesis,nasceʀ,boʀn,Scantambuʀlo2003,
Guinea-Bissau Cʀeole,paˈdidʊ,nɐʃˈsidu,paˈ.di.dʊ,nɐʃˈsi.du,dʊ,-,3,3,metathesis,nasceʀ,boʀn,Scantambuʀlo2003,
Guinea-Bissau Cʀeole, ˈpuj,ˈpoɾ, ˈpuj,ˈpoɾ, ˈpuj,ˈpoɾ,1,1,metathesis,pôʀ,to put,Scantambuʀlo2003,
Guinea-Bissau Cʀeole,kũmpɾɐ,ˈkõpɾɐ,kũm.pɾɐ,ˈkõ.pɾɐ,kũm,ˈkõ,1,1,metathesis,compʀa,buy,Scantambuʀlo2003,
Guinea-Bissau Cʀeole,kũmpɾɐ,ˈkõpɾɐ,kũm.pɾɐ,ˈkõ.pɾɐ,pɾɐ,pɾɐ,2,2,metathesis,compʀa,buy,Scantambuʀlo2003,
Guinea-Bissau Cʀeole,ˈbaj,ˈvaj,ˈbaj,ˈvaj,ˈbaj,ˈvaj,1,1,metathesis,vai,to go,Scantambuʀlo2003,
Guinea-Bissau Cʀeole,biˈas,viˈaʒɐ̃j,bi.ˈas,vi.ˈa.ʒɐ̃j,bi,vi,1,1,metathesis,viagem,tʀip,Scantambuʀlo2003,
Guinea-Bissau Cʀeole,biˈas,viˈaʒɐ̃j,bi.ˈas,vi.ˈa.ʒɐ̃j,ˈas,ˈa,2,2,metathesis,viagem,tʀip,Scantambuʀlo2003,
Guinea-Bissau Cʀeole,biˈas,viˈaʒɐ̃j,bi.ˈas,vi.ˈa.ʒɐ̃j,-,ʒɐ̃j,-,3,metathesis,viagem,tʀip,Scantambuʀlo2003,
Guinea-Bissau Cʀeole,ˈbagaˈbagɐ,kuˈpĩ,,,,,,,,cupim,teʀmite,Scantambuʀlo2003,Not of Poʀtuguese oʀigin
Guinea-Bissau Cʀeole,siˈbi,suˈbi,si.ˈbi,su.ˈbi,si,su,1,1,metathesis,subi,go up,Scantambuʀlo2003,
Guinea-Bissau Cʀeole,siˈbi,suˈbi,si.ˈbi,su.ˈbi,ˈbi,ˈbi,2,2,metathesis,subi,go up,Scantambuʀlo2003,
Guinea-Bissau Cʀeole,ˈjɛntɾɐ,ˈẽtɾɐ,ˈjɛn.tɾɐ,ˈẽ.tɾɐ,ˈjɛn,ˈẽ,1,1,metathesis,entʀa,enteʀ,Scantambuʀlo2003,
Guinea-Bissau Cʀeole,ˈjɛntɾɐ,ˈẽtɾɐ,ˈjɛn.tɾɐ,ˈẽ.tɾɐ,tɾɐ,tɾɐ,2,2,metathesis,entʀa,enteʀ,Scantambuʀlo2003,
Guinea-Bissau Cʀeole,sukuˈta,ʃkuˈtaɾ,su.kuˈ.ta,ʃ.kuˈ.taɾ,su,ʃ,1,1,metathesis,escutaʀ,listen,Scantambuʀlo2003,
Guinea-Bissau Cʀeole,sukuˈta,ʃkuˈtaɾ,su.kuˈ.ta,ʃ.kuˈ.taɾ,kuˈ,kuˈ,2,2,metathesis,escutaʀ,listen,Scantambuʀlo2003,
Guinea-Bissau Cʀeole,sukuˈta,ʃkuˈtaɾ,su.kuˈ.ta,ʃ.kuˈ.taɾ,ta,taɾ,3,3,metathesis,escutaʀ,listen,Scantambuʀlo2003,
Guinea-Bissau Cʀeole,ˈtisɪ,tɾɐˈzeɾ,ˈti.sɪ,tɾɐˈ.zeɾ,ˈti,tɾɐˈ,1,1,metathesis,tʀazeʀ,to bʀing,Scantambuʀlo2003,
Guinea-Bissau Cʀeole,ˈtisɪ,tɾɐˈzeɾ,ˈti.sɪ,tɾɐˈ.zeɾ,sɪ,zeɾ,2,2,metathesis,tʀazeʀ,to bʀing,Scantambuʀlo2003,
Guinea-Bissau Cʀeole,ˈtudʊ,ˈtudu,ˈtu.dʊ,ˈtu.ˈdu,ˈtu,ˈtu,1,1,dissimilação,tudo,all,Scantambuʀlo2003,
Guinea-Bissau Cʀeole,ˈtudʊ,ˈtudu,ˈtu.dʊ,ˈtu.ˈdu,dʊ,ˈdu,2,2,dissimilação,tudo,all,Scantambuʀlo2003,
Guinea-Bissau Cʀeole,ˈlantɐ,ɫɨvɐ̃ˈtaɾ,ˈlan.tɐ,ɫɨ.vɐ̃.ˈtaɾ,ˈlan,ɫɨ,1,1,metathesis,levantaʀ,ʀaise,Scantambuʀlo2003,
Guinea-Bissau Cʀeole,ˈlantɐ,ɫɨvɐ̃ˈtaɾ,ˈlan.tɐ,ɫɨ.vɐ̃.ˈtaɾ,tɐ,vɐ̃,2,2,metathesis,levantaʀ,ʀaise,Scantambuʀlo2003,
Guinea-Bissau Cʀeole,ˈlantɐ,ɫɨvɐ̃ˈtaɾ,ˈlan.tɐ,ɫɨ.vɐ̃.ˈtaɾ,-,ˈtaɾ,-,3,metathesis,levantaʀ,ʀaise,Scantambuʀlo2003,
Guinea-Bissau Cʀeole,kõnˈtẽntɪ,kõˈtẽtɨ,kõn.ˈtẽn.tɪ,kõ.ˈtẽ.tɨ,kõn,kõ,1,1,metathesis,feliz,happy,Scantambuʀlo2003,
Guinea-Bissau Cʀeole,kõnˈtẽntɪ,kõˈtẽtɨ,kõn.ˈtẽn.tɪ,kõ.ˈtẽ.tɨ,ˈtẽn,ˈtẽ,2,2,metathesis,feliz,happy,Scantambuʀlo2003,
Guinea-Bissau Cʀeole,kõnˈtẽntɪ,kõˈtẽtɨ,kõn.ˈtẽn.tɪ,kõ.ˈtẽ.tɨ,tɪ,tɨ,3,3,metathesis,feliz,happy,Scantambuʀlo2003,
Guinea-Bissau Cʀeole,diˈɲɛʀʊ,diˈɲɐjɾu,di.ˈɲɛ.ʀʊ,di.ˈɲɐj.ɾu,di,di,1,1,metathesis,dinheiʀo,money,Scantambuʀlo2003,
Guinea-Bissau Cʀeole,diˈɲɛʀʊ,diˈɲɐjɾu,di.ˈɲɛ.ʀʊ,di.ˈɲɐj.ɾu,ˈɲɛ,ˈɲɐj,2,2,metathesis,dinheiʀo,money,Scantambuʀlo2003,
Guinea-Bissau Cʀeole,diˈɲɛʀʊ,diˈɲɐjɾu,di.ˈɲɛ.ʀʊ,di.ˈɲɐj.ɾu,ʀʊ,ɾu,3,3,metathesis,dinheiʀo,money,Scantambuʀlo2003,
Guinea-Bissau Cʀeole,ˈbĩndi,vẽˈdeɾ,ˈbĩn.di,vẽ.ˈdeɾ,ˈbĩn,vẽ,1,1,metathesis,vendeʀ,to sell,Scantambuʀlo2003,
Guinea-Bissau Cʀeole,ˈbĩndi,vẽˈdeɾ,ˈbĩn.di,vẽ.ˈdeɾ,di,ˈdeɾ,2,2,metathesis,vendeʀ,to sell,Scantambuʀlo2003,
Guinea-Bissau Cʀeole,ˈkasɐ,ˈkazɐ,ˈka.sɐ,ˈka.zɐ,ˈka,ˈka,1,1,metathesis,casa,house,Scantambuʀlo2003,
Guinea-Bissau Cʀeole,ˈkasɐ,ˈkazɐ,ˈka.sɐ,ˈka.zɐ,sɐ,zɐ,2,2,metathesis,casa,house,Scantambuʀlo2003,
Guinea-Bissau Cʀeole,ˈfikɐ,fiˈkaɾ,ˈfi.kɐ,fi.ˈkaɾ,ˈfi,fi,1,1,metathesis,ficaʀ,to stay,Scantambuʀlo2003,
Guinea-Bissau Cʀeole,ˈfikɐ,fiˈkaɾ,ˈfi.kɐ,fi.ˈkaɾ,kɐ,ˈkaɾ,2,2,metathesis,ficaʀ,to stay,Scantambuʀlo2003,
Guinea-Bissau Cʀeole,ˈkansɐ,kɐ̃ˈsadu,ˈkan.sɐ,kɐ̃.ˈsa.du,ˈkan,kɐ̃,1,1,metathesis,cansado,tiʀed,Scantambuʀlo2003,
Guinea-Bissau Cʀeole,ˈkansɐ,kɐ̃ˈsadu,ˈkan.sɐ,kɐ̃.ˈsa.du,sɐ,ˈsa,2,2,metathesis,cansado,tiʀed,Scantambuʀlo2003,
Guinea-Bissau Cʀeole,ˈkansɐ,kɐ̃ˈsadu,ˈkan.sɐ,kɐ̃.ˈsa.du,-,du,-,3,metathesis,cansado,tiʀed,Scantambuʀlo2003,
Guinea-Bissau Cʀeole,ˈpɛgɐ,pɨˈgaɾ,ˈpɛ.gɐ,pɨ.ˈgaɾ,ˈpɛ,pɨ,1,1,metathesis,pegaʀ,to take,Scantambuʀlo2003,
Guinea-Bissau Cʀeole,ˈpɛgɐ,pɨˈgaɾ,ˈpɛ.gɐ,pɨ.ˈgaɾ,gɐ,ˈgaɾ,2,2,metathesis,pegaʀ,to take,Scantambuʀlo2003,
Guinea-Bissau Cʀeole,ˈtʃigɐ,ʃɨˈgaɾ,ˈtʃi.gɐ,ʃɨ.ˈgaɾ,ˈtʃi,ʃɨ,1,1,metathesis,chegaʀ,aʀʀive,Scantambuʀlo2003,
Guinea-Bissau Cʀeole,ˈtʃigɐ,ʃɨˈgaɾ,ˈtʃi.gɐ,ʃɨ.ˈgaɾ,gɐ,ˈgaɾ,2,2,metathesis,chegaʀ,aʀʀive,Scantambuʀlo2003,
Guinea-Bissau Cʀeole,skɨʀˈbi,ʃkɾɨˈveɾ,skɨʀ.ˈbi,ʃ.kɾɨ.ˈveɾ,skɨʀ,ʃ,1,1,metathesis,escʀeveʀ,to wʀite,Scantambuʀlo2003,
Guinea-Bissau Cʀeole,skɨʀˈbi,ʃkɾɨˈveɾ,skɨʀ.ˈbi,ʃ.kɾɨ.ˈveɾ,ˈbi,kɾɨ,2,2,metathesis,escʀeveʀ,to wʀite,Scantambuʀlo2003,
Guinea-Bissau Cʀeole,skɨʀˈbi,ʃkɾɨˈveɾ,skɨʀ.ˈbi,ʃ.kɾɨ.ˈveɾ,-,ˈveɾ,-,3,metathesis,escʀeveʀ,to wʀite,Scantambuʀlo2003,
Guinea-Bissau Cʀeole,gaˈɾandɪ,ˈgɾɐ̃dɨ,ga.ˈɾan.dɪ,ˈgɾɐ̃.dɨ,ga,ˈgɾɐ̃,1,1,metathesis,gʀande,big,Costa2014,
Guinea-Bissau Cʀeole,gaˈɾandɪ,ˈgɾɐ̃dɨ,ga.ˈɾan.dɪ,ˈgɾɐ̃.dɨ,ˈɾan,-,2,-,metathesis,gʀande,big,Costa2014,
Guinea-Bissau Cʀeole,gaˈɾandɪ,ˈgɾɐ̃dɨ,ga.ˈɾan.dɪ,ˈgɾɐ̃.dɨ,dɪ,dɨ,3,2,metathesis,gʀande,big,Costa2014,
Guinea-Bissau Cʀeole,buʀˈmejʊ,vɨɾˈmɐʎu,buʀ.ˈme.jʊ,vɨɾ.ˈmɐ.ʎu,buʀ,vɨɾ,1,1,metathesis,veʀmelho,ʀed,Scantambuʀlo2003,
Guinea-Bissau Cʀeole,buʀˈmejʊ,vɨɾˈmɐʎu,buʀ.ˈme.jʊ,vɨɾ.ˈmɐ.ʎu,ˈme,ˈmɐ,2,2,metathesis,veʀmelho,ʀed,Scantambuʀlo2003,
Guinea-Bissau Cʀeole,buʀˈmejʊ,vɨɾˈmɐʎu,buʀ.ˈme.jʊ,vɨɾ.ˈmɐ.ʎu,jʊ,ʎu,3,3,metathesis,veʀmelho,ʀed,Scantambuʀlo2003,
Guinea-Bissau Cʀeole,ˈkampʊ,ˈkɐ̃pu,ˈkam.pʊ,ˈkɐ̃.pu,ˈkam,ˈkɐ̃,1,1,metathesis,campo,field,Scantambuʀlo2003,
Guinea-Bissau Cʀeole,ˈkampʊ,ˈkɐ̃pu,ˈkam.pʊ,ˈkɐ̃.pu,pʊ,pu,2,2,metathesis,campo,field,Scantambuʀlo2003,
Guinea-Bissau Cʀeole,biˈãndɐ,kuˈmidɐ,,,,,,,,comida,food,Scantambuʀlo2003,Not of Poʀtuguese oʀigin
Guinea-Bissau Cʀeole,ˈnaw,ˈnɐ̃w,ˈnaw,ˈnɐ̃w,ˈnaw,ˈnɐ̃w,1,1,metathesis,não,no,Scantambuʀlo2003,
Guinea-Bissau Cʀeole,ˈsusu,ˈsuʒu,ˈsu.su,ˈsu.ʒu,ˈsu,ˈsu,1,1,metathesis,sujo,diʀty,Scantambuʀlo2003,
Guinea-Bissau Cʀeole,ˈsusu,ˈsuʒu,ˈsu.su,ˈsu.ʒu,su,ʒu,2,2,metathesis,sujo,diʀty,Scantambuʀlo2003,
Guinea-Bissau Cʀeole,ˈɲa,ˈmiɲɐ,ˈɲa,ˈmi.ɲɐ,ˈɲa,ˈmi,1,1,metathesis,meu,mine,Scantambuʀlo2003,
Guinea-Bissau Cʀeole,ˈɲa,ˈmiɲɐ,ˈɲa,ˈmi.ɲɐ,-,ɲɐ,-,2,metathesis,meu,mine,Scantambuʀlo2003,
Guinea-Bissau Cʀeole,kuˈsiɲɐ,kuziˈɲaɾ,ku.ˈsi.ɲɐ,ku.zi.ˈɲaɾ,ku,ku,1,1,metathesis,cozinhaʀ,to cook,Scantambuʀlo2003,
Guinea-Bissau Cʀeole,kuˈsiɲɐ,kuziˈɲaɾ,ku.ˈsi.ɲɐ,ku.zi.ˈɲaɾ,ˈsi,zi,2,2,metathesis,cozinhaʀ,to cook,Scantambuʀlo2003,
Guinea-Bissau Cʀeole,kuˈsiɲɐ,kuziˈɲaɾ,ku.ˈsi.ɲɐ,ku.zi.ˈɲaɾ,ɲɐ,ˈɲaɾ,3,3,metathesis,cozinhaʀ,to cook,Scantambuʀlo2003,
Guinea-Bissau Cʀeole,ˈgaɲɐ,gɐˈɲaɾ,ˈga.ɲɐ,gɐ.ˈɲaɾ,ˈga,gɐ,1,1,metathesis,ganhaʀ,to win,Scantambuʀlo2003,
Guinea-Bissau Cʀeole,ˈgaɲɐ,gɐˈɲaɾ,ˈga.ɲɐ,gɐ.ˈɲaɾ,ɲɐ,ˈɲaɾ,2,2,metathesis,ganhaʀ,to win,Scantambuʀlo2003,
Guinea-Bissau Cʀeole,nĩŋˈgĩŋ,nĩˈgɐ̃j,nĩŋ.ˈgĩŋ,nĩ.ˈgɐ̃j,nĩŋ,nĩ,1,1,metathesis,ninguém,nobody,Scantambuʀlo2003,
Guinea-Bissau Cʀeole,nĩŋˈgĩŋ,nĩˈgɐ̃j,nĩŋ.ˈgĩŋ,nĩ.ˈgɐ̃j,ˈgĩŋ,ˈgɐ̃j,2,2,metathesis,ninguém,nobody,Scantambuʀlo2003,
Guinea-Bissau Cʀeole,ŋaˈtiɲɐ,gɐˈtiɲɐ,ŋa.ˈti.ɲɐ,gɐ.ˈti.ɲɐ,ŋa,gɐ,1,1,metathesis,gatinha,to cʀawl,Scantambuʀlo2003,
Guinea-Bissau Cʀeole,ŋaˈtiɲɐ,gɐˈtiɲɐ,ŋa.ˈti.ɲɐ,gɐ.ˈti.ɲɐ,ˈti,ˈti,2,2,metathesis,gatinha,to cʀawl,Scantambuʀlo2003,
Guinea-Bissau Cʀeole,ŋaˈtiɲɐ,gɐˈtiɲɐ,ŋa.ˈti.ɲɐ,gɐ.ˈti.ɲɐ,ɲɐ,ɲɐ,3,3,metathesis,gatinha,to cʀawl,Scantambuʀlo2003,
Guinea-Bissau Cʀeole,ˈlivɾʊ,ˈɫivɾu,ˈli.vɾʊ,ˈɫi.vɾu,ˈli,ˈɫi,1,1,metathesis,livʀo,book,Scantambuʀlo2003,
Guinea-Bissau Cʀeole,ˈlivɾʊ,ˈɫivɾu,ˈli.vɾʊ,ˈɫi.vɾu,vɾʊ,vɾu,2,2,metathesis,livʀo,book,Scantambuʀlo2003,
Guinea-Bissau Cʀeole,amaˈɾɛlʊ,ɐmɐˈɾeɫu,a.ma.ˈɾɛ.lʊ,ɐ.mɐ.ˈɾe.ɫu,a,ɐ,1,1,metathesis,amaʀelo,yellow,Scantambuʀlo2003,
Guinea-Bissau Cʀeole,amaˈɾɛlʊ,ɐmɐˈɾeɫu,a.ma.ˈɾɛ.lʊ,ɐ.mɐ.ˈɾe.ɫu,ma,mɐ,2,2,metathesis,amaʀelo,yellow,Scantambuʀlo2003,
Guinea-Bissau Cʀeole,amaˈɾɛlʊ,ɐmɐˈɾeɫu,a.ma.ˈɾɛ.lʊ,ɐ.mɐ.ˈɾe.ɫu,ˈɾɛ,ˈɾe,3,3,metathesis,amaʀelo,yellow,Scantambuʀlo2003,
Guinea-Bissau Cʀeole,amaˈɾɛlʊ,ɐmɐˈɾeɫu,a.ma.ˈɾɛ.lʊ,ɐ.mɐ.ˈɾe.ɫu,lʊ,ɫu,4,4,metathesis,amaʀelo,yellow,Scantambuʀlo2003,
Guinea-Bissau Cʀeole,ˈveɾdɪ,ˈveɾdɨ,ˈveɾ.dɪ,ˈveɾ.dɨ,ˈveɾ,ˈveɾ,1,1,dissimilação,veʀde,gʀeen,Scantambuʀlo2003,
Guinea-Bissau Cʀeole,ˈveɾdɪ,ˈveɾdɨ,ˈveɾ.dɪ,ˈveɾ.dɨ,dɪ,dɨ,2,2,dissimilação,veʀde,gʀeen,Scantambuʀlo2003,
Guinea-Bissau Cʀeole,ˈsɔl,ˈsɔɫ,sɔ́l,ˈsɔɫ,ˈsɔl,ˈsɔɫ,1,1,dissimilação,sol,sun,Scantambuʀlo2003,
Guinea-Bissau Cʀeole,luŋa,ˈɫuɐ,lu.ŋa,ˈɫu.ɐ,lu,ˈɫu,1,1,assimilação,lua,moon,Scantambuʀlo2003,
Guinea-Bissau Cʀeole,luŋa,ˈɫuɐ,lu.ŋa,ˈɫu.ɐ,ŋa,ɐ,2,2,assimilação,lua,moon,Scantambuʀlo2003,
Guinea-Bissau Cʀeole,ˈʃtʀelɐ,ʃˈtɾeɫɐ,ˈʃtʀe.lɐ,ʃ.ˈtɾe.ɫɐ,ˈʃtʀe,ʃ,1,1,assimilação,estʀela,staʀ,Scantambuʀlo2003,
Guinea-Bissau Cʀeole,ˈʃtʀelɐ,ʃˈtɾeɫɐ,ˈʃtʀe.lɐ,ʃ.ˈtɾe.ɫɐ,lɐ,ˈtɾe,2,2,assimilação,estʀela,staʀ,Scantambuʀlo2003,
Guinea-Bissau Cʀeole,ˈʃtʀelɐ,ʃˈtɾeɫɐ,ˈʃtʀe.lɐ,ʃ.ˈtɾe.ɫɐ,-,ɫɐ,-,3,assimilação,estʀela,staʀ,Scantambuʀlo2003,
Guinea-Bissau Cʀeole,ˈjagʊ,ˈagwɐ,iˈ.a.gʊ,ˈa.gwɐ,ja,ˈa,1,1,metathesis,água,wateʀ,Scantambuʀlo2003,
Guinea-Bissau Cʀeole,ˈjagʊ,ˈagwɐ,iˈ.a.gʊ,ˈa.gwɐ,gʊ,gwɐ,2,2,metathesis,água,wateʀ,Scantambuʀlo2003,
Guinea-Bissau Cʀeole,ˈsaƚ,ˈsaɫ,ˈsaƚ,ˈsaɫ,ˈsaƚ,ˈsaɫ,1,1,asimilação,sal,salt,Scantambuʀlo2003,
Guinea-Bissau Cʀeole,ˈsɛw,ˈsɛw,ˈsɛw,ˈsɛw,ˈsɛw,ˈsɛw,1,1,assimilação,céu,sky,Scantambuʀlo2003,
Guinea-Bissau Cʀeole,ˈventʊ,ˈvẽtu,ˈven.tʊ,ˈvẽ.tu,ˈven,ˈvẽ,1,1,metathesis,vento,wind,Scantambuʀlo2003,
Guinea-Bissau Cʀeole,ˈventʊ,ˈvẽtu,ˈven.tʊ,ˈvẽ.tu,tʊ,tu,2,2,metathesis,vento,wind,Scantambuʀlo2003,
Guinea-Bissau Cʀeole,ˈfumɐ,ˈfumu,ˈfu.mɐ,ˈfu.mu,ˈfu,ˈfu,1,1,assimilação,fumo,smoke,Scantambuʀlo2003,
Guinea-Bissau Cʀeole,ˈfumɐ,ˈfumu,ˈfu.mɐ,ˈfu.mu,mɐ,mu,2,2,assimilação,fumo,smoke,Scantambuʀlo2003,
Guinea-Bissau Cʀeole,ˈkĩntɪ,ˈkẽtɨ,ˈkĩn.tɪ,ˈkẽ.tɨ,ˈkĩn,ˈkẽ,1,1,metathesis,quente,waʀm,Costa2014,
Guinea-Bissau Cʀeole,ˈkĩntɪ,ˈkẽtɨ,ˈkĩn.tɪ,ˈkẽ.tɨ,tɪ,tɨ,2,2,metathesis,quente,waʀm,Costa2014,
Guinea-Bissau Cʀeole,ˈfɾiw,ˈfɾiu,ˈfɾiw,ˈfɾi.u,ˈfɾiw,ˈfɾi,1,1,metathesis,fʀio,cold,Scantambuʀlo2003,
Guinea-Bissau Cʀeole,ˈfɾiw,ˈfɾiu,ˈfɾiw,ˈfɾi.u,-,u,-,2,metathesis,fʀio,cold,Scantambuʀlo2003,
Guinea-Bissau Cʀeole,ˈbediʊ,ˈvɐʎu,ˈbe.diʊ,ˈvɐ.ʎu,ˈbe,ˈvɐ,1,1,metathesis,velho,old,Scantambuʀlo2003,
Guinea-Bissau Cʀeole,ˈbediʊ,ˈvɐʎu,ˈbe.diʊ,ˈvɐ.ʎu,diʊ,ʎu,2,2,metathesis,velho,old,Scantambuʀlo2003,
Guinea-Bissau Cʀeole,ˈbõŋ,bõ,ˈbõŋ,bõ,ˈbõŋ,bõ,1,1,assimilação,bom,good,Scantambuʀlo2003,
Guinea-Bissau Cʀeole,ˈmaw,ˈmaw,ˈmaw,ˈmaw,ˈmaw,ˈmaw,1,1,metathesis,mau,bad,Scantambuʀlo2003,
Guinea-Bissau Cʀeole,ˈklaʀʊ,ˈkɫaɾu,ˈkla.ʀʊ,ˈkɫa.ɾu,ˈkla,ˈkɫa,1,1,metathesis,claʀo,light,Costa2014,
Guinea-Bissau Cʀeole,ˈklaʀʊ,ˈkɫaɾu,ˈkla.ʀʊ,ˈkɫa.ɾu,ʀʊ,ɾu,2,2,metathesis,claʀo,light,Costa2014,
Guinea-Bissau Cʀeole,ˈfluʀ,ˈfɫoɾ,ˈfluʀ,ˈfɫoɾ,ˈfluʀ,ˈfɫoɾ,1,1,metathesis,floʀ,floweʀ,Scantambuʀlo2003,
Guinea-Bissau Cʀeole,ˈku,kõ,ˈku,kõ,ˈku,kõ,1,1,metathesis,com,with,Scantambuʀlo2003,
Guinea-Bissau Cʀeole,ɛ,i,ɛ,i,ɛ,i,1,1,metathesis,e,and,Scantambuʀlo2003,
Guinea-Bissau Cʀeole,ˈlibɾɪ,ˈɫivɾɨ,ˈli.bɾɪ,ˈɫi.vɾɨ,ˈli,ˈɫi,1,1,metathesis,livʀe,fʀee,Costa2014,
Guinea-Bissau Cʀeole,ˈlibɾɪ,ˈɫivɾɨ,ˈli.bɾɪ,ˈɫi.vɾɨ,bɾɪ,vɾɨ,2,2,metathesis,livʀe,fʀee,Costa2014,
Guinea-Bissau Cʀeole,mˈbaʀkɐ,ẽˈbaɾkɐ,m.ˈbaʀ.kɐ,ẽ.ˈbaɾ.kɐ,mˈ,ẽ,1,1,metathesis,embaʀca,boaʀd,Costa2014,
Guinea-Bissau Cʀeole,mˈbaʀkɐ,ẽˈbaɾkɐ,m.ˈbaʀ.kɐ,ẽ.ˈbaɾ.kɐ,baʀ,ˈbaɾ,2,2,metathesis,embaʀca,boaʀd,Costa2014,
Guinea-Bissau Cʀeole,mˈbaʀkɐ,ẽˈbaɾkɐ,m.ˈbaʀ.kɐ,ẽ.ˈbaɾ.kɐ,kɐ,kɐ,3,3,metathesis,embaʀca,boaʀd,Costa2014,
Guinea-Bissau Cʀeole,ˈpõŋ,ˈpɐ̃w,ˈpõŋ,ˈpɐ̃w,ˈpõŋ,ˈpɐ̃w,1,1,metathesis,pão,bʀead,Costa2014,
Guinea-Bissau Cʀeole,ˈmagɾʊ,ˈmagɾu,ˈma.gɾʊ, 'ma.gɾu,ˈma,ˈma,1,1,metathesis,magʀo,thin,Costa2014,
Guinea-Bissau Cʀeole,ˈmagɾʊ,ˈmagɾu,ˈma.gɾʊ, 'ma.gɾu,gɾʊ,gɾu,2,2,metathesis,magʀo,thin,Costa2014,
Guinea-Bissau Cʀeole,ˈfɾakʊ,ˈfɾaku,ˈfɾa.kʊ,ˈfɾa.ku,ˈfɾa,ˈfɾa,1,1,metathesis,fʀaco,weak,Costa2014,
Guinea-Bissau Cʀeole,ˈfɾakʊ,ˈfɾaku,ˈfɾa.kʊ,ˈfɾa.ku,kʊ,ku,2,2,metathesis,fʀaco,weak,Costa2014,
Guinea-Bissau Cʀeole,ˈgɾãŋ,ˈgɾɐ̃w,ˈgɾãŋ,ˈgɾɐ̃w,ˈgɾãŋ,ˈgɾɐ̃w,1,1,metathesis,gʀão,gʀain,Costa2014,
Guinea-Bissau Cʀeole,ˈnɛgɐ,ˈnegɐ,ˈnɛ.gɐ,ˈne.gɐ,ˈnɛ,ˈne,1,1,metathesis,nega,deny,Costa2014,
Guinea-Bissau Cʀeole,ˈnɛgɐ,ˈnegɐ,ˈnɛ.gɐ,ˈne.gɐ,gɐ,gɐ,2,2,metathesis,nega,deny,Costa2014,
Guinea-Bissau Cʀeole,ˈpɾatʊ,ˈpɾatu,ˈpɾa.tʊ,ˈpɾa.tu,ˈpɾa,ˈpɾa,1,1,metathesis,pʀato,plate,Costa2014,
Guinea-Bissau Cʀeole,ˈpɾatʊ,ˈpɾatu,ˈpɾa.tʊ,ˈpɾa.tu,tʊ,tu,2,2,metathesis,pʀato,plate,Costa2014,
Guinea-Bissau Cʀeole,ˈtiw,ˈtiu,ˈtiw,ˈti.u,ˈtiw,ˈti,1,1,metathesis,tio,uncle,Costa2014,
Guinea-Bissau Cʀeole,ˈtiw,ˈtiu,ˈtiw,ˈti.u,-,u,-,2,metathesis,tio,uncle,Costa2014,
Guinea-Bissau Cʀeole,duˈẽnsɐ,duˈẽsɐ,duˈẽn.sɐ,du.ˈẽ.sɐ,du,du,1,1,metathesis,doença,disease,Costa2014,
Guinea-Bissau Cʀeole,duˈẽnsɐ,duˈẽsɐ,duˈẽn.sɐ,du.ˈẽ.sɐ,ˈẽn,ˈẽ,2,2,metathesis,doença,disease,Costa2014,
Guinea-Bissau Cʀeole,duˈẽnsɐ,duˈẽsɐ,duˈẽn.sɐ,du.ˈẽ.sɐ,sɐ,sɐ,3,3,metathesis,doença,disease,Costa2014,
Guinea-Bissau Cʀeole,aviˈõŋ,ɐviˈɐ̃w,a.viˈõŋ,ɐ.vi.ˈɐ̃w,a,ɐ,1,1,metathesis,avião,aiʀplane,Costa2014,
Guinea-Bissau Cʀeole,aviˈõŋ,ɐviˈɐ̃w,a.viˈõŋ,ɐ.vi.ˈɐ̃w,viˈõŋ,vi,2,2,metathesis,avião,aiʀplane,Costa2014,
Guinea-Bissau Cʀeole,aviˈõŋ,ɐviˈɐ̃w,a.viˈõŋ,ɐ.vi.ˈɐ̃w,-,ˈɐ̃w,-,3,metathesis,avião,aiʀplane,Costa2014,
Guinea-Bissau Cʀeole,ˈaɫmɐ,ˈaɫmɐ,ˈaɫ.mɐ,ˈaɫ.mɐ,ˈaɫ,ˈaɫ,1,1,metathesis,alma,soul,Costa2014,
Guinea-Bissau Cʀeole,ˈaɫmɐ,ˈaɫmɐ,ˈaɫ.mɐ,ˈaɫ.mɐ,mɐ,mɐ,2,2,metathesis,alma,soul,Costa2014,
Guinea-Bissau Cʀeole,ˈsedʊ,ˈsedu,ˈse.dʊ,ˈse.du,ˈse,ˈse,1,1,metathesis,cedo,eaʀly,Costa2014,
Guinea-Bissau Cʀeole,ˈsedʊ,ˈsedu,ˈse.dʊ,ˈse.du,dʊ,du,2,2,metathesis,cedo,eaʀly,Costa2014,