Language,SourceWord,SourceWord CV,TargetWord,SourceWordSyl,TargetWordSyl,SourceSyllable,TargetSyllable,PositionSource,PositionTarget,Process,TemplateSource,TemplateTarget,TargetOrthography,Translation,Reference,Notes
Cape Verdean Sao Vicente,tud,CVC,ˈtudu,tud,tu.’du,tud,tu,1,1,,CVC,CV,tudo,everything,Baptista2019[271-277],
Cape Verdean Sao Vicente,tud,CVC,ˈtudu,tud,tu.’du,-,ˈdu ,-,2,,-,CV,tudo,everything,Baptista2019[271-277],
Cape Verdean Sao Vicente,ma,CV,ˈmɐʃ,ma,ˈmɐʃ,ma,ˈmɐʃ,1,1,,CV,CVC,mas,and,Baptista2019[271-277],
Cape Verdean Sao Vicente,j,C,i,j,i,j,i,1,1,,C,V,e,and,Baptista2019[271-277],
Cape Verdean Sao Vicente,animal,VCVCVC,ɐniˈmaɫ,a.ni.mal,ɐ.ni.ˈmaɫ,a,ɐ,1,1,,V,V,animal,animal,Baptista2019[271-277],
Cape Verdean Sao Vicente,animal,VCVCVC,ɐniˈmaɫ,a.ni.mal,ɐ.ni.ˈmaɫ,ni,ni,2,2,,CV,CV,animal,animal,Baptista2019[271-277],
Cape Verdean Sao Vicente,animal,VCVCVC,ɐniˈmaɫ,a.ni.mal,ɐ.ni.ˈmaɫ,mal,ˈmaɫ,3,3,,CVC,CVC,animal,animal,Baptista2019[271-277],
Cape Verdean Sao Vicente,bit̠ʃ,CVCC,biʃu,bi.t̠ʃ,bi.ʃu,bi,bi,1,1,,CV,CV,bicho,worm,Baptista2019[271-277],
Cape Verdean Sao Vicente,bit̠ʃ,CVCC,biʃu,bi.t̠ʃ,bi.ʃu,t̠ʃ,ʃu,2,2,,CV,CV,bicho,worm,Baptista2019[271-277],
Cape Verdean Sao Vicente,sinza,CVCV,ˈsĩzɐ,sin.za,ˈsĩ.zɐ,sin,ˈsĩ,1,1,,CV,CV,cinza,ashes,Baptista2019[271-277],
Cape Verdean Sao Vicente,sinza,CVCV,ˈsĩzɐ,sin.za,ˈsĩ.zɐ,za,zɐ,2,2,,CV,CV,cinza,ashes,Baptista2019[271-277],
Cape Verdean Sao Vicente,na,CV,nɐ,na,nɐ,na,nɐ,1,1,,CV,CV,na,at,Baptista2019[271-277],
Cape Verdean Sao Vicente,koʃta,CVCCV,ˈkɔʃtɐ,koʃ.ta,ˈkɔʃ.tɐ,koʃ,ˈkɔʃ,1,1,,CVC,CVC,costa,back,Baptista2019[271-277],
Cape Verdean Sao Vicente,koʃta,CVCCV,ˈkɔʃtɐ,koʃ.ta,ˈkɔʃ.tɐ,ta,tɐ,2,2,,CV,CV,costa,back,Baptista2019[271-277],
Cape Verdean Sao Vicente,mau,CVg,ˈmaw,mau,ˈmaw,mau,ˈmaw,1,1,,CVg,CVg,mau,bad,Baptista2019[271-277],
Cape Verdean Sao Vicente,maɾiod,CVCVVC,mɐɾiˈadu,ma.ɾi.od,mɐ.ɾiˈa.du,ma,mɐ,1,1,,CV,CV,mariado,bad,Baptista2019[271-277],
Cape Verdean Sao Vicente,maɾiod,CVCVVC,mɐɾiˈadu,ma.ɾi.od,mɐ.ɾiˈa.du,ɾi,ɾiˈa,2,2,,CV,CVV,mariado,bad,Baptista2019[271-277],
Cape Verdean Sao Vicente,maɾiod,CVCVVC,mɐɾiˈadu,ma.ɾi.od,mɐ.ɾiˈa.du,od,du,3,3,,VC,CV,mariado,bad,Baptista2019[271-277],
Cape Verdean Sao Vicente,ɾom,CVC,,ɾom,-,rom,,,,,CVC,-,casca,bark,Baptista2019[271-277],Not of Portuguese origin
Cape Verdean Sao Vicente,puɾke,CVCCV,ˈpuɾkɨ,puɾ.ke,ˈpuɾ.kɨ,puɾ,ˈpuɾ,1,1,,CVC,CVC,porque,because,Baptista2019[271-277],
Cape Verdean Sao Vicente,puɾke,CVCCV,ˈpuɾkɨ,puɾ.ke,ˈpuɾ.kɨ,ke,kɨ,2,2,,CV,CV,porque,because,Baptista2019[271-277],
Cape Verdean Sao Vicente,beɾiga,CVCVCV,bɐˈʀigɐ,be.ɾi.ga,bɐ.ˈʀi.gɐ,be,bɐ,1,1,,CV,CV,barriga,belly,Baptista2019[271-277],
Cape Verdean Sao Vicente,beɾiga,CVCVCV,bɐˈʀigɐ,be.ɾi.ga,bɐ.ˈʀi.gɐ,ɾi,ˈʀi,2,2,,CV,CV,barriga,belly,Baptista2019[271-277],
Cape Verdean Sao Vicente,beɾiga,CVCVCV,bɐˈʀigɐ,be.ɾi.ga,bɐ.ˈʀi.gɐ,ga,gɐ,3,3,,CV,CV,barriga,belly,Baptista2019[271-277],
Cape Verdean Sao Vicente,gɾande,CCVCV,ˈɡɾɐ̃dɨ,gɾan.de,ˈɡɾɐ̃.dɨ,gɾan,ˈɡɾɐ̃,1,1,,CCV,CCV,grande,big,Baptista2019[271-277],
Cape Verdean Sao Vicente,gɾande,CCVCV,ˈɡɾɐ̃dɨ,gɾan.de,ˈɡɾɐ̃.dɨ,de,dɨ,2,2,,CV,CV,grande,big,Baptista2019[271-277],
Cape Verdean Sao Vicente,pos,CVC,ˈpasɐru,pos,ˈpa.sɐ.ru,pos,ˈpa,1,1,metathesis,CVC,CV,pássaro,bird,Baptista2019[271-277],
Cape Verdean Sao Vicente,pos,CVC,ˈpasɐru,pos,ˈpa.sɐ.ru,-,sɐ,-,2,metathesis,-,CV,pássaro,bird,Baptista2019[271-277],
Cape Verdean Sao Vicente,pos,CVC,ˈpasɐru,pos,ˈpa.sɐ.ru,-,ru,-,3,metathesis,-,CV,pássaro,bird,Baptista2019[271-277],
Cape Verdean Sao Vicente,moɾde,CVCCV,muɾˈdeɾ,moɾ.de,muɾ.ˈdeɾ,moɾ,muɾ,1,1,,CVC,CVC,morder,bite,Baptista2019[271-277],
Cape Verdean Sao Vicente,moɾde,CVCCV,muɾˈdeɾ,moɾ.de,muɾ.ˈdeɾ,de,ˈdeɾ,2,2,,CV,CVC,morder,bite,Baptista2019[271-277],
Cape Verdean Sao Vicente,pɾet,CCVC,ˈpɾetu,pɾet,ˈpɾe.tu,pɾet,ˈpɾe,1,1,metathesis,CCVC,CCV,preto,black,Baptista2019[271-277],
Cape Verdean Sao Vicente,pɾet,CCVC,ˈpɾetu,pɾet,ˈpɾe.tu,-,tu,-,2,metathesis,-,CV,preto,black,Baptista2019[271-277],
Cape Verdean Sao Vicente,sang,CVC,ˈsɐ̃ɡɨ,sang,ˈsɐ̃.ɡɨ,sang,ˈsɐ̃,1,1,metathesis,CVC,CV,sangue,blood,Baptista2019[271-277],
Cape Verdean Sao Vicente,sang,CVC,ˈsɐ̃ɡɨ,sang,ˈsɐ̃.ɡɨ,-,ɡɨ,-,2,metathesis,-,CV,sangue,blood,Baptista2019[271-277],
Cape Verdean Sao Vicente,sopɾa,CVCCV,suˈpɾaɾ,so.pɾa,su.ˈpɾaɾ,so,su,1,1,,CV,CV,soprar,blow,Baptista2019[271-277],
Cape Verdean Sao Vicente,sopɾa,CVCCV,suˈpɾaɾ,so.pɾa,su.ˈpɾaɾ,pɾa,ˈpɾaɾ,2,2,,CCV,CCVC,soprar,blow,Baptista2019[271-277],
Cape Verdean Sao Vicente,os,VC,ˈosu,os,o.ˈsu,os,o,1,1,metathesis,VC,V,osso,bone,Baptista2019[271-277],
Cape Verdean Sao Vicente,os,VC,ˈosu,os,o.ˈsu,-,ˈsu,-,2,metathesis,-,CV,osso,bone,Baptista2019[271-277],
Cape Verdean Sao Vicente,kema,CVCV,kejˈmaɾ,ke.ma,kej.ˈmaɾ,ke,kej,1,1,,CV,CVC,queimar,burn,Baptista2019[271-277],
Cape Verdean Sao Vicente,kema,CVCV,kejˈmaɾ,ke.ma,kej.ˈmaɾ,ma,ˈmaɾ,2,2,,CV,CVC,queimar,burn,Baptista2019[271-277],
Cape Verdean Sao Vicente,mnin,CCVC,mɨˈninu,mnin,mɨ.ˈni.nu,mnin,mɨ,1,1,,CCVC,CV,menino,child,Baptista2019[271-277],
Cape Verdean Sao Vicente,mnin,CCVC,mɨˈninu,mnin,mɨ.ˈni.nu,-,ˈni,-,2,,-,CV,menino,child,Baptista2019[271-277],
Cape Verdean Sao Vicente,mnin,CCVC,mɨˈninu,mnin,mɨ.ˈni.nu,-,nu,-,3,,-,CV,menino,child,Baptista2019[271-277],
Cape Verdean Sao Vicente,nuven,CVCV,ˈnuvɐ̃j̃,nu.ven,ˈnu.vɐ̃j̃,nu,ˈnu,1,1,,CV,CV,nuvem,cloud,Baptista2019[271-277],
Cape Verdean Sao Vicente,nuven,CVCV,ˈnuvɐ̃j̃,nu.ven,ˈnu.vɐ̃j̃,ven,vɐ̃j̃,2,2,,CV,CV,nuvem,cloud,Baptista2019[271-277],
Cape Verdean Sao Vicente,fɾiu,CCVg,ˈfɾiu,fɾi.u,ˈfɾi.u,fɾi,ˈfɾi,1,1,,CCV,CCV,frio,cold,Baptista2019[271-277],
Cape Verdean Sao Vicente,fɾiu,CCVg,ˈfɾiu,fɾi.u,ˈfɾi.u,u,u,2,2,,V,V,frio,cold,Baptista2019[271-277],
Cape Verdean Sao Vicente,ben,CV,ˈvɐ̃j̃,ben,ˈvɐ̃j̃,ben,ˈvɐ̃j̃,1,1,,CV,CV,vem,come,Baptista2019[271-277],
Cape Verdean Sao Vicente,t̠ʃega,CCVCV,ʃɨˈɡaɾ,t̠ʃe.ga,ʃɨ.ˈɡaɾ,t̠ʃe,ʃɨ,1,1,,CCV,CV,chegar,arrive,Baptista2019[271-277],
Cape Verdean Sao Vicente,t̠ʃega,CCVCV,ʃɨˈɡaɾ,t̠ʃe.ga,ʃɨ.ˈɡaɾ,ga,ˈɡaɾ,2,2,,CV,CVC,chegar,arrive,Baptista2019[271-277],
Cape Verdean Sao Vicente,konta,CVCCV,kõˈtaɾ,kon.ta,kõ.ˈtaɾ,kon,kõ,1,1,,CVC,CV,contar,count,Baptista2019[271-277],
Cape Verdean Sao Vicente,konta,CVCCV,kõˈtaɾ,kon.ta,kõ.ˈtaɾ,ta,ˈtaɾ,2,2,,CV,CVC,contar,count,Baptista2019[271-277],
Cape Verdean Sao Vicente,sapa,CVCV,ɐsɐˈpaɾ,sa.pa,ɐ.sɐ.ˈpaɾ,-,ɐ,-,1,,-,V,assapar,cut,Baptista2019[271-277],
Cape Verdean Sao Vicente,sapa,CVCV,ɐsɐˈpaɾ,sa.pa,ɐ.sɐ.ˈpaɾ,sa,sɐ,1,2,,CV,CV,assapar,cut,Baptista2019[271-277],
Cape Verdean Sao Vicente,sapa,CVCV,ɐsɐˈpaɾ,sa.pa,ɐ.sɐ.ˈpaɾ,pa,ˈpaɾ,2,3,,CV,CVC,assapar,cut,Baptista2019[271-277],
Cape Verdean Sao Vicente,koɾta,CVCCV,kuɾˈtaɾ,koɾ.ta,kuɾ.ˈtaɾ,koɾ,kuɾ,1,1,,CVC,CVC,cortar,cut,Baptista2019[271-277],
Cape Verdean Sao Vicente,koɾta,CVCCV,kuɾˈtaɾ,koɾ.ta,kuɾ.ˈtaɾ,ta,ˈtaɾ,2,2,,CV,CVC,cortar,cut,Baptista2019[271-277],
Cape Verdean Sao Vicente,dia,CVV,ˈdiɐ,di.a,ˈdi.ɐ,di,ˈdi,1,1,,CV,CV,dia,day,Baptista2019[271-277],
Cape Verdean Sao Vicente,dia,CVV,ˈdiɐ,di.a,ˈdi.ɐ,a,ɐ,2,2,,V,V,dia,day,Baptista2019[271-277],
Cape Verdean Sao Vicente,moɾe,CVCV,muˈʀeɾ,mo.ɾe,mu.ˈʀeɾ,mo,mu,1,1,,CV,CV,morrer,die,Baptista2019[271-277],
Cape Verdean Sao Vicente,moɾe,CVCV,muˈʀeɾ,mo.ɾe,mu.ˈʀeɾ,ɾe,ˈʀeɾ,2,2,,CV,CVC,morrer,die,Baptista2019[271-277],
Cape Verdean Sao Vicente,kava,CVCV,kɐˈvaɾ,ka.va,kɐ.ˈvaɾ,ka,kɐ,1,1,,CV,CV,cavar,dig,Baptista2019[271-277],
Cape Verdean Sao Vicente,kava,CVCV,kɐˈvaɾ,ka.va,kɐ.ˈvaɾ,va,ˈvaɾ,2,2,,CV,CVC,cavar,dig,Baptista2019[271-277],
Cape Verdean Sao Vicente,ʃuʒ,CVC,ˈsuʒu,ʃuʒ,ˈsu.ʒu,ʃuʒ,ˈsu,1,1,metathesis,CVC,CV,sujo,dirty,Baptista2019[271-277],
Cape Verdean Sao Vicente,ʃuʒ,CVC,ˈsuʒu,ʃuʒ,ˈsu.ʒu,-,ʒu,-,2,metathesis,-,CV,sujo,dirty,Baptista2019[271-277],
Cape Verdean Sao Vicente,inkaɾdid,VCCVCCVC,ẽkɐɾˈdidu,in.kaɾ.did,ẽ.kɐɾ.ˈdi.du,in,ẽ,1,1,,V,V,encardido,dirty,Baptista2019[271-277],
Cape Verdean Sao Vicente,inkaɾdid,VCCVCCVC,ẽkɐɾˈdidu,in.kaɾ.did,ẽ.kɐɾ.ˈdi.du,kaɾ,kɐɾ,2,2,,CVC,CVC,encardido,dirty,Baptista2019[271-277],
Cape Verdean Sao Vicente,inkaɾdid,VCCVCCVC,ẽkɐɾˈdidu,in.kaɾ.did,ẽ.kɐɾ.ˈdi.du,did,ˈdi,3,3,,CVC,CV,encardido,dirty,Baptista2019[271-277],
Cape Verdean Sao Vicente,inkaɾdid,VCCVCCVC,ẽkɐɾˈdidu,in.kaɾ.did,ẽ.kɐɾ.ˈdi.du,-,du,-,4,,-,CV,encardido,dirty,Baptista2019[271-277],
Cape Verdean Sao Vicente,kot̠ʃoɾ,CVCCVC,kɐˈʃoʀu,ko.t̠ʃoɾ,kɐ.ˈʃo.ʀu,ko,kɐ,1,1,,CV,CV,cachorro,dog,Baptista2019[271-277],
Cape Verdean Sao Vicente,kot̠ʃoɾ,CVCCVC,kɐˈʃoʀu,ko.t̠ʃoɾ,kɐ.ˈʃo.ʀu,t̠ʃoɾ,ˈʃo,2,2,metathesis,CCVC,CV,cachorro,dog,Baptista2019[271-277],
Cape Verdean Sao Vicente,kot̠ʃoɾ,CVCCVC,kɐˈʃoʀu,ko.t̠ʃoɾ,kɐ.ˈʃo.ʀu,-,ʀu,-,3,metathesis,-,CV,cachorro,dog,Baptista2019[271-277],
Cape Verdean Sao Vicente,bibe,CVCV,bɨˈbeɾ,bi.be,bɨ.ˈbeɾ,bi,bɨ,1,1,,CV,CV,beber,drink,Baptista2019[271-277],
Cape Verdean Sao Vicente,bibe,CVCV,bɨˈbeɾ,bi.be,bɨ.ˈbeɾ,be,ˈbeɾ,2,2,,CV,CVC,beber,drink,Baptista2019[271-277],
Cape Verdean Sao Vicente,sek,CVC,ˈseku,sek,ˈse.ku,sek,ˈse,1,1,metathesis,CVC,CV,seco,dry,Baptista2019[271-277],
Cape Verdean Sao Vicente,sek,CVC,ˈseku,sek,ˈse.ku,-,ku,-,2,metathesis,-,CV,seco,dry,Baptista2019[271-277],
Cape Verdean Sao Vicente,teɾ,CVC,teɾ,teɾ,teɾ,teɾ,teɾ,1,1,,CVC,CVC,ter,have,Baptista2019[271-277],
Cape Verdean Sao Vicente,mok,CVC,ˈmoku,mok,ˈmo.ku,mok,ˈmo,1,1,metathesis,CVC,CV,moco,dull,Baptista2019[271-277],
Cape Verdean Sao Vicente,mok,CVC,ˈmoku,mok,ˈmo.ku,-,ku,-,2,metathesis,-,CV,moco,dull,Baptista2019[271-277],
Cape Verdean Sao Vicente,teɾa,CVCV,ˈtɛʀɐ,te.ɾa,ˈtɛ.ʀɐ,te,ˈtɛ,1,1,,CV,CV,terra,dust,Baptista2019[271-277],
Cape Verdean Sao Vicente,teɾa,CVCV,ˈtɛʀɐ,te.ɾa,ˈtɛ.ʀɐ,ɾa,ʀɐ,2,2,,CV,CV,terra,dust,Baptista2019[271-277],
Cape Verdean Sao Vicente,po,CV,po,po,po,po,po,1,1,,CV,CV,pó,dust,Baptista2019[271-277],
Cape Verdean Sao Vicente,pueɾa,CVVCV,ˈpuɐjɾɐ,pu.e.ɾa,ˈpu.ɐj.ɾɐ,pu,ˈpu,1,1,,CV,CV,poeira,dust,Baptista2019[271-277],
Cape Verdean Sao Vicente,pueɾa,CVVCV,ˈpuɐjɾɐ,pu.e.ɾa,ˈpu.ɐj.ɾɐ,e,ɐj,2,2,,V,VC,poeira,dust,Baptista2019[271-277],
Cape Verdean Sao Vicente,pueɾa,CVVCV,ˈpuɐjɾɐ,pu.e.ɾa,ˈpu.ɐj.ɾɐ,ɾa,ɾɐ,3,3,,CV,CV,poeira,dust,Baptista2019[271-277],
Cape Verdean Sao Vicente,oɾea,VCVV,ɔˈɾɐʎɐ,o.ɾe.a,ɔ.ˈɾɐ.ʎɐ,o,ɔ,1,1,,V,V,orelha,ear,Baptista2019[271-277],
Cape Verdean Sao Vicente,oɾea,VCVV,ɔˈɾɐʎɐ,o.ɾe.a,ɔ.ˈɾɐ.ʎɐ,ɾe,ˈɾɐ,2,2,,CV,CV,orelha,ear,Baptista2019[271-277],
Cape Verdean Sao Vicente,oɾea,VCVV,ɔˈɾɐʎɐ,o.ɾe.a,ɔ.ˈɾɐ.ʎɐ,a,ʎɐ,3,3,,V,CV,orelha,ear,Baptista2019[271-277],
Cape Verdean Sao Vicente,t̠ʃon,CCV,t̠ʃɐ̃w̃,t̠ʃon,t̠ʃɐ̃w̃,t̠ʃon,t̠ʃɐ̃w̃,1,1,,CCV,CCV,chão,earth,Baptista2019[271-277],
Cape Verdean Sao Vicente,kme,CCV,kuˈmeɾ,kme,ku.ˈmeɾ,kme,ku,1,1,,CCV,CV,comer,eat,Baptista2019[271-277],
Cape Verdean Sao Vicente,kme,CCV,kuˈmeɾ,kme,ku.ˈmeɾ,-,ˈmeɾ,-,2,,-,CVC,comer,eat,Baptista2019[271-277],
Cape Verdean Sao Vicente,ov,VC,ˈovu,ov,ˈo.vu,ov,ˈo,1,1,metathesis,VC,V,ovo,egg,Baptista2019[271-277],
Cape Verdean Sao Vicente,ov,VC,ˈovu,ov,ˈo.vu,-,vu,-,2,metathesis,-,CV,ovo,egg,Baptista2019[271-277],
Cape Verdean Sao Vicente,oi,Vg,ˈoʎu,oi,ˈo.ʎu,oi,ˈo,1,1,,Vg,V,olho,eye,Baptista2019[271-277],
Cape Verdean Sao Vicente,oi,Vg,ˈoʎu,oi,ˈo.ʎu,-,ʎu,-,2,,-,CV,olho,eye,Baptista2019[271-277],
Cape Verdean Sao Vicente,kei,CVg,kɐˈiɾ,kei,kɐ.ˈiɾ,kei,kɐ,1,1,,CVg,CV,cair,fall,Baptista2019[271-277],
Cape Verdean Sao Vicente,kei,CVg,kɐˈiɾ,kei,kɐ.ˈiɾ,-,ˈiɾ,-,2,,-,VC,cair,fall,Baptista2019[271-277],
Cape Verdean Sao Vicente,lonʒ,CVC,ˈlõʒɨ,lonʒ,ˈlõ.ʒɨ,lonʒ,ˈlõ,1,1,,CVC,CV,longe,far,Baptista2019[271-277],
Cape Verdean Sao Vicente,lonʒ,CVC,ˈlõʒɨ,lonʒ,ˈlõ.ʒɨ,-,ʒɨ,-,2,,-,CV,longe,far,Baptista2019[271-277],
Cape Verdean Sao Vicente,guɾduɾa,CVCCVCV,ɡuɾˈduɾɐ,guɾ.du.ɾa,ɡuɾ.ˈdu.ɾɐ,guɾ,ɡuɾ,1,1,,CVC,CVC,gordura,fat,Baptista2019[271-277],
Cape Verdean Sao Vicente,guɾduɾa,CVCCVCV,ɡuɾˈduɾɐ,guɾ.du.ɾa,ɡuɾ.ˈdu.ɾɐ,du,ˈdu,2,2,,CV,CV,gordura,fat,Baptista2019[271-277],
Cape Verdean Sao Vicente,guɾduɾa,CVCCVCV,ɡuɾˈduɾɐ,guɾ.du.ɾa,ɡuɾ.ˈdu.ɾɐ,ɾa,ɾɐ,3,3,,CV,CV,gordura,fat,Baptista2019[271-277],
Cape Verdean Sao Vicente,baɲa,CVCV,ˈbɐ̃ɲɐ,ba.ɲa,ˈbɐ̃.ɲɐ,ba,ˈbɐ̃,1,1,,CV,CV,banha,fat,Baptista2019[271-277],
Cape Verdean Sao Vicente,baɲa,CVCV,ˈbɐ̃ɲɐ,ba.ɲa,ˈbɐ̃.ɲɐ,ɲa,ɲɐ,2,2,,CV,CV,banha,fat,Baptista2019[271-277],
Cape Verdean Sao Vicente,pai,CVg,paj,pai,paj,pai,paj,1,1,,CVg,CVg,pai,father,Baptista2019[271-277],
Cape Verdean Sao Vicente,tenmed,CVCCVC,tɐ̃j̃ˈmedu,ten.med,tɐ̃j̃.ˈme.du,ten,tɐ̃j̃,1,1,,CV,CV,tem medo,fear,Baptista2019[271-277],
Cape Verdean Sao Vicente,tenmed,CVCCVC,tɐ̃j̃ˈmedu,ten.med,tɐ̃j̃.ˈme.du,med,ˈme,2,2,,CVC,CV,tem medo,fear,Baptista2019[271-277],
Cape Verdean Sao Vicente,tenmed,CVCCVC,tɐ̃j̃ˈmedu,ten.med,tɐ̃j̃.ˈme.du,-,du,-,3,,-,CV,tem medo,fear,Baptista2019[271-277],
Cape Verdean Sao Vicente,pena,CVCV,ˈpenɐ,pe.na,ˈpe.nɐ,pe,ˈpe,1,1,,CV,CV,pena,feather,Baptista2019[271-277],
Cape Verdean Sao Vicente,pena,CVCV,ˈpenɐ,pe.na,ˈpe.nɐ,na,nɐ,2,2,,CV,CV,pena,feather,Baptista2019[271-277],
Cape Verdean Sao Vicente,pok,CVC,ˈpoku,pok,ˈpo.ku,pok,ˈpo,1,1,metathesis,CVC,CV,pouco,few,Baptista2019[271-277],
Cape Verdean Sao Vicente,pok,CVC,ˈpoku,pok,ˈpo.ku,-,ku,-,2,metathesis,-,CV,pouco,few,Baptista2019[271-277],
Cape Verdean Sao Vicente,bkedin,CCVCVC,bukaˈdiɲu,bke.din,bu.kɐ.ˈdi.ɲu,bke,bu,1,1,,CCV,CV,bocadinho,few,Baptista2019[271-277],
Cape Verdean Sao Vicente,bkedin,CCVCVC,bukaˈdiɲu,bke.din,bu.kɐ.ˈdi.ɲu,-,kɐ,-,2,,-,CV,bocadinho,few,Baptista2019[271-277],
Cape Verdean Sao Vicente,bkedin,CCVCVC,bukaˈdiɲu,bke.din,bu.kɐ.ˈdi.ɲu,din,ˈdi,2,3,,CV,CV,bocadinho,few,Baptista2019[271-277],
Cape Verdean Sao Vicente,bkedin,CCVCVC,bukaˈdiɲu,bke.din,bu.kɐ.ˈdi.ɲu,-,ɲu,-,4,metathesis,-,CV,bocadinho,few,Baptista2019[271-277],
Cape Verdean Sao Vicente,kziɲa,CCVCV,kojˈziɲɐ,kzi.ɲa,koj.ˈzi.ɲɐ,kzi,Koj,1,1,,CCV,CVC,coisinha,few,Baptista2019[271-277],
Cape Verdean Sao Vicente,kziɲa,CCVCV,kojˈziɲɐ,kzi.ɲa,koj.ˈzi.ɲɐ,-,ˈzi,-,2,,-,CV,coisinha,few,Baptista2019[271-277],
Cape Verdean Sao Vicente,kziɲa,CCVCV,kojˈziɲɐ,kzi.ɲa,koj.ˈzi.ɲɐ,ɲa,ɲɐ,2,3,metathesis,CV,CV,coisinha,few,Baptista2019[271-277],
Cape Verdean Sao Vicente,bɾiga,CCVCV,bɾiˈɡaɾ,bɾi.ga,bɾi.ˈɡaɾ,bɾi,bɾi,1,1,,CCV,CCV,brigar,fight,Baptista2019[271-277],
Cape Verdean Sao Vicente,bɾiga,CCVCV,bɾiˈɡaɾ,bɾi.ga,bɾi.ˈɡaɾ,ga,ˈɡaɾ,2,2,,CV,CVC,brigar,fight,Baptista2019[271-277],
Cape Verdean Sao Vicente,lum,CVC,ˈlumɨ,lum,ˈlu.mɨ,lum,ˈlu ,1,1,metathesis,CVC,CV,lume,fire,Baptista2019[271-277],
Cape Verdean Sao Vicente,lum,CVC,ˈlumɨ,lum,ˈlu.mɨ,-,mɨ,-,2,metathesis,-,CV,lume,fire,Baptista2019[271-277],
Cape Verdean Sao Vicente,peʃ,CVC,ˈpejʃɨ,peʃ,ˈpej.ʃɨ,peʃ,ˈpej,1,1,,CVC,CVC,peixe,fish,Baptista2019[271-277],
Cape Verdean Sao Vicente,peʃ,CVC,ˈpejʃɨ,peʃ,ˈpej.ʃɨ,-,ʃɨ,-,2,,-,CV,peixe,fish,Baptista2019[271-277],
Cape Verdean Sao Vicente,sink,CVC,ˈsĩku,sink,ˈsĩ.ku,sink,ˈsĩ,1,1,metathesis,CVC,CV,cinco,five,Baptista2019[271-277],
Cape Verdean Sao Vicente,sink,CVC,ˈsĩku,sink,ˈsĩ.ku,-,ku,-,2,metathesis,-,CV,cinco,five,Baptista2019[271-277],
Cape Verdean Sao Vicente,boia,CVgV,bojˈaɾ,boi.a,boj.ˈaɾ,boi,boj,1,1,,CVg,CVg,boiar,float,Baptista2019[271-277],
Cape Verdean Sao Vicente,boia,CVgV,bojˈaɾ,boi.a,boj.ˈaɾ,a,ˈaɾ,2,2,,V,VC,boiar,float,Baptista2019[271-277],
Cape Verdean Sao Vicente,koɾe,CVCV,kuˈʀeɾ,ko.ɾe,ku.ˈʀeɾ,ko,ku,1,1,,CV,CV,correr,flow,Baptista2019[271-277],
Cape Verdean Sao Vicente,koɾe,CVCV,kuˈʀeɾ,ko.ɾe,ku.ˈʀeɾ,ɾe,ˈʀeɾ,2,2,,CV,CVC,correr,flow,Baptista2019[271-277],
Cape Verdean Sao Vicente,floɾ,CCVC,ˈfloɾ,floɾ,ˈfloɾ,floɾ,ˈfloɾ,1,1,,CCVC,CCVC,flor,flower,Baptista2019[271-277],
Cape Verdean Sao Vicente,vuə,CVV,ˈvuaɾ,vuə,ˈvu.aɾ,vuə,ˈvu,1,1,,CVV,CV,voar,fly,Baptista2019[271-277],
Cape Verdean Sao Vicente,vuə,CVV,ˈvuaɾ,vuə,ˈvu.aɾ,-,aɾ,-,2,,-,VC,voar,fly,Baptista2019[271-277],
Cape Verdean Sao Vicente,nevueɾ,CVCVVC,nɨvuˈɐjɾu,ne.vu.eɾ,nɨ.vu.ˈɐj.ɾu,ne,nɨ,1,1,,CV,CV,nevoeiro,fog,Baptista2019[271-277],
Cape Verdean Sao Vicente,nevueɾ,CVCVVC,nɨvuˈɐjɾu,ne.vu.eɾ,nɨ.vu.ˈɐj.ɾu,vu,vu,2,2,,CV,CV,nevoeiro,fog,Baptista2019[271-277],
Cape Verdean Sao Vicente,nevueɾ,CVCVVC,nɨvuˈɐjɾu,ne.vu.eɾ,nɨ.vu.ˈɐj.ɾu,-,ˈɐj,-,3,,-,Vg,nevoeiro,fog,Baptista2019[271-277],
Cape Verdean Sao Vicente,nevueɾ,CVCVVC,nɨvuˈɐjɾu,ne.vu.eɾ,nɨ.vu.ˈɐj.ɾu,eɾ,ɾu,3,4,,VC,CV,nevoeiro,fog,Baptista2019[271-277],
Cape Verdean Sao Vicente,pe,CV,ˈpɛ,pe,ˈpɛ,pe,ˈpɛ,1,1,,CV,CV,pé,foot,Baptista2019[271-277],
Cape Verdean Sao Vicente,kuat,CVVC,ˈkuatɾu,ku.at,ˈkua.tɾu,ku,ˈkua,1,1,,CV,CVV,quatro,four,Baptista2019[271-277],
Cape Verdean Sao Vicente,kuat,CVVC,ˈkuatɾu,ku.at,ˈkua.tɾu,at,tɾu,2,2,,VC,CCV,quatro,four,Baptista2019[271-277],
Cape Verdean Sao Vicente,ʒela,CVCV,ʒɨˈlaɾ,ʒe.la,ʒɨ.ˈlaɾ,ʒe,ʒɨ,1,1,,CV,CV,gelar,freeze,Baptista2019[271-277],
Cape Verdean Sao Vicente,ʒela,CVCV,ʒɨˈlaɾ,ʒe.la,ʒɨ.ˈlaɾ,la,ˈlaɾ,2,2,,CV,CVC,gelar,freeze,Baptista2019[271-277],
Cape Verdean Sao Vicente,fɾuta,CCVCV,ˈfɾutɐ,fɾu.ta,ˈfɾu.tɐ,fɾu,ˈfɾu,1,1,,CCV,CCV,fruta,fruit,Baptista2019[271-277],
Cape Verdean Sao Vicente,fɾuta,CCVCV,ˈfɾutɐ,fɾu.ta,ˈfɾu.tɐ,ta,tɐ,2,2,,CV,CV,fruta,fruit,Baptista2019[271-277],
Cape Verdean Sao Vicente,da,CV,ˈdaɾ,da,ˈdaɾ,da,ˈdaɾ,1,1,,CV,CVC,dar,give,Baptista2019[271-277],
Cape Verdean Sao Vicente,bon,CVC,ˈbõ,bon,ˈbõ,bon,ˈbõ,1,1,,CV,CV,bom,good,Baptista2019[271-277],
Cape Verdean Sao Vicente,eɾva,VCCV,ˈɛɾvɐ,eɾ.va,ˈɛɾ.vɐ,eɾ,ˈɛɾ,1,1,,VC,VC,erva,grass,Baptista2019[271-277],
Cape Verdean Sao Vicente,eɾva,VCCV,ˈɛɾvɐ,eɾ.va,ˈɛɾ.vɐ,va,vɐ,2,2,,CV,CV,erva,grass,Baptista2019[271-277],
Cape Verdean Sao Vicente,paia,CVVV,ˈpaʎɐ,pa.ia,ˈpa.ʎɐ,pa,ˈpa,1,1,,CV,CV,palha,straw,Baptista2019[271-277],
Cape Verdean Sao Vicente,paia,CVVV,ˈpaʎɐ,pa.ia,ˈpa.ʎɐ,ia,ʎɐ,2,2,,VV,CV,palha,straw,Baptista2019[271-277],
Cape Verdean Sao Vicente,veɾd,CVCC,ˈveɾdɨ,veɾ.d,ˈveɾ.dɨ,veɾ,ˈveɾ,1,1,,CVC,CVC,verde,green,Baptista2019[271-277],
Cape Verdean Sao Vicente,veɾd,CVCC,ˈveɾdɨ,veɾ.d,ˈveɾ.dɨ,d,dɨ,2,2,,C,CV,verde,green,Baptista2019[271-277],
Cape Verdean Sao Vicente,tɾipa,CCVCV,ˈtɾipɐ,tɾi.pa,ˈtɾi.pɐ,tɾi,ˈtɾi,1,1,,CCV,CCV,tripa,guts,Baptista2019[271-277],
Cape Verdean Sao Vicente,tɾipa,CCVCV,ˈtɾipɐ,tɾi.pa,ˈtɾi.pɐ,pa,pɐ,2,2,,CV,CV,tripa,guts,Baptista2019[271-277],
Cape Verdean Sao Vicente,kabel,CVCVC,kɐˈbelu,ka.bel,kɐ.ˈbe.lu,ka,kɐ,1,1,,CV,CV,cabelo,hair,Baptista2019[271-277],
Cape Verdean Sao Vicente,kabel,CVCVC,kɐˈbelu,ka.bel,kɐ.ˈbe.lu,bel,ˈbe,2,2,metathesis,CVC,CV,cabelo,hair,Baptista2019[271-277],
Cape Verdean Sao Vicente,kabel,CVCVC,kɐˈbelu,ka.bel,kɐ.ˈbe.lu,-,lu,-,3,metathesis,-,CV,cabelo,hair,Baptista2019[271-277],
Cape Verdean Sao Vicente,mon,CVC,ˈmɐ̃w̃,mon,ˈmɐ̃w̃,mon,ˈmɐ̃w̃,1,1,,CVC,CVg,mão,hand,Baptista2019[271-277],
Cape Verdean Sao Vicente,el,VC,ˈelɨ,el,ˈe.lɨ,el,ˈe,1,1,,VC,V,ele,he,Baptista2019[271-277],
Cape Verdean Sao Vicente,el,VC,ˈelɨ,el,ˈe.lɨ,-,lɨ,-,2,,-,CV,ele,he,Baptista2019[271-277],
Cape Verdean Sao Vicente,kabɛsa,CVCVCV,kɐˈbesɐ,ka.bɛ.sa,kɐ.ˈbe.sɐ,ka,kɐ,1,1,,CV,CV,cabeça,head,Baptista2019[271-277],
Cape Verdean Sao Vicente,kabɛsa,CVCVCV,kɐˈbesɐ,ka.bɛ.sa,kɐ.ˈbe.sɐ,bɛ,ˈbe,2,2,,CV,CV,cabeça,head,Baptista2019[271-277],
Cape Verdean Sao Vicente,kabɛsa,CVCVCV,kɐˈbesɐ,ka.bɛ.sa,kɐ.ˈbe.sɐ,sa,sɐ,3,3,,CV,CV,cabeça,head,Baptista2019[271-277],
Cape Verdean Sao Vicente,uvi,VCV,oˈviɾ,u.vi,o.ˈviɾ,u,o,1,1,,V,V,ouvir,hear,Baptista2019[271-277],
Cape Verdean Sao Vicente,uvi,VCV,oˈviɾ,u.vi,o.ˈviɾ,vi,ˈviɾ,2,2,,CV,CVC,ouvir,hear,Baptista2019[271-277],
Cape Verdean Sao Vicente,koɾason,CVCVCV,kuɾɐˈsɐ̃w̃,ko.ɾa.son,ku.ɾɐ.ˈsɐ̃w̃,ko,ku,1,1,,CV,CV,coração,heart,Baptista2019[271-277],
Cape Verdean Sao Vicente,koɾason,CVCVCV,kuɾɐˈsɐ̃w̃,ko.ɾa.son,ku.ɾɐ.ˈsɐ̃w̃,ɾa,ɾɐ,2,2,,CV,CV,coração,heart,Baptista2019[271-277],
Cape Verdean Sao Vicente,koɾason,CVCVCV,kuɾɐˈsɐ̃w̃,ko.ɾa.son,ku.ɾɐ.ˈsɐ̃w̃,son,ˈsɐ̃w̃,3,3,,CVC,CV,coração,heart,Baptista2019[271-277],
Cape Verdean Sao Vicente,pezod,CVCVC,pɨˈzadu,pe.zo.d,pɨ.ˈza.du,pe,pɨ,1,1,,CV,CV,pesado,hurt,Baptista2019[271-277],
Cape Verdean Sao Vicente,pezod,CVCVC,pɨˈzadu,pe.zo.d,pɨ.ˈza.du,zo,ˈza,2,2,,CV,CV,pesado,hurt,Baptista2019[271-277],
Cape Verdean Sao Vicente,pezod,CVCVC,pɨˈzadu,pe.zo.d,pɨ.ˈza.du,d,du,3,3,,C,CV,pesado,hurt,Baptista2019[271-277],
Cape Verdean Sao Vicente,li,CV,ɐˈli,li,ɐ.ˈli,-,ɐ,-,1,,-,V,ali,here,Baptista2019[271-277],
Cape Verdean Sao Vicente,li,CV,ɐˈli,li,ɐ.ˈli,li,ˈli,1,2,,CV,CV,ali,here,Baptista2019[271-277],
Cape Verdean Sao Vicente,ei,Vg,ɐˈi,ei,ɐ.ˈi,ei,ɐ,1,1,,Vg,V,aí,here,Baptista2019[271-277],
Cape Verdean Sao Vicente,ei,Vg,ɐˈi,ei,ɐ.ˈi,-,ˈi,-,2,,-,V,aí,here,Baptista2019[271-277],
Cape Verdean Sao Vicente,da,CV,da,da,da,da,da,1,1,,CV,CV,dá,hit,Baptista2019[271-277],
Cape Verdean Sao Vicente,lonba,CVCV,ɐɫõˈbaɾ,lon.ba,ɐ.ɫõ.ˈbaɾ,-,ɐ,-,1,,-,V,alombar,hit,Baptista2019[271-277],
Cape Verdean Sao Vicente,lonba,CVCV,ɐɫõˈbaɾ,lon.ba,ɐ.ɫõ.ˈbaɾ,lon,ɫõ,1,2,,CV,CV,alombar,hit,Baptista2019[271-277],
Cape Verdean Sao Vicente,lonba,CVCV,ɐɫõˈbaɾ,lon.ba,ɐ.ɫõ.ˈbaɾ,ba,ˈbaɾ,2,3,,CV,CVC,alombar,hit,Baptista2019[271-277],
Cape Verdean Sao Vicente,suʃte,CVCCV,suʃˈteɾ,suʃ.te,suʃ.ˈteɾ,suʃ,suʃ,1,1,,CVC,CVC,suster,hold,Baptista2019[271-277],
Cape Verdean Sao Vicente,suʃte,CVCCV,suʃˈteɾ,suʃ.te,suʃ.ˈteɾ,te,ˈteɾ,2,2,,CV,CVC,suster,hold,Baptista2019[271-277],
Cape Verdean Sao Vicente,guenta,CVVCV,ɐɡwẽˈtaɾ,gu.en.ta,ɐ.ɡwẽ.ˈtaɾ,gu,ɐ,1,1,,CV,V,aguentar,hold,Baptista2019[271-277],
Cape Verdean Sao Vicente,guenta,CVVCV,ɐɡwẽˈtaɾ,gu.en.ta,ɐ.ɡwẽ.ˈtaɾ,en,ɡwẽ,2,2,,V,CVV,aguentar,hold,Baptista2019[271-277],
Cape Verdean Sao Vicente,guenta,CVVCV,ɐɡwẽˈtaɾ,gu.en.ta,ɐ.ɡwẽ.ˈtaɾ,ta,ˈtaɾ,3,3,,CV,CVC,aguentar,hold,Baptista2019[271-277],
Cape Verdean Sao Vicente,sgeɾa,CCVCV,sɨɡuˈɾaɾ,s.ge.ɾa,sɨ.ɡu.ˈɾaɾ,s,sɨ,1,1,,C,CV,segurar,hold,Baptista2019[271-277],
Cape Verdean Sao Vicente,sgeɾa,CCVCV,sɨɡuˈɾaɾ,s.ge.ɾa,sɨ.ɡu.ˈɾaɾ,ge,ɡu,2,2,,CV,CV,segurar,hold,Baptista2019[271-277],
Cape Verdean Sao Vicente,sgeɾa,CCVCV,sɨɡuˈɾaɾ,s.ge.ɾa,sɨ.ɡu.ˈɾaɾ,ɾa,ˈɾaɾ,3,3,,CV,CVC,segurar,hold,Baptista2019[271-277],
Cape Verdean Sao Vicente,mod,CVC,ˈmɔdu,mo.d,ˈmɔ.du,mo,ˈmɔ,1,1,,CV,CV,modo,how,Baptista2019[271-277],
Cape Verdean Sao Vicente,mod,CVC,ˈmɔdu,mo.d,ˈmɔ.du,d,du,2,2,,C,CV,modo,how,Baptista2019[271-277],
Cape Verdean Sao Vicente,kimaneɾa,CVCVCVCV,kɨmɐˈnejɾɐ,ki.ma.ne.ɾa,kɨ.mɐ.ˈnej.ɾɐ,ki,kɨ,1,1,,CV,CV,que maneira,how,Baptista2019[271-277],
Cape Verdean Sao Vicente,kimaneɾa,CVCVCVCV,kɨmɐˈnejɾɐ,ki.ma.ne.ɾa,kɨ.mɐ.ˈnej.ɾɐ,ma,mɐ,2,2,,CV,CV,que maneira,how,Baptista2019[271-277],
Cape Verdean Sao Vicente,kimaneɾa,CVCVCVCV,kɨmɐˈnejɾɐ,ki.ma.ne.ɾa,kɨ.mɐ.ˈnej.ɾɐ,ne,ˈnej,3,3,,CV,CVg,que maneira,how,Baptista2019[271-277],
Cape Verdean Sao Vicente,kimaneɾa,CVCVCVCV,kɨmɐˈnejɾɐ,ki.ma.ne.ɾa,kɨ.mɐ.ˈnej.ɾɐ,ɾa,ɾɐ,4,4,,CV,CV,que maneira,how,Baptista2019[271-277],
Cape Verdean Sao Vicente,kasa,CVCV,kɐˈsaɾ,ka.sa,kɐ.ˈsaɾ,ka,kɐ,1,1,,CV,CV,caçar,hunt,Baptista2019[271-277],
Cape Verdean Sao Vicente,kasa,CVCV,kɐˈsaɾ,ka.sa,kɐ.ˈsaɾ,sa,ˈsaɾ,2,2,,CV,CVC,caçar,hunt,Baptista2019[271-277],
Cape Verdean Sao Vicente,pega,CVCV,pɨˈɡaɾ,pe.ga,pɨ.ˈɡaɾ,pe,pɨ,1,1,,CV,CV,pegar,hunt,Baptista2019[271-277],
Cape Verdean Sao Vicente,pega,CVCV,pɨˈɡaɾ,pe.ga,pɨ.ˈɡaɾ,ga,ˈɡaɾ,2,2,,CV,CVC,pegar,hunt,Baptista2019[271-277],
Cape Verdean Sao Vicente,meɾid,CVCVC,mɐˈɾidu,me.ɾi.d,mɐ.ˈɾi.du,me,mɐ,1,1,,CV,CV,marido,husband,Baptista2019[271-277],
Cape Verdean Sao Vicente,meɾid,CVCVC,mɐˈɾidu,me.ɾi.d,mɐ.ˈɾi.du,ɾi,ˈɾi,2,2,,CV,CV,marido,husband,Baptista2019[271-277],
Cape Verdean Sao Vicente,meɾid,CVCVC,mɐˈɾidu,me.ɾi.d,mɐ.ˈɾi.du,d,du,3,3,,C,CV,marido,husband,Baptista2019[271-277],
Cape Verdean Sao Vicente,kunpaɲeɾ,CVCVCVC,kõpɐˈɲejɾu,kun.pa.ɲeɾ,kõ.pɐ.ˈɲej.ɾu,kun,kõ,1,1,,CVC,CV,companheiro,husband,Baptista2019[271-277],
Cape Verdean Sao Vicente,kunpaɲeɾ,CVCVCVC,kõpɐˈɲejɾu,kun.pa.ɲeɾ,kõ.pɐ.ˈɲej.ɾu,pa,pɐ,2,2,,CV,CV,companheiro,husband,Baptista2019[271-277],
Cape Verdean Sao Vicente,kunpaɲeɾ,CVCVCVC,kõpɐˈɲejɾu,kun.pa.ɲeɾ,kõ.pɐ.ˈɲej.ɾu,ɲeɾ,ˈɲej,3,3,,CVC,CVg,companheiro,husband,Baptista2019[271-277],
Cape Verdean Sao Vicente,kunpaɲeɾ,CVCVCVC,kõpɐˈɲejɾu,kun.pa.ɲeɾ,kõ.pɐ.ˈɲej.ɾu,-,ɾu,-,4,,-,CV,companheiro,husband,Baptista2019[271-277],
Cape Verdean Sao Vicente,n,C,ɐj̃,n,ɐj̃,n,ɐj̃,1,1,,C,Vg,em,in,Baptista2019[271-277],
Cape Verdean Sao Vicente,ʒel,CVC,ˈʒelu,ʒel,ˈʒe.lu,ʒel,ˈʒe,1,1,,CVC,CV,gelo,ice,Baptista2019[271-277],
Cape Verdean Sao Vicente,ʒel,CVC,ˈʒelu,ʒel,ˈʒe.lu,-,lu,-,2,,-,CV,gelo,ice,Baptista2019[271-277],
Cape Verdean Sao Vicente,se,CV,sɨ,se,sɨ,se,sɨ,1,1,,CV,CV,se,if,Baptista2019[271-277],
Cape Verdean Sao Vicente,dent,CVC,ˈdẽtɾu,den.t,ˈdẽ.tɾu,den,ˈdẽ,1,1,,CVC,CV,dentro,inside,Baptista2019[271-277],
Cape Verdean Sao Vicente,dent,CVC,ˈdẽtɾu,den.t,ˈdẽ.tɾu,t,tɾu,2,2,assimilation,C,CCV,dentro,inside,Baptista2019[271-277],
Cape Verdean Sao Vicente,mata,CVCV,mɐˈtaɾ,ma.ta,mɐ.ˈtaɾ,ma,mɐ,1,1,,CV,CV,matar,kill,Baptista2019[271-277],
Cape Verdean Sao Vicente,mata,CVCV,mɐˈtaɾ,ma.ta,mɐ.ˈtaɾ,ta,ˈtaɾ,2,2,,CV,CVC,matar,kill,Baptista2019[271-277],
Cape Verdean Sao Vicente,konʃe,CVCV ,kuɲɨˈseɾ,kon.ʃe,ku.ɲɨ.ˈseɾ,kon,ku,1,1,,CVC,CV,conhecer,know,Baptista2019[271-277],
Cape Verdean Sao Vicente,konʃe,CVCV,kuɲɨˈseɾ,kon.ʃe,ku.ɲɨ.ˈseɾ,-,ɲɨ,-,2,,-,CV,conhecer,know,Baptista2019[271-277],
Cape Verdean Sao Vicente,konʃe,CVCV,kuɲɨˈseɾ,kon.ʃe,ku.ɲɨ.ˈseɾ,ʃe,ˈseɾ,2,3,,CV,CVC,conhecer,know,Baptista2019[271-277],
Cape Verdean Sao Vicente,sabe,CVCV,sɐˈbeɾ,sa.be,sɐ.ˈbeɾ,sa,sɐ,1,1,,CV,CV,saber,know,Baptista2019[271-277],
Cape Verdean Sao Vicente,sabe,CVCV,sɐˈbeɾ,sa.be,sɐ.ˈbeɾ,be,ˈbeɾ,2,2,,CV,CVC,saber,know,Baptista2019[271-277],
Cape Verdean Sao Vicente,pɔsa,CVCV,ˈposɐ,pɔ.sa,ˈpo.sɐ,pɔ,ˈpo,1,1,,CV,CV,poça,lake,Baptista2019[271-277],
Cape Verdean Sao Vicente,pɔsa,CVCV,ˈposɐ,pɔ.sa,ˈpo.sɐ,sa,sɐ,2,2,,CV,CV,poça,lake,Baptista2019[271-277],
Cape Verdean Sao Vicente,eɾi,VCV,ˈʀiɾ,eɾi,ˈʀiɾ,eɾi,ˈʀiɾ,1,1,,VCV,CVC,rir,laugh,Baptista2019[271-277],
Cape Verdean Sao Vicente,fɔʎa,CVCV,ˈfoʎɐ,fɔ.ʎa,ˈfo.ʎɐ,fɔ,ˈfo,1,1,,CV,CV,folha,leaf,Baptista2019[271-277],
Cape Verdean Sao Vicente,fɔʎa,CVCV,ˈfoʎɐ,fɔ.ʎa,ˈfo.ʎɐ,ʎa,ʎɐ,2,2,,CV,CV,folha,leaf,Baptista2019[271-277],
Cape Verdean Sao Vicente,skeɾda,CCVCCV,iʃˈkeɾdɐ,s.keɾ.da,iʃ.ˈkeɾ.dɐ,s,iʃ,1,1,,C,VC,esquerda,left,Baptista2019[271-277],
Cape Verdean Sao Vicente,skeɾda,CCVCCV,iʃˈkeɾdɐ,s.keɾ.da,iʃ.ˈkeɾ.dɐ,keɾ,ˈkeɾ,2,2,,CVC,CVC,esquerda,left,Baptista2019[271-277],
Cape Verdean Sao Vicente,skeɾda,CCVCCV,iʃˈkeɾdɐ,s.keɾ.da,iʃ.ˈkeɾ.dɐ,da,dɐ,3,3,,CV,CV,esquerda,left,Baptista2019[271-277],
Cape Verdean Sao Vicente,pɛɾna,CVCCV,ˈpɛɾnɐ,pɛɾ.na,ˈpɛɾ.nɐ,pɛɾ,ˈpɛɾ,1,1,,CVC,CVC,perna,leg,Baptista2019[271-277],
Cape Verdean Sao Vicente,pɛɾna,CVCCV,ˈpɛɾnɐ,pɛɾ.na,ˈpɛɾ.nɐ,na,nɐ,2,2,,CV,CV,perna,leg,Baptista2019[271-277],
Cape Verdean Sao Vicente,detɔddlɔd,CVCVCCCVC,dejˈtadudɨˈladu,de.tɔd.d.lɔ.d,dej.ˈta.du.dɨˈla.du,de,dej,1,1,,CV,CVg,deitado de lado,lie,Baptista2019[271-277],
Cape Verdean Sao Vicente,detɔddlɔd,CVCVCCCVC,dejˈtadudɨˈladu,de.tɔd.d.lɔ.d,dej.ˈta.du.dɨˈla.du,tɔd,ˈta,2,2,,CVC,CV,deitado de lado,lie,Baptista2019[271-277],
Cape Verdean Sao Vicente,detɔddlɔd,CVCVCCCVC,dejˈtadudɨˈladu,de.tɔd.d.lɔ.d,dej.ˈta.du.dɨˈla.du,d,du,3,3,,C,CV,deitado de lado,lie,Baptista2019[271-277],
Cape Verdean Sao Vicente,detɔddlɔd,CVCVCCCVC,dejˈtadudɨˈladu,de.tɔd.d.lɔ.d,dej.ˈta.du.dɨˈla.du,lɔ,dɨ,4,4,,CV,CV,deitado de lado,lie,Baptista2019[271-277],
Cape Verdean Sao Vicente,detɔddlɔd,CVCVCCCVC,dejˈtadudɨˈladu,de.tɔd.d.lɔ.d,dej.ˈta.du.dɨˈla.du,d,ˈla,5,5,,C,CV,deitado de lado,lie,Baptista2019[271-277],
Cape Verdean Sao Vicente,detɔddlɔd,CVCVCCCVC,dejˈtadudɨˈladu,de.tɔd.d.lɔ.d,dej.ˈta.du.dɨˈla.du,-,du,-,6,,-,CV,deitado de lado,lie,Baptista2019[271-277],
Cape Verdean Sao Vicente,moɾa,CVCV,muˈɾaɾ,mo.ɾa,mu.ˈɾaɾ,mo,mu,1,1,,CV,CV,morar,live,Baptista2019[271-277],
Cape Verdean Sao Vicente,moɾa,CVCV,muˈɾaɾ,mo.ɾa,mu.ˈɾaɾ,ɾa,ˈɾaɾ,2,2,,CV,CVC,morar,live,Baptista2019[271-277],
Cape Verdean Sao Vicente,vive,CVCV,viˈveɾ,vi.ve,viˈ.veɾ,vi,vi,1,1,,CV,CV,viver,live,Baptista2019[271-277],
Cape Verdean Sao Vicente,vive,CVCV,viˈveɾ,vi.ve,vi.ˈveɾ,ve,ˈveɾ,2,2,,CV,CVC,viver,live,Baptista2019[271-277],
Cape Verdean Sao Vicente,fig,CVC,ˈfiɡɐdu,fig,ˈfi.ɡɐ.du,fig,ˈfi,1,1,,CVC,CV,fígado,liver,Baptista2019[271-277],
Cape Verdean Sao Vicente,fig,CVC,ˈfiɡɐdu,fig,ˈfi.ɡɐ.du,-,ɡɐ,-,2,,-,CV,fígado,liver,Baptista2019[271-277],
Cape Verdean Sao Vicente,fig,CVC,ˈfiɡɐdu,fig,ˈfi.ɡɐ.du,-,du,-,3,,-,CV,fígado,liver,Baptista2019[271-277],
Cape Verdean Sao Vicente,kunpɾid,CVCCVC,kõˈpɾidu,kun.pɾi.d,Kõ.ˈpɾi.du,kun,Kõ,1,1,,CV,CV,comprido,long,Baptista2019[271-277],
Cape Verdean Sao Vicente,kunpɾid,CVCCVC,kõˈpɾidu,kun.pɾi.d,Kõ.ˈpɾi.du,pɾi,ˈpɾi,2,2,,CCV,CCV,comprido,long,Baptista2019[271-277],
Cape Verdean Sao Vicente,kunpɾid,CVCCVC,kõˈpɾidu,kun.pɾi.d,Kõ.ˈpɾi.du,d,du,3,3,,C,CV,comprido,long,Baptista2019[271-277],
Cape Verdean Sao Vicente,gɾande,CCVCV,ˈɡɾɐ̃dɨ,gɾan.de,ˈɡɾɐ̃.dɨ,gɾan,ˈɡɾɐ̃,1,1,,CCV,CCV,grande,long,Baptista2019[271-277],
Cape Verdean Sao Vicente,gɾande,CCVCV,ˈɡɾɐ̃dɨ,gɾan.de,ˈɡɾɐ̃.dɨ,de,dɨ,2,2,,CV,CV,grande,long,Baptista2019[271-277],
Cape Verdean Sao Vicente,pioi,CVVg,ˈpioʎu,pi.oj,ˈpi.o.ʎu,pi,ˈpi,1,1,,CV,CV,piolho,lice,Baptista2019[271-277],
Cape Verdean Sao Vicente,pioi,CVVg,ˈpioʎu,pi.oj,ˈpi.o.ʎu,oj,o,2,2,metathesis,Vg,V,piolho,lice,Baptista2019[271-277],
Cape Verdean Sao Vicente,pioi,CVVg,ˈpioʎu,pi.oj,ˈpi.o.ʎu,-,ʎu,-,3,metathesis,-,CV,piolho,lice,Baptista2019[271-277],
Cape Verdean Sao Vicente,ome,VCV,ˈɔm,ome,ˈɔm,ome,ˈɔm,1,1,,VCV,VC,homem,man,Baptista2019[271-277],
Cape Verdean Sao Vicente,t̠ʃeu,CCVg,ˈʃɐju,t̠ʃe.u,ˈʃɐj.u,t̠ʃe,ˈʃɐj,1,1,,CCV,CVC,cheio,many,Baptista2019[271-277],
Cape Verdean Sao Vicente,t̠ʃeu,CCVg,ˈʃɐju,t̠ʃe.u,ˈʃɐj.u,u,u,2,2,,V,V,cheio,many,Baptista2019[271-277],
Cape Verdean Sao Vicente,bastent,CVCCVC,bɐʃˈtɐ̃tɨ,bas.ten.t,bɐʃ.ˈtɐ̃.tɨ,bas,bɐʃ,1,1,,CVC,CVC,bastante,many,Baptista2019[271-277],
Cape Verdean Sao Vicente,bastent,CVCCVC,bɐʃˈtɐ̃tɨ,bas.ten.t,bɐʃ.ˈtɐ̃.tɨ,ten,ˈtɐ̃,2,2,,CV,CV,bastante,many,Baptista2019[271-277],
Cape Verdean Sao Vicente,bastent,CVCCVC,bɐʃˈtɐ̃tɨ,bas.ten.t,bɐʃ.ˈtɐ̃.tɨ,t,tɨ,3,3,,C,CV,bastante,many,Baptista2019[271-277],
Cape Verdean Sao Vicente,kaɾ,CVC,ˈkaɾnɨ,kaɾ,ˈkaɾ.nɨ,kaɾ,ˈkaɾ,1,1,,CVC,CVC,carne,meat,Baptista2019[271-277],
Cape Verdean Sao Vicente,kaɾ,CVC,ˈkaɾnɨ,kaɾ,ˈkaɾ.nɨ,-,nɨ,-,2,,-,CV,carne,meat,Baptista2019[271-277],
Cape Verdean Sao Vicente,mai,CVg,ˈmɐ̃j̃,mai,ˈmɐ̃j̃,mai,ˈmɐ̃j̃,1,1,,CVg,CV,mãe,mother,Baptista2019[271-277],
Cape Verdean Sao Vicente,mont,CVC,ˈmõtɨ,mon.t,ˈmõ.tɨ,mon,ˈmõ,1,1,,CV,CV,monte,moutain,Baptista2019[271-277],
Cape Verdean Sao Vicente,mont,CVC,ˈmõtɨ,mon.t,ˈmõ.tɨ,t,tɨ,2,2,assimilation,C,CV,monte,moutain,Baptista2019[271-277],
Cape Verdean Sao Vicente,bɔka,CVCV,ˈbokɐ,bɔ.ka,ˈbo.kɐ,bɔ,ˈbo,1,1,,CV,CV,boca,mouth,Baptista2019[271-277],
Cape Verdean Sao Vicente,bɔka,CVCV,ˈbokɐ,bɔ.ka,ˈbo.kɐ,ka,kɐ,2,2,,CV,CV,boca,mouth,Baptista2019[271-277],
Cape Verdean Sao Vicente,nom,CVC,ˈnomɨ,nom,ˈno.mɨ,nom,ˈno,1,1,,CVC,CV,nome,name,Baptista2019[271-277],
Cape Verdean Sao Vicente,nom,CVC,ˈnomɨ,nom,ˈno.mɨ,-,mɨ,-,2,,-,CV,nome,name,Baptista2019[271-277],
Cape Verdean Sao Vicente,stɾet,CCCVC,iʃˈtɾɐjtu,s.tɾe.t,iʃ.ˈtɾɐj.tu,s,iʃ,1,1,,C,VC,estreito,narrow,Baptista2019[271-277],
Cape Verdean Sao Vicente,stɾet,CCCVC,iʃˈtɾɐjtu,s.tɾe.t,iʃ.ˈtɾɐj.tu,tɾe,ˈtɾɐj,2,2,,CCV,CCVg,estreito,narrow,Baptista2019[271-277],
Cape Verdean Sao Vicente,stɾet,CCCVC,iʃˈtɾɐjtu,s.tɾe.t,iʃ.ˈtɾɐj.tu,t,tu,3,3,,C,CV,estreito,narrow,Baptista2019[271-277],
Cape Verdean Sao Vicente,peɾtɔd,CVCCVC,ɐpɨɾˈtadu,peɾ.tɔd,ɐ.pɨɾ.ˈta.du,-,ɐ,-,1,,-,V,apertado,narrow,Baptista2019[271-277],
Cape Verdean Sao Vicente,peɾtɔd,CVCCVC,ɐpɨɾˈtadu,peɾ.tɔd,ɐ.pɨɾ.ˈta.du,peɾ,pɨɾ,1,2,,CVC,CVC,apertado,narrow,Baptista2019[271-277],
Cape Verdean Sao Vicente,peɾtɔd,CVCCVC,ɐpɨɾˈtadu,peɾ.tɔd,ɐ.pɨɾ.ˈta.du,tɔd,ˈta,2,3,,CVC,CV,apertado,narrow,Baptista2019[271-277],
Cape Verdean Sao Vicente,peɾtɔd,CVCCVC,ɐpɨɾˈtadu,peɾ.tɔd,ɐ.pɨɾ.ˈta.du,-,du,-,4,,-,CV,apertado,narrow,Baptista2019[271-277],
Cape Verdean Sao Vicente,peɾt,CVCC,ˈpɛɾtu,peɾ.t,ˈpɛɾ.tu,peɾ,ˈpɛɾ,1,1,,CVC,CVC,perto,near,Baptista2019[271-277],
Cape Verdean Sao Vicente,peɾt,CVCC,ˈpɛɾtu,peɾ.t,ˈpɛɾ.tu,t,tu,2,2,,C,CV,perto,near,Baptista2019[271-277],
Cape Verdean Sao Vicente,d̠ʒunt,CCVC,ˈʒũtu,d̠ʒun.t,ˈʒũ.tu,d̠ʒun,ˈʒũ,1,1,,CCVC,CV,junto,near,Baptista2019[271-277],
Cape Verdean Sao Vicente,d̠ʒunt,CCVC,ˈʒũtu,d̠ʒun.t,ˈʒũ.tu,t,tu,2,2,,C,CV,junto,near,Baptista2019[271-277],
Cape Verdean Sao Vicente,peskos,CVCCVC,pɨʃˈkosu,pes.kos,pɨʃ.ˈko.su,pes,pɨʃ,1,1,,CVC,CVC,pescoço,neck,Baptista2019[271-277],
Cape Verdean Sao Vicente,peskos,CVCCVC,pɨʃˈkosu,pes.kos,pɨʃ.ˈko.su,kos,ˈko,2,2,,CVC,CV,pescoço,neck,Baptista2019[271-277],
Cape Verdean Sao Vicente,peskos,CVCCVC,pɨʃˈkosu,pes.kos,pɨʃ.ˈko.su,-,su,-,3,metathesis,-,CV,pescoço,neck,Baptista2019[271-277],
Cape Verdean Sao Vicente,nov,CVC,ˈnovu,nov,ˈno.vu,nov,ˈno,1,1,,CVC,CV,novo,new,Baptista2019[271-277],
Cape Verdean Sao Vicente,nov,CVC,ˈnovu,nov,ˈno.vu,-,vu,-,2,,-,CV,novo,new,Baptista2019[271-277],
Cape Verdean Sao Vicente,dnot,CCVC,ˈdɨ 'nojtɨ,d.not,ˈdɨ 'noj.tɨ,d,ˈdɨ,1,1,,C,CV,de noite,night,Baptista2019[271-277],
Cape Verdean Sao Vicente,dnot,CCVC,ˈdɨ 'nojtɨ,d.not,ˈdɨ 'noj.tɨ,not,noj,2,2,,CVC,CVg,de noite,night,Baptista2019[271-277],
Cape Verdean Sao Vicente,dnot,CCVC,ˈdɨ 'nojtɨ,d.not,ˈdɨ 'noj.tɨ,-,tɨ,-,3,,-,CV,de noite,night,Baptista2019[271-277],
Cape Verdean Sao Vicente,skuɾ,CCVC,iʃˈkuɾu,skuɾ,iʃ.ˈku.ɾu,skuɾ,iʃ,1,1,,CCVC,VC,escuro,night,Baptista2019[271-277],
Cape Verdean Sao Vicente,skuɾ,CCVC,iʃˈkuɾu,skuɾ,iʃ.ˈku.ɾu,-,ˈku,-,2,,-,CV,escuro,night,Baptista2019[271-277],
Cape Verdean Sao Vicente,skuɾ,CCVC,iʃˈkuɾu,skuɾ,iʃ.ˈku.ɾu,-,ɾu,-,3,,-,CV,escuro,night,Baptista2019[271-277],
Cape Verdean Sao Vicente,neɾis,CVCVC,nɐˈɾiʃ,ne.ɾis,nɐ.ˈɾiʃ,ne,nɐ,1,1,,CV,CV,nariz,nose,Baptista2019[271-277],
Cape Verdean Sao Vicente,neɾis,CVCVC,nɐˈɾiʃ,ne.ɾis,nɐ.ˈɾiʃ,ɾis,ˈɾiʃ,2,2,,CVC,CVC,nariz,nose,Baptista2019[271-277],
Cape Verdean Sao Vicente,no,CV,ˈnɐ̃w̃,no,ˈnɐ̃w̃,no,ˈnɐ̃w̃,1,1,,CV,CVg,não,no,Baptista2019[271-277],
Cape Verdean Sao Vicente,bed̠ʒ,CVCC,ˈveʎu,be.d̠ʒ,ˈve.ʎu,be,ˈve,1,1,,CV,CV,velho,old,Baptista2019[271-277],
Cape Verdean Sao Vicente,bed̠ʒ,CVCC,ˈveʎu,be.d̠ʒ,ˈve.ʎu,d̠ʒ,ʎu,2,2,dissimilation,CV,CV,velho,old,Baptista2019[271-277],
Cape Verdean Sao Vicente,uzɔd,VCVC,uˈzadu,u.zɔ.d,u.ˈza.du,u,u,1,1,,V,V,usado,old,Baptista2019[271-277],
Cape Verdean Sao Vicente,uzɔd,VCVC,uˈzadu,u.zɔ.d,u.ˈza.du,zɔ,ˈza,2,2,,CV,CV,usado,old,Baptista2019[271-277],
Cape Verdean Sao Vicente,uzɔd,VCVC,uˈzadu,u.zɔ.d,u.ˈza.du,d,du,3,3,metathesis,C,CV,usado,old,Baptista2019[271-277],
Cape Verdean Sao Vicente,antig,VCVC,ɐ̃ˈtiɡu,an.tig,ɐ̃.ˈti.ɡu,-,ɐ̃,-,1,,-,V,antigo,old,Baptista2019[271-277],
Cape Verdean Sao Vicente,antig,VCVC,ɐ̃ˈtiɡu,an.tig,ɐ̃.ˈti.ɡu,an,ˈti,1,2,,V,CV,antigo,old,Baptista2019[271-277],
Cape Verdean Sao Vicente,antig,VCVC,ɐ̃ˈtiɡu,an.tig,ɐ̃.ˈti.ɡu,tig,ɡu,2,3,assimilation,CVC,CV,antigo,old,Baptista2019[271-277],
Cape Verdean Sao Vicente,un,VC,ũ,un,ũ,un,ũ,1,1,assimilation,V,V,um,one,Baptista2019[271-277],
Cape Verdean Sao Vicente,ot,VC,ˈowtɾu,ot,ˈow.tɾu,ot,ˈow,1,1,,VC,V,outro,other,Baptista2019[271-277],
Cape Verdean Sao Vicente,ot,VC,ˈowtɾu,ot,ˈow.tɾu,-,tɾu,-,2,,-,CCV,outro,other,Baptista2019[271-277],
Cape Verdean Sao Vicente,psoa,CCVV,pɨˈsoɐ,p.so.a,pɨ.ˈso.ɐ,p,pɨ,1,1,,C,CV,pessoa,person,Baptista2019[271-277],
Cape Verdean Sao Vicente,psoa,CCVV,pɨˈsoɐ,p.so.a,pɨ.ˈso.ɐ,so,ˈso,2,2,,CV,CV,pessoa,person,Baptista2019[271-277],
Cape Verdean Sao Vicente,psoa,CCVV,pɨˈsoɐ,p.so.a,pɨ.ˈso.ɐ,a,ɐ,3,3,metathesis,V,V,pessoa,person,Baptista2019[271-277],
Cape Verdean Sao Vicente,ʒga,CCV,ʒuˈgaɾ,ʒ.ga,ʒu.ˈgaɾ,ʒ,ʒu,1,1,,C,CV,jogar,play,Baptista2019[271-277],
Cape Verdean Sao Vicente,ʒga,CCV,ʒuˈgaɾ,ʒ.ga,ʒu.ˈgaɾ,ga,ˈgaɾ,2,2,metathesis,CV,CVC,jogar,play,Baptista2019[271-277],
Cape Verdean Sao Vicente,pʃa,CCV,puˈʃaɾ,pʃa,pu.ˈʃaɾ,pʃa,pu,1,1,,CCV,CV,puxar,pull,Baptista2019[271-277],
Cape Verdean Sao Vicente,pʃa,CCV,puˈʃaɾ,pʃa,pu.ˈʃaɾ,-,ˈʃaɾ,-,2,metathesis,-,CVC,puxar,pull,Baptista2019[271-277],
Cape Verdean Sao Vicente,pint̠ʃa,CVCCV,pĩˈʃaɾ,pin.t̠ʃa,pĩ.ˈʃaɾ,pin,pĩ,1,1,,CV,CV,pinchar,push,Baptista2019[271-277],
Cape Verdean Sao Vicente,pint̠ʃa,CVCCV,pĩˈʃaɾ,pin.t̠ʃa,pĩ.ˈʃaɾ,t̠ʃa,ˈʃaɾ,2,2,assimilation,CCV,CVC,pinchar,push,Baptista2019[271-277],
Cape Verdean Sao Vicente,inpuɾa,VCVCV,ẽpuˈʀaɾ,in.pu.ɾa,ẽ.pu.ˈʀaɾ,in,ẽ,1,1,,V,V,empurrar,push,Baptista2019[271-277],
Cape Verdean Sao Vicente,inpuɾa,VCVCV,ẽpuˈʀaɾ,in.pu.ɾa,ẽ.pu.ˈʀaɾ,pu,pu,2,2,,CV,CV,empurrar,push,Baptista2019[271-277],
Cape Verdean Sao Vicente,inpuɾa,VCVCV,ẽpuˈʀaɾ,in.pu.ɾa,ẽ.pu.ˈʀaɾ,ɾa,ˈʀaɾ,3,3,assimilation,CV,CVC,empurrar,push,Baptista2019[271-277],
Cape Verdean Sao Vicente,dat̠ʃuva,CVCCVCV,ʃuˈveɾ,da.t̠ʃu.va,ʃu.ˈveɾ,da,-,1,-,,CV,,chover,rain,Baptista2019[271-277],
Cape Verdean Sao Vicente,dat̠ʃuva,CVCCVCV,ʃuˈveɾ,da.t̠ʃu.va,ʃu.ˈveɾ,t̠ʃu,ʃu,2,1,,CCV,CV,chover,rain,Baptista2019[271-277],
Cape Verdean Sao Vicente,dat̠ʃuva,CVCCVCV,ʃuˈveɾ,da.t̠ʃu.va,ʃu.ˈveɾ,va,ˈveɾ,3,2,,CV,CVC,chover,rain,Baptista2019[271-277],
Cape Verdean Sao Vicente,bɾumed̠ʒ,CCVCVCC,vɨɾˈmɐjʎu,bɾu.me.d̠ʒ,Vɨɾ.ˈmɐj.ʎu,bɾu,Vɨɾ,1,1,,CCV,CVC,vermelho,red,Baptista2019[271-277],
Cape Verdean Sao Vicente,bɾumed̠ʒ,CCVCVCC,vɨɾˈmɐjʎu,bɾu.me.d̠ʒ,Vɨɾ.ˈmɐj.ʎu,me,ˈmɐj,2,2,,CV,CVg,vermelho,red,Baptista2019[271-277],
Cape Verdean Sao Vicente,bɾumed̠ʒ,CCVCVCC,vɨɾˈmɐjʎu,bɾu.me.d̠ʒ,Vɨɾ.ˈmɐj.ʎu,d̠ʒ,ʎu,3,3,dissimilation,CC,CV,vermelho,red,Baptista2019[271-277],
Cape Verdean Sao Vicente,dɾet,CCVC,diˈɾɐjtu,dɾe.t,di.ˈɾɐj.tu,dɾe,di,1,1,,CCV,CV,direito,right,Baptista2019[271-277],
Cape Verdean Sao Vicente,dɾet,CCVC,diˈɾɐjtu,dɾe.t,di.ˈɾɐj.tu,-,ˈɾɐj,-,2,,-,CVg,direito,right,Baptista2019[271-277],
Cape Verdean Sao Vicente,dɾet,CCVC,diˈɾɐjtu,dɾe.t,di.ˈɾɐj.tu,t,tu,2,3,,C,CV,direito,right,Baptista2019[271-277],
Cape Verdean Sao Vicente,dɾeita,CCVgCV,diˈɾɐjtɐ,dɾej.ta,di.ˈɾɐj.tɐ,-,di,-,1,,-,CV,direita,right hand,Baptista2019[271-277],
Cape Verdean Sao Vicente,dɾeita,CCVgCV,diˈɾɐjtɐ,dɾej.ta,di.ˈɾɐj.tɐ,dɾej,ˈɾɐj,1,2,,CCVg,CVg,direita,right hand,Baptista2019[271-277],
Cape Verdean Sao Vicente,dɾeita,CCVgCV,diˈɾɐjtɐ,dɾej.ta,di.ˈɾɐj.tɐ,ta,tɐ,2,3,metathesis,CV,CV,direita,right hand,Baptista2019[271-277],
Cape Verdean Sao Vicente,ɾiu,CVg,ˈʀiu,ɾiu,ˈʀiu,ɾiu,ˈʀiu,1,1,,CVg,CVg,rio,river,Baptista2019[271-277],
Cape Verdean Sao Vicente,stɾada,CCCVCV,iʃˈtɾadɐ,stɾa.da,iʃ.ˈtɾa.dɐ,-,iʃ,-,1,,-,VC,estrada,road,Baptista2019[271-277],
Cape Verdean Sao Vicente,stɾada,CCCVCV,iʃˈtɾadɐ,stɾa.da,iʃ.ˈtɾa.dɐ,stɾa,ˈtɾa,1,2,,CCCV,CCV,estrada,road,Baptista2019[271-277],
Cape Verdean Sao Vicente,stɾada,CCCVCV,iʃˈtɾadɐ,stɾa.da,iʃ.ˈtɾa.dɐ,da,dɐ,2,3,metathesis,CV,CV,estrada,road,Baptista2019[271-277],
Cape Verdean Sao Vicente,ɾeis,CVgC,ʀɐˈiʃ,ɾe.is,ʀɐ.ˈiʃ,ɾe,ʀɐ,1,1,,CV,CV,raiz,root,Baptista2019[271-277],
Cape Verdean Sao Vicente,ɾeis,CVgC,ʀɐˈiʃ,ɾe.is,ʀɐ.ˈiʃ,is,ˈiʃ,2,2,,VC,VC,raiz,root,Baptista2019[271-277],
Cape Verdean Sao Vicente,kɔɾda,CVCCV,ˈkɔɾdɐ,kɔɾ.da,ˈkɔɾ.dɐ,kɔɾ,ˈkɔɾ,1,1,,CVC,CVC,corda,rope,Baptista2019[271-277],
Cape Verdean Sao Vicente,kɔɾda,CVCCV,ˈkɔɾdɐ,kɔɾ.da,ˈkɔɾ.dɐ,da,dɐ,2,2,,CV,CV,corda,rope,Baptista2019[271-277],
Cape Verdean Sao Vicente,stɾagɔd,CCCVCVC,ʃtɾɐˈgadu,s.tɾa.gɔ.d,ʃ.tɾɐ.ˈga.du,s,ʃ,1,1,,C,C,estragado,rotten,Baptista2019[271-277],
Cape Verdean Sao Vicente,stɾagɔd,CCCVCVC,ʃtɾɐˈgadu,s.tɾa.gɔ.d,ʃ.tɾɐ.ˈga.du,tɾa,tɾɐ,2,2,,CCV,CCV,estragado,rotten,Baptista2019[271-277],
Cape Verdean Sao Vicente,stɾagɔd,CCCVCVC,ʃtɾɐˈgadu,s.tɾa.gɔ.d,ʃ.tɾɐ.ˈga.du,gɔ,ˈga,3,3,,CV,CV,estragado,rotten,Baptista2019[271-277],
Cape Verdean Sao Vicente,stɾagɔd,CCCVCVC,ʃtɾɐˈgadu,s.tɾa.gɔ.d,ʃ.tɾɐ.ˈga.du,d,du,4,4,metathesis,C,CV,estragado,rotten,Baptista2019[271-277],
Cape Verdean Sao Vicente,podɾ,CVCC,ˈpodɾɨ,po.dɾ,ˈpo.dɾɨ,po,ˈpo,1,1,,CV,CV,podre,rotten,Baptista2019[271-277],
Cape Verdean Sao Vicente,podɾ,CVCC,ˈpodɾɨ,po.dɾ,ˈpo.dɾɨ,dɾ,dɾɨ,2,2,,CC,CCV,podre,rotten,Baptista2019[271-277],
Cape Verdean Sao Vicente,sfɾega,CCCVCV,iʃfɾɨˈɡaɾ,s.fɾe.ga,iʃ.fɾɨ.ˈɡaɾ,s,iʃ,1,1,,C,VC,esfregar,rub,Baptista2019[271-277],
Cape Verdean Sao Vicente,sfɾega,CCCVCV,iʃfɾɨˈɡaɾ,s.fɾe.ga,iʃ.fɾɨ.ˈɡaɾ,fɾe,fɾɨ,2,2,,CCV,CCV,esfregar,rub,Baptista2019[271-277],
Cape Verdean Sao Vicente,sfɾega,CCCVCV,iʃfɾɨˈɡaɾ,s.fɾe.ga,iʃ.fɾɨ.ˈɡaɾ,ga,ˈɡaɾ,3,3,,CV,CVC,esfregar,rub,Baptista2019[271-277],
Cape Verdean Sao Vicente,ʃuɾia,CVCVg,ẽʃuˈɡaɾ,ʃu.ɾi.a,ẽ.ʃu.ˈɡaɾ,ʃu,ẽ,1,1,,CV,V,enxugar,rub,Baptista2019[271-277],
Cape Verdean Sao Vicente,ʃuɾia,CVCVg,ẽʃuˈɡaɾ,ʃu.ɾi.a,ẽ.ʃu.ˈɡaɾ,ɾia,ʃu,2,2,,CVV,CV,enxugar,rub,Baptista2019[271-277],
Cape Verdean Sao Vicente,ʃuɾia,CVCVg,ẽʃuˈɡaɾ,ʃu.ɾi.a,ẽ.ʃu.ˈɡaɾ,a,ˈɡaɾ,3,3,,V,CVC,enxugar,rub,Baptista2019[271-277],
Cape Verdean Sao Vicente,sal,CVC,ˈsal,sal,ˈsal,sal,ˈsal,1,1,,CVC,CVC,sal,salt,Baptista2019[271-277],
Cape Verdean Sao Vicente,aɾea,VCVV,ɐˈɾɐjɐ,a.ɾe.a,ɐ.ˈɾɐj.ɐ,a,ɐ,1,1,,V,V,areia,sand,Baptista2019[271-277],
Cape Verdean Sao Vicente,aɾea,VCVV,ɐˈɾɐjɐ,a.ɾe.a,ɐ.ˈɾɐj.ɐ,ɾe,ˈɾɐj,2,2,,CV,CVg,areia,sand,Baptista2019[271-277],
Cape Verdean Sao Vicente,aɾea,VCVV,ɐˈɾɐjɐ,a.ɾe.a,ɐ.ˈɾɐj.ɐ,a,ɐ,3,3,,V,V,areia,sand,Baptista2019[271-277],
Cape Verdean Sao Vicente,dze,CCV,diˈzeɾ,dze,di.ˈzeɾ,dze,di,1,1,metathesis,CCV,CV,dizer,say,Baptista2019[271-277],
Cape Verdean Sao Vicente,dze,CCV,diˈzeɾ,dze,di.ˈzeɾ,-,ˈzeɾ,-,2,metathesis,-,CVC,dizer,say,Baptista2019[271-277],
Cape Verdean Sao Vicente,kosa,CVCV,kuˈsaɾ,ko.sa,ku.ˈsaɾ,ko,ku,1,1,,CV,CV,coçar,scratch,Baptista2019[271-277],
Cape Verdean Sao Vicente,kosa,CVCV,kuˈsaɾ,ko.sa,ku.ˈsaɾ,sa,ˈsaɾ,2,2,,CV,CVC,coçar,scratch,Baptista2019[271-277],
Cape Verdean Sao Vicente,maɾ,CVC,ˈmaɾ,maɾ,ˈmaɾ,maɾ,ˈmaɾ,1,1,,CVC,CVC,mar,sea,Baptista2019[271-277],
Cape Verdean Sao Vicente,oja,VgV,ɔˈʎaɾ,oj.a,ɔ.ˈʎaɾ,o,ɔ,1,1,,V,V,olhar,see,Baptista2019[271-277],
Cape Verdean Sao Vicente,oja,VgV,ɔˈʎaɾ,oj.a,ɔ.ˈʎaɾ,ja,ˈʎaɾ,2,2,,CV,CVC,olhar,see,Baptista2019[271-277],
Cape Verdean Sao Vicente,spia,CCVg,iʃˈpiaɾ,s.pi.a,iʃ.ˈpi.aɾ,s,iʃ,1,1,,C,VC,espiar,see,Baptista2019[271-277],
Cape Verdean Sao Vicente,spia,CCVg,iʃˈpiaɾ,s.pi.a,iʃ.ˈpi.aɾ,pi,ˈpi,2,2,,CV,CV,espiar,see,Baptista2019[271-277],
Cape Verdean Sao Vicente,spia,CCVg,iʃˈpiaɾ,s.pi.a,iʃ.ˈpi.aɾ,a,aɾ,3,3,,V,VC,espiar,see,Baptista2019[271-277],
Cape Verdean Sao Vicente,sment,CCVC,sɨˈmẽtɨ,s.men.t,sɨ.ˈmẽ.tɨ,s,sɨ,1,1,,C,CV,semente,seed,Baptista2019[271-277],
Cape Verdean Sao Vicente,sment,CCVC,sɨˈmẽtɨ,s.men.t,sɨ.ˈmẽ.tɨ,men,ˈmẽ,2,2,,CV,CV,semente,seed,Baptista2019[271-277],
Cape Verdean Sao Vicente,sment,CCVC,sɨˈmẽtɨ,s.men.t,sɨ.ˈmẽ.tɨ,t,tɨ,3,3,assimilation,C,CV,semente,seed,Baptista2019[271-277],
Cape Verdean Sao Vicente,kozɛ,CVCV,kuˈzeɾ,ko.zɛ,ku.ˈzeɾ,ko,ku,1,1,metathesis,CV,CV,cozer,sew / cook,Baptista2019[271-277],
Cape Verdean Sao Vicente,kozɛ,CVCV,kuˈzeɾ,ko.zɛ,ku.ˈzeɾ,zɛ,ˈzeɾ,2,2,,CV,CVC,cozer,sew / cook,Baptista2019[271-277],
Cape Verdean Sao Vicente,molɔd,CVCVC,ɐmuˈɫadu,mol.ɔ.d,ɐ.mu.ˈɫa.du,-,ɐ,-,1,,-,V,amolado,sharp,Baptista2019[271-277],
Cape Verdean Sao Vicente,molɔd,CVCVC,ɐmuˈɫadu,mol.ɔ.d,ɐ.mu.ˈɫa.du,mol,mu,1,2,,CVC,CV,amolado,sharp,Baptista2019[271-277],
Cape Verdean Sao Vicente,molɔd,CVCVC,ɐmuˈɫadu,mol.ɔ.d,ɐ.mu.ˈɫa.du,ɔ,ˈɫa,2,3,,V,CV,amolado,sharp,Baptista2019[271-277],
Cape Verdean Sao Vicente,molɔd,CVCVC,ɐmuˈɫadu,mol.ɔ.d,ɐ.mu.ˈɫa.du,d,du,3,4,,C,CV,amolado,sharp,Baptista2019[271-277],
Cape Verdean Sao Vicente,piknin,CVCCV,pɨkɨˈninu,pik.nin,pɨ.kɨ.ˈni.nu,pik,pɨ,1,1,,CVC,CV,pequenote,short,Baptista2019[271-277],
Cape Verdean Sao Vicente,piknin,CVCCV,pɨkɨˈninu,pik.nin,pɨ.kɨ.ˈni.nu,-,kɨ,-,2,,-,CV,pequenino,short,Baptista2019[271-277],
Cape Verdean Sao Vicente,piknin,CVCCV,pɨkɨˈninu,pik.nin,pɨ.kɨ.ˈni.nu,nin,ˈni,2,3,,CVC,CV,pequenino,short,Baptista2019[271-277],
Cape Verdean Sao Vicente,piknin,CVCCV,pɨkɨˈninu,pik.nin,pɨ.kɨ.ˈni.nu,-,nu,-,4,,-,CV,pequenino,short,Baptista2019[271-277],
Cape Verdean Sao Vicente,kuɾt,CVCC,ˈkuɾtu,kuɾ.t,ˈkuɾ.tu,kuɾ,ˈkuɾ,1,1,,CVC,CVC,curto,short,Baptista2019[271-277],
Cape Verdean Sao Vicente,kuɾt,CVCC,ˈkuɾtu,kuɾ.t,ˈkuɾ.tu,t,tu,2,2,,C,CV,curto,short,Baptista2019[271-277],
Cape Verdean Sao Vicente,kanta,CVCV,kɐ̃ˈtaɾ,kan.ta,kɐ̃.ˈtaɾ,kan,kɐ̃,1,1,,CVC,CV,cantar,sing,Baptista2019[271-277],
Cape Verdean Sao Vicente,kanta,CVCV,kɐ̃ˈtaɾ,kan.ta,kɐ̃.ˈtaɾ,ta,ˈtaɾ,2,2,assimilation,CV,CVC,cantar,sing,Baptista2019[271-277],
Cape Verdean Sao Vicente,senta,CVCV,sẽˈtaɾ,sen.ta,sẽ.ˈtaɾ,sen,sẽ,1,1,,CV,CV,sentar,sit,Baptista2019[271-277],
Cape Verdean Sao Vicente,senta,CVCV,sẽˈtaɾ,sen.ta,sẽ.ˈtaɾ,ta,ˈtaɾ,2,2,assimilation,CV,CVC,sentar,sit,Baptista2019[271-277],
Cape Verdean Sao Vicente,pel,CVC,ˈpɛlɨ,pel,ˈpɛ.lɨ,pel,ˈpɛ,1,1,,CVC,CV,pele,skin,Baptista2019[271-277],
Cape Verdean Sao Vicente,pel,CVC,ˈpɛlɨ,pel,ˈpɛ.lɨ,-,lɨ,-,2,,-,CV,pele,skin,Baptista2019[271-277],
Cape Verdean Sao Vicente,sɛu,CVg,ˈsɛw,sɛu,ˈsɛw,sɛu,ˈsɛw,1,1,,CVg,CVg,céu,sky,Baptista2019[271-277],
Cape Verdean Sao Vicente,konʃe,CVCV,kuɲɨˈseɾ,kon.ʃe,ku.ɲɨ.ˈseɾ,kon,ku,1,1,,CV,CV,conhecer,know,Baptista2019[271-277],
Cape Verdean Sao Vicente,konʃe,CVCV,kuɲɨˈseɾ,kon.ʃe,ku.ɲɨ.ˈseɾ,-,ɲɨ,-,2,,-,CV,conhecer,know,Baptista2019[271-277],
Cape Verdean Sao Vicente,konʃe,CVCV,kuɲɨˈseɾ,kon.ʃe,ku.ɲɨ.ˈseɾ,ʃe,ˈseɾ,2,3,,CV,CVC,conhecer,know,Baptista2019[271-277],
Cape Verdean Sao Vicente,sabe,CVCV,sɐˈbeɾ,sa.be,sɐ.ˈbeɾ,sa,sɐ,1,1,,CV,CV,saber,know,Baptista2019[271-277],
Cape Verdean Sao Vicente,sabe,CVCV,sɐˈbeɾ,sa.be,sɐ.ˈbeɾ,be,ˈbeɾ,2,2,,CV,CVC,saber,know,Baptista2019[271-277],
Cape Verdean Sao Vicente,t̠ʃeɾɛ,CCVCV,ʃɐjˈɾaɾ,t̠ʃe.ɾɛ,ʃɐj.ˈɾaɾ,t̠ʃe,ʃɐj,1,1,,CCV,CVC,cheirar,smell,Baptista2019[271-277],
Cape Verdean Sao Vicente,t̠ʃeɾɛ,CCVCV,ʃɐjˈɾaɾ,t̠ʃe.ɾɛ,ʃɐj.ˈɾaɾ,tɾɛ,ˈɾaɾ,2,2,,CCV,CVC,cheirar,smell,Baptista2019[271-277],
Cape Verdean Sao Vicente,fma,CCV,fuˈmaɾ,f.ma,fu.ˈmaɾ,f,fu,1,1,,C,CV,fumar,smoke,Baptista2019[271-277],
Cape Verdean Sao Vicente,fma,CCV,fuˈmaɾ,f.ma,fu.ˈmaɾ,ma,ˈmaɾ,2,2,,CV,CVC,fumar,smoke,Baptista2019[271-277],
Cape Verdean Sao Vicente,lize,CVCV,ˈlizu,li.ze,ˈli.zu,li,ˈli,1,1,,CV,CV,liso,smooth,Baptista2019[271-277],
Cape Verdean Sao Vicente,lize,CVCV,ˈlizu,li.ze,ˈli.zu,ze,zu,2,2,,CV,CV,liso,smooth,Baptista2019[271-277],
Cape Verdean Sao Vicente,fine,CVCV,ˈfinu,fi.ne,ˈfi.nu,fi,ˈfi,1,1,,CV,CV,fino,smooth,Baptista2019[271-277],
Cape Verdean Sao Vicente,fine,CVCV,ˈfinu,fi.ne,ˈfi.nu,ne,nu,2,2,,CV,CV,fino,smooth,Baptista2019[271-277],
Cape Verdean Sao Vicente,kobɾa,CVCCV,ˈkɔbɾɐ,ko.bɾa,ˈkɔ.bɾɐ,ko,ˈkɔ,1,1,,CV,CV,cobra,snake,Baptista2019[271-277],
Cape Verdean Sao Vicente,kobɾa,CVCCV,ˈkɔbɾɐ,ko.bɾa,ˈkɔ.bɾɐ,bɾa,bɾɐ,2,2,,CCV,CCV,cobra,snake,Baptista2019[271-277],
Cape Verdean Sao Vicente,nɛve,CVCV,ˈnɛvɨ,nɛ.ve,ˈnɛ.vɨ,nɛ,ˈnɛ,1,1,,CV,CV,neve,snow,Baptista2019[271-277],
Cape Verdean Sao Vicente,nɛve,CVCV,ˈnɛvɨ,nɛ.ve,ˈnɛ.vɨ,ve,vɨ,2,2,,CV,CV,neve,snow,Baptista2019[271-277],
Cape Verdean Sao Vicente,elgun,VCCV,aɫˈgũ,el.gun,aɫ.ˈgũ,el,aɫ,1,1,,VC,VC,algum,some,Baptista2019[271-277],
Cape Verdean Sao Vicente,elgun,VCCV,aɫˈgũ,el.gun,aɫ.ˈgũ,gun,ˈgũ,2,2,assimilation,CV,CV,algum,some,Baptista2019[271-277],
Cape Verdean Sao Vicente,kuspi,CVCCV,kuʃˈpiɾ,kus.pi,kuʃ.ˈpiɾ,kus,kuʃ,1,1,,CVC,CVC,cospir,spit,Baptista2019[271-277],
Cape Verdean Sao Vicente,kuspi,CVCCV,kuʃˈpiɾ,kus.pi,kuʃ.ˈpiɾ,pi,ˈpiɾ,2,2,,CV,CVC,cospir,spit,Baptista2019[271-277],
Cape Verdean Sao Vicente,ɾat̠ʃa,CVCCV,ʀɐˈʃaɾ,ɾa.t̠ʃa,ʀɐ.ˈʃaɾ,ɾa,ʀɐ,1,1,,CV,CV,rachar,split,Baptista2019[271-277],
Cape Verdean Sao Vicente,ɾat̠ʃa,CVCCV,ʀɐˈʃaɾ,ɾa.t̠ʃa,ʀɐ.ˈʃaɾ,t̠ʃa,ˈʃaɾ,2,2,,CCV,CVC,rachar,split,Baptista2019[271-277],
Cape Verdean Sao Vicente,paɾti,CVCCV,pɐɾˈtiɾ,paɾ.ti,pɐɾ.ˈtiɾ,paɾ,pɐɾ,1,1,,CVC,CVC,partir,split,Baptista2019[271-277],
Cape Verdean Sao Vicente,paɾti,CVCCV,pɐɾˈtiɾ,paɾ.ti,pɐɾ.ˈtiɾ,ti,ˈtiɾ,2,2,,CV,CVC,partir,split,Baptista2019[271-277],
Cape Verdean Sao Vicente,kebɾa,CVCCV,kɨˈbɾaɾ,ke.bɾa,kɨ.ˈbɾaɾ,ke,kɨ,1,1,,CV,CV,quebrar,split,Baptista2019[271-277],
Cape Verdean Sao Vicente,kebɾa,CVCCV,kɨˈbɾaɾ,ke.bɾa,kɨ.ˈbɾaɾ,bɾa,ˈbɾaɾ,2,2,,CCV,CCVC,quebrar,split,Baptista2019[271-277],
Cape Verdean Sao Vicente,spɾeme,CCCVCV,ʃpɾɨˈmeɾ,s.pɾe.me,ʃ.pɾɨ.ˈmeɾ,s,ʃ,1,1,,C,C,espremer,squeeze,Baptista2019[271-277],
Cape Verdean Sao Vicente,spɾeme,CCCVCV,ʃpɾɨˈmeɾ,s.pɾe.me,ʃ.pɾɨ.ˈmeɾ,pɾe,pɾɨ,2,2,,CCV,CCV,espremer,squeeze,Baptista2019[271-277],
Cape Verdean Sao Vicente,spɾeme,CCCVCV,ʃpɾɨˈmeɾ,s.pɾe.me,ʃ.pɾɨ.ˈmeɾ,me,ˈmeɾ,3,3,metathesis,CV,CVC,espremer,squeeze,Baptista2019[271-277],
Cape Verdean Sao Vicente,sfakia,CCVCVV,ʃfɐkiˈaɾ,s.fa.kia,ʃ.fɐ.ki.ˈaɾ,s,ʃ,1,1,,C,C,esfaquear,stab,Baptista2019[271-277],
Cape Verdean Sao Vicente,sfakia,CCVCVV,ʃfɐkiˈaɾ,s.fa.kia,ʃ.fɐ.ki.ˈaɾ,fa,fɐ,2,2,,CV,CV,esfaquear,stab,Baptista2019[271-277],
Cape Verdean Sao Vicente,sfakia,CCVCVV,ʃfɐkiˈaɾ,s.fa.kia,ʃ.fɐ.ki.ˈaɾ,kia,ki,3,3,,CVg,CV,esfaquear,stab,Baptista2019[271-277],
Cape Verdean Sao Vicente,sfakia,CCVCVV,ʃfɐkiˈaɾ,s.fa.kia,ʃ.fɐ.ki.ˈaɾ,-,ˈaɾ,-,4,,-,VC,esfaquear,stab,Baptista2019[271-277],
Cape Verdean Sao Vicente,poinpɛ,CVVCV,ˈpõj u ˈpɛ,pojn.pɛ,ˈpõj. u. ˈpɛ,pojn,ˈpõj,1,1,,CVg,CVg,põe o pé,stand,Baptista2019[271-277],
Cape Verdean Sao Vicente,pojnpɛ,CVVCV,ˈpõj u ˈpɛ,pojn.pɛ,ˈpõj. u. ˈpɛ,-,u,-,2,,-,V,põe o pé,stand,Baptista2019[271-277],
Cape Verdean Sao Vicente,pojnpɛ,CVVCV,ˈpõj u ˈpɛ,pojn.pɛ,ˈpõj. u. ˈpɛ,pɛ,ˈpɛ,2,3,,CV,CV,põe o pé,stand,Baptista2019[271-277],
Cape Verdean Sao Vicente,levanta,CVCVCV,lɨvɐ̃ˈtaɾ,le.van.ta,lɨ.vɐ̃.ˈtaɾ,le,lɨ,1,1,,CV,CV,levantar,stand,Baptista2019[271-277],
Cape Verdean Sao Vicente,levanta,CVCVCV,lɨvɐ̃ˈtaɾ,le.van.ta,lɨ.vɐ̃.ˈtaɾ,van,vɐ̃,2,2,,CV,CV,levantar,stand,Baptista2019[271-277],
Cape Verdean Sao Vicente,levanta,CVCVCV,lɨvɐ̃ˈtaɾ,le.van.ta,lɨ.vɐ̃.ˈtaɾ,ta,ˈtaɾ,3,3,assimilation,CV,CVC,levantar,stand,Baptista2019[271-277],
Cape Verdean Sao Vicente,stɾela,CCCVCV,iʃˈtɾelɐ,s.tɾe.la,iʃ.ˈtɾe.lɐ,s,iʃ,1,1,,C,CV,estrela,star,Baptista2019[271-277],
Cape Verdean Sao Vicente,stɾela,CCCVCV,iʃˈtɾelɐ,s.tɾe.la,iʃ.ˈtɾe.lɐ,tɾe,ˈtɾe,2,2,,CCV,CCV,estrela,star,Baptista2019[271-277],
Cape Verdean Sao Vicente,stɾela,CCCVCV,iʃˈtɾelɐ,s.tɾe.la,iʃ.ˈtɾe.lɐ,la,lɐ,3,3,,CV,CV,estrela,star,Baptista2019[271-277],
Cape Verdean Sao Vicente,pau,CVg,ˈpaw,pau,ˈpaw,pau,ˈpaw,1,1,,CVg,CVg,pau,stick,Baptista2019[271-277],
Cape Verdean Sao Vicente,spet,CCVC,iʃˈpetu,s.pet,iʃ.ˈpe.tu,s,iʃ,1,1,,C,VC,espeto,stick,Baptista2019[271-277],
Cape Verdean Sao Vicente,spet,CCVC,iʃˈpetu,s.pet,iʃ.ˈpe.tu,pet,ˈpe,2,2,,CVC,CV,espeto,stick,Baptista2019[271-277],
Cape Verdean Sao Vicente,spet,CCVC,iʃˈpetu,s.pet,iʃ.ˈpe.tu,-,tu,-,3,,-,CV,espeto,stick,Baptista2019[271-277],
Cape Verdean Sao Vicente,pɛdɾa,CVCCV,ˈpedɾɐ,pɛ.dɾa,ˈpe.dɾɐ,pɛ,ˈpe,1,1,,CV,CV,pedra,stone,Baptista2019[271-277],
Cape Verdean Sao Vicente,pɛdɾa,CVCCV,ˈpedɾɐ,pɛ.dɾa,ˈpe.dɾɐ,dɾa,dɾɐ,2,2,,CCV,CCV,pedra,stone,Baptista2019[271-277],
Cape Verdean Sao Vicente,ɾet,CVC,ˈʀetu,ɾet,ˈʀe.tu,ɾet,ˈʀe,1,1,,CVC,CV,reto,straight,Baptista2019[271-277],
Cape Verdean Sao Vicente,ɾet,CVC,ˈʀetu,ɾet,ˈʀe.tu,-,tu,-,2,,-,CV,reto,straight,Baptista2019[271-277],
Cape Verdean Sao Vicente,t̠ʃpa,CCCV,ʃuˈpaɾ,t̠ʃ.pa,ʃu.ˈpaɾ,t̠ʃ,ʃu,1,1,,CV,CV,chupar,suck,Baptista2019[271-277],
Cape Verdean Sao Vicente,t̠ʃpa,CCCV,ʃuˈpaɾ,t̠ʃ.pa,ʃu.ˈpaɾ,tpa,ˈpaɾ,2,2,,CCV,CVC,chupar,suck,Baptista2019[271-277],
Cape Verdean Sao Vicente,mama,CVCV,mɐˈmaɾ,ma.ma,mɐ.ˈmaɾ,ma,mɐ,1,1,,CV,CV,mamar,suck,Baptista2019[271-277],
Cape Verdean Sao Vicente,mama,CVCV,mɐˈmaɾ,ma.ma,mɐ.ˈmaɾ,ma,ˈmaɾ,2,2,,CV,CVC,mamar,suck,Baptista2019[271-277],
Cape Verdean Sao Vicente,sol,CVC,ˈsɔl,sol,ˈsɔl,sol,ˈsɔl,1,1,,CVC,CVC,sol,sun,Baptista2019[271-277],
Cape Verdean Sao Vicente,int̠ʃa,VCCV,ĩˈʃaɾ,in.t̠ʃa,ĩ.ˈʃaɾ,in,ĩ,1,1,,VC,V,inchar,swell,Baptista2019[271-277],
Cape Verdean Sao Vicente,int̠ʃa,VCCV,ĩˈʃaɾ,in.t̠ʃa,ĩ.ˈʃaɾ,t̠ʃa,ˈʃaɾ,2,2,assimilation,CCV,CVC,inchar,swell,Baptista2019[271-277],
Cape Verdean Sao Vicente,inflama,VCCVCV,ĩflɐˈmaɾ,in.fla.ma,ĩ.flɐ.ˈmaɾ,in,ĩ,1,1,,VC,V,inflamar,swell,Baptista2019[271-277],
Cape Verdean Sao Vicente,inflama,VCCVCV,ĩflɐˈmaɾ,in.fla.ma,ĩ.flɐ.ˈmaɾ,fla,flɐ,2,2,,CCV,CCV,inflamar,swell,Baptista2019[271-277],
Cape Verdean Sao Vicente,inflama,VCCVCV,ĩflɐˈmaɾ,in.fla.ma,ĩ.flɐ.ˈmaɾ,ma,ˈmaɾ,3,3,assimilation,CV,CVC,inflamar,swell,Baptista2019[271-277],
Cape Verdean Sao Vicente,nada,CVCV,ˈnadɐ,na.da,ˈna.dɐ,na,ˈna,1,1,,CV,CV,nada,swim,Baptista2019[271-277],
Cape Verdean Sao Vicente,nada,CVCV,ˈnadɐ,na.da,ˈna.dɐ,da,dɐ,2,2,,CV,CV,nada,swim,Baptista2019[271-277],
Cape Verdean Sao Vicente,ɾɔb,CVC,ˈʀabu,ɾɔb,ˈʀa.bu,ɾɔb,ˈʀa,1,1,,CVC,CV,rabo,tail,Baptista2019[271-277],
Cape Verdean Sao Vicente,ɾɔb,CVC,ˈʀabu,ɾɔb,ˈʀa.bu,-,bu,-,2,,-,CV,rabo,tail,Baptista2019[271-277],
Cape Verdean Sao Vicente,kel,CVC,ɐˈkeɫɨ,kel,ɐ.ˈke.ɫɨ,-,ɐ,-,1,,-,V,aquele,that,Baptista2019[271-277],
Cape Verdean Sao Vicente,kel,CVC,ɐˈkeɫɨ,kel,ɐ.ˈke.ɫɨ,kel,ˈke,1,2,,CVC,CV,aquele,that,Baptista2019[271-277],
Cape Verdean Sao Vicente,kel,CVC,ɐˈkeɫɨ,kel,ɐ.ˈke.ɫɨ,-,ɫɨ,-,3,,-,CV,aquele,that,Baptista2019[271-277],
Cape Verdean Sao Vicente,la,CV,ˈla,la,ˈla,la,ˈla,1,1,,CV,CV,lá,there,Baptista2019[271-277],
Cape Verdean Sao Vicente,es,VC,ˈesɨʃ,es,ˈe.sɨʃ,es,ˈe,1,1,,VC,V,esses,they,Baptista2019[271-277],
Cape Verdean Sao Vicente,es,VC,ˈesɨʃ,es,ˈe.sɨʃ,-,sɨʃ,-,2,,-,CVC,esses,they,Baptista2019[271-277],
Cape Verdean Sao Vicente,gɾos,CCVC,ˈgɾosu,gɾos,ˈgɾo.su,gɾos,ˈgɾo,1,1,,CCVC,CCV,grosso,thick,Baptista2019[271-277],
Cape Verdean Sao Vicente,gɾos,CCVC,ˈgɾosu,gɾos,ˈgɾo.su,-,su,-,2,,-,CV,grosso,thick,Baptista2019[271-277],
Cape Verdean Sao Vicente,miud,CVgC,miˈudu,mi.ud,mi.ˈu.du,mi,mi,1,1,,CV,CV,miúdo,thin,Baptista2019[271-277],
Cape Verdean Sao Vicente,miud,CVgC,miˈudu,mi.ud,mi.ˈu.du,ud,ˈu,2,2,,VC,V,miúdo,thin,Baptista2019[271-277],
Cape Verdean Sao Vicente,miud,CVgC,miˈudu,mi.ud,mi.ˈu.du,-,du,-,3,,-,CV,miúdo,thin,Baptista2019[271-277],
Cape Verdean Sao Vicente,pensa,CVCV,pẽˈsaɾ,pen.sa,pẽ.ˈsaɾ,pen,pẽ,1,1,assimilation,CV,CV,pensar,think,Baptista2019[271-277],
Cape Verdean Sao Vicente,pensa,CVCV,pẽˈsaɾ,pen.sa,pẽ.ˈsaɾ,sa,ˈsaɾ,2,2,,CV,CVC,pensar,think,Baptista2019[271-277],
Cape Verdean Sao Vicente,matuta,CVCVCV,mɐtuˈtaɾ,ma.tu.ta,mɐ.tu.ˈtaɾ,ma,mɐ,1,1,,CV,CV,matutar,think,Baptista2019[271-277],
Cape Verdean Sao Vicente,matuta,CVCVCV,mɐtuˈtaɾ,ma.tu.ta,mɐ.tu.ˈtaɾ,tu,tu,2,2,,CV,CV,matutar,think,Baptista2019[271-277],
Cape Verdean Sao Vicente,matuta,CVCVCV,mɐtuˈtaɾ,ma.tu.ta,mɐ.tu.ˈtaɾ,ta,ˈtaɾ,3,3,,CV,CVC,matutar,think,Baptista2019[271-277],
Cape Verdean Sao Vicente,esli,VCCV,ɐˈkeɫɨ ɐˈɫi,es.li,ɐ.ˈke.ɫɨ ɐ.ˈɫi,es,ɐ,1,1,,VC,V,esse ali,this,Baptista2019[271-277],
Cape Verdean Sao Vicente,esli,VCCV,ɐˈkeɫɨ ɐˈɫi,es.li,ɐ.ˈke.ɫɨ ɐ.ˈɫi,-,ˈke,-,2,,-,CV,esse ali,this,Baptista2019[271-277],
Cape Verdean Sao Vicente,esli,VCCV,ɐˈkeɫɨ ɐˈɫi,es.li,ɐ.ˈke.ɫɨ ɐ.ˈɫi,-,ɫɨ,-,3,,-,CV,esse ali,this,Baptista2019[271-277],
Cape Verdean Sao Vicente,esli,VCCV,ɐˈkeɫɨ ɐˈɫi,es.li,ɐ.ˈke.ɫɨ ɐ.ˈɫi,-,ɐ,-,4,,-,V,esse ali,this,Baptista2019[271-277],
Cape Verdean Sao Vicente,esli,VCCV,ɐˈkeɫɨ ɐˈɫi,es.li,ɐ.ˈke.ɫɨ ɐ.ˈɫi,li,ˈɫi,2,5,,CV,CV,esse ali,this,Baptista2019[271-277],
Cape Verdean Sao Vicente,tɾes,CCVC,ˈtɾeʃ,tɾes,ˈtɾeʃ,tɾes,ˈtɾeʃ,1,1,,CCVC,CCVC,três,three,Baptista2019[271-277],
Cape Verdean Sao Vicente,bta,CCV,buˈtaɾ,b.ta,bu.ˈtaɾ,b,bu,1,1,,C,CV,botar,throw,Baptista2019[271-277],
Cape Verdean Sao Vicente,bta,CCV,buˈtaɾ,b.ta,bu.ˈtaɾ,ta,ˈtaɾ,2,2,,CV,CVC,botar,throw,Baptista2019[271-277],
Cape Verdean Sao Vicente,manda,CVCV,mɐ̃ˈdaɾ,man.da,mɐ̃.ˈdaɾ,man,mɐ̃,1,1,,CV,CV,mandar,throw,Baptista2019[271-277],
Cape Verdean Sao Vicente,manda,CVCV,mɐ̃ˈdaɾ,man.da,mɐ̃.ˈdaɾ,da,ˈdaɾ,2,2,,CV,CVC,mandar,throw,Baptista2019[271-277],
Cape Verdean Sao Vicente,ɾemesa,CVCVCV,ɐʀɨmɨˈsaɾ,ɾe.me.sa,ɐ.ʀɨ.mɨ.ˈsaɾ,-,ɐ,-,1,,-,V,arremessar,throw,Baptista2019[271-277],
Cape Verdean Sao Vicente,ɾemesa,CVCVCV,ɐʀɨmɨˈsaɾ,ɾe.me.sa,ɐ.ʀɨ.mɨ.ˈsaɾ,ɾe,ʀɨ,1,2,,CV,CV,arremessar,throw,Baptista2019[271-277],
Cape Verdean Sao Vicente,ɾemesa,CVCVCV,ɐʀɨmɨˈsaɾ,ɾe.me.sa,ɐ.ʀɨ.mɨ.ˈsaɾ,me,mɨ,2,3,,CV,CV,arremessar,throw,Baptista2019[271-277],
Cape Verdean Sao Vicente,ɾemesa,CVCVCV,ɐʀɨmɨˈsaɾ,ɾe.me.sa,ɐ.ʀɨ.mɨ.ˈsaɾ,sa,ˈsaɾ,3,4,,CV,CVC,arremessar,throw,Baptista2019[271-277],
Cape Verdean Sao Vicente,maɾa,CVCV,ɐmaˈʀaɾ,ma.ɾa,ɐ.ma.ˈʀaɾ,-,ɐ,-,1,,-,V,amarrar,tie,Baptista2019[271-277],
Cape Verdean Sao Vicente,maɾa,CVCV,ɐmaˈʀaɾ,ma.ɾa,ɐ.ma.ˈʀaɾ,ma,ma,1,2,,CV,CV,amarrar,tie,Baptista2019[271-277],
Cape Verdean Sao Vicente,maɾa,CVCV,ɐmaˈʀaɾ,ma.ɾa,ɐ.ma.ˈʀaɾ,ɾa,ˈʀaɾ,2,3,,CV,CVC,amarrar,tie,Baptista2019[271-277],
Cape Verdean Sao Vicente,linga,CVCV,ˈlĩɡuɐ,lin.ga,ˈlĩ.ɡuɐ,lin,ˈlĩ,1,1,,CV,CV,língua,tongue,Baptista2019[271-277],
Cape Verdean Sao Vicente,linga,CVCV,ˈlĩɡuɐ,lin.ga,ˈlĩ.ɡuɐ,ga,ɡuɐ,2,2,assimilation,CV,CVV,língua,tongue,Baptista2019[271-277],
Cape Verdean Sao Vicente,dent,CVC,ˈdẽtɨ,den.t,ˈdẽ.tɨ,den,ˈdẽ,1,1,,CV,CV,dente,tooth,Baptista2019[271-277],
Cape Verdean Sao Vicente,dent,CVC,ˈdẽtɨ,den.t,ˈdẽ.tɨ,t,tɨ,2,2,assimilation,C,CV,dente,tooth,Baptista2019[271-277],
Cape Verdean Sao Vicente,aɾv,VCC,ˈaɾvuɾɨ,aɾv,ˈaɾ.vu.ɾɨ,aɾv,ˈaɾ,1,1,,VCC,VC,árvore,tree,Baptista2019[271-277],
Cape Verdean Sao Vicente,aɾv,VCC,ˈaɾvuɾɨ,aɾv,ˈaɾ.vu.ɾɨ,-,vu,-,2,,-,CV,árvore,tree,Baptista2019[271-277],
Cape Verdean Sao Vicente,aɾv,VCC,ˈaɾvuɾɨ,aɾv,ˈaɾ.vu.ɾɨ,-,ɾɨ,-,3,metathesis,-,CV,árvore,tree,Baptista2019[271-277],
Cape Verdean Sao Vicente,vɾa,CCV,viˈɾaɾ,vɾa,vi.ˈɾaɾ,vɾa,vi,1,1,,CCV,CV,virar,turn,Baptista2019[271-277],
Cape Verdean Sao Vicente,vɾa,CCV,viˈɾaɾ,vɾa,vi.ˈɾaɾ,-,ˈɾaɾ,-,2,,-,CVC,virar,turn,Baptista2019[271-277],
Cape Verdean Sao Vicente,volta,CVCCV,vɔlˈtaɾ,vol.ta,vɔl.ˈtaɾ,vol,vɔl,1,1,,CVC,CVC,voltar,turn,Baptista2019[271-277],
Cape Verdean Sao Vicente,volta,CVCCV,vɔlˈtaɾ,vol.ta,vɔl.ˈtaɾ,ta,ˈtaɾ,2,2,,CV,CVC,voltar,turn,Baptista2019[271-277],
Cape Verdean Sao Vicente,dos,CVC,ˈdojʃ,dos,ˈdojʃ,dos,ˈdojʃ,1,1,,CVC,CVgC,dois,two,Baptista2019[271-277],
Cape Verdean Sao Vicente,vmita,CCVCV,vumiˈtaɾ,v.mi.ta,vu.mi.ˈtaɾ,v,vu,1,1,,C,CV,vomitar,throw up,Baptista2019[271-277],
Cape Verdean Sao Vicente,vmita,CCVCV,vumiˈtaɾ,v.mi.ta,vu.mi.ˈtaɾ,mi,mi,2,2,,CV,CV,vomitar,throw up,Baptista2019[271-277],
Cape Verdean Sao Vicente,vmita,CCVCV,vumiˈtaɾ,v.mi.ta,vu.mi.ˈtaɾ,ta,ˈtaɾ,3,3,,CV,CVC,vomitar,throw up,Baptista2019[271-277],
Cape Verdean Sao Vicente,anda,VCV,ɐ̃ˈdaɾ,an.da,ɐ̃.ˈdaɾ,an,ɐ̃,1,1,,V,V,andar,walk,Baptista2019[271-277],
Cape Verdean Sao Vicente,anda,VCV,ɐ̃ˈdaɾ,an.da,ɐ̃.ˈdaɾ,da,ˈdaɾ,2,2,assimilation,CV,CVC,andar,walk,Baptista2019[271-277],
Cape Verdean Sao Vicente,kaloɾ,CVCVC,kɐˈloɾ,ka.loɾ,kɐ.ˈloɾ,ka,kɐ,1,1,,CV,CV,calor,heat,Baptista2019[271-277],
Cape Verdean Sao Vicente,kaloɾ,CVCVC,kɐˈloɾ,ka.loɾ,kɐ.ˈloɾ,loɾ,ˈloɾ,2,2,,CVC,CVC,calor,heat,Baptista2019[271-277],
Cape Verdean Sao Vicente,lava,CVCV,lɐˈvaɾ,la.va,lɐ.ˈvaɾ,la,lɐ,1,1,,CV,CV,lavar,wash,Baptista2019[271-277],
Cape Verdean Sao Vicente,lava,CVCV,lɐˈvaɾ,la.va,lɐ.ˈvaɾ,va,ˈvaɾ,2,2,,CV,CVC,lavar,wash,Baptista2019[271-277],
Cape Verdean Sao Vicente,aga,VCV,aguɐ,aga,a.guɐ,aga,a,1,1,,VCV,V,água,water,Baptista2019[271-277],
Cape Verdean Sao Vicente,aga,VCV,aguɐ,aga,a.guɐ,-,guɐ,-,2,,-,CVV,água,water,Baptista2019[271-277],
Cape Verdean Sao Vicente,nos,CVC,ˈnɔʃ,nos,ˈnɔʃ,nos,ˈnɔʃ,1,1,,CVC,CVC,nós,we,Baptista2019[271-277],
Cape Verdean Sao Vicente,mojod,CVgVC,muˈʎadu,moj.o.d,mu.ˈʎa.du,moj,mu,1,1,,CVg,CV,molhado,wet,Baptista2019[271-277],
Cape Verdean Sao Vicente,mojod,CVgVC,muˈʎadu,moj.o.d,mu.ˈʎa.du,o,ˈʎa,2,2,,V,CV,molhado,wet,Baptista2019[271-277],
Cape Verdean Sao Vicente,mojod,CVgVC,muˈʎadu,moj.o.d,mu.ˈʎa.du,d,du,3,3,,C,CV,molhado,wet,Baptista2019[271-277],
Cape Verdean Sao Vicente,kondɛ,CVCV,ˈkwɐ̃du,kon.dɛ,ˈkwɐ̃.du,kon,ˈkwɐ̃,1,1,,CV,CV,quando,when,Baptista2019[271-277],
Cape Verdean Sao Vicente,kondɛ,CVCV,ˈkwɐ̃du,kon.dɛ,ˈkwɐ̃.du,dɛ,du,2,2,,CV,CV,quando,when,Baptista2019[271-277],
Cape Verdean Sao Vicente,bɾonk,CCVC,ˈbɾɐ̃ku,bɾon.k,ˈbɾɐ̃.ku,bɾon,ˈbɾɐ̃,1,1,,CCV,CCV,branco,white,Baptista2019[271-277],
Cape Verdean Sao Vicente,bɾonk,CCVC,ˈbɾɐ̃ku,bɾon.k,ˈbɾɐ̃.ku,k,ku,2,2,,C,CV,branco,white,Baptista2019[271-277],
Cape Verdean Sao Vicente,kenkeɲe,CVCVCV,ˈkɐ̃j̃,ken.ke.ɲe,ˈkɐ̃j̃,ken,ˈkɐ̃j̃,1,1,,CVC,CVg,quem,who,Baptista2019[271-277],
Cape Verdean Sao Vicente,kenkeɲe,CVCVCV,ˈkɐ̃j̃,ken.ke.ɲe,ˈkɐ̃j̃,ke,-,2,-,,CV,,quem,who,Baptista2019[271-277],
Cape Verdean Sao Vicente,kenkeɲe,CVCVCV,ˈkɐ̃j̃,ken.ke.ɲe,ˈkɐ̃j̃,ɲe,-,3,-,,CV,,quem,who,Baptista2019[271-277],
Cape Verdean Sao Vicente,lɔɾg,CVCC,ˈlaɾɡu,lɔɾg,ˈlaɾ.ɡu,lɔɾg,ˈlaɾ,1,1,,CVCC,CVC,largo,wide,Baptista2019[271-277],
Cape Verdean Sao Vicente,lɔɾg,CVCC,ˈlaɾɡu,lɔɾg,ˈlaɾ.ɡu,-,ɡu,-,2,,-,CV,largo,wide,Baptista2019[271-277],
Cape Verdean Sao Vicente,amd̠ʒeɾ,VCCCVC,muˈʎeɾ,a.m.d̠ʒeɾ,mu.ˈʎeɾ,a,-,1,-,,V,,mulher,woman,Baptista2019[271-277],
Cape Verdean Sao Vicente,amd̠ʒeɾ,VCCCVC,muˈʎeɾ,a.m.d̠ʒeɾ,mu.ˈʎeɾ,m,mu,2,1,dissimilation,C,CV,mulher,woman,Baptista2019[271-277],
Cape Verdean Sao Vicente,amd̠ʒeɾ,VCCCVC,muˈʎeɾ,a.m.d̠ʒeɾ,mu.ˈʎeɾ,ʒeɾ,ˈʎeɾ,3,2,,CVC,CVC,mulher,woman,Baptista2019[271-277],
Cape Verdean Sao Vicente,md̠ʒeɾ,CCCVC,muˈʎeɾ,md̠.ʒeɾ,mu.ˈʎeɾ,md̠,mu,1,1,,CC,CV,mulher,woman,Baptista2019[271-277],
Cape Verdean Sao Vicente,md̠ʒeɾ,CCCVC,muˈʎeɾ,md̠.ʒeɾ,mu.ˈʎeɾ,ʒeɾ,ˈʎeɾ,2,2,dissimilation,CVC,CVC,mulher,woman,Baptista2019[271-277],
Cape Verdean Sao Vicente,vent,CVC,ˈvẽtu,ven.t,ˈvẽ.tu,ven,ˈvẽ,1,1,,CV,CV,vento,wind,Baptista2019[271-277],
Cape Verdean Sao Vicente,vent,CVC,ˈvẽtu,ven.t,ˈvẽ.tu,t,tu,2,2,assimilation,C,CV,vento,wind,Baptista2019[271-277],
Cape Verdean Sao Vicente,aza,VCV,ˈazɐ,a.za,ˈaz.ɐ,a,ˈa,1,1,,V,V,asa,wing,Baptista2019[271-277],
Cape Verdean Sao Vicente,aza,VCV,ˈazɐ,a.za,ˈaz.ɐ,za,zɐ,2,2,,CV,CV,asa,wing,Baptista2019[271-277],
Cape Verdean Sao Vicente,linpa,CVCV,lĩˈpaɾ,lin.pa,lĩ.ˈpaɾ,lin,lĩ,1,1,,CV,CV,limpar,wipe,Baptista2019[271-277],
Cape Verdean Sao Vicente,linpa,CVCV,lĩˈpaɾ,lin.pa,lĩ.ˈpaɾ,pa,ˈpaɾ,2,2,assimilation,CV,CVC,limpar,wipe,Baptista2019[271-277],
Cape Verdean Sao Vicente,ma,CV,maiʃ,ma,maiʃ,ma,maiʃ,1,1,,CV,CVgC,mais,with,Baptista2019[271-277],
Cape Verdean Sao Vicente,mot,CVC,ˈmatu,mot,ˈma.tu,mot,ˈma,1,1,,CVC,CV,mato,wood,Baptista2019[271-277],
Cape Verdean Sao Vicente,mot,CVC,ˈmatu,mot,ˈma.tu,-,tu,-,2,,-,CV,mato,wood,Baptista2019[271-277],
Cape Verdean Sao Vicente,ɔn,V,ˈɐnu,ɔn,ˈɐ.nu,ɔn,ˈɐ,1,1,,V,V,ano,year,Baptista2019[271-277],
Cape Verdean Sao Vicente,ɔn,V,ˈɐnu,ɔn,ˈɐ.nu,-,nu,-,2,,-,CV,ano,year,Baptista2019[271-277],
Cape Verdean Sao Vicente,amaɾel,VCVCVC,ɐmɐˈɾɛlu,a.ma.ɾel,ɐ.mɐ.ˈɾɛ.lu,a,ɐ,1,1,,V,V,amarelo,yellow,Baptista2019[271-277],
Cape Verdean Sao Vicente,amaɾel,VCVCVC,ɐmɐˈɾɛlu,a.ma.ɾel,ɐ.mɐ.ˈɾɛ.lu,ma,mɐ,2,2,,CV,CV,amarelo,yellow,Baptista2019[271-277],
Cape Verdean Sao Vicente,amaɾel,VCVCVC,ɐmɐˈɾɛlu,a.ma.ɾel,ɐ.mɐ.ˈɾɛ.lu,ɾel,ˈɾɛ,3,3,,CVC,CV,amarelo,yellow,Baptista2019[271-277],
Cape Verdean Sao Vicente,amaɾel,VCVCVC,ɐmɐˈɾɛlu,a.ma.ɾel,ɐ.mɐ.ˈɾɛ.lu,-,lu,-,4,,-,CV,amarelo,yellow,Baptista2019[271-277],
Cape Verdean Sao Vicente,bo,CV,ˈvɔʃ,bo,ˈvɔʃ,bo,ˈvɔʃ,1,1,,CV,CVC,vós,you,Baptista2019[271-277],