Language,SourceWord,TargetWord,SourceWordSyl,TargetWordSyl,SourceSyllable,TargetSyllable,SourceWordSyl Length,TargetWordSyl Length,Source word length,Target word length,SourceWordSyl length,TargetWordSyl length,Word diff,Word bigger,Syll diff,SylNum bigger,Encontra espaço branco
,tud,ˈtudu,tud,tu.’du,tud,tu,1,2,3,4,1,2,-1,Target,-1,Target,#VALUE!
,tud,ˈtudu,tud,tu.’du,-,ˈdu ,1,2,3,4,1,2,-1,Target,-1,Target,#VALUE!
,ma,ˈmɐʃ,ma,ˈmɐʃ,ma,ˈmɐʃ,1,1,2,3,1,1,-1,Target,0,Equal,#VALUE!
,j,i,j,i,j,i,1,1,1,1,1,1,0,Equal,0,Equal,#VALUE!
,animal,ɐniˈmaɫ,a.ni.mal,ɐ.ni.ˈmaɫ,a,ɐ,3,3,6,6,3,3,0,Equal,0,Equal,#VALUE!
,animal,ɐniˈmaɫ,a.ni.mal,ɐ.ni.ˈmaɫ,ni,ni,3,3,6,6,3,3,0,Equal,0,Equal,#VALUE!
,animal,ɐniˈmaɫ,a.ni.mal,ɐ.ni.ˈmaɫ,mal,ˈmaɫ,3,3,6,6,3,3,0,Equal,0,Equal,#VALUE!
,bit̠ʃ,biʃu,bi.t̠ʃ,bi.ʃu,bi,bi,2,2,3,4,2,2,-1,Target,0,Equal,#VALUE!
,bit̠ʃ,biʃu,bi.t̠ʃ,bi.ʃu,t̠ʃ,ʃu,2,2,3,4,2,2,-1,Target,0,Equal,#VALUE!
,sinza,ˈsĩzɐ,sin.za,ˈsĩ.zɐ,sin,ˈsĩ,2,2,5,4,2,2,1,Source,0,Equal,#VALUE!
,sinza,ˈsĩzɐ,sin.za,ˈsĩ.zɐ,za,zɐ,2,2,5,4,2,2,1,Source,0,Equal,#VALUE!
,na,nɐ,na,nɐ,na,nɐ,1,1,2,2,1,1,0,Equal,0,Equal,#VALUE!
,koʃta,ˈkɔʃtɐ,koʃ.ta,ˈkɔʃ.tɐ,koʃ,ˈkɔʃ,2,2,5,5,2,2,0,Equal,0,Equal,#VALUE!
,koʃta,ˈkɔʃtɐ,koʃ.ta,ˈkɔʃ.tɐ,ta,tɐ,2,2,5,5,2,2,0,Equal,0,Equal,#VALUE!
,mau,ˈmaw,mau,ˈmaw,mau,ˈmaw,1,1,3,3,1,1,0,Equal,0,Equal,#VALUE!
,maɾiod,mɐɾiˈadu,ma.ɾi.od,mɐ.ɾiˈa.du,ma,mɐ,3,3,6,7,3,3,-1,Target,0,Equal,#VALUE!
,maɾiod,mɐɾiˈadu,ma.ɾi.od,mɐ.ɾiˈa.du,ɾi,ɾiˈa,3,3,6,7,3,3,-1,Target,0,Equal,#VALUE!
,maɾiod,mɐɾiˈadu,ma.ɾi.od,mɐ.ɾiˈa.du,od,du,3,3,6,7,3,3,-1,Target,0,Equal,#VALUE!
,ɾom,,ɾom,,,,1,1,3,0,1,1,3,Source,0,Equal,#VALUE!
,puɾke,ˈpuɾkɨ,puɾ.ke,ˈpuɾ.kɨ,puɾ,ˈpuɾ,2,2,5,5,2,2,0,Equal,0,Equal,#VALUE!
,puɾke,ˈpuɾkɨ,puɾ.ke,ˈpuɾ.kɨ,ke,kɨ,2,2,5,5,2,2,0,Equal,0,Equal,#VALUE!
,beɾiga,bɐˈʀigɐ,be.ɾi.ga,bɐ.ˈʀi.gɐ,be,bɐ,3,3,6,6,3,3,0,Equal,0,Equal,#VALUE!
,beɾiga,bɐˈʀigɐ,be.ɾi.ga,bɐ.ˈʀi.gɐ,ɾi,ˈʀi,3,3,6,6,3,3,0,Equal,0,Equal,#VALUE!
,beɾiga,bɐˈʀigɐ,be.ɾi.ga,bɐ.ˈʀi.gɐ,ga,gɐ,3,3,6,6,3,3,0,Equal,0,Equal,#VALUE!
,gɾande,ˈɡɾɐ̃dɨ,gɾan.de,ˈɡɾɐ̃.dɨ,gɾan,ˈɡɾɐ̃,2,2,6,6,2,2,0,Equal,0,Equal,#VALUE!
,gɾande,ˈɡɾɐ̃dɨ,gɾan.de,ˈɡɾɐ̃.dɨ,de,dɨ,2,2,6,6,2,2,0,Equal,0,Equal,#VALUE!
,pos,ˈpasɐru,pos,ˈpa.sɐ.ru,pos,ˈpa,1,3,3,6,1,3,-3,Target,-2,Target,#VALUE!
,pos,ˈpasɐru,pos,ˈpa.sɐ.ru,-,sɐ,1,3,3,6,1,3,-3,Target,-2,Target,#VALUE!
,pos,ˈpasɐru,pos,ˈpa.sɐ.ru,-,ru,1,3,3,6,1,3,-3,Target,-2,Target,#VALUE!
,moɾde,muɾˈdeɾ,moɾ.de,muɾ.ˈdeɾ,moɾ,muɾ,2,2,5,6,2,2,-1,Target,0,Equal,#VALUE!
,moɾde,muɾˈdeɾ,moɾ.de,muɾ.ˈdeɾ,de,ˈdeɾ,2,2,5,6,2,2,-1,Target,0,Equal,#VALUE!
,pɾet,ˈpɾetu,pɾet,ˈpɾe.tu,pɾet,ˈpɾe,1,2,4,5,1,2,-1,Target,-1,Target,#VALUE!
,pɾet,ˈpɾetu,pɾet,ˈpɾe.tu,-,tu,1,2,4,5,1,2,-1,Target,-1,Target,#VALUE!
,sang,ˈsɐ̃ɡɨ,sang,ˈsɐ̃.ɡɨ,sang,ˈsɐ̃,1,2,4,5,1,2,-1,Target,-1,Target,#VALUE!
,sang,ˈsɐ̃ɡɨ,sang,ˈsɐ̃.ɡɨ,-,ɡɨ,1,2,4,5,1,2,-1,Target,-1,Target,#VALUE!
,sopɾa,suˈpɾaɾ,so.pɾa,su.ˈpɾaɾ,so,su,2,2,5,6,2,2,-1,Target,0,Equal,#VALUE!
,sopɾa,suˈpɾaɾ,so.pɾa,su.ˈpɾaɾ,pɾa,ˈpɾaɾ,2,2,5,6,2,2,-1,Target,0,Equal,#VALUE!
,os,ˈosu,os,o.ˈsu,os,o,1,2,2,3,1,2,-1,Target,-1,Target,#VALUE!
,os,ˈosu,os,o.ˈsu,-,ˈsu,1,2,2,3,1,2,-1,Target,-1,Target,#VALUE!
,kema,kejˈmaɾ,ke.ma,kej.ˈmaɾ,ke,kej,2,2,4,6,2,2,-2,Target,0,Equal,#VALUE!
,kema,kejˈmaɾ,ke.ma,kej.ˈmaɾ,ma,ˈmaɾ,2,2,4,6,2,2,-2,Target,0,Equal,#VALUE!
,mnin,mɨˈninu,mnin,mɨ.ˈni.nu,mnin,mɨ,1,3,4,6,1,3,-2,Target,-2,Target,#VALUE!
,mnin,mɨˈninu,mnin,mɨ.ˈni.nu,-,ˈni,1,3,4,6,1,3,-2,Target,-2,Target,#VALUE!
,mnin,mɨˈninu,mnin,mɨ.ˈni.nu,-,nu,1,3,4,6,1,3,-2,Target,-2,Target,#VALUE!
,nuven,ˈnuvɐ̃j̃,nu.ven,ˈnu.vɐ̃j̃,nu,ˈnu,2,2,5,7,2,2,-2,Target,0,Equal,#VALUE!
,nuven,ˈnuvɐ̃j̃,nu.ven,ˈnu.vɐ̃j̃,ven,vɐ̃j̃,2,2,5,7,2,2,-2,Target,0,Equal,#VALUE!
,fɾiu,ˈfɾiu,fɾi.u,ˈfɾi.u,fɾi,ˈfɾi,2,2,4,4,2,2,0,Equal,0,Equal,#VALUE!
,fɾiu,ˈfɾiu,fɾi.u,ˈfɾi.u,u,u,2,2,4,4,2,2,0,Equal,0,Equal,#VALUE!
,ben,ˈvɐ̃j̃,ben,ˈvɐ̃j̃,ben,ˈvɐ̃j̃,1,1,3,5,1,1,-2,Target,0,Equal,#VALUE!
,t̠ʃega,ʃɨˈɡaɾ,t̠ʃe.ga,ʃɨ.ˈɡaɾ,t̠ʃe,ʃɨ,2,2,4,5,2,2,-1,Target,0,Equal,#VALUE!
,t̠ʃega,ʃɨˈɡaɾ,t̠ʃe.ga,ʃɨ.ˈɡaɾ,ga,ˈɡaɾ,2,2,4,5,2,2,-1,Target,0,Equal,#VALUE!
,konta,kõˈtaɾ,kon.ta,kõ.ˈtaɾ,kon,kõ,2,2,5,5,2,2,0,Equal,0,Equal,#VALUE!
,konta,kõˈtaɾ,kon.ta,kõ.ˈtaɾ,ta,ˈtaɾ,2,2,5,5,2,2,0,Equal,0,Equal,#VALUE!
,sapa,ɐsɐˈpaɾ,sa.pa,ɐ.sɐ.ˈpaɾ,-,ɐ,2,3,4,6,2,3,-2,Target,-1,Target,#VALUE!
,sapa,ɐsɐˈpaɾ,sa.pa,ɐ.sɐ.ˈpaɾ,sa,sɐ,2,3,4,6,2,3,-2,Target,-1,Target,#VALUE!
,sapa,ɐsɐˈpaɾ,sa.pa,ɐ.sɐ.ˈpaɾ,pa,ˈpaɾ,2,3,4,6,2,3,-2,Target,-1,Target,#VALUE!
,koɾta,kuɾˈtaɾ,koɾ.ta,kuɾ.ˈtaɾ,koɾ,kuɾ,2,2,5,6,2,2,-1,Target,0,Equal,#VALUE!
,koɾta,kuɾˈtaɾ,koɾ.ta,kuɾ.ˈtaɾ,ta,ˈtaɾ,2,2,5,6,2,2,-1,Target,0,Equal,#VALUE!
,dia,ˈdiɐ,di.a,ˈdi.ɐ,di,ˈdi,2,2,3,3,2,2,0,Equal,0,Equal,#VALUE!
,dia,ˈdiɐ,di.a,ˈdi.ɐ,a,ɐ,2,2,3,3,2,2,0,Equal,0,Equal,#VALUE!
,moɾe,muˈʀeɾ,mo.ɾe,mu.ˈʀeɾ,mo,mu,2,2,4,5,2,2,-1,Target,0,Equal,#VALUE!
,moɾe,muˈʀeɾ,mo.ɾe,mu.ˈʀeɾ,ɾe,ˈʀeɾ,2,2,4,5,2,2,-1,Target,0,Equal,#VALUE!
,kava,kɐˈvaɾ,ka.va,kɐ.ˈvaɾ,ka,kɐ,2,2,4,5,2,2,-1,Target,0,Equal,#VALUE!
,kava,kɐˈvaɾ,ka.va,kɐ.ˈvaɾ,va,ˈvaɾ,2,2,4,5,2,2,-1,Target,0,Equal,#VALUE!
,ʃuʒ,ˈsuʒu,ʃuʒ,ˈsu.ʒu,ʃuʒ,ˈsu,1,2,3,4,1,2,-1,Target,-1,Target,#VALUE!
,ʃuʒ,ˈsuʒu,ʃuʒ,ˈsu.ʒu,-,ʒu,1,2,3,4,1,2,-1,Target,-1,Target,#VALUE!
,inkaɾdid,ẽkɐɾˈdidu,in.kaɾ.did,ẽ.kɐɾ.ˈdi.du,in,ẽ,3,4,8,8,3,4,0,Equal,-1,Target,#VALUE!
,inkaɾdid,ẽkɐɾˈdidu,in.kaɾ.did,ẽ.kɐɾ.ˈdi.du,kaɾ,kɐɾ,3,4,8,8,3,4,0,Equal,-1,Target,#VALUE!
,inkaɾdid,ẽkɐɾˈdidu,in.kaɾ.did,ẽ.kɐɾ.ˈdi.du,did,ˈdi,3,4,8,8,3,4,0,Equal,-1,Target,#VALUE!
,inkaɾdid,ẽkɐɾˈdidu,in.kaɾ.did,ẽ.kɐɾ.ˈdi.du,-,du,3,4,8,8,3,4,0,Equal,-1,Target,#VALUE!
,kot̠ʃoɾ,kɐˈʃoʀu,ko.t̠ʃoɾ,kɐ.ˈʃo.ʀu,ko,kɐ,2,3,5,6,2,3,-1,Target,-1,Target,#VALUE!
,kot̠ʃoɾ,kɐˈʃoʀu,ko.t̠ʃoɾ,kɐ.ˈʃo.ʀu,t̠ʃoɾ,ˈʃo,2,3,5,6,2,3,-1,Target,-1,Target,#VALUE!
,kot̠ʃoɾ,kɐˈʃoʀu,ko.t̠ʃoɾ,kɐ.ˈʃo.ʀu,-,ʀu,2,3,5,6,2,3,-1,Target,-1,Target,#VALUE!
,bibe,bɨˈbeɾ,bi.be,bɨ.ˈbeɾ,bi,bɨ,2,2,4,5,2,2,-1,Target,0,Equal,#VALUE!
,bibe,bɨˈbeɾ,bi.be,bɨ.ˈbeɾ,be,ˈbeɾ,2,2,4,5,2,2,-1,Target,0,Equal,#VALUE!
,sek,ˈseku,sek,ˈse.ku,sek,ˈse,1,2,3,4,1,2,-1,Target,-1,Target,#VALUE!
,sek,ˈseku,sek,ˈse.ku,-,ku,1,2,3,4,1,2,-1,Target,-1,Target,#VALUE!
,teɾ,teɾ,teɾ,teɾ,teɾ,teɾ,1,1,3,3,1,1,0,Equal,0,Equal,#VALUE!
,mok,ˈmoku,mok,ˈmo.ku,mok,ˈmo,1,2,3,4,1,2,-1,Target,-1,Target,#VALUE!
,mok,ˈmoku,mok,ˈmo.ku,-,ku,1,2,3,4,1,2,-1,Target,-1,Target,#VALUE!
,teɾa,ˈtɛʀɐ,te.ɾa,ˈtɛ.ʀɐ,te,ˈtɛ,2,2,4,4,2,2,0,Equal,0,Equal,#VALUE!
,teɾa,ˈtɛʀɐ,te.ɾa,ˈtɛ.ʀɐ,ɾa,ʀɐ,2,2,4,4,2,2,0,Equal,0,Equal,#VALUE!
,po,po,po,po,po,po,1,1,2,2,1,1,0,Equal,0,Equal,#VALUE!
,pueɾa,ˈpuɐjɾɐ,pu.e.ɾa,ˈpu.ɐj.ɾɐ,pu,ˈpu,3,3,5,6,3,3,-1,Target,0,Equal,#VALUE!
,pueɾa,ˈpuɐjɾɐ,pu.e.ɾa,ˈpu.ɐj.ɾɐ,e,ɐj,3,3,5,6,3,3,-1,Target,0,Equal,#VALUE!
,pueɾa,ˈpuɐjɾɐ,pu.e.ɾa,ˈpu.ɐj.ɾɐ,ɾa,ɾɐ,3,3,5,6,3,3,-1,Target,0,Equal,#VALUE!
,oɾea,ɔˈɾɐʎɐ,o.ɾe.a,ɔ.ˈɾɐ.ʎɐ,o,ɔ,3,3,4,5,3,3,-1,Target,0,Equal,#VALUE!
,oɾea,ɔˈɾɐʎɐ,o.ɾe.a,ɔ.ˈɾɐ.ʎɐ,ɾe,ˈɾɐ,3,3,4,5,3,3,-1,Target,0,Equal,#VALUE!
,oɾea,ɔˈɾɐʎɐ,o.ɾe.a,ɔ.ˈɾɐ.ʎɐ,a,ʎɐ,3,3,4,5,3,3,-1,Target,0,Equal,#VALUE!
,t̠ʃon,t̠ʃɐ̃w̃,t̠ʃon,t̠ʃɐ̃w̃,t̠ʃon,t̠ʃɐ̃w̃,1,1,3,5,1,1,-2,Target,0,Equal,#VALUE!
,kme,kuˈmeɾ,kme,ku.ˈmeɾ,kme,ku,1,2,3,5,1,2,-2,Target,-1,Target,#VALUE!
,kme,kuˈmeɾ,kme,ku.ˈmeɾ,-,ˈmeɾ,1,2,3,5,1,2,-2,Target,-1,Target,#VALUE!
,ov,ˈovu,ov,ˈo.vu,ov,ˈo,1,2,2,3,1,2,-1,Target,-1,Target,#VALUE!
,ov,ˈovu,ov,ˈo.vu,-,vu,1,2,2,3,1,2,-1,Target,-1,Target,#VALUE!
,oi,ˈoʎu,oi,ˈo.ʎu,oi,ˈo,1,2,2,3,1,2,-1,Target,-1,Target,#VALUE!
,oi,ˈoʎu,oi,ˈo.ʎu,-,ʎu,1,2,2,3,1,2,-1,Target,-1,Target,#VALUE!
,kei,kɐˈiɾ,kei,kɐ.ˈiɾ,kei,kɐ,1,2,3,4,1,2,-1,Target,-1,Target,#VALUE!
,kei,kɐˈiɾ,kei,kɐ.ˈiɾ,-,ˈiɾ,1,2,3,4,1,2,-1,Target,-1,Target,#VALUE!
,lonʒ,ˈlõʒɨ,lonʒ,ˈlõ.ʒɨ,lonʒ,ˈlõ,1,2,4,5,1,2,-1,Target,-1,Target,#VALUE!
,lonʒ,ˈlõʒɨ,lonʒ,ˈlõ.ʒɨ,-,ʒɨ,1,2,4,5,1,2,-1,Target,-1,Target,#VALUE!
,guɾduɾa,ɡuɾˈduɾɐ,guɾ.du.ɾa,ɡuɾ.ˈdu.ɾɐ,guɾ,ɡuɾ,3,3,7,7,3,3,0,Equal,0,Equal,#VALUE!
,guɾduɾa,ɡuɾˈduɾɐ,guɾ.du.ɾa,ɡuɾ.ˈdu.ɾɐ,du,ˈdu,3,3,7,7,3,3,0,Equal,0,Equal,#VALUE!
,guɾduɾa,ɡuɾˈduɾɐ,guɾ.du.ɾa,ɡuɾ.ˈdu.ɾɐ,ɾa,ɾɐ,3,3,7,7,3,3,0,Equal,0,Equal,#VALUE!
,baɲa,ˈbɐ̃ɲɐ,ba.ɲa,ˈbɐ̃.ɲɐ,ba,ˈbɐ̃,2,2,4,5,2,2,-1,Target,0,Equal,#VALUE!
,baɲa,ˈbɐ̃ɲɐ,ba.ɲa,ˈbɐ̃.ɲɐ,ɲa,ɲɐ,2,2,4,5,2,2,-1,Target,0,Equal,#VALUE!
,pai,paj,pai,paj,pai,paj,1,1,3,3,1,1,0,Equal,0,Equal,#VALUE!
,tenmed,tɐ̃j̃ˈmedu,ten.med,tɐ̃j̃.ˈme.du,ten,tɐ̃j̃,2,3,6,9,2,3,-3,Target,-1,Target,#VALUE!
,tenmed,tɐ̃j̃ˈmedu,ten.med,tɐ̃j̃.ˈme.du,med,ˈme,2,3,6,9,2,3,-3,Target,-1,Target,#VALUE!
,tenmed,tɐ̃j̃ˈmedu,ten.med,tɐ̃j̃.ˈme.du,-,du,2,3,6,9,2,3,-3,Target,-1,Target,#VALUE!
,pena,ˈpenɐ,pe.na,ˈpe.nɐ,pe,ˈpe,2,2,4,4,2,2,0,Equal,0,Equal,#VALUE!
,pena,ˈpenɐ,pe.na,ˈpe.nɐ,na,nɐ,2,2,4,4,2,2,0,Equal,0,Equal,#VALUE!
,pok,ˈpoku,pok,ˈpo.ku,pok,ˈpo,1,2,3,4,1,2,-1,Target,-1,Target,#VALUE!
,pok,ˈpoku,pok,ˈpo.ku,-,ku,1,2,3,4,1,2,-1,Target,-1,Target,#VALUE!
,bkedin,bukaˈdiɲu,bke.din,bu.kɐ.ˈdi.ɲu,bke,bu,2,4,6,8,2,4,-2,Target,-2,Target,#VALUE!
,bkedin,bukaˈdiɲu,bke.din,bu.kɐ.ˈdi.ɲu,-,kɐ,2,4,6,8,2,4,-2,Target,-2,Target,#VALUE!
,bkedin,bukaˈdiɲu,bke.din,bu.kɐ.ˈdi.ɲu,din,ˈdi,2,4,6,8,2,4,-2,Target,-2,Target,#VALUE!
,bkedin,bukaˈdiɲu,bke.din,bu.kɐ.ˈdi.ɲu,-,ɲu,2,4,6,8,2,4,-2,Target,-2,Target,#VALUE!
,kziɲa,kojˈziɲɐ,kzi.ɲa,koj.ˈzi.ɲɐ,kzi,Koj,2,3,5,7,2,3,-2,Target,-1,Target,#VALUE!
,kziɲa,kojˈziɲɐ,kzi.ɲa,koj.ˈzi.ɲɐ,-,ˈzi,2,3,5,7,2,3,-2,Target,-1,Target,#VALUE!
,kziɲa,kojˈziɲɐ,kzi.ɲa,koj.ˈzi.ɲɐ,ɲa,ɲɐ,2,3,5,7,2,3,-2,Target,-1,Target,#VALUE!
,bɾiga,bɾiˈɡaɾ,bɾi.ga,bɾi.ˈɡaɾ,bɾi,bɾi,2,2,5,6,2,2,-1,Target,0,Equal,#VALUE!
,bɾiga,bɾiˈɡaɾ,bɾi.ga,bɾi.ˈɡaɾ,ga,ˈɡaɾ,2,2,5,6,2,2,-1,Target,0,Equal,#VALUE!
,lum,ˈlumɨ,lum,ˈlu.mɨ,lum,ˈlu ,1,2,3,4,1,2,-1,Target,-1,Target,#VALUE!
,lum,ˈlumɨ,lum,ˈlu.mɨ,-,mɨ,1,2,3,4,1,2,-1,Target,-1,Target,#VALUE!
,peʃ,ˈpejʃɨ,peʃ,ˈpej.ʃɨ,peʃ,ˈpej,1,2,3,5,1,2,-2,Target,-1,Target,#VALUE!
,peʃ,ˈpejʃɨ,peʃ,ˈpej.ʃɨ,-,ʃɨ,1,2,3,5,1,2,-2,Target,-1,Target,#VALUE!
,sink,ˈsĩku,sink,ˈsĩ.ku,sink,ˈsĩ,1,2,4,4,1,2,0,Equal,-1,Target,#VALUE!
,sink,ˈsĩku,sink,ˈsĩ.ku,-,ku,1,2,4,4,1,2,0,Equal,-1,Target,#VALUE!
,boia,bojˈaɾ,boi.a,boj.ˈaɾ,boi,boj,2,2,4,5,2,2,-1,Target,0,Equal,#VALUE!
,boia,bojˈaɾ,boi.a,boj.ˈaɾ,a,ˈaɾ,2,2,4,5,2,2,-1,Target,0,Equal,#VALUE!
,koɾe,kuˈʀeɾ,ko.ɾe,ku.ˈʀeɾ,ko,ku,2,2,4,5,2,2,-1,Target,0,Equal,#VALUE!
,koɾe,kuˈʀeɾ,ko.ɾe,ku.ˈʀeɾ,ɾe,ˈʀeɾ,2,2,4,5,2,2,-1,Target,0,Equal,#VALUE!
,floɾ,ˈfloɾ,floɾ,ˈfloɾ,floɾ,ˈfloɾ,1,1,4,4,1,1,0,Equal,0,Equal,#VALUE!
,vuə,ˈvuaɾ,vuə,ˈvu.aɾ,vuə,ˈvu,1,2,3,4,1,2,-1,Target,-1,Target,#VALUE!
,vuə,ˈvuaɾ,vuə,ˈvu.aɾ,-,aɾ,1,2,3,4,1,2,-1,Target,-1,Target,#VALUE!
,nevueɾ,nɨvuˈɐjɾu,ne.vu.eɾ,nɨ.vu.ˈɐj.ɾu,ne,nɨ,3,4,6,8,3,4,-2,Target,-1,Target,#VALUE!
,nevueɾ,nɨvuˈɐjɾu,ne.vu.eɾ,nɨ.vu.ˈɐj.ɾu,vu,vu,3,4,6,8,3,4,-2,Target,-1,Target,#VALUE!
,nevueɾ,nɨvuˈɐjɾu,ne.vu.eɾ,nɨ.vu.ˈɐj.ɾu,-,ˈɐj,3,4,6,8,3,4,-2,Target,-1,Target,#VALUE!
,nevueɾ,nɨvuˈɐjɾu,ne.vu.eɾ,nɨ.vu.ˈɐj.ɾu,eɾ,ɾu,3,4,6,8,3,4,-2,Target,-1,Target,#VALUE!
,pe,ˈpɛ,pe,ˈpɛ,pe,ˈpɛ,1,1,2,2,1,1,0,Equal,0,Equal,#VALUE!
,kuat,ˈkuatɾu,ku.at,ˈkua.tɾu,ku,ˈkua,2,2,4,6,2,2,-2,Target,0,Equal,#VALUE!
,kuat,ˈkuatɾu,ku.at,ˈkua.tɾu,at,tɾu,2,2,4,6,2,2,-2,Target,0,Equal,#VALUE!
,ʒela,ʒɨˈlaɾ,ʒe.la,ʒɨ.ˈlaɾ,ʒe,ʒɨ,2,2,4,5,2,2,-1,Target,0,Equal,#VALUE!
,ʒela,ʒɨˈlaɾ,ʒe.la,ʒɨ.ˈlaɾ,la,ˈlaɾ,2,2,4,5,2,2,-1,Target,0,Equal,#VALUE!
,fɾuta,ˈfɾutɐ,fɾu.ta,ˈfɾu.tɐ,fɾu,ˈfɾu,2,2,5,5,2,2,0,Equal,0,Equal,#VALUE!
,fɾuta,ˈfɾutɐ,fɾu.ta,ˈfɾu.tɐ,ta,tɐ,2,2,5,5,2,2,0,Equal,0,Equal,#VALUE!
,da,ˈdaɾ,da,ˈdaɾ,da,ˈdaɾ,1,1,2,3,1,1,-1,Target,0,Equal,#VALUE!
,bon,ˈbõ,bon,ˈbõ,bon,ˈbõ,1,1,3,2,1,1,1,Source,0,Equal,#VALUE!
,eɾva,ˈɛɾvɐ,eɾ.va,ˈɛɾ.vɐ,eɾ,ˈɛɾ,2,2,4,4,2,2,0,Equal,0,Equal,#VALUE!
,eɾva,ˈɛɾvɐ,eɾ.va,ˈɛɾ.vɐ,va,vɐ,2,2,4,4,2,2,0,Equal,0,Equal,#VALUE!
,paia,ˈpaʎɐ,pa.ia,ˈpa.ʎɐ,pa,ˈpa,2,2,4,4,2,2,0,Equal,0,Equal,#VALUE!
,paia,ˈpaʎɐ,pa.ia,ˈpa.ʎɐ,ia,ʎɐ,2,2,4,4,2,2,0,Equal,0,Equal,#VALUE!
,veɾd,ˈveɾdɨ,veɾ.d,ˈveɾ.dɨ,veɾ,ˈveɾ,2,2,4,5,2,2,-1,Target,0,Equal,#VALUE!
,veɾd,ˈveɾdɨ,veɾ.d,ˈveɾ.dɨ,d,dɨ,2,2,4,5,2,2,-1,Target,0,Equal,#VALUE!
,tɾipa,ˈtɾipɐ,tɾi.pa,ˈtɾi.pɐ,tɾi,ˈtɾi,2,2,5,5,2,2,0,Equal,0,Equal,#VALUE!
,tɾipa,ˈtɾipɐ,tɾi.pa,ˈtɾi.pɐ,pa,pɐ,2,2,5,5,2,2,0,Equal,0,Equal,#VALUE!
,kabel,kɐˈbelu,ka.bel,kɐ.ˈbe.lu,ka,kɐ,2,3,5,6,2,3,-1,Target,-1,Target,#VALUE!
,kabel,kɐˈbelu,ka.bel,kɐ.ˈbe.lu,bel,ˈbe,2,3,5,6,2,3,-1,Target,-1,Target,#VALUE!
,kabel,kɐˈbelu,ka.bel,kɐ.ˈbe.lu,-,lu,2,3,5,6,2,3,-1,Target,-1,Target,#VALUE!
,mon,ˈmɐ̃w̃,mon,ˈmɐ̃w̃,mon,ˈmɐ̃w̃,1,1,3,5,1,1,-2,Target,0,Equal,#VALUE!
,el,ˈelɨ,el,ˈe.lɨ,el,ˈe,1,2,2,3,1,2,-1,Target,-1,Target,#VALUE!
,el,ˈelɨ,el,ˈe.lɨ,-,lɨ,1,2,2,3,1,2,-1,Target,-1,Target,#VALUE!
,kabɛsa,kɐˈbesɐ,ka.bɛ.sa,kɐ.ˈbe.sɐ,ka,kɐ,3,3,6,6,3,3,0,Equal,0,Equal,#VALUE!
,kabɛsa,kɐˈbesɐ,ka.bɛ.sa,kɐ.ˈbe.sɐ,bɛ,ˈbe,3,3,6,6,3,3,0,Equal,0,Equal,#VALUE!
,kabɛsa,kɐˈbesɐ,ka.bɛ.sa,kɐ.ˈbe.sɐ,sa,sɐ,3,3,6,6,3,3,0,Equal,0,Equal,#VALUE!
,uvi,oˈviɾ,u.vi,o.ˈviɾ,u,o,2,2,3,4,2,2,-1,Target,0,Equal,#VALUE!
,uvi,oˈviɾ,u.vi,o.ˈviɾ,vi,ˈviɾ,2,2,3,4,2,2,-1,Target,0,Equal,#VALUE!
,koɾason,kuɾɐˈsɐ̃w̃,ko.ɾa.son,ku.ɾɐ.ˈsɐ̃w̃,ko,ku,3,3,7,9,3,3,-2,Target,0,Equal,#VALUE!
,koɾason,kuɾɐˈsɐ̃w̃,ko.ɾa.son,ku.ɾɐ.ˈsɐ̃w̃,ɾa,ɾɐ,3,3,7,9,3,3,-2,Target,0,Equal,#VALUE!
,koɾason,kuɾɐˈsɐ̃w̃,ko.ɾa.son,ku.ɾɐ.ˈsɐ̃w̃,son,ˈsɐ̃w̃,3,3,7,9,3,3,-2,Target,0,Equal,#VALUE!
,pezod,pɨˈzadu,pe.zo.d,pɨ.ˈza.du,pe,pɨ,3,3,5,6,3,3,-1,Target,0,Equal,#VALUE!
,pezod,pɨˈzadu,pe.zo.d,pɨ.ˈza.du,zo,ˈza,3,3,5,6,3,3,-1,Target,0,Equal,#VALUE!
,pezod,pɨˈzadu,pe.zo.d,pɨ.ˈza.du,d,du,3,3,5,6,3,3,-1,Target,0,Equal,#VALUE!
,li,ɐˈli,li,ɐ.ˈli,-,ɐ,1,2,2,3,1,2,-1,Target,-1,Target,#VALUE!
,li,ɐˈli,li,ɐ.ˈli,li,ˈli,1,2,2,3,1,2,-1,Target,-1,Target,#VALUE!
,ei,ɐˈi,ei,ɐ.ˈi,ei,ɐ,1,2,2,2,1,2,0,Equal,-1,Target,#VALUE!
,ei,ɐˈi,ei,ɐ.ˈi,-,ˈi,1,2,2,2,1,2,0,Equal,-1,Target,#VALUE!
,da,da,da,da,da,da,1,1,2,2,1,1,0,Equal,0,Equal,#VALUE!
,lonba,ɐɫõˈbaɾ,lon.ba,ɐ.ɫõ.ˈbaɾ,-,ɐ,2,3,5,7,2,3,-2,Target,-1,Target,#VALUE!
,lonba,ɐɫõˈbaɾ,lon.ba,ɐ.ɫõ.ˈbaɾ,lon,ɫõ,2,3,5,7,2,3,-2,Target,-1,Target,#VALUE!
,lonba,ɐɫõˈbaɾ,lon.ba,ɐ.ɫõ.ˈbaɾ,ba,ˈbaɾ,2,3,5,7,2,3,-2,Target,-1,Target,#VALUE!
,suʃte,suʃˈteɾ,suʃ.te,suʃ.ˈteɾ,suʃ,suʃ,2,2,5,6,2,2,-1,Target,0,Equal,#VALUE!
,suʃte,suʃˈteɾ,suʃ.te,suʃ.ˈteɾ,te,ˈteɾ,2,2,5,6,2,2,-1,Target,0,Equal,#VALUE!
,guenta,ɐɡwẽˈtaɾ,gu.en.ta,ɐ.ɡwẽ.ˈtaɾ,gu,ɐ,3,3,6,7,3,3,-1,Target,0,Equal,#VALUE!
,guenta,ɐɡwẽˈtaɾ,gu.en.ta,ɐ.ɡwẽ.ˈtaɾ,en,ɡwẽ,3,3,6,7,3,3,-1,Target,0,Equal,#VALUE!
,guenta,ɐɡwẽˈtaɾ,gu.en.ta,ɐ.ɡwẽ.ˈtaɾ,ta,ˈtaɾ,3,3,6,7,3,3,-1,Target,0,Equal,#VALUE!
,sgeɾa,sɨɡuˈɾaɾ,s.ge.ɾa,sɨ.ɡu.ˈɾaɾ,s,sɨ,3,3,5,7,3,3,-2,Target,0,Equal,#VALUE!
,sgeɾa,sɨɡuˈɾaɾ,s.ge.ɾa,sɨ.ɡu.ˈɾaɾ,ge,ɡu,3,3,5,7,3,3,-2,Target,0,Equal,#VALUE!
,sgeɾa,sɨɡuˈɾaɾ,s.ge.ɾa,sɨ.ɡu.ˈɾaɾ,ɾa,ˈɾaɾ,3,3,5,7,3,3,-2,Target,0,Equal,#VALUE!
,mod,ˈmɔdu,mo.d,ˈmɔ.du,mo,ˈmɔ,2,2,3,4,2,2,-1,Target,0,Equal,#VALUE!
,mod,ˈmɔdu,mo.d,ˈmɔ.du,d,du,2,2,3,4,2,2,-1,Target,0,Equal,#VALUE!
,kimaneɾa,kɨmɐˈnejɾɐ,ki.ma.ne.ɾa,kɨ.mɐ.ˈnej.ɾɐ,ki,kɨ,4,4,8,9,4,4,-1,Target,0,Equal,#VALUE!
,kimaneɾa,kɨmɐˈnejɾɐ,ki.ma.ne.ɾa,kɨ.mɐ.ˈnej.ɾɐ,ma,mɐ,4,4,8,9,4,4,-1,Target,0,Equal,#VALUE!
,kimaneɾa,kɨmɐˈnejɾɐ,ki.ma.ne.ɾa,kɨ.mɐ.ˈnej.ɾɐ,ne,ˈnej,4,4,8,9,4,4,-1,Target,0,Equal,#VALUE!
,kimaneɾa,kɨmɐˈnejɾɐ,ki.ma.ne.ɾa,kɨ.mɐ.ˈnej.ɾɐ,ɾa,ɾɐ,4,4,8,9,4,4,-1,Target,0,Equal,#VALUE!
,kasa,kɐˈsaɾ,ka.sa,kɐ.ˈsaɾ,ka,kɐ,2,2,4,5,2,2,-1,Target,0,Equal,#VALUE!
,kasa,kɐˈsaɾ,ka.sa,kɐ.ˈsaɾ,sa,ˈsaɾ,2,2,4,5,2,2,-1,Target,0,Equal,#VALUE!
,pega,pɨˈɡaɾ,pe.ga,pɨ.ˈɡaɾ,pe,pɨ,2,2,4,5,2,2,-1,Target,0,Equal,#VALUE!
,pega,pɨˈɡaɾ,pe.ga,pɨ.ˈɡaɾ,ga,ˈɡaɾ,2,2,4,5,2,2,-1,Target,0,Equal,#VALUE!
,meɾid,mɐˈɾidu,me.ɾi.d,mɐ.ˈɾi.du,me,mɐ,3,3,5,6,3,3,-1,Target,0,Equal,#VALUE!
,meɾid,mɐˈɾidu,me.ɾi.d,mɐ.ˈɾi.du,ɾi,ˈɾi,3,3,5,6,3,3,-1,Target,0,Equal,#VALUE!
,meɾid,mɐˈɾidu,me.ɾi.d,mɐ.ˈɾi.du,d,du,3,3,5,6,3,3,-1,Target,0,Equal,#VALUE!
,kunpaɲeɾ,kõpɐˈɲejɾu,kun.pa.ɲeɾ,kõ.pɐ.ˈɲej.ɾu,kun,kõ,3,4,8,10,3,4,-2,Target,-1,Target,#VALUE!
,kunpaɲeɾ,kõpɐˈɲejɾu,kun.pa.ɲeɾ,kõ.pɐ.ˈɲej.ɾu,pa,pɐ,3,4,8,10,3,4,-2,Target,-1,Target,#VALUE!
,kunpaɲeɾ,kõpɐˈɲejɾu,kun.pa.ɲeɾ,kõ.pɐ.ˈɲej.ɾu,ɲeɾ,ˈɲej,3,4,8,10,3,4,-2,Target,-1,Target,#VALUE!
,kunpaɲeɾ,kõpɐˈɲejɾu,kun.pa.ɲeɾ,kõ.pɐ.ˈɲej.ɾu,-,ɾu,3,4,8,10,3,4,-2,Target,-1,Target,#VALUE!
,n,ɐj̃,n,ɐj̃,n,ɐj̃,1,1,1,3,1,1,-2,Target,0,Equal,#VALUE!
,ʒel,ˈʒelu,ʒel,ˈʒe.lu,ʒel,ˈʒe,1,2,3,4,1,2,-1,Target,-1,Target,#VALUE!
,ʒel,ˈʒelu,ʒel,ˈʒe.lu,-,lu,1,2,3,4,1,2,-1,Target,-1,Target,#VALUE!
,se,sɨ,se,sɨ,se,sɨ,1,1,2,2,1,1,0,Equal,0,Equal,#VALUE!
,dent,ˈdẽtɾu,den.t,ˈdẽ.tɾu,den,ˈdẽ,2,2,4,5,2,2,-1,Target,0,Equal,#VALUE!
,dent,ˈdẽtɾu,den.t,ˈdẽ.tɾu,t,tɾu,2,2,4,5,2,2,-1,Target,0,Equal,#VALUE!
,mata,mɐˈtaɾ,ma.ta,mɐ.ˈtaɾ,ma,mɐ,2,2,4,5,2,2,-1,Target,0,Equal,#VALUE!
,mata,mɐˈtaɾ,ma.ta,mɐ.ˈtaɾ,ta,ˈtaɾ,2,2,4,5,2,2,-1,Target,0,Equal,#VALUE!
,konʃe,kuɲɨˈseɾ,kon.ʃe,ku.ɲɨ.ˈseɾ,kon,ku,2,3,5,7,2,3,-2,Target,-1,Target,#VALUE!
,konʃe,kuɲɨˈseɾ,kon.ʃe,ku.ɲɨ.ˈseɾ,-,ɲɨ,2,3,5,7,2,3,-2,Target,-1,Target,#VALUE!
,konʃe,kuɲɨˈseɾ,kon.ʃe,ku.ɲɨ.ˈseɾ,ʃe,ˈseɾ,2,3,5,7,2,3,-2,Target,-1,Target,#VALUE!
,sabe,sɐˈbeɾ,sa.be,sɐ.ˈbeɾ,sa,sɐ,2,2,4,5,2,2,-1,Target,0,Equal,#VALUE!
,sabe,sɐˈbeɾ,sa.be,sɐ.ˈbeɾ,be,ˈbeɾ,2,2,4,5,2,2,-1,Target,0,Equal,#VALUE!
,pɔsa,ˈposɐ,pɔ.sa,ˈpo.sɐ,pɔ,ˈpo,2,2,4,4,2,2,0,Equal,0,Equal,#VALUE!
,pɔsa,ˈposɐ,pɔ.sa,ˈpo.sɐ,sa,sɐ,2,2,4,4,2,2,0,Equal,0,Equal,#VALUE!
,eɾi,ˈʀiɾ,eɾi,ˈʀiɾ,eɾi,ˈʀiɾ,1,1,3,3,1,1,0,Equal,0,Equal,#VALUE!
,fɔʎa,ˈfoʎɐ,fɔ.ʎa,ˈfo.ʎɐ,fɔ,ˈfo,2,2,4,4,2,2,0,Equal,0,Equal,#VALUE!
,fɔʎa,ˈfoʎɐ,fɔ.ʎa,ˈfo.ʎɐ,ʎa,ʎɐ,2,2,4,4,2,2,0,Equal,0,Equal,#VALUE!
,skeɾda,iʃˈkeɾdɐ,s.keɾ.da,iʃ.ˈkeɾ.dɐ,s,iʃ,3,3,6,7,3,3,-1,Target,0,Equal,#VALUE!
,skeɾda,iʃˈkeɾdɐ,s.keɾ.da,iʃ.ˈkeɾ.dɐ,keɾ,ˈkeɾ,3,3,6,7,3,3,-1,Target,0,Equal,#VALUE!
,skeɾda,iʃˈkeɾdɐ,s.keɾ.da,iʃ.ˈkeɾ.dɐ,da,dɐ,3,3,6,7,3,3,-1,Target,0,Equal,#VALUE!
,pɛɾna,ˈpɛɾnɐ,pɛɾ.na,ˈpɛɾ.nɐ,pɛɾ,ˈpɛɾ,2,2,5,5,2,2,0,Equal,0,Equal,#VALUE!
,pɛɾna,ˈpɛɾnɐ,pɛɾ.na,ˈpɛɾ.nɐ,na,nɐ,2,2,5,5,2,2,0,Equal,0,Equal,#VALUE!
,detɔddlɔd,dejˈtadudɨˈladu,de.tɔd.d.lɔ.d,dej.ˈta.du.dɨˈla.du,de,dej,5,5,9,13,5,5,-4,Target,0,Equal,#VALUE!
,detɔddlɔd,dejˈtadudɨˈladu,de.tɔd.d.lɔ.d,dej.ˈta.du.dɨˈla.du,tɔd,ˈta,5,5,9,13,5,5,-4,Target,0,Equal,#VALUE!
,detɔddlɔd,dejˈtadudɨˈladu,de.tɔd.d.lɔ.d,dej.ˈta.du.dɨˈla.du,d,du,5,5,9,13,5,5,-4,Target,0,Equal,#VALUE!
,detɔddlɔd,dejˈtadudɨˈladu,de.tɔd.d.lɔ.d,dej.ˈta.du.dɨˈla.du,lɔ,dɨ,5,5,9,13,5,5,-4,Target,0,Equal,#VALUE!
,detɔddlɔd,dejˈtadudɨˈladu,de.tɔd.d.lɔ.d,dej.ˈta.du.dɨˈla.du,d,ˈla,5,5,9,13,5,5,-4,Target,0,Equal,#VALUE!
,detɔddlɔd,dejˈtadudɨˈladu,de.tɔd.d.lɔ.d,dej.ˈta.du.dɨˈla.du,-,du,5,5,9,13,5,5,-4,Target,0,Equal,#VALUE!
,moɾa,muˈɾaɾ,mo.ɾa,mu.ˈɾaɾ,mo,mu,2,2,4,5,2,2,-1,Target,0,Equal,#VALUE!
,moɾa,muˈɾaɾ,mo.ɾa,mu.ˈɾaɾ,ɾa,ˈɾaɾ,2,2,4,5,2,2,-1,Target,0,Equal,#VALUE!
,vive,viˈveɾ,vi.ve,viˈ.veɾ,vi,vi,2,2,4,5,2,2,-1,Target,0,Equal,#VALUE!
,vive,viˈveɾ,vi.ve,vi.ˈveɾ,ve,ˈveɾ,2,2,4,5,2,2,-1,Target,0,Equal,#VALUE!
,fig,ˈfiɡɐdu,fig,ˈfi.ɡɐ.du,fig,ˈfi,1,3,3,6,1,3,-3,Target,-2,Target,#VALUE!
,fig,ˈfiɡɐdu,fig,ˈfi.ɡɐ.du,-,ɡɐ,1,3,3,6,1,3,-3,Target,-2,Target,#VALUE!
,fig,ˈfiɡɐdu,fig,ˈfi.ɡɐ.du,-,du,1,3,3,6,1,3,-3,Target,-2,Target,#VALUE!
,kunpɾid,kõˈpɾidu,kun.pɾi.d,Kõ.ˈpɾi.du,kun,Kõ,3,3,7,8,3,3,-1,Target,0,Equal,#VALUE!
,kunpɾid,kõˈpɾidu,kun.pɾi.d,Kõ.ˈpɾi.du,pɾi,ˈpɾi,3,3,7,8,3,3,-1,Target,0,Equal,#VALUE!
,kunpɾid,kõˈpɾidu,kun.pɾi.d,Kõ.ˈpɾi.du,d,du,3,3,7,8,3,3,-1,Target,0,Equal,#VALUE!
,gɾande,ˈɡɾɐ̃dɨ,gɾan.de,ˈɡɾɐ̃.dɨ,gɾan,ˈɡɾɐ̃,2,2,6,6,2,2,0,Equal,0,Equal,#VALUE!
,gɾande,ˈɡɾɐ̃dɨ,gɾan.de,ˈɡɾɐ̃.dɨ,de,dɨ,2,2,6,6,2,2,0,Equal,0,Equal,#VALUE!
,pioi,ˈpioʎu,pi.oj,ˈpi.o.ʎu,pi,ˈpi,2,3,4,5,2,3,-1,Target,-1,Target,#VALUE!
,pioi,ˈpioʎu,pi.oj,ˈpi.o.ʎu,oj,o,2,3,4,5,2,3,-1,Target,-1,Target,#VALUE!
,pioi,ˈpioʎu,pi.oj,ˈpi.o.ʎu,-,ʎu,2,3,4,5,2,3,-1,Target,-1,Target,#VALUE!
,ome,ˈɔm,ome,ˈɔm,ome,ˈɔm,1,1,3,2,1,1,1,Source,0,Equal,#VALUE!
,t̠ʃeu,ˈʃɐju,t̠ʃe.u,ˈʃɐj.u,t̠ʃe,ˈʃɐj,2,2,3,4,2,2,-1,Target,0,Equal,#VALUE!
,t̠ʃeu,ˈʃɐju,t̠ʃe.u,ˈʃɐj.u,u,u,2,2,3,4,2,2,-1,Target,0,Equal,#VALUE!
,bastent,bɐʃˈtɐ̃tɨ,bas.ten.t,bɐʃ.ˈtɐ̃.tɨ,bas,bɐʃ,3,3,7,8,3,3,-1,Target,0,Equal,#VALUE!
,bastent,bɐʃˈtɐ̃tɨ,bas.ten.t,bɐʃ.ˈtɐ̃.tɨ,ten,ˈtɐ̃,3,3,7,8,3,3,-1,Target,0,Equal,#VALUE!
,bastent,bɐʃˈtɐ̃tɨ,bas.ten.t,bɐʃ.ˈtɐ̃.tɨ,t,tɨ,3,3,7,8,3,3,-1,Target,0,Equal,#VALUE!
,kaɾ,ˈkaɾnɨ,kaɾ,ˈkaɾ.nɨ,kaɾ,ˈkaɾ,1,2,3,5,1,2,-2,Target,-1,Target,#VALUE!
,kaɾ,ˈkaɾnɨ,kaɾ,ˈkaɾ.nɨ,-,nɨ,1,2,3,5,1,2,-2,Target,-1,Target,#VALUE!
,mai,ˈmɐ̃j̃,mai,ˈmɐ̃j̃,mai,ˈmɐ̃j̃,1,1,3,5,1,1,-2,Target,0,Equal,#VALUE!
,mont,ˈmõtɨ,mon.t,ˈmõ.tɨ,mon,ˈmõ,2,2,4,5,2,2,-1,Target,0,Equal,#VALUE!
,mont,ˈmõtɨ,mon.t,ˈmõ.tɨ,t,tɨ,2,2,4,5,2,2,-1,Target,0,Equal,#VALUE!
,bɔka,ˈbokɐ,bɔ.ka,ˈbo.kɐ,bɔ,ˈbo,2,2,4,4,2,2,0,Equal,0,Equal,#VALUE!
,bɔka,ˈbokɐ,bɔ.ka,ˈbo.kɐ,ka,kɐ,2,2,4,4,2,2,0,Equal,0,Equal,#VALUE!
,nom,ˈnomɨ,nom,ˈno.mɨ,nom,ˈno,1,2,3,4,1,2,-1,Target,-1,Target,#VALUE!
,nom,ˈnomɨ,nom,ˈno.mɨ,-,mɨ,1,2,3,4,1,2,-1,Target,-1,Target,#VALUE!
,stɾet,iʃˈtɾɐjtu,s.tɾe.t,iʃ.ˈtɾɐj.tu,s,iʃ,3,3,5,8,3,3,-3,Target,0,Equal,#VALUE!
,stɾet,iʃˈtɾɐjtu,s.tɾe.t,iʃ.ˈtɾɐj.tu,tɾe,ˈtɾɐj,3,3,5,8,3,3,-3,Target,0,Equal,#VALUE!
,stɾet,iʃˈtɾɐjtu,s.tɾe.t,iʃ.ˈtɾɐj.tu,t,tu,3,3,5,8,3,3,-3,Target,0,Equal,#VALUE!
,peɾtɔd,ɐpɨɾˈtadu,peɾ.tɔd,ɐ.pɨɾ.ˈta.du,-,ɐ,2,4,6,8,2,4,-2,Target,-2,Target,#VALUE!
,peɾtɔd,ɐpɨɾˈtadu,peɾ.tɔd,ɐ.pɨɾ.ˈta.du,peɾ,pɨɾ,2,4,6,8,2,4,-2,Target,-2,Target,#VALUE!
,peɾtɔd,ɐpɨɾˈtadu,peɾ.tɔd,ɐ.pɨɾ.ˈta.du,tɔd,ˈta,2,4,6,8,2,4,-2,Target,-2,Target,#VALUE!
,peɾtɔd,ɐpɨɾˈtadu,peɾ.tɔd,ɐ.pɨɾ.ˈta.du,-,du,2,4,6,8,2,4,-2,Target,-2,Target,#VALUE!
,peɾt,ˈpɛɾtu,peɾ.t,ˈpɛɾ.tu,peɾ,ˈpɛɾ,2,2,4,5,2,2,-1,Target,0,Equal,#VALUE!
,peɾt,ˈpɛɾtu,peɾ.t,ˈpɛɾ.tu,t,tu,2,2,4,5,2,2,-1,Target,0,Equal,#VALUE!
,d̠ʒunt,ˈʒũtu,d̠ʒun.t,ˈʒũ.tu,d̠ʒun,ˈʒũ,2,2,4,4,2,2,0,Equal,0,Equal,#VALUE!
,d̠ʒunt,ˈʒũtu,d̠ʒun.t,ˈʒũ.tu,t,tu,2,2,4,4,2,2,0,Equal,0,Equal,#VALUE!
,peskos,pɨʃˈkosu,pes.kos,pɨʃ.ˈko.su,pes,pɨʃ,2,3,6,7,2,3,-1,Target,-1,Target,#VALUE!
,peskos,pɨʃˈkosu,pes.kos,pɨʃ.ˈko.su,kos,ˈko,2,3,6,7,2,3,-1,Target,-1,Target,#VALUE!
,peskos,pɨʃˈkosu,pes.kos,pɨʃ.ˈko.su,-,su,2,3,6,7,2,3,-1,Target,-1,Target,#VALUE!
,nov,ˈnovu,nov,ˈno.vu,nov,ˈno,1,2,3,4,1,2,-1,Target,-1,Target,#VALUE!
,nov,ˈnovu,nov,ˈno.vu,-,vu,1,2,3,4,1,2,-1,Target,-1,Target,#VALUE!
,dnot,ˈdɨ 'nojtɨ,d.not,ˈdɨ 'noj.tɨ,d,ˈdɨ,2,2,4,9,2,2,-5,Target,0,Equal,#VALUE!
,dnot,ˈdɨ 'nojtɨ,d.not,ˈdɨ 'noj.tɨ,not,noj,2,2,4,9,2,2,-5,Target,0,Equal,#VALUE!
,dnot,ˈdɨ 'nojtɨ,d.not,ˈdɨ 'noj.tɨ,-,tɨ,2,2,4,9,2,2,-5,Target,0,Equal,#VALUE!
,skuɾ,iʃˈkuɾu,skuɾ,iʃ.ˈku.ɾu,skuɾ,iʃ,1,3,4,6,1,3,-2,Target,-2,Target,#VALUE!
,skuɾ,iʃˈkuɾu,skuɾ,iʃ.ˈku.ɾu,-,ˈku,1,3,4,6,1,3,-2,Target,-2,Target,#VALUE!
,skuɾ,iʃˈkuɾu,skuɾ,iʃ.ˈku.ɾu,-,ɾu,1,3,4,6,1,3,-2,Target,-2,Target,#VALUE!
,neɾis,nɐˈɾiʃ,ne.ɾis,nɐ.ˈɾiʃ,ne,nɐ,2,2,5,5,2,2,0,Equal,0,Equal,#VALUE!
,neɾis,nɐˈɾiʃ,ne.ɾis,nɐ.ˈɾiʃ,ɾis,ˈɾiʃ,2,2,5,5,2,2,0,Equal,0,Equal,#VALUE!
,no,ˈnɐ̃w̃,no,ˈnɐ̃w̃,no,ˈnɐ̃w̃,1,1,2,5,1,1,-3,Target,0,Equal,#VALUE!
,bed̠ʒ,ˈveʎu,be.d̠ʒ,ˈve.ʎu,be,ˈve,2,2,3,4,2,2,-1,Target,0,Equal,#VALUE!
,bed̠ʒ,ˈveʎu,be.d̠ʒ,ˈve.ʎu,d̠ʒ,ʎu,2,2,3,4,2,2,-1,Target,0,Equal,#VALUE!
,uzɔd,uˈzadu,u.zɔ.d,u.ˈza.du,u,u,3,3,4,5,3,3,-1,Target,0,Equal,#VALUE!
,uzɔd,uˈzadu,u.zɔ.d,u.ˈza.du,zɔ,ˈza,3,3,4,5,3,3,-1,Target,0,Equal,#VALUE!
,uzɔd,uˈzadu,u.zɔ.d,u.ˈza.du,d,du,3,3,4,5,3,3,-1,Target,0,Equal,#VALUE!
,antig,ɐ̃ˈtiɡu,an.tig,ɐ̃.ˈti.ɡu,-,ɐ̃,2,3,5,6,2,3,-1,Target,-1,Target,#VALUE!
,antig,ɐ̃ˈtiɡu,an.tig,ɐ̃.ˈti.ɡu,an,ˈti,2,3,5,6,2,3,-1,Target,-1,Target,#VALUE!
,antig,ɐ̃ˈtiɡu,an.tig,ɐ̃.ˈti.ɡu,tig,ɡu,2,3,5,6,2,3,-1,Target,-1,Target,#VALUE!
,un,ũ,un,ũ,un,ũ,1,1,2,1,1,1,1,Source,0,Equal,#VALUE!
,ot,ˈowtɾu,ot,ˈow.tɾu,ot,ˈow,1,2,2,5,1,2,-3,Target,-1,Target,#VALUE!
,ot,ˈowtɾu,ot,ˈow.tɾu,-,tɾu,1,2,2,5,1,2,-3,Target,-1,Target,#VALUE!
,psoa,pɨˈsoɐ,p.so.a,pɨ.ˈso.ɐ,p,pɨ,3,3,4,5,3,3,-1,Target,0,Equal,#VALUE!
,psoa,pɨˈsoɐ,p.so.a,pɨ.ˈso.ɐ,so,ˈso,3,3,4,5,3,3,-1,Target,0,Equal,#VALUE!
,psoa,pɨˈsoɐ,p.so.a,pɨ.ˈso.ɐ,a,ɐ,3,3,4,5,3,3,-1,Target,0,Equal,#VALUE!
,ʒga,ʒuˈgaɾ,ʒ.ga,ʒu.ˈgaɾ,ʒ,ʒu,2,2,3,5,2,2,-2,Target,0,Equal,#VALUE!
,ʒga,ʒuˈgaɾ,ʒ.ga,ʒu.ˈgaɾ,ga,ˈgaɾ,2,2,3,5,2,2,-2,Target,0,Equal,#VALUE!
,pʃa,puˈʃaɾ,pʃa,pu.ˈʃaɾ,pʃa,pu,1,2,3,5,1,2,-2,Target,-1,Target,#VALUE!
,pʃa,puˈʃaɾ,pʃa,pu.ˈʃaɾ,-,ˈʃaɾ,1,2,3,5,1,2,-2,Target,-1,Target,#VALUE!
,pint̠ʃa,pĩˈʃaɾ,pin.t̠ʃa,pĩ.ˈʃaɾ,pin,pĩ,2,2,5,5,2,2,0,Equal,0,Equal,#VALUE!
,pint̠ʃa,pĩˈʃaɾ,pin.t̠ʃa,pĩ.ˈʃaɾ,t̠ʃa,ˈʃaɾ,2,2,5,5,2,2,0,Equal,0,Equal,#VALUE!
,inpuɾa,ẽpuˈʀaɾ,in.pu.ɾa,ẽ.pu.ˈʀaɾ,in,ẽ,3,3,6,7,3,3,-1,Target,0,Equal,#VALUE!
,inpuɾa,ẽpuˈʀaɾ,in.pu.ɾa,ẽ.pu.ˈʀaɾ,pu,pu,3,3,6,7,3,3,-1,Target,0,Equal,#VALUE!
,inpuɾa,ẽpuˈʀaɾ,in.pu.ɾa,ẽ.pu.ˈʀaɾ,ɾa,ˈʀaɾ,3,3,6,7,3,3,-1,Target,0,Equal,#VALUE!
,dat̠ʃuva,ʃuˈveɾ,da.t̠ʃu.va,ʃu.ˈveɾ,da,-,3,2,6,5,3,2,1,Source,1,Source,#VALUE!
,dat̠ʃuva,ʃuˈveɾ,da.t̠ʃu.va,ʃu.ˈveɾ,t̠ʃu,ʃu,3,2,6,5,3,2,1,Source,1,Source,#VALUE!
,dat̠ʃuva,ʃuˈveɾ,da.t̠ʃu.va,ʃu.ˈveɾ,va,ˈveɾ,3,2,6,5,3,2,1,Source,1,Source,#VALUE!
,bɾumed̠ʒ,vɨɾˈmɐjʎu,bɾu.me.d̠ʒ,Vɨɾ.ˈmɐj.ʎu,bɾu,Vɨɾ,3,3,6,8,3,3,-2,Target,0,Equal,#VALUE!
,bɾumed̠ʒ,vɨɾˈmɐjʎu,bɾu.me.d̠ʒ,Vɨɾ.ˈmɐj.ʎu,me,ˈmɐj,3,3,6,8,3,3,-2,Target,0,Equal,#VALUE!
,bɾumed̠ʒ,vɨɾˈmɐjʎu,bɾu.me.d̠ʒ,Vɨɾ.ˈmɐj.ʎu,d̠ʒ,ʎu,3,3,6,8,3,3,-2,Target,0,Equal,#VALUE!
,dɾet,diˈɾɐjtu,dɾe.t,di.ˈɾɐj.tu,dɾe,di,2,3,4,7,2,3,-3,Target,-1,Target,#VALUE!
,dɾet,diˈɾɐjtu,dɾe.t,di.ˈɾɐj.tu,-,ˈɾɐj,2,3,4,7,2,3,-3,Target,-1,Target,#VALUE!
,dɾet,diˈɾɐjtu,dɾe.t,di.ˈɾɐj.tu,t,tu,2,3,4,7,2,3,-3,Target,-1,Target,#VALUE!
,dɾeita,diˈɾɐjtɐ,dɾej.ta,di.ˈɾɐj.tɐ,-,di,2,3,6,7,2,3,-1,Target,-1,Target,#VALUE!
,dɾeita,diˈɾɐjtɐ,dɾej.ta,di.ˈɾɐj.tɐ,dɾej,ˈɾɐj,2,3,6,7,2,3,-1,Target,-1,Target,#VALUE!
,dɾeita,diˈɾɐjtɐ,dɾej.ta,di.ˈɾɐj.tɐ,ta,tɐ,2,3,6,7,2,3,-1,Target,-1,Target,#VALUE!
,ɾiu,ˈʀiu,ɾiu,ˈʀiu,ɾiu,ˈʀiu,1,1,3,3,1,1,0,Equal,0,Equal,#VALUE!
,stɾada,iʃˈtɾadɐ,stɾa.da,iʃ.ˈtɾa.dɐ,-,iʃ,2,3,6,7,2,3,-1,Target,-1,Target,#VALUE!
,stɾada,iʃˈtɾadɐ,stɾa.da,iʃ.ˈtɾa.dɐ,stɾa,ˈtɾa,2,3,6,7,2,3,-1,Target,-1,Target,#VALUE!
,stɾada,iʃˈtɾadɐ,stɾa.da,iʃ.ˈtɾa.dɐ,da,dɐ,2,3,6,7,2,3,-1,Target,-1,Target,#VALUE!
,ɾeis,ʀɐˈiʃ,ɾe.is,ʀɐ.ˈiʃ,ɾe,ʀɐ,2,2,4,4,2,2,0,Equal,0,Equal,#VALUE!
,ɾeis,ʀɐˈiʃ,ɾe.is,ʀɐ.ˈiʃ,is,ˈiʃ,2,2,4,4,2,2,0,Equal,0,Equal,#VALUE!
,kɔɾda,ˈkɔɾdɐ,kɔɾ.da,ˈkɔɾ.dɐ,kɔɾ,ˈkɔɾ,2,2,5,5,2,2,0,Equal,0,Equal,#VALUE!
,kɔɾda,ˈkɔɾdɐ,kɔɾ.da,ˈkɔɾ.dɐ,da,dɐ,2,2,5,5,2,2,0,Equal,0,Equal,#VALUE!
,stɾagɔd,ʃtɾɐˈgadu,s.tɾa.gɔ.d,ʃ.tɾɐ.ˈga.du,s,ʃ,4,4,7,8,4,4,-1,Target,0,Equal,#VALUE!
,stɾagɔd,ʃtɾɐˈgadu,s.tɾa.gɔ.d,ʃ.tɾɐ.ˈga.du,tɾa,tɾɐ,4,4,7,8,4,4,-1,Target,0,Equal,#VALUE!
,stɾagɔd,ʃtɾɐˈgadu,s.tɾa.gɔ.d,ʃ.tɾɐ.ˈga.du,gɔ,ˈga,4,4,7,8,4,4,-1,Target,0,Equal,#VALUE!
,stɾagɔd,ʃtɾɐˈgadu,s.tɾa.gɔ.d,ʃ.tɾɐ.ˈga.du,d,du,4,4,7,8,4,4,-1,Target,0,Equal,#VALUE!
,podɾ,ˈpodɾɨ,po.dɾ,ˈpo.dɾɨ,po,ˈpo,2,2,4,5,2,2,-1,Target,0,Equal,#VALUE!
,podɾ,ˈpodɾɨ,po.dɾ,ˈpo.dɾɨ,dɾ,dɾɨ,2,2,4,5,2,2,-1,Target,0,Equal,#VALUE!
,sfɾega,iʃfɾɨˈɡaɾ,s.fɾe.ga,iʃ.fɾɨ.ˈɡaɾ,s,iʃ,3,3,6,8,3,3,-2,Target,0,Equal,#VALUE!
,sfɾega,iʃfɾɨˈɡaɾ,s.fɾe.ga,iʃ.fɾɨ.ˈɡaɾ,fɾe,fɾɨ,3,3,6,8,3,3,-2,Target,0,Equal,#VALUE!
,sfɾega,iʃfɾɨˈɡaɾ,s.fɾe.ga,iʃ.fɾɨ.ˈɡaɾ,ga,ˈɡaɾ,3,3,6,8,3,3,-2,Target,0,Equal,#VALUE!
,ʃuɾia,ẽʃuˈɡaɾ,ʃu.ɾi.a,ẽ.ʃu.ˈɡaɾ,ʃu,ẽ,3,3,5,6,3,3,-1,Target,0,Equal,#VALUE!
,ʃuɾia,ẽʃuˈɡaɾ,ʃu.ɾi.a,ẽ.ʃu.ˈɡaɾ,ɾia,ʃu,3,3,5,6,3,3,-1,Target,0,Equal,#VALUE!
,ʃuɾia,ẽʃuˈɡaɾ,ʃu.ɾi.a,ẽ.ʃu.ˈɡaɾ,a,ˈɡaɾ,3,3,5,6,3,3,-1,Target,0,Equal,#VALUE!
,sal,ˈsal,sal,ˈsal,sal,ˈsal,1,1,3,3,1,1,0,Equal,0,Equal,#VALUE!
,aɾea,ɐˈɾɐjɐ,a.ɾe.a,ɐ.ˈɾɐj.ɐ,a,ɐ,3,3,4,5,3,3,-1,Target,0,Equal,#VALUE!
,aɾea,ɐˈɾɐjɐ,a.ɾe.a,ɐ.ˈɾɐj.ɐ,ɾe,ˈɾɐj,3,3,4,5,3,3,-1,Target,0,Equal,#VALUE!
,aɾea,ɐˈɾɐjɐ,a.ɾe.a,ɐ.ˈɾɐj.ɐ,a,ɐ,3,3,4,5,3,3,-1,Target,0,Equal,#VALUE!
,dze,diˈzeɾ,dze,di.ˈzeɾ,dze,di,1,2,3,5,1,2,-2,Target,-1,Target,#VALUE!
,dze,diˈzeɾ,dze,di.ˈzeɾ,-,ˈzeɾ,1,2,3,5,1,2,-2,Target,-1,Target,#VALUE!
,kosa,kuˈsaɾ,ko.sa,ku.ˈsaɾ,ko,ku,2,2,4,5,2,2,-1,Target,0,Equal,#VALUE!
,kosa,kuˈsaɾ,ko.sa,ku.ˈsaɾ,sa,ˈsaɾ,2,2,4,5,2,2,-1,Target,0,Equal,#VALUE!
,maɾ,ˈmaɾ,maɾ,ˈmaɾ,maɾ,ˈmaɾ,1,1,3,3,1,1,0,Equal,0,Equal,#VALUE!
,oja,ɔˈʎaɾ,oj.a,ɔ.ˈʎaɾ,o,ɔ,2,2,3,4,2,2,-1,Target,0,Equal,#VALUE!
,oja,ɔˈʎaɾ,oj.a,ɔ.ˈʎaɾ,ja,ˈʎaɾ,2,2,3,4,2,2,-1,Target,0,Equal,#VALUE!
,spia,iʃˈpiaɾ,s.pi.a,iʃ.ˈpi.aɾ,s,iʃ,3,3,4,6,3,3,-2,Target,0,Equal,#VALUE!
,spia,iʃˈpiaɾ,s.pi.a,iʃ.ˈpi.aɾ,pi,ˈpi,3,3,4,6,3,3,-2,Target,0,Equal,#VALUE!
,spia,iʃˈpiaɾ,s.pi.a,iʃ.ˈpi.aɾ,a,aɾ,3,3,4,6,3,3,-2,Target,0,Equal,#VALUE!
,sment,sɨˈmẽtɨ,s.men.t,sɨ.ˈmẽ.tɨ,s,sɨ,3,3,5,6,3,3,-1,Target,0,Equal,#VALUE!
,sment,sɨˈmẽtɨ,s.men.t,sɨ.ˈmẽ.tɨ,men,ˈmẽ,3,3,5,6,3,3,-1,Target,0,Equal,#VALUE!
,sment,sɨˈmẽtɨ,s.men.t,sɨ.ˈmẽ.tɨ,t,tɨ,3,3,5,6,3,3,-1,Target,0,Equal,#VALUE!
,kozɛ,kuˈzeɾ,ko.zɛ,ku.ˈzeɾ,ko,ku,2,2,4,5,2,2,-1,Target,0,Equal,#VALUE!
,kozɛ,kuˈzeɾ,ko.zɛ,ku.ˈzeɾ,zɛ,ˈzeɾ,2,2,4,5,2,2,-1,Target,0,Equal,#VALUE!
,molɔd,ɐmuˈɫadu,mol.ɔ.d,ɐ.mu.ˈɫa.du,-,ɐ,3,4,5,7,3,4,-2,Target,-1,Target,#VALUE!
,molɔd,ɐmuˈɫadu,mol.ɔ.d,ɐ.mu.ˈɫa.du,mol,mu,3,4,5,7,3,4,-2,Target,-1,Target,#VALUE!
,molɔd,ɐmuˈɫadu,mol.ɔ.d,ɐ.mu.ˈɫa.du,ɔ,ˈɫa,3,4,5,7,3,4,-2,Target,-1,Target,#VALUE!
,molɔd,ɐmuˈɫadu,mol.ɔ.d,ɐ.mu.ˈɫa.du,d,du,3,4,5,7,3,4,-2,Target,-1,Target,#VALUE!
,piknin,pɨkɨˈninu,pik.nin,pɨ.kɨ.ˈni.nu,pik,pɨ,2,4,6,8,2,4,-2,Target,-2,Target,#VALUE!
,piknin,pɨkɨˈninu,pik.nin,pɨ.kɨ.ˈni.nu,-,kɨ,2,4,6,8,2,4,-2,Target,-2,Target,#VALUE!
,piknin,pɨkɨˈninu,pik.nin,pɨ.kɨ.ˈni.nu,nin,ˈni,2,4,6,8,2,4,-2,Target,-2,Target,#VALUE!
,piknin,pɨkɨˈninu,pik.nin,pɨ.kɨ.ˈni.nu,-,nu,2,4,6,8,2,4,-2,Target,-2,Target,#VALUE!
,kuɾt,ˈkuɾtu,kuɾ.t,ˈkuɾ.tu,kuɾ,ˈkuɾ,2,2,4,5,2,2,-1,Target,0,Equal,#VALUE!
,kuɾt,ˈkuɾtu,kuɾ.t,ˈkuɾ.tu,t,tu,2,2,4,5,2,2,-1,Target,0,Equal,#VALUE!
,kanta,kɐ̃ˈtaɾ,kan.ta,kɐ̃.ˈtaɾ,kan,kɐ̃,2,2,5,6,2,2,-1,Target,0,Equal,#VALUE!
,kanta,kɐ̃ˈtaɾ,kan.ta,kɐ̃.ˈtaɾ,ta,ˈtaɾ,2,2,5,6,2,2,-1,Target,0,Equal,#VALUE!
,senta,sẽˈtaɾ,sen.ta,sẽ.ˈtaɾ,sen,sẽ,2,2,5,6,2,2,-1,Target,0,Equal,#VALUE!
,senta,sẽˈtaɾ,sen.ta,sẽ.ˈtaɾ,ta,ˈtaɾ,2,2,5,6,2,2,-1,Target,0,Equal,#VALUE!
,pel,ˈpɛlɨ,pel,ˈpɛ.lɨ,pel,ˈpɛ,1,2,3,4,1,2,-1,Target,-1,Target,#VALUE!
,pel,ˈpɛlɨ,pel,ˈpɛ.lɨ,-,lɨ,1,2,3,4,1,2,-1,Target,-1,Target,#VALUE!
,sɛu,ˈsɛw,sɛu,ˈsɛw,sɛu,ˈsɛw,1,1,3,3,1,1,0,Equal,0,Equal,#VALUE!
,konʃe,kuɲɨˈseɾ,kon.ʃe,ku.ɲɨ.ˈseɾ,kon,ku,2,3,5,7,2,3,-2,Target,-1,Target,#VALUE!
,konʃe,kuɲɨˈseɾ,kon.ʃe,ku.ɲɨ.ˈseɾ,-,ɲɨ,2,3,5,7,2,3,-2,Target,-1,Target,#VALUE!
,konʃe,kuɲɨˈseɾ,kon.ʃe,ku.ɲɨ.ˈseɾ,ʃe,ˈseɾ,2,3,5,7,2,3,-2,Target,-1,Target,#VALUE!
,sabe,sɐˈbeɾ,sa.be,sɐ.ˈbeɾ,sa,sɐ,2,2,4,5,2,2,-1,Target,0,Equal,#VALUE!
,sabe,sɐˈbeɾ,sa.be,sɐ.ˈbeɾ,be,ˈbeɾ,2,2,4,5,2,2,-1,Target,0,Equal,#VALUE!
,t̠ʃeɾɛ,ʃɐjˈɾaɾ,t̠ʃe.ɾɛ,ʃɐj.ˈɾaɾ,t̠ʃe,ʃɐj,2,2,4,6,2,2,-2,Target,0,Equal,#VALUE!
,t̠ʃeɾɛ,ʃɐjˈɾaɾ,t̠ʃe.ɾɛ,ʃɐj.ˈɾaɾ,tɾɛ,ˈɾaɾ,2,2,4,6,2,2,-2,Target,0,Equal,#VALUE!
,fma,fuˈmaɾ,f.ma,fu.ˈmaɾ,f,fu,2,2,3,5,2,2,-2,Target,0,Equal,#VALUE!
,fma,fuˈmaɾ,f.ma,fu.ˈmaɾ,ma,ˈmaɾ,2,2,3,5,2,2,-2,Target,0,Equal,#VALUE!
,lize,ˈlizu,li.ze,ˈli.zu,li,ˈli,2,2,4,4,2,2,0,Equal,0,Equal,#VALUE!
,lize,ˈlizu,li.ze,ˈli.zu,ze,zu,2,2,4,4,2,2,0,Equal,0,Equal,#VALUE!
,fine,ˈfinu,fi.ne,ˈfi.nu,fi,ˈfi,2,2,4,4,2,2,0,Equal,0,Equal,#VALUE!
,fine,ˈfinu,fi.ne,ˈfi.nu,ne,nu,2,2,4,4,2,2,0,Equal,0,Equal,#VALUE!
,kobɾa,ˈkɔbɾɐ,ko.bɾa,ˈkɔ.bɾɐ,ko,ˈkɔ,2,2,5,5,2,2,0,Equal,0,Equal,#VALUE!
,kobɾa,ˈkɔbɾɐ,ko.bɾa,ˈkɔ.bɾɐ,bɾa,bɾɐ,2,2,5,5,2,2,0,Equal,0,Equal,#VALUE!
,nɛve,ˈnɛvɨ,nɛ.ve,ˈnɛ.vɨ,nɛ,ˈnɛ,2,2,4,4,2,2,0,Equal,0,Equal,#VALUE!
,nɛve,ˈnɛvɨ,nɛ.ve,ˈnɛ.vɨ,ve,vɨ,2,2,4,4,2,2,0,Equal,0,Equal,#VALUE!
,elgun,aɫˈgũ,el.gun,aɫ.ˈgũ,el,aɫ,2,2,5,5,2,2,0,Equal,0,Equal,#VALUE!
,elgun,aɫˈgũ,el.gun,aɫ.ˈgũ,gun,ˈgũ,2,2,5,5,2,2,0,Equal,0,Equal,#VALUE!
,kuspi,kuʃˈpiɾ,kus.pi,kuʃ.ˈpiɾ,kus,kuʃ,2,2,5,6,2,2,-1,Target,0,Equal,#VALUE!
,kuspi,kuʃˈpiɾ,kus.pi,kuʃ.ˈpiɾ,pi,ˈpiɾ,2,2,5,6,2,2,-1,Target,0,Equal,#VALUE!
,ɾat̠ʃa,ʀɐˈʃaɾ,ɾa.t̠ʃa,ʀɐ.ˈʃaɾ,ɾa,ʀɐ,2,2,4,5,2,2,-1,Target,0,Equal,#VALUE!
,ɾat̠ʃa,ʀɐˈʃaɾ,ɾa.t̠ʃa,ʀɐ.ˈʃaɾ,t̠ʃa,ˈʃaɾ,2,2,4,5,2,2,-1,Target,0,Equal,#VALUE!
,paɾti,pɐɾˈtiɾ,paɾ.ti,pɐɾ.ˈtiɾ,paɾ,pɐɾ,2,2,5,6,2,2,-1,Target,0,Equal,#VALUE!
,paɾti,pɐɾˈtiɾ,paɾ.ti,pɐɾ.ˈtiɾ,ti,ˈtiɾ,2,2,5,6,2,2,-1,Target,0,Equal,#VALUE!
,kebɾa,kɨˈbɾaɾ,ke.bɾa,kɨ.ˈbɾaɾ,ke,kɨ,2,2,5,6,2,2,-1,Target,0,Equal,#VALUE!
,kebɾa,kɨˈbɾaɾ,ke.bɾa,kɨ.ˈbɾaɾ,bɾa,ˈbɾaɾ,2,2,5,6,2,2,-1,Target,0,Equal,#VALUE!
,spɾeme,ʃpɾɨˈmeɾ,s.pɾe.me,ʃ.pɾɨ.ˈmeɾ,s,ʃ,3,3,6,7,3,3,-1,Target,0,Equal,#VALUE!
,spɾeme,ʃpɾɨˈmeɾ,s.pɾe.me,ʃ.pɾɨ.ˈmeɾ,pɾe,pɾɨ,3,3,6,7,3,3,-1,Target,0,Equal,#VALUE!
,spɾeme,ʃpɾɨˈmeɾ,s.pɾe.me,ʃ.pɾɨ.ˈmeɾ,me,ˈmeɾ,3,3,6,7,3,3,-1,Target,0,Equal,#VALUE!
,sfakia,ʃfɐkiˈaɾ,s.fa.kia,ʃ.fɐ.ki.ˈaɾ,s,ʃ,3,4,6,7,3,4,-1,Target,-1,Target,#VALUE!
,sfakia,ʃfɐkiˈaɾ,s.fa.kia,ʃ.fɐ.ki.ˈaɾ,fa,fɐ,3,4,6,7,3,4,-1,Target,-1,Target,#VALUE!
,sfakia,ʃfɐkiˈaɾ,s.fa.kia,ʃ.fɐ.ki.ˈaɾ,kia,ki,3,4,6,7,3,4,-1,Target,-1,Target,#VALUE!
,sfakia,ʃfɐkiˈaɾ,s.fa.kia,ʃ.fɐ.ki.ˈaɾ,-,ˈaɾ,3,4,6,7,3,4,-1,Target,-1,Target,#VALUE!
,poinpɛ,ˈpõj u ˈpɛ,pojn.pɛ,ˈpõj. u. ˈpɛ,pojn,ˈpõj,2,3,6,8,2,3,-2,Target,-1,Target,#VALUE!
,pojnpɛ,ˈpõj u ˈpɛ,pojn.pɛ,ˈpõj. u. ˈpɛ,-,u,2,3,6,8,2,3,-2,Target,-1,Target,#VALUE!
,pojnpɛ,ˈpõj u ˈpɛ,pojn.pɛ,ˈpõj. u. ˈpɛ,pɛ,ˈpɛ,2,3,6,8,2,3,-2,Target,-1,Target,#VALUE!
,levanta,lɨvɐ̃ˈtaɾ,le.van.ta,lɨ.vɐ̃.ˈtaɾ,le,lɨ,3,3,7,8,3,3,-1,Target,0,Equal,#VALUE!
,levanta,lɨvɐ̃ˈtaɾ,le.van.ta,lɨ.vɐ̃.ˈtaɾ,van,vɐ̃,3,3,7,8,3,3,-1,Target,0,Equal,#VALUE!
,levanta,lɨvɐ̃ˈtaɾ,le.van.ta,lɨ.vɐ̃.ˈtaɾ,ta,ˈtaɾ,3,3,7,8,3,3,-1,Target,0,Equal,#VALUE!
,stɾela,iʃˈtɾelɐ,s.tɾe.la,iʃ.ˈtɾe.lɐ,s,iʃ,3,3,6,7,3,3,-1,Target,0,Equal,#VALUE!
,stɾela,iʃˈtɾelɐ,s.tɾe.la,iʃ.ˈtɾe.lɐ,tɾe,ˈtɾe,3,3,6,7,3,3,-1,Target,0,Equal,#VALUE!
,stɾela,iʃˈtɾelɐ,s.tɾe.la,iʃ.ˈtɾe.lɐ,la,lɐ,3,3,6,7,3,3,-1,Target,0,Equal,#VALUE!
,pau,ˈpaw,pau,ˈpaw,pau,ˈpaw,1,1,3,3,1,1,0,Equal,0,Equal,#VALUE!
,spet,iʃˈpetu,s.pet,iʃ.ˈpe.tu,s,iʃ,2,3,4,6,2,3,-2,Target,-1,Target,#VALUE!
,spet,iʃˈpetu,s.pet,iʃ.ˈpe.tu,pet,ˈpe,2,3,4,6,2,3,-2,Target,-1,Target,#VALUE!
,spet,iʃˈpetu,s.pet,iʃ.ˈpe.tu,-,tu,2,3,4,6,2,3,-2,Target,-1,Target,#VALUE!
,pɛdɾa,ˈpedɾɐ,pɛ.dɾa,ˈpe.dɾɐ,pɛ,ˈpe,2,2,5,5,2,2,0,Equal,0,Equal,#VALUE!
,pɛdɾa,ˈpedɾɐ,pɛ.dɾa,ˈpe.dɾɐ,dɾa,dɾɐ,2,2,5,5,2,2,0,Equal,0,Equal,#VALUE!
,ɾet,ˈʀetu,ɾet,ˈʀe.tu,ɾet,ˈʀe,1,2,3,4,1,2,-1,Target,-1,Target,#VALUE!
,ɾet,ˈʀetu,ɾet,ˈʀe.tu,-,tu,1,2,3,4,1,2,-1,Target,-1,Target,#VALUE!
,t̠ʃpa,ʃuˈpaɾ,t̠ʃ.pa,ʃu.ˈpaɾ,t̠ʃ,ʃu,2,2,3,5,2,2,-2,Target,0,Equal,#VALUE!
,t̠ʃpa,ʃuˈpaɾ,t̠ʃ.pa,ʃu.ˈpaɾ,tpa,ˈpaɾ,2,2,3,5,2,2,-2,Target,0,Equal,#VALUE!
,mama,mɐˈmaɾ,ma.ma,mɐ.ˈmaɾ,ma,mɐ,2,2,4,5,2,2,-1,Target,0,Equal,#VALUE!
,mama,mɐˈmaɾ,ma.ma,mɐ.ˈmaɾ,ma,ˈmaɾ,2,2,4,5,2,2,-1,Target,0,Equal,#VALUE!
,sol,ˈsɔl,sol,ˈsɔl,sol,ˈsɔl,1,1,3,3,1,1,0,Equal,0,Equal,#VALUE!
,int̠ʃa,ĩˈʃaɾ,in.t̠ʃa,ĩ.ˈʃaɾ,in,ĩ,2,2,4,4,2,2,0,Equal,0,Equal,#VALUE!
,int̠ʃa,ĩˈʃaɾ,in.t̠ʃa,ĩ.ˈʃaɾ,t̠ʃa,ˈʃaɾ,2,2,4,4,2,2,0,Equal,0,Equal,#VALUE!
,inflama,ĩflɐˈmaɾ,in.fla.ma,ĩ.flɐ.ˈmaɾ,in,ĩ,3,3,7,7,3,3,0,Equal,0,Equal,#VALUE!
,inflama,ĩflɐˈmaɾ,in.fla.ma,ĩ.flɐ.ˈmaɾ,fla,flɐ,3,3,7,7,3,3,0,Equal,0,Equal,#VALUE!
,inflama,ĩflɐˈmaɾ,in.fla.ma,ĩ.flɐ.ˈmaɾ,ma,ˈmaɾ,3,3,7,7,3,3,0,Equal,0,Equal,#VALUE!
,nada,ˈnadɐ,na.da,ˈna.dɐ,na,ˈna,2,2,4,4,2,2,0,Equal,0,Equal,#VALUE!
,nada,ˈnadɐ,na.da,ˈna.dɐ,da,dɐ,2,2,4,4,2,2,0,Equal,0,Equal,#VALUE!
,ɾɔb,ˈʀabu,ɾɔb,ˈʀa.bu,ɾɔb,ˈʀa,1,2,3,4,1,2,-1,Target,-1,Target,#VALUE!
,ɾɔb,ˈʀabu,ɾɔb,ˈʀa.bu,ɾɔb,bu,1,2,3,4,1,2,-1,Target,-1,Target,#VALUE!
,kel,ɐˈkeɫɨ,kel,ɐ.ˈke.ɫɨ,-,ɐ,1,3,3,5,1,3,-2,Target,-2,Target,#VALUE!
,kel,ɐˈkeɫɨ,kel,ɐ.ˈke.ɫɨ,kel,ˈke,1,3,3,5,1,3,-2,Target,-2,Target,#VALUE!
,kel,ɐˈkeɫɨ,kel,ɐ.ˈke.ɫɨ,-,ɫɨ,1,3,3,5,1,3,-2,Target,-2,Target,#VALUE!
,la,ˈla,la,ˈla,la,ˈla,1,1,2,2,1,1,0,Equal,0,Equal,#VALUE!
,es,ˈesɨʃ,es,ˈe.sɨʃ,es,ˈe,1,2,2,4,1,2,-2,Target,-1,Target,#VALUE!
,es,ˈesɨʃ,es,ˈe.sɨʃ,-,sɨʃ,1,2,2,4,1,2,-2,Target,-1,Target,#VALUE!
,gɾos,ˈgɾosu,gɾos,ˈgɾo.su,gɾos,ˈgɾo,1,2,4,5,1,2,-1,Target,-1,Target,#VALUE!
,gɾos,ˈgɾosu,gɾos,ˈgɾo.su,-,su,1,2,4,5,1,2,-1,Target,-1,Target,#VALUE!
,miud,miˈudu,mi.ud,mi.ˈu.du,mi,mi,2,3,4,5,2,3,-1,Target,-1,Target,#VALUE!
,miud,miˈudu,mi.ud,mi.ˈu.du,ud,ˈu,2,3,4,5,2,3,-1,Target,-1,Target,#VALUE!
,miud,miˈudu,mi.ud,mi.ˈu.du,-,du,2,3,4,5,2,3,-1,Target,-1,Target,#VALUE!
,pensa,pẽˈsaɾ,pen.sa,pẽ.ˈsaɾ,pen,pẽ,2,2,5,5,2,2,0,Equal,0,Equal,#VALUE!
,pensa,pẽˈsaɾ,pen.sa,pẽ.ˈsaɾ,sa,ˈsaɾ,2,2,5,5,2,2,0,Equal,0,Equal,#VALUE!
,matuta,mɐtuˈtaɾ,ma.tu.ta,mɐ.tu.ˈtaɾ,ma,mɐ,3,3,6,7,3,3,-1,Target,0,Equal,#VALUE!
,matuta,mɐtuˈtaɾ,ma.tu.ta,mɐ.tu.ˈtaɾ,tu,tu,3,3,6,7,3,3,-1,Target,0,Equal,#VALUE!
,matuta,mɐtuˈtaɾ,ma.tu.ta,mɐ.tu.ˈtaɾ,ta,ˈtaɾ,3,3,6,7,3,3,-1,Target,0,Equal,#VALUE!
,esli,ɐˈkeɫɨ ɐˈɫi,es.li,ɐ.ˈke.ɫɨ ɐ.ˈɫi,es,ɐ,2,4,4,9,2,4,-5,Target,-2,Target,#VALUE!
,esli,ɐˈkeɫɨ ɐˈɫi,es.li,ɐ.ˈke.ɫɨ ɐ.ˈɫi,-,ˈke,2,4,4,9,2,4,-5,Target,-2,Target,#VALUE!
,esli,ɐˈkeɫɨ ɐˈɫi,es.li,ɐ.ˈke.ɫɨ ɐ.ˈɫi,-,ɫɨ,2,4,4,9,2,4,-5,Target,-2,Target,#VALUE!
,esli,ɐˈkeɫɨ ɐˈɫi,es.li,ɐ.ˈke.ɫɨ ɐ.ˈɫi,-,ɐ,2,4,4,9,2,4,-5,Target,-2,Target,#VALUE!
,esli,ɐˈkeɫɨ ɐˈɫi,es.li,ɐ.ˈke.ɫɨ ɐ.ˈɫi,li,ˈɫi,2,4,4,9,2,4,-5,Target,-2,Target,#VALUE!
,tɾes,ˈtɾeʃ,tɾes,ˈtɾeʃ,tɾes,ˈtɾeʃ,1,1,4,4,1,1,0,Equal,0,Equal,#VALUE!
,bta,buˈtaɾ,b.ta,bu.ˈtaɾ,b,bu,2,2,3,5,2,2,-2,Target,0,Equal,#VALUE!
,bta,buˈtaɾ,b.ta,bu.ˈtaɾ,ta,ˈtaɾ,2,2,3,5,2,2,-2,Target,0,Equal,#VALUE!
,manda,mɐ̃ˈdaɾ,man.da,mɐ̃.ˈdaɾ,man,mɐ̃,2,2,5,6,2,2,-1,Target,0,Equal,#VALUE!
,manda,mɐ̃ˈdaɾ,man.da,mɐ̃.ˈdaɾ,da,ˈdaɾ,2,2,5,6,2,2,-1,Target,0,Equal,#VALUE!
,ɾemesa,ɐʀɨmɨˈsaɾ,ɾe.me.sa,ɐ.ʀɨ.mɨ.ˈsaɾ,-,ɐ,3,4,6,8,3,4,-2,Target,-1,Target,#VALUE!
,ɾemesa,ɐʀɨmɨˈsaɾ,ɾe.me.sa,ɐ.ʀɨ.mɨ.ˈsaɾ,ɾe,ʀɨ,3,4,6,8,3,4,-2,Target,-1,Target,#VALUE!
,ɾemesa,ɐʀɨmɨˈsaɾ,ɾe.me.sa,ɐ.ʀɨ.mɨ.ˈsaɾ,me,mɨ,3,4,6,8,3,4,-2,Target,-1,Target,#VALUE!
,ɾemesa,ɐʀɨmɨˈsaɾ,ɾe.me.sa,ɐ.ʀɨ.mɨ.ˈsaɾ,sa,ˈsaɾ,3,4,6,8,3,4,-2,Target,-1,Target,#VALUE!
,maɾa,ɐmaˈʀaɾ,ma.ɾa,ɐ.ma.ˈʀaɾ,-,ɐ,2,3,4,6,2,3,-2,Target,-1,Target,#VALUE!
,maɾa,ɐmaˈʀaɾ,ma.ɾa,ɐ.ma.ˈʀaɾ,ma,ma,2,3,4,6,2,3,-2,Target,-1,Target,#VALUE!
,maɾa,ɐmaˈʀaɾ,ma.ɾa,ɐ.ma.ˈʀaɾ,ɾa,ˈʀaɾ,2,3,4,6,2,3,-2,Target,-1,Target,#VALUE!
,linga,ˈlĩɡuɐ,lin.ga,ˈlĩ.ɡuɐ,lin,ˈlĩ,2,2,5,5,2,2,0,Equal,0,Equal,#VALUE!
,linga,ˈlĩɡuɐ,lin.ga,ˈlĩ.ɡuɐ,ga,ɡuɐ,2,2,5,5,2,2,0,Equal,0,Equal,#VALUE!
,dent,ˈdẽtɨ,den.t,ˈdẽ.tɨ,den,ˈdẽ,2,2,4,4,2,2,0,Equal,0,Equal,#VALUE!
,dent,ˈdẽtɨ,den.t,ˈdẽ.tɨ,t,tɨ,2,2,4,4,2,2,0,Equal,0,Equal,#VALUE!
,aɾv,ˈaɾvuɾɨ,aɾv,ˈaɾ.vu.ɾɨ,aɾv,ˈaɾ,1,3,3,6,1,3,-3,Target,-2,Target,#VALUE!
,aɾv,ˈaɾvuɾɨ,aɾv,ˈaɾ.vu.ɾɨ,-,vu,1,3,3,6,1,3,-3,Target,-2,Target,#VALUE!
,aɾv,ˈaɾvuɾɨ,aɾv,ˈaɾ.vu.ɾɨ,-,ɾɨ,1,3,3,6,1,3,-3,Target,-2,Target,#VALUE!
,vɾa,viˈɾaɾ,vɾa,vi.ˈɾaɾ,vɾa,vi,1,2,3,5,1,2,-2,Target,-1,Target,#VALUE!
,vɾa,viˈɾaɾ,vɾa,vi.ˈɾaɾ,-,ˈɾaɾ,1,2,3,5,1,2,-2,Target,-1,Target,#VALUE!
,volta,vɔlˈtaɾ,vol.ta,vɔl.ˈtaɾ,vol,vɔl,2,2,5,6,2,2,-1,Target,0,Equal,#VALUE!
,volta,vɔlˈtaɾ,vol.ta,vɔl.ˈtaɾ,ta,ˈtaɾ,2,2,5,6,2,2,-1,Target,0,Equal,#VALUE!
,dos,ˈdojʃ,dos,ˈdojʃ,dos,ˈdojʃ,1,1,3,4,1,1,-1,Target,0,Equal,#VALUE!
,vmita,vumiˈtaɾ,v.mi.ta,vu.mi.ˈtaɾ,v,vu,3,3,5,7,3,3,-2,Target,0,Equal,#VALUE!
,vmita,vumiˈtaɾ,v.mi.ta,vu.mi.ˈtaɾ,mi,mi,3,3,5,7,3,3,-2,Target,0,Equal,#VALUE!
,vmita,vumiˈtaɾ,v.mi.ta,vu.mi.ˈtaɾ,ta,ˈtaɾ,3,3,5,7,3,3,-2,Target,0,Equal,#VALUE!
,anda,ɐ̃ˈdaɾ,an.da,ɐ̃.ˈdaɾ,an,ɐ̃,2,2,4,5,2,2,-1,Target,0,Equal,#VALUE!
,anda,ɐ̃ˈdaɾ,an.da,ɐ̃.ˈdaɾ,da,ˈdaɾ,2,2,4,5,2,2,-1,Target,0,Equal,#VALUE!
,kaloɾ,kɐˈloɾ,ka.loɾ,kɐ.ˈloɾ,ka,kɐ,2,2,5,5,2,2,0,Equal,0,Equal,#VALUE!
,kaloɾ,kɐˈloɾ,ka.loɾ,kɐ.ˈloɾ,loɾ,ˈloɾ,2,2,5,5,2,2,0,Equal,0,Equal,#VALUE!
,lava,lɐˈvaɾ,la.va,lɐ.ˈvaɾ,la,lɐ,2,2,4,5,2,2,-1,Target,0,Equal,#VALUE!
,lava,lɐˈvaɾ,la.va,lɐ.ˈvaɾ,va,ˈvaɾ,2,2,4,5,2,2,-1,Target,0,Equal,#VALUE!
,aga,aguɐ,aga,a.guɐ,aga,a,1,2,3,4,1,2,-1,Target,-1,Target,#VALUE!
,aga,aguɐ,aga,a.guɐ,-,guɐ,1,2,3,4,1,2,-1,Target,-1,Target,#VALUE!
,nos,ˈnɔʃ,nos,ˈnɔʃ,nos,ˈnɔʃ,1,1,3,3,1,1,0,Equal,0,Equal,#VALUE!
,mojod,muˈʎadu,moj.o.d,mu.ˈʎa.du,moj,mu,3,3,5,6,3,3,-1,Target,0,Equal,#VALUE!
,mojod,muˈʎadu,moj.o.d,mu.ˈʎa.du,o,ˈʎa,3,3,5,6,3,3,-1,Target,0,Equal,#VALUE!
,mojod,muˈʎadu,moj.o.d,mu.ˈʎa.du,d,du,3,3,5,6,3,3,-1,Target,0,Equal,#VALUE!
,kondɛ,ˈkwɐ̃du,kon.dɛ,ˈkwɐ̃.du,kon,ˈkwɐ̃,2,2,5,6,2,2,-1,Target,0,Equal,#VALUE!
,kondɛ,ˈkwɐ̃du,kon.dɛ,ˈkwɐ̃.du,dɛ,du,2,2,5,6,2,2,-1,Target,0,Equal,#VALUE!
,bɾonk,ˈbɾɐ̃ku,bɾon.k,ˈbɾɐ̃.ku,bɾon,ˈbɾɐ̃,2,2,5,6,2,2,-1,Target,0,Equal,#VALUE!
,bɾonk,ˈbɾɐ̃ku,bɾon.k,ˈbɾɐ̃.ku,k,ku,2,2,5,6,2,2,-1,Target,0,Equal,#VALUE!
,kenkeɲe,ˈkɐ̃j̃,ken.ke.ɲe,ˈkɐ̃j̃,ken,ˈkɐ̃j̃,3,1,7,5,3,1,2,Source,2,Source,#VALUE!
,kenkeɲe,ˈkɐ̃j̃,ken.ke.ɲe,ˈkɐ̃j̃,ke,-,3,1,7,5,3,1,2,Source,2,Source,#VALUE!
,kenkeɲe,ˈkɐ̃j̃,ken.ke.ɲe,ˈkɐ̃j̃,ɲe,-,3,1,7,5,3,1,2,Source,2,Source,#VALUE!
,lɔɾg,ˈlaɾɡu,lɔɾg,ˈlaɾ.ɡu,lɔɾg,ˈlaɾ,1,2,4,5,1,2,-1,Target,-1,Target,#VALUE!
,lɔɾg,ˈlaɾɡu,lɔɾg,ˈlaɾ.ɡu,-,ɡu,1,2,4,5,1,2,-1,Target,-1,Target,#VALUE!
,amd̠ʒeɾ,muˈʎeɾ,a.m.d̠ʒeɾ,mu.ˈʎeɾ,a,-,3,2,5,5,3,2,0,Equal,1,Source,#VALUE!
,amd̠ʒeɾ,muˈʎeɾ,a.m.d̠ʒeɾ,mu.ˈʎeɾ,m,mu,3,2,5,5,3,2,0,Equal,1,Source,#VALUE!
,amd̠ʒeɾ,muˈʎeɾ,a.m.d̠ʒeɾ,mu.ˈʎeɾ,ʒeɾ,ˈʎeɾ,3,2,5,5,3,2,0,Equal,1,Source,#VALUE!
,md̠ʒeɾ,muˈʎeɾ,md̠.ʒeɾ,mu.ˈʎeɾ,md̠,mu,2,2,4,5,2,2,-1,Target,0,Equal,#VALUE!
,md̠ʒeɾ,muˈʎeɾ,md̠.ʒeɾ,mu.ˈʎeɾ,ʒeɾ,ˈʎeɾ,2,2,4,5,2,2,-1,Target,0,Equal,#VALUE!
,vent,ˈvẽtu,ven.t,ˈvẽ.tu,ven,ˈvẽ,2,2,4,4,2,2,0,Equal,0,Equal,#VALUE!
,vent,ˈvẽtu,ven.t,ˈvẽ.tu,t,tu,2,2,4,4,2,2,0,Equal,0,Equal,#VALUE!
,aza,ˈazɐ,a.za,ˈaz.ɐ,a,ˈa,2,2,3,3,2,2,0,Equal,0,Equal,#VALUE!
,aza,ˈazɐ,a.za,ˈaz.ɐ,za,zɐ,2,2,3,3,2,2,0,Equal,0,Equal,#VALUE!
,linpa,lĩˈpaɾ,lin.pa,lĩ.ˈpaɾ,lin,lĩ,2,2,5,5,2,2,0,Equal,0,Equal,#VALUE!
,linpa,lĩˈpaɾ,lin.pa,lĩ.ˈpaɾ,pa,ˈpaɾ,2,2,5,5,2,2,0,Equal,0,Equal,#VALUE!
,ma,maiʃ,ma,maiʃ,ma,maiʃ,1,1,2,4,1,1,-2,Target,0,Equal,#VALUE!
,mot,ˈmatu,mot,ˈma.tu,mot,ˈma,1,2,3,4,1,2,-1,Target,-1,Target,#VALUE!
,mot,ˈmatu,mot,ˈma.tu,-,tu,1,2,3,4,1,2,-1,Target,-1,Target,#VALUE!
,ɔn,ˈɐnu,ɔn,ˈɐ.nu,ɔn,ˈɐ,1,2,2,3,1,2,-1,Target,-1,Target,#VALUE!
,ɔn,ˈɐnu,ɔn,ˈɐ.nu,-,nu,1,2,2,3,1,2,-1,Target,-1,Target,#VALUE!
,amaɾel,ɐmɐˈɾɛlu,a.ma.ɾel,ɐ.mɐ.ˈɾɛ.lu,a,ɐ,3,4,6,7,3,4,-1,Target,-1,Target,#VALUE!
,amaɾel,ɐmɐˈɾɛlu,a.ma.ɾel,ɐ.mɐ.ˈɾɛ.lu,ma,mɐ,3,4,6,7,3,4,-1,Target,-1,Target,#VALUE!
,amaɾel,ɐmɐˈɾɛlu,a.ma.ɾel,ɐ.mɐ.ˈɾɛ.lu,ɾel,ˈɾɛ,3,4,6,7,3,4,-1,Target,-1,Target,#VALUE!
,amaɾel,ɐmɐˈɾɛlu,a.ma.ɾel,ɐ.mɐ.ˈɾɛ.lu,-,lu,3,4,6,7,3,4,-1,Target,-1,Target,#VALUE!
,bo,ˈvɔʃ,bo,ˈvɔʃ,bo,ˈvɔʃ,1,1,2,3,1,1,-1,Target,0,Equal,#VALUE!