Language,SourceWord,TargetWord,source word syl,target word syl,SourceSyllable,TargetSyllable,PositionSource,Position Target, SourceWord,TargetOrthography,Translation,Referenc e,Notes
Diu,tud,ˈtu.du,tud,ˈtu.du,tu,ˈtu,1,1,CVC,todo/tudo,all,Clements2012[37-41],
Diu,tud,ˈtu.du,tud,ˈtu.du,d,du,2,2,CVC,todo/tudo,all,Clements2012[37-41],
Diu,ku,i,ku,i,ku,i,1,1,CV,e,and,Clements2012[37-41],
Diu,animal,ɐ.ni.ˈmaɫ,a.ni.mal ,ɐ.ni.ˈmaɫ,a,ɐ,1,1,VCVCVC,animal,animal,Clements2012[37-41],
Diu,animal,ɐ.ni.ˈmaɫ,a.ni.mal,ɐ.ni.ˈmaɫ,ni,ni,2,2,VCVCVC,animal,animal,Clements2012[37-41],
Diu,animal,ɐ.ni.ˈmaɫ,a.ni.mal,ɐ.ni.ˈmaɫ,mal,maɫ,3,3,VCVCVC,animal,animal,Clements2012[37-41],
Diu,si͂z,ˈsĩzɐ,si͂z,ˈsĩ.zɐ,si͂z,ˈsĩ,1,1,CVC,cinza,ashes,Clements2012[37-41],
Diu,si͂z,ˈsĩzɐ,si͂z,ˈsĩ.zɐ,-,zɐ,-,2,,,,,
Diu,ju͂t də,ɐ̃j,ju͂t. də,ɐ̃j,ju͂t,ɐ̃j,1,1,CVC CV,em,at,Clements2012[37-41],
Diu,ju͂t də,ɐ̃j,ju͂t. də,ɐ̃j,də,ɐ̃j,2,1,CVC CV,em,at,Clements2012[37-41],
Diu,pɛɾt də,ɐ̃j,pɛɾ.t də,ɐ̃j,pɛɾ,ɐ̃j,1,1,CVCC CV,em,at,Clements2012[37-41],
Diu,pɛɾt də,ɐ̃j,pɛɾ.t də,ɐ̃j,t,ɐ̃j,2,1,CVCC CV,em,at,Clements2012[37-41],
Diu,pɛɾt də,ɐ̃j,pɛɾ.t də,ɐ̃j,də,ɐ̃j,3,1,CVCC CV,em,at,Clements2012[37-41],
Diu,kɔs,ˈkɔʃtɐ,kɔs,ˈkɔʃ.tɐ,kɔs,ˈkɔʃ,1,1,CVC,costa,back,Clements2012[37-41],
Diu,kɔs,ˈkɔʃtɐ,kɔs,ˈkɔʃ.tɐ,-,tɐ,-,2,CVC,costa,back,Clements2012[37-41],
Diu,mal,ˈmal,mal,ˈmal,mal,ˈmal,1,1,CVC,mal,bad,Clements2012[37-41],
Diu,ladɾa,ˈɫa.dɾɐ,la.dɾa,ˈɫa.dɾɐ,la,ˈɫa,1,1,CVCCV,ladrar,bark (v.),Clements2012[37-41],
Diu,ladɾa,ˈɫa.dɾɐ,la.dɾa,ˈɫa.dɾɐ,dra,dɾɐ,2,2,CVCCV,ladrar,bark,Clements2012[37-41],
Diu,kask,ˈkaʃkɐ,kas.k,ˈkaʃ.kɐ,kas,ˈkaʃ,1,1,CVCC,casca,bark,Clements2012[37-41],
Diu,kask,ˈkaʃkɐ,kas.k,ˈkaʃ.kɐ,k,kɐ,2,2,CVCC,casca,bark,Clements2012[37-41],
Diu,pəɾke,puɾ.kɨ,pəɾ.ke,puɾ.kɨ,pəɾ,puɾ,1,1,CVCCV,porque,because,Clements2012[37-41],
Diu,pəɾke,puɾ.kɨ,pəɾ.ke,puɾ.kɨ,ke,kɨ,2,2,CVCCV,porque,because,Clements2012[37-41],
Diu,baɾig,bɐˈʀigɐ,ba.ɾig,bɐ.ˈʀi.gɐ,ba,bɐ,1,1,CVCVC,barriga,belly,Clements2012[37-41],
Diu,baɾig,bɐˈʀigɐ,ba.ɾig,bɐ.ˈʀi.gɐ,ɾig,ʀi,2,2,CVCVC,barriga,belly,Clements2012[37-41],
Diu,baɾig,bɐˈʀigɐ,ba.ɾig,bɐ.ˈʀi.gɐ,-,gɐ,-,3,CVCVC,barriga,belly,Clements2012[37-41],
Diu,gɾan,ˈɡɾɐ̃dɨ,gɾan,ˈɡɾɐ̃.dɨ,gɾan,ˈɡɾɐ̃,1,1,CCVC,grande,big,Clements2012[37-41],
Diu,gɾan,ˈɡɾɐ̃dɨ,gɾan,ˈɡɾɐ̃.dɨ,-,dɨ,-,2,CCVC,grande,big,Clements2012[37-41],
Diu,pasaɾiŋ,pɐsɐˈɾiɲu,pa.sa.ɾiŋ,pɐ.sɐ.ˈɾi.ɲu,pa,pɐ,1,1,CVCVCVC,pássarinho,bird,Clements2012[37-41],
Diu,pasaɾiŋ,pɐsɐˈɾiɲu,pa.sa.ɾiŋ,pɐ.sɐ.ˈɾi.ɲu,sa,sɐ,2,2,CVCVCVC,pássarinho,bird,Clements2012[37-41],
Diu,pasaɾiŋ,pɐsɐˈɾiɲu,pa.sa.ɾiŋ,pɐ.sɐ.ˈɾi.ɲu,ɾiŋ,ɾi,3,3,CVCVCVC,pássarinho,bird,Clements2012[37-41],
Diu,pasaɾiŋ,pɐsɐˈɾiɲu,pa.sa.ɾiŋ,pɐ.sɐ.ˈɾi.ɲu,-,ɲu,-,4,CVCVCVC,pássarinho,bird,Clements2012[37-41],
Diu,muɾde,muɾ.ˈdeɾ,muɾ.de,muɾ.ˈdeɾ,muɾ,muɾ,1,1,CVCCV,morder,bite,Clements2012[37-41],
Diu,muɾde,muɾ.ˈdeɾ,muɾ.de,muɾ.ˈdeɾ,de,deɾ,2,2,CVCCV,morder,bite,Clements2012[37-41],
Diu,pɾet,ˈpɾe.tu,pɾet,ˈpɾe.tu,pɾet,ˈpɾe,1,1,CCVC,preto,black,Clements2012[37-41],
Diu,pret,ˈpɾe.tu,pɾet,ˈpɾe.tu,-,tu,-,2,CCVC,preto,black,Clements2012[37-41],
Diu,saŋ,ˈsɐ̃ɡɨ,saŋ,ˈsɐ̃.ɡɨ,saŋ,ˈsɐ̃,1,1,CVC,sangue,blood,Clements2012[37-41],
Diu,saŋ,ˈsɐ̃ɡɨ,saŋ,ˈsɐ̃.ɡɨ,-,ɡɨ,-,2,CVC,sangue,blood,Clements2012[37-41],
Diu,asupɾa,suˈpɾaɾ,a.su.pɾa,suˈ.pɾaɾ,a,su,1,1,VCVCCV,soprar,blow,Clements2012[37-41],
Diu,asupɾa,suˈpɾaɾ,a.su.pɾa,suˈ.pɾaɾ,su,pɾaɾ,2,2,VCVCCV,soprar,blow,Clements2012[37-41],
Diu,asupɾa,suˈpɾaɾ,a.su.pɾa,suˈ.pɾaɾ,pɾa,-,3,-,,,,,
Diu,os,ˈo.su,os,ˈo.su,os,ˈo,1,1,VC,osso,bone,Clements2012[37-41],
Diu,os,ˈo.su,os,ˈo.su,-,su,-,2,VC,osso,bone,Clements2012[37-41],
Diu,pet,ˈpejtu,pet,ˈpej.tu,pet,ˈpej,1,1,CVC,peito,breast,Clements2012[37-41],
Diu,pet,ˈpejtu,pet,ˈpej.tu,-,tu,-,2,CVC,peito,breast,Clements2012[37-41],
Diu,kima,kejˈmaɾ,ki.ma,kej.ˈmaɾ,ki,kej,1,1,CVCV,queimar,burn,Clements2012[37-41],
Diu,kima,kejˈmaɾ,ki.ma,kej.ˈmaɾ,ma,maɾ,2,2,CVCV,queimar,burn,Clements2012[37-41],
Diu,kɾiãs,kɾiˈɐ̃sɐ,kɾi.ãs,kɾi.ˈɐ̃.sɐ,kɾi,kɾi,1,1,CCVVC,criança,child,Clements2012[37-41],
Diu,kɾiãs,kɾiˈɐ̃sɐ,kɾi.ãs,kɾi.ˈɐ̃.sɐ,ãs,ɐ̃,2,2,CCVVC,criança,child,Clements2012[37-41],
Diu,kɾiãs,kɾiˈɐ̃sɐ,kɾi.ãs,kɾi.ˈɐ̃.sɐ,-,sɐ,-,3,CCVVC,criança,child,Clements2012[37-41],
Diu,uɲ,ˈuɲɐ,uɲ,ˈu.ɲɐ,uɲ,ˈu,1,1,VC,unha,claw,Clements2012[37-41],
Diu,uɲ,ˈuɲɐ,uɲ,ˈu.ɲɐ,-,ɲɐ,-,2,VC,unha,claw,Clements2012[37-41],
Diu,nuʋ,ˈnu.vɐ̃j,nuʋ,ˈnu.vɐ̃j,nuʋ,ˈnu,1,1,CVC,nuvem,cloud,Clements2012[37-41],
Diu,nuʋ,ˈnu.vɐ̃j,nuʋ,ˈnu.vɐ̃j,-,vɐ̃j,-,2,CVC,nuvem,cloud,Clements2012[37-41],
Diu,fɾi,ˈfɾiu,fɾi,ˈfɾiu,fɾi,ˈfɾiu,1,1,CCV,frio,cold,Clements2012[37-41],
Diu,ʋi,ˈviɾ,ʋi,ˈviɾ,ʋi,ˈviɾ,1,1,CV,vir,come,Clements2012[37-41],
Diu,kõta,kõtaɾ,kõ.ta,kõ.taɾ,kõ,kõ,1,1,CVCV,contar,count,Clements2012[37-41],
Diu,kõta,kõtaɾ,kõ.ta,kõ.taɾ,ta,taɾ,2,2,CVCV,contar,count,Clements2012[37-41],
Diu,koɾta,kuɾˈtaɾ,koɾ.ta,kuɾ.ˈtaɾ,koɾ,kuɾ,1,1,CVCCV,cortar,cut,Clements2012[37-41],
Diu,koɾta,kuɾˈtaɾ,koɾ.ta,kuɾ.ˈtaɾ,ta,taɾ,2,2,CVCCV,cortar,cut,Clements2012[37-41],
Diu,di,ˈdiɐ,di,ˈdiɐ,di,ˈdiɐ,1,1,CV,dia,day,Clements2012[37-41],
Diu,muɾe,mu.ˈʁeɾ,mu.ɾe,mu.ˈʁeɾ,mu,mu,1,1,CVCV,morrer,die,Clements2012[37-41],
Diu,muɾe,mu.ˈʁeɾ,mu.ɾe,mu.ˈʁeɾ,ɾe,ʁeɾ,2,2,CVCV,morrer,die,Clements2012[37-41],
Diu,faze buɾak,fɐˈzeɾ,fa.ze bu.ɾa.k,fɐ.ˈzeɾ,fa,fɐ,1,1,CVCV CVCVC,fazer um buraco,dig,Clements2012[37-41],
Diu,faze buɾak,fɐˈzeɾ,fa.ze bu.ɾa.k,fɐ.ˈzeɾ,ze,zeɾ,2,2,CVCV CVCVC,fazer um buraco,dig,Clements2012[37-41],
Diu,faze buɾak,fɐˈzeɾ,fa.ze bu.ɾa.k,fɐ.ˈzeɾ,bu,-,3,-,CVCV CVCVC,fazer um buraco,dig,Clements2012[37-41],
Diu,faze buɾak,fɐˈzeɾ,fa.ze bu.ɾa.k,fɐ.ˈzeɾ,ɾa,-,4,-,CVCV CVCVC,fazer um buraco,dig,Clements2012[37-41],
Diu,faze buɾak,fɐˈzeɾ,fa.ze bu.ɾa.k,fɐ.ˈzeɾ,k,-,5,-,CVCV CVCVC,fazer um buraco,dig,Clements2012[37-41],
Diu,sud̠ʒ,ˈsuʒu,su.d̠ʒ,ˈsu.ʒu,su,ˈsu,1,1,CVCC,sujo,dirty,Clements2012[37-41],
Diu,sud̠ʒ,ˈsuʒu,su.d̠ʒ,ˈsu.ʒu,d̠ʒ,ʒu,2,2,CVCC,sujo,dirty,Clements2012[37-41],
Diu,kãw,ˈkɐ̃w̃,kãw,ˈkɐ̃w̃,kãw,ˈkɐ̃w̃,1,1,CVC,cão,dog,Clements2012[37-41],
Diu,bebe,bɨ.ˈbeɾ,be.be,bɨ.ˈbeɾ,be,bɨ,1,1,CVCV,beber,drink (v.),Clements2012[37-41],
Diu,bebe,bɨ.ˈbeɾ,be.be,bɨ.ˈbeɾ,be,beɾ,2,2,CVCV,beber,drink (v.),Clements2012[37-41],
Diu,sek,ˈseku,sek,ˈse.ku,sek,ˈse,1,1,CVC,seco,dry,Clements2012[37-41],
Diu,sek,ˈseku,sek,ˈse.ku,-,ku,-,2,CVC,seco,dry,Clements2012[37-41],
Diu,pueɾ,pu.ˈɐj.ɾɐ,pu.eɾ,pu.ˈɐj.ɾɐ,pu,pu,1,1,CVVC,pueira,dust,Clements2012[37-41],
Diu,pueɾ,pu.ˈɐj.ɾɐ,pu.eɾ,pu.ˈɐj.ɾɐ,eɾ,ɐj,2,2,CVVC,pueira,dust,Clements2012[37-41],
Diu,pueɾ,pu.ˈɐj.ɾɐ,pu.eɾ,pu.ˈɐj.ɾɐ,-,ɾɐ,-,3,CVVC,pueira,dust,Clements2012[37-41],
Diu,uʋid,o.ˈvi.du,u.ʋid,o.ˈvi.du,u,o,1,1,VCVC,ouvido,ear,Clements2012[37-41],
Diu,uʋid,o.ˈvi.du,u.ʋid,o.ˈvi.du,ʋid,vi,2,2,VCVC,ouvido,ear,Clements2012[37-41],
Diu,uʋid,o.ˈvi.du,u.ʋid,o.ˈvi.du,-,du,-,3,VCVC,ouvido,ear,Clements2012[37-41],
Diu,tɛɾ,ˈte.ʁɐ,tɛɾ,ˈte.ʁɐ,tɛɾ,ˈte,1,1,CVC,terra,earth,Clements2012[37-41],
Diu,tɛɾ,ˈte.ʁɐ,tɛɾ,ˈte.ʁɐ,-,ʁɐ,-,2,CVC,terra,earth,Clements2012[37-41],
Diu,kume,kuˈmeɾ,ku.me,ku.ˈmeɾ,ku,ku,1,1,CVCV,comer,eat,Clements2012[37-41],
Diu,kume,kuˈmeɾ,ku.me,ku.ˈmeɾ,me,meɾ,2,2,CVCV,comer,eat,Clements2012[37-41],
Diu,oʋ,ˈo.vu,oʋ,ˈo.vu,oʋ,ˈo,1,1,VC,ovo,egg,Clements2012[37-41],
Diu,oʋ,ˈo.vu,oʋ,ˈo.vu,-,ˈvu,-,2,VC,ovo,egg,Clements2012[37-41],
Diu,ojl,ˈo.ʎu,o.jl,ˈo.ʎu,o,ˈo,1,1,VCC,olho,eye,Clements2012[37-41],
Diu,ojl,ˈo.ʎu,o.jl,ˈo.ʎu,jl,ʎu,2,2,VCC,olho,eye,Clements2012[37-41],
Diu,kai,kɐˈiɾ,kai,kɐˈiɾ,kai,kɐ,1,1,CVV,cair,fall,Clements2012[37-41],
Diu,kai,kɐˈiɾ,kai,kɐˈiɾ,-,iɾ,-,2,CVV,cair,fall,Clements2012[37-41],
Diu,lõj,ˈlõʒɨ,lõ.j,ˈlõ.ʒɨ,lõ,ˈlõ,1,1,CVC,longe,far,Clements2012[37-41],
Diu,lõj,ˈlõʒɨ,lõ.j,ˈlõ.ʒɨ,j,ʒɨ,2,2,CVC,longe,far,Clements2012[37-41],
Diu,mãteg,ˈmɐ̃tɐjgɐ,mã.te.g,ˈmɐ̃.tɐj.gɐ,mã,ˈmɐ̃,1,1,CVCVC,manteiga,ghee,Clements2012[37-41],
Diu,mãteg,ˈmɐ̃tɐjgɐ,mã.te.g,ˈmɐ̃.tɐj.gɐ,te,tɐj,2,2,CVCVC,manteiga,ghee,Clements2012[37-41],
Diu,mãteg,ˈmɐ̃tɐjgɐ,mã.te.g,ˈmɐ̃.tɐj.gɐ,g,gɐ,3,3,CVCVC,manteiga,ghee,Clements2012[37-41],
Diu,azet,ɐ.ˈzɐj.tɨ,a.ze.t,ɐ.ˈzɐj.tɨ,a,ɐ,1,1,VCVC,azeite,oil,Clements2012[37-41],
Diu,azet,ɐ.ˈzɐj.tɨ,a.ze.t,ɐ.ˈzɐj.tɨ,ze,zɐj,2,2,VCVC,azeite,oil,Clements2012[37-41],
Diu,azet,ɐ.ˈzɐj.tɨ,a.ze.t,ɐ.ˈzɐj.tɨ,t,tɨ,3,3,VCVC,azeite,oil,Clements2012[37-41],
Diu,paj,paj,paj,paj,paj,paj,1,1,CVC,pai,father,Clements2012[37-41],
Diu,med,ˈme.du,me.d,ˈme.du,me,ˈme,1,1,CVC,medo,fear,Clements2012[37-41],
Diu,med,ˈme.du,me.d,ˈme.du,d,du,2,2,CVC,medo,fear,Clements2012[37-41],
Diu,pɛn,ˈpenɐ,pɛn,ˈpe.nɐ,pɛn,ˈpe,1,1,CVC,pena,feather,Clements2012[37-41],
Diu,pɛn,ˈpenɐ,pɛn,ˈpe.nɐ,-,nɐ,-,2,CVC,pena,feather,Clements2012[37-41],
Diu,pok,ˈpoku,pok,ˈpo.ku,pok,ˈpo,1,1,CVC,pouco,few,Clements2012[37-41],
Diu,pok,ˈpoku,pok,ˈpo.ku,-,ku,-,2,CVC,pouco,few,Clements2012[37-41],
Diu,pokʃin,ˈpoku,pok.ʃin,ˈpo.ku,pok,ˈpo,1,1,CVCCVC,pouco,few,Clements2012[37-41],
Diu,pokʃin,ˈpoku,pok.ʃin,ˈpo.ku,ʃin,ku,2,2,,,,,
Diu,fog,ˈfoɡu,fog,ˈfo.ɡu,fog,ˈfo,1,1,CVC,fogo,fire,Clements2012[37-41],
Diu,fog,ˈfoɡu,fog,ˈfo.ɡu,-,ˈɡu,-,2,CVC,fogo,fire,Clements2012[37-41],
Diu,peʃ,ˈpejʃɨ,pe.ʃ,ˈpe.jʃɨ,pe,ˈpe,1,1,CVC,peixe,fish,Clements2012[37-41],
Diu,peʃ,ˈpejʃɨ,pe.ʃ,ˈpe.jʃɨ,ʃ,jʃɨ,2,2,CVC,peixe,fish,Clements2012[37-41],
Diu,sĩk,ˈsĩku,sĩk,ˈsĩ.ku,sĩk,ˈsĩ,1,1,CVC,cinco,five,Clements2012[37-41],
Diu,sĩk,ˈsĩku,sĩk,ˈsĩ.ku,-,ku,-,2,CVC,cinco,five,Clements2012[37-41],
Diu,ʋaza,vɐˈzaɾ,ʋa.za,vɐ.ˈzaɾ,ʋa,vɐ,1,1,CVCV,vazar,flow,Clements2012[37-41],
Diu,ʋaza,vɐˈzaɾ,ʋa.za,vɐ.ˈzaɾ,za,zaɾ,2,2,CVCV,vazar,flow,Clements2012[37-41],
Diu,floɾ,ˈfloɾ,floɾ,ˈfloɾ,floɾ,ˈfloɾ,1,1,CCVC,flor,flower,Clements2012[37-41],
Diu,uʋa,vuˈaɾ,u.ʋa,vu.ˈaɾ,u,vu,1,1,VCV,voar,fly,Clements2012[37-41],
Diu,uʋa,vuˈaɾ,u.ʋa,vu.ˈaɾ,ʋa,aɾ,2,2,VCV,voar,fly,Clements2012[37-41],
Diu,uʋa,nɨ.vu.ˈɐj.ɾu,u.ʋa,nɨ.vu.ˈɐj.ɾu,u,nɨ,1,1,VCV,nevoeiro,fog,Clements2012[37-41],
Diu,uʋa,nɨ.vu.ˈɐj.ɾu,u.ʋa,nɨ.vu.ˈɐj.ɾu,ʋa,vu,2,2,VCV,nevoeiro,fog,Clements2012[37-41],
Diu,uʋa,nɨ.vu.ˈɐj.ɾu,u.ʋa,nɨ.vu.ˈɐj.ɾu,u,ɐj,1,3,VCV,nevoeiro,fog,Clements2012[37-41],
Diu,uʋa,nɨ.vu.ˈɐj.ɾu,u.ʋa,nɨ.vu.ˈɐj.ɾu,ʋa,ɾu,2,4,VCV,nevoeiro,fog,Clements2012[37-41],
Diu,pe,ˈpɛ,pe,ˈpɛ,pe,ˈpɛ,1,1,CV,pé,foot,Clements2012[37-41],
Diu,kwɔt,ˈkwa.tɾu,kwɔ.t,ˈkwa.tɾu,kwɔ,ˈkwa,1,1,CCVC,quatro,four,Clements2012[37-41],
Diu,kwɔt,ˈkwa.tɾu,kwɔ.t,ˈkwa.tɾu,t,tɾu,2,2,CCVC,quatro,four,Clements2012[37-41],
Diu,fika d̠ʒel,fiˈkaɾˈʒelu,fi.ka d̠ʒel,fi.ˈkaɾ.ˈʒe.lu,fi,fi,1,1,CVCV CCVC,ficar gelo,freeze,Clements2012[37-41],
Diu,fika d̠ʒel,fiˈkaɾˈʒelu,fi.ka d̠ʒel,fi.ˈkaɾ.ˈʒe.lu,ka,kaɾ,2,2,CVCV CCVC,ficar gelo,freeze,Clements2012[37-41],
Diu,fika d̠ʒel,fiˈkaɾˈʒelu,fi.ka d̠ʒel,fi.ˈkaɾ.ˈʒe.lu,d̠ʒel,ʒe,3,3,CVCV CCVC,ficar gelo,freeze,Clements2012[37-41],
Diu,fika d̠ʒel,fiˈkaɾˈʒelu,fi.ka d̠ʒel,fi.ˈkaɾ.ˈʒe.lu,-,lu,-,4,CVCV CCVC,ficar gelo,freeze,Clements2012[37-41],
Diu,fuɾt,ˈfɾutɐ,fuɾt,ˈfɾu.tɐ,fuɾt,ˈfɾu,1,1,CVCC,fruta,fruit,Clements2012[37-41],
Diu,fuɾt,ˈfɾutɐ,fuɾt,ˈfɾu.tɐ,-,tɐ,-,2,CVCC,fruta,fruit,Clements2012[37-41],
Diu,ʃej,ˈʃɐju,ʃej,ˈʃɐ.ju,ʃej,ˈʃɐ,1,1,CVC,cheio,full,Clements2012[37-41],
Diu,ʃej,ˈʃɐju,ʃej,ˈʃɐ.ju,-,ju,-,2,CVC,cheio,full,Clements2012[37-41],
Diu,da,ˈdaɾ,da,ˈdaɾ,da,ˈdaɾ,1,1,CV,dar,give,Clements2012[37-41],
Diu,bunit,bõ,bu.ni.t,bõ,bu,bõ,1,1,CVCVC,bom,good,Clements2012[37-41],
Diu,bunit,bõ,bu.ni.t,bõ,ni,-,2,-,CVCVC,bom,good,Clements2012[37-41],
Diu,bunit,bõ,bu.ni.t,bõ,t,-,3,-,CVCVC,bom,good,Clements2012[37-41],
Diu,bõ,bõ,bõ,bõ,bõ,-,1,-,CV,bom,good,Clements2012[37-41],
Diu,ɛɾʋ,ˈeɾ.vɐ,ɛɾ.ʋ,ˈeɾ.vɐ,ɛɾ,ˈeɾ,1,1,VCC,erva,grass,Clements2012[37-41],
Diu,ɛɾʋ,ˈeɾ.vɐ,ɛɾ.ʋ,ˈeɾ.vɐ,ʋ,ˈvɐ,2,2,VCC,erva,grass,Clements2012[37-41],
Diu,ʋeɾd,ˈveɾdɨ,ʋe.ɾd,ˈveɾ.dɨ,ʋe,ˈveɾ,1,1,CVCC,verde,green,Clements2012[37-41],
Diu,ʋeɾd,ˈveɾdɨ,ʋe.ɾd,ˈveɾ.dɨ,ɾd,dɨ,2,2,CVCC,verde,green,Clements2012[37-41],
Diu,tɾip,ˈtɾipɐ,tɾip,ˈtɾi.pɐ,tɾip,ˈtɾi,1,1,CCVC,tripa,guts,Clements2012[37-41],
Diu,tɾip,ˈtɾipɐ,tɾip,ˈtɾi.pɐ,-,ˈpɐ,-,2,CCVC,tripa,guts,Clements2012[37-41],
Diu,kabel,kɐˈbelu,ka.bel,kɐ.ˈbe.lu,ka,kɐ,1,1,CVCVC,cabelo,hair,Clements2012[37-41],
Diu,kabel,kɐˈbelu,ka.bel,kɐ.ˈbe.lu,bel,be,2,2,CVCVC,cabelo,hair,Clements2012[37-41],
Diu,kabel,kɐˈbelu,ka.bel,kɐ.ˈbe.lu,-,lu,-,3,CVCVC,cabelo,hair,Clements2012[37-41],
Diu,mãw,ˈmɐ̃w̃,mãw,ˈmɐ̃w̃,mãw,ˈmɐ̃w̃,1,1,CVC,mão,hand,Clements2012[37-41],
Diu,el,ˈe.ɫɨ,el,ˈe.ɫɨ,el,ˈe,1,1,VC,ele,he,Clements2012[37-41],
Diu,el,ˈe.ɫɨ,el,ˈe.ɫɨ,-,ɫɨ,-,2,VC,ele,he,Clements2012[37-41],
Diu,kabes,kɐˈbesɐ,ka.bes,kɐ.ˈbe.sɐ,ka,kɐ,1,1,CVCVC,cabeça,head,Clements2012[37-41],
Diu,kabes,kɐˈbesɐ,ka.bes,kɐ.ˈbe.sɐ,bes,be,2,2,CVCVC,cabeça,head,Clements2012[37-41],
Diu,kabes,kɐˈbesɐ,ka.bes,kɐ.ˈbe.sɐ,-,sɐ,-,3,CVCVC,cabeça,head,Clements2012[37-41],
Diu,uʋi,o.ˈviɾ,u.ʋi,o.ˈviɾ,u,o,1,1,VCV,ouvir,hear,Clements2012[37-41],
Diu,uʋi,o.ˈviɾ,u.ʋi,o.ˈviɾ,ʋi,viɾ,2,2,VCV,ouvir,hear,Clements2012[37-41],
Diu,kuɾəsãw,kuɾɐˈsɐ̃w̃,ku.ɾə.sãw,ku.ɾɐ.ˈsɐ̃w̃,ku,ku,1,1,CVCVCVC,coração,heart,Clements2012[37-41],
Diu,kuɾəsãw,kuɾɐˈsɐ̃w̃,ku.ɾə.sãw,ku.ɾɐ.ˈsɐ̃w̃,ɾə,ɾɐ,2,2,CVCVCVC,coração,heart,Clements2012[37-41],
Diu,kuɾəsãw,kuɾɐˈsɐ̃w̃,ku.ɾə.sãw,ku.ɾɐ.ˈsɐ̃w̃,sãw,sɐ̃w̃,3,3,CVCVCVC,coração,heart,Clements2012[37-41],
Diu,pezad,pɨ.ˈza.du,pe.za.d,pɨ.ˈza.du,pe,pɨ,1,1,CVCVC,pesado,heavy,Clements2012[37-41],
Diu,pezad,pɨ.ˈza.du,pe.za.d,pɨ.ˈza.du,za,za,2,2,CVCVC,pesado,heavy,Clements2012[37-41],
Diu,pezad,pɨ.ˈza.du,pe.za.d,pɨ.ˈza.du,d,du,3,3,CVCVC,pesado,heavy,Clements2012[37-41],
Diu,aki,ɐ.ˈki,aki,ɐ.ˈki,aki,ɐ,1,1,VCV,aqui,here,Clements2012[37-41],
Diu,aki,ɐ.ˈki,aki,ɐ.ˈki,-,ki,-,2,VCV,aqui,here,Clements2012[37-41],
Diu,bate,bɐ.ˈteɾ,ba.te,bɐ.ˈteɾ,ba,bɐ,1,1,CVCV,bater,hit,Clements2012[37-41],
Diu,bate,bɐ.ˈteɾ,ba.te,bɐ.ˈteɾ,te,teɾ,2,2,CVCV,bater,hit,Clements2012[37-41],
Diu,tuma,tu.ˈmaɾ,tu.ma,tu.ˈmaɾ,tu,tu,1,1,CVCV,tomar,hold (take),Clements2012[37-41],
Diu,tuma,tu.ˈmaɾ,tu.ma,tu.ˈmaɾ,ma,maɾ,2,2,CVCV,tomar,hold (take),Clements2012[37-41],
Diu,lɛʋa,lɨˈvaɾ,lɛ.ʋa,lɨ.ˈvaɾ,lɛ,lɨ,1,1,CVCV,levar,hold (take),Clements2012[37-41],
Diu,lɛʋa,lɨˈvaɾ,lɛ.ʋa,lɨ.ˈvaɾ,ʋa,vaɾ,2,2,CVCV,levar,hold (take),Clements2012[37-41],
Diu,t̠ʃif,ˈʃi.fɾɨ,t̠ʃi.f,ˈʃi.fɾɨ,t̠ʃi,ˈʃi,1,1,CCVC,chifre,horn,Clements2012[37-41],
Diu,t̠ʃif,ˈʃi.fɾɨ,t̠ʃi.f,ˈʃi.fɾɨ,f,fɾɨ,2,2,CCVC,chifre,horn,Clements2012[37-41],
Diu,kom,ˈkomu,kom,ˈko.mu,kom,ˈko,1,1,CVC,como,how,Clements2012[37-41],
Diu,kom,ˈkomu,kom,ˈko.mu,-,mu,-,2,CVC,como,how,Clements2012[37-41],
Diu,ɔm,ˈo.mɐ̃j,ɔm,ˈo.mɐ̃j,ɔm,ˈo,1,1,VC,homem,husband,Clements2012[37-41],
Diu,ɔm,ˈo.mɐ̃j,ɔm,ˈo.mɐ̃j,-,mɐ̃j,-,2,VC,homem,husband,Clements2012[37-41],
Diu,jo,ˈew,jo,ˈew,jo,ˈew,1,1,CV,eu,husband,Clements2012[37-41],
Diu,d̠ʒel,ˈʒelu,d̠ʒe.l,ˈʒe.lu,d̠ʒe,ˈʒe,1,1,CCVC,gelo,ice,Clements2012[37-41],
Diu,d̠ʒel,ˈʒelu,d̠ʒe.l,ˈʒe.lu,l,lu,2,2,CCVC,gelo,ice,Clements2012[37-41],
Diu,si,sɨ,si,sɨ,si,sɨ,1,1,CV,se,if,Clements2012[37-41],
Diu,dɛ̃t,ˈdẽ.tɾu,dɛ̃t,ˈdẽ.tɾu,dɛ̃t,ˈdẽ,1,1,CVC,dentro,inside,Clements2012[37-41],
Diu,dɛ̃t,ˈdẽ.tɾu,dɛ̃t,ˈdẽ.tɾu,-,tɾu,-,2,CVC,dentro,inside,Clements2012[37-41],
Diu,nə,ɐ̃j,nə,ɐ̃j,nə,ɐ̃j,1,1,CV,em,in,Clements2012[37-41],
Diu,mata,mɐˈtaɾ,ma.ta,mɐ.ˈtaɾ,ma,mɐ,1,1,CVCV,matar,kill,Clements2012[37-41],
Diu,mata,mɐˈtaɾ,ma.ta,mɐ.ˈtaɾ,ta,ˈtaɾ,2,2,CVCV,matar,kill,Clements2012[37-41],
Diu,d̠ʒwej,ʒuˈɐʎu,d̠ʒ.wej,ʒu.ˈɐʎu,d̠ʒ,ʒu.,1,1,CCCVC,joelho,knee,Clements2012[37-41],
Diu,d̠ʒwej,ʒuˈɐʎu,d̠ʒ.wej,ʒu.ˈɐʎu,wej,ɐʎu,2,2,CCCVC,joelho,knee,Clements2012[37-41],
Diu,kuŋse,kuɲɨˈseɾ,kuŋ.se,ku.ɲɨ.ˈseɾ,kuŋ,ku,1,1,CVCCV,conhecer,know,Clements2012[37-41],
Diu,kuŋse,kuɲɨˈseɾ,kuŋ.se,ku.ɲɨ.ˈseɾ,se,ɲɨ,2,2,CVCCV,conhecer,know,Clements2012[37-41],
Diu,kuŋse,kuɲɨˈseɾ,kuŋ.se,ku.ɲɨ.ˈseɾ,-,seɾ,-,3,CVCCV,conhecer,know,Clements2012[37-41],
Diu,sabe,sɐˈbeɾ,sa.be,sɐ.ˈbeɾ,sa,sɐ,1,1,CVCV,saber,know,Clements2012[37-41],
Diu,sabe,sɐˈbeɾ,sa.be,sɐ.ˈbeɾ,be,beɾ,2,2,CVCV,saber,know,Clements2012[37-41],
Diu,tãk,ˈtɐ̃.kɨ,tãk,ˈtɐ̃.kɨ,tãk,ˈtɐ̃,1,1,CVC,tanque,lake,Clements2012[37-41],
Diu,tãk,ˈtɐ̃.kɨ,tãk,ˈtɐ̃.kɨ,-,ˈkɨ,-,2,CVC,tanque,lake,Clements2012[37-41],
Diu,ɾi,ˈʁiɾ,ɾi,ˈʁiɾ,ɾi,ˈʁiɾ,1,1,CV,rir,laugh,Clements2012[37-41],
Diu,foj,ˈfoʎɐ,foj,ˈfo.ʎɐ,foj,ˈfo,1,1,CVC,folha,leaf,Clements2012[37-41],
Diu,foj,ˈfoʎɐ,foj,ˈfo.ʎɐ,-,ˈʎɐ,-,2,CVC,folha,leaf,Clements2012[37-41],
Diu,lad iskeɾd,à ʃ.ˈkeɾ.dɐ,lad is.ke.ɾd,à ʃ.ˈkeɾ.dɐ,lad ,à ,1,1,CVC VVCVCC,à esquerda,leftside,Clements2012[37-41],
Diu,lad iskeɾd,à ʃ.ˈkeɾ.dɐ,lad is.ke.ɾd,à ʃ.ˈkeɾ.dɐ,is,ʃ,2,2,CVC VVCVCC,à esquerda,leftside,Clements2012[37-41],
Diu,lad iskeɾd,à ʃ.ˈkeɾ.dɐ,lad is.ke.ɾd,à ʃ.ˈkeɾ.dɐ,ke,keɾ,3,3,CVC VVCVCC,à esquerda,leftside,Clements2012[37-41],
Diu,lad iskeɾd,à ʃ.ˈkeɾ.dɐ,lad is.ke.ɾd,à ʃ.ˈkeɾ.dɐ,ɾd,dɐ,4,4,,,,,
Diu,pɛ,ˈpeɾ.nɐ,pɛ,ˈpeɾ.nɐ,pɛ,ˈpeɾ,1,1,CV,perna,leg,Clements2012[37-41],
Diu,pɛ,ˈpeɾ.nɐ,pɛ,ˈpeɾ.nɐ,-,nɐ,-,2,CV,perna,leg,Clements2012[37-41],
Diu,diskənsa,ʃ.ˈtaɾ dɐj.ˈta.du,dis.kən.sa,ʃ.ˈtaɾ dɐj.ˈta.du,dis,ʃ,1,1,CVCCVCCV,estar deitado,lie,Clements2012[37-41],
Diu,diskənsa,ʃ.ˈtaɾ dɐj.ˈta.du,dis.kən.sa,ʃ.ˈtaɾ dɐj.ˈta.du,kən,taɾ,2,2,CVCCVCCV,estar deitado,lie,Clements2012[37-41],
Diu,diskənsa,ʃ.ˈtaɾ dɐj.ˈta.du,dis.kən.sa,ʃ.ˈtaɾ dɐj.ˈta.du,sa,dɐj,3,3,CVCCVCCV,estar deitado,lie,Clements2012[37-41],
Diu,diskənsa,ʃ.ˈtaɾ dɐj.ˈta.du,dis.kən.sa,ʃ.ˈtaɾ dɐj.ˈta.du,-,ta,-,4,CVCCVCCV,estar deitado,lie,Clements2012[37-41],
Diu,diskənsa,ʃ.ˈtaɾ dɐj.ˈta.du,dis.kən.sa,ʃ.ˈtaɾ dɐj.ˈta.du,-,du,-,5,CVCCVCCV,estar deitado,lie,Clements2012[37-41],
Diu,vive,viˈveɾ,vi.ve,vi.ˈveɾ,vi,vi,1,1,CVCV,viver,live,Clements2012[37-41],
Diu,vive,viˈveɾ,vi.ve,vi.ˈveɾ,ve,veɾ,2,2,CVCV,viver,live,Clements2012[37-41],
Diu,fika,fiˈkaɾ,fi.ka,fi.ˈkaɾ,fi,fi,1,1,CVCV,ficar,live,Clements2012[37-41],
Diu,fika,fiˈkaɾ,fi.ka,fi.ˈkaɾ,ka,kaɾ,2,2,CVCV,ficar,live,Clements2012[37-41],
Diu,fig,ˈfiɡɐdu,fig,ˈfi.ɡɐ.du,fig,ˈfi,1,1,CVC,figado,liver,Clements2012[37-41],
Diu,fig,ˈfiɡɐdu,fig,ˈfi.ɡɐ.du,-,ɡɐ,-,2,CVC,figado,liver,Clements2012[37-41],
Diu,fig,ˈfiɡɐdu,fig,ˈfi.ɡɐ.du,-,ˈdu,-,3,CVC,figado,liver,Clements2012[37-41],
Diu,kõpɾid,kõˈpɾidu,kõ.pɾid,kõ.ˈpɾi.du,kõ,kõ,1,1,CVCCVC,comprido,long,Clements2012[37-41],
Diu,kõpɾid,kõˈpɾidu,kõ.pɾid,kõ.ˈpɾi.du,pɾid,pɾi,2,2,CVCCVC,comprido,long,Clements2012[37-41],
Diu,kõpɾid,kõˈpɾidu,kõ.pɾid,kõ.ˈpɾi.du,-,du,-,3,CVCCVC,comprido,long,Clements2012[37-41],
Diu,piol,pi.ˈo.ʎu ,pi.ol,pi.ˈo.ʎu ,pi,pi,1,1,CVVC,piolho,louse,Clements2012[37-41],
Diu,piol,pi.ˈo.ʎu,pi.ol,pi.ˈo.ʎu ,ol,o,2,2,CVVC,piolho,louse,Clements2012[37-41],
Diu,piol,pi.ˈo.ʎu,pi.ol,pi.ˈo.ʎu ,-,ʎu ,-,3,CVVC,piolho,louse,Clements2012[37-41],
Diu,ɔm,ˈo.mɐ̃j,ɔm,ˈo.mɐ̃j,ɔm,ˈo,1,1,VC,homem,man,Clements2012[37-41],
Diu,ɔm,ˈo.mɐ̃j,ɔm,ˈo.mɐ̃j,-,mɐ̃j,-,2,VC,homem,man,Clements2012[37-41],
Diu,mujt,ˈmũj.tuʃ ,mu.jt,ˈmũj.tuʃ ,mu,ˈmũj,1,1,CVCC,muitos,many,Clements2012[37-41],
Diu,mujt,ˈmũj.tuʃ,mu.jt,ˈmũj.tuʃ ,jt,tuʃ ,2,2,CVCC,muitos,many,Clements2012[37-41],
Diu,bastãt,ˈmũj.tuʃ ,bas.tãt,ˈmũj.tuʃ ,bas,ˈmũj,1,1,CVCCVC,muitos,many,Clements2012[37-41],
Diu,bastãt,ˈmũj.tuʃ,bas.tãt,ˈmũj.tuʃ ,tãt,tuʃ ,2,2,CVCCVC,muitos,many,Clements2012[37-41],
Diu,kaɾ,ˈkaɾnɨ,kaɾ,ˈkaɾ.nɨ,kaɾ,ˈkaɾ,1,1,CVC,carne,meat,Clements2012[37-41],
Diu,kaɾ,ˈkaɾnɨ,kaɾ,ˈkaɾ.nɨ,-,nɨ,-,2,CVC,carne,meat,Clements2012[37-41],
Diu,lu,ˈluɐ,lu,ˈluɐ,lu,ˈluɐ,1,1,CV,lua,moon,Clements2012[37-41],
Diu,mãj,ˈmɐ̃j̃,mãj,ˈmɐ̃j̃,mãj,ˈmɐ̃j̃,1,1,CVC,mãe,mother,Clements2012[37-41],
Diu,ojteɾ,o.ˈtɐj.ɾu,oj.teɾ,o.ˈtɐj.ɾu,oj,o,1,1,VCCVC,outeiro,mountain,Clements2012[37-41],
Diu,ojteɾ,o.ˈtɐj.ɾu,oj.teɾ,o.ˈtɐj.ɾu,teɾ,tɐj,2,2,VCCVC,outeiro,mountain,Clements2012[37-41],
Diu,ojteɾ,o.ˈtɐj.ɾu,oj.teɾ,o.ˈtɐj.ɾu,-,ɾu,-,3,VCCVC,outeiro,mountain,Clements2012[37-41],
Diu,bok,ˈbo.kɐ ,bok,ˈbo.kɐ ,bok,ˈbo,1,1,CVC,boca,mouth,Clements2012[37-41],
Diu,bok,ˈbo.kɐ,bok,ˈbo.kɐ ,-,kɐ ,-,2,CVC,boca,mouth,Clements2012[37-41],
Diu,nom,ˈno.mɨ,nom,ˈno.mɨ,nom,ˈno,1,1,CVC,nome,name,Clements2012[37-41],
Diu,nom,ˈno.mɨ,nom,ˈno.mɨ,-,mɨ,-,2,CVC,nome,name,Clements2012[37-41],
Diu,pɛɾt,ˈpeɾ.tu,pɛ.ɾt,ˈpeɾ.tu,pɛ,ˈpeɾ,1,1,CVCC,perto,near,Clements2012[37-41],
Diu,pɛɾt,ˈpeɾ.tu,pɛ.ɾt,ˈpeɾ.tu,ɾt,tu,2,2,CVCC,perto,near,Clements2012[37-41],
Diu,gaɾgãt,gɐɾˈgãtɐ,gaɾ.gãt,gɐɾ.ˈgã.tɐ,gaɾ,gɐɾ,1,1,CVCCVC,garganta,throat,Clements2012[37-41],
Diu,gaɾgãt,gɐɾˈgãtɐ,gaɾ.gãt,gɐɾ.ˈgã.tɐ,gãt,gã,2,2,CVCCVC,garganta,throat,Clements2012[37-41],
Diu,gaɾgãt,gɐɾˈgãtɐ,gaɾ.gãt,gɐɾ.ˈgã.tɐ,-,tɐ,-,3,CVCCVC,garganta,throat,Clements2012[37-41],
Diu,noʋ,ˈno.vu,no.ʋ,ˈno.vu,no,ˈno,1,1,CVC,novo,new,Clements2012[37-41],
Diu,noʋ,ˈno.vu,no.ʋ,ˈno.vu,ʋ,vu,2,2,CVC,novo,new,Clements2012[37-41],
Diu,nojt,ˈnoj.tɨ,no.jt,ˈnoj.tɨ,no,ˈnoj,1,1,CVCC,noite,night,Clements2012[37-41],
Diu,nojt,ˈnoj.tɨ,no.jt,ˈnoj.tɨ,jt,tɨ,2,2,CVCC,noite,night,Clements2012[37-41],
Diu,naɾis,nɐ.ˈɾiʃ,na.ɾis,nɐ.ˈɾiʃ,na,nɐ,1,1,CVCVC,nariz,nose,Clements2012[37-41],
Diu,naɾis,nɐ.ˈɾiʃ,na.ɾis,nɐ.ˈɾiʃ,ɾis,ɾiʃ,2,2,CVCVC,nariz,nose,Clements2012[37-41],
Diu,nã,ˈnɐ̃w,nã,ˈnɐ̃w,nã,ˈnɐ̃w,1,1,CV,não,not,Clements2012[37-41],
Diu,nãw,ˈnɐ̃w,nãw,ˈnɐ̃w,nãw,ˈnɐ̃w,1,1,CVC,não,not,Clements2012[37-41],
Diu,ʋɛj,ˈveʎu,ʋɛj,ˈve.ʎu,ʋɛj,ˈve,1,1,CVC,velho,old,Clements2012[37-41],
Diu,ʋɛj,ˈveʎu,ʋɛj,ˈve.ʎu,-,ˈʎu,-,2,CVC,velho,old,Clements2012[37-41],
Diu,ũ,ˈũ,ũ,ˈũ,ũ,ˈũ,1,1,V,um,one,Clements2012[37-41],
Diu,ot,ˈo.tɾu,ot,ˈo.tɾu,ot,ˈo,1,1,VC,outro,other,Clements2012[37-41],
Diu,ot,ˈo.tɾu,ot,ˈo.tɾu,-,tɾu,-,2,VC,outro,other,Clements2012[37-41],
Diu,piso,pɨ.ˈso.ɐ,pi.so,pɨ.ˈso.ɐ,pi,pɨ,1,1,CVCV,pessoa,person,Clements2012[37-41],
Diu,piso,pɨ.ˈso.ɐ,pi.so,pɨ.ˈso.ɐ,so,so,2,2,CVCV,pessoa,person,Clements2012[37-41],
Diu,piso,pɨ.ˈso.ɐ,pi.so,pɨ.ˈso.ɐ,-,ɐ,-,3,CVCV,pessoa,person,Clements2012[37-41],
Diu,bɾĩka,bɾĩ.ˈkaɾ,bɾĩ.ka,bɾĩ.ˈkaɾ,bɾĩ,bɾĩ,1,1,CCVCV,brincar,play,Clements2012[37-41],
Diu,bɾĩka,bɾĩ.ˈkaɾ,bɾĩ.ka,bɾĩ.ˈkaɾ,ka,kaɾ,2,2,CCVCV,brincar,play,Clements2012[37-41],
Diu,d̠ʒuga,ʒuˈgaɾ,d̠ʒu.ga,ʒu.ˈgaɾ,d̠ʒu,ʒu,1,1,CCVCV,jogar,play,Clements2012[37-41],
Diu,d̠ʒuga,ʒuˈgaɾ,d̠ʒu.ga,ʒu.ˈgaɾ,ga,gaɾ,2,2,CCVCV,jogar,play,Clements2012[37-41],
Diu,ɾãka,a.ʁɐ̃.ˈkaɾ,ɾã.ka,a.ʁɐ̃.ˈkaɾ,ɾã,a,1,1,CVCV,arrancar,pull,Clements2012[37-41],
Diu,ɾãka,a.ʁɐ̃.ˈkaɾ,ɾã.ka,a.ʁɐ̃.ˈkaɾ,ka,ʁɐ̃,2,2,CVCV,arrancar,pull,Clements2012[37-41],
Diu,ɾãka,a.ʁɐ̃.ˈkaɾ,ɾã.ka,a.ʁɐ̃.ˈkaɾ,-,kar,-,3,CVCV,arrancar,pull,Clements2012[37-41],
Diu,tiɾa,ti.ˈɾaɾ,ti.ɾa,ti.ˈɾaɾ,ti,ti,1,1,CVCV,tirar,pull,Clements2012[37-41],
Diu,tiɾa,ti.ˈɾaɾ,ti.ɾa,ti.ˈɾaɾ,ɾa,ɾaɾ,2,2,CVCV,tirar,pull,Clements2012[37-41],
Diu,atəɾa,ẽ.pu.ˈʁaɾ,a.tə.ɾa,ẽ.pu.ˈʁaɾ,a,ẽ,1,1,VCVCV,empurrar,push,Clements2012[37-41],
Diu,atəɾa,ẽ.pu.ˈʁaɾ,a.tə.ɾa,ẽ.pu.ˈʁaɾ,tə,pu,2,2,VCVCV,empurrar,push,Clements2012[37-41],
Diu,atəɾa,ẽ.pu.ˈʁaɾ,a.tə.ɾa,ẽ.pu.ˈʁaɾ,ɾa,ʁaɾ,3,3,VCVCV,empurrar,push,Clements2012[37-41],
Diu,t̠ʃuʋ,ˈʃuvɐ,t̠ʃu.ʋ,ˈʃu.vɐ,t̠ʃu,ˈʃu,1,1,CCVC,chuva,rain,Clements2012[37-41],
Diu,t̠ʃuʋ,ˈʃuvɐ,t̠ʃu.ʋ,ˈʃu.vɐ,ʋ,vɐ,2,2,CCVC,chuva,rain,Clements2012[37-41],
Diu,vɛɾmej,vɨɾˈmɐjʎu,vɛɾ.me.j,vɨɾ.ˈmɐ.jʎu,vɛɾ,vɨɾ,1,1,CVCCVC,vermelho,red,Clements2012[37-41],
Diu,vɛɾmej,vɨɾˈmɐjʎu,vɛɾ.me.j,vɨɾ.ˈmɐ.jʎu,me,mɐ,2,2,CVCCVC,vermelho,red,Clements2012[37-41],
Diu,vɛɾmej,vɨɾˈmɐjʎu,vɛɾ.me.j,vɨɾ.ˈmɐ.jʎu,j,jʎu,3,3,CVCCVC,vermelho,red,Clements2012[37-41],
Diu,dɾet,di.ˈɾɐj.tu,dɾe.t,di.ˈɾɐj.tu,dɾe,di,1,1,CCVC,direito,right/correct,Clements2012[37-41],
Diu,dɾet,di.ˈɾɐj.tu,dɾe.t,di.ˈɾɐj.tu,t,rɐj,2,2,CCVC,direito,right/correct,Clements2012[37-41],
Diu,dɾet,di.ˈɾɐj.tu,dɾe.t,di.ˈɾɐj.tu,-,tu,-,3,CCVC,direito,right/correct,Clements2012[37-41],
Diu,vɛɾdad,vɨɾˈdadɨ,vɛɾ.da.d,vɨɾ.da.dɨ,vɛɾ,vɨɾ,1,1,CVCCVC,verdade,correct,Clements2012[37-41],
Diu,vɛɾdad,vɨɾˈdadɨ,vɛɾ.da.d,vɨɾ.da.dɨ,da,da,2,2,CVCCVC,verdade,correct,Clements2012[37-41],
Diu,vɛɾdad,vɨɾˈdadɨ,vɛɾ.da.d,vɨɾ.da.dɨ,d,dɨ,3,3,CVCCVC,verdade,correct,Clements2012[37-41],
Diu,lad dɾet,à di.ˈɾɐj.tɐ,lad dɾe.t,à di.ˈɾɐj.tɐ,lad,à,1,1,CVC CCVC,à direita,rightside,Clements2012[37-41],
Diu,lad dɾet,à di.ˈɾɐj.tɐ,lad dɾe.t,à di.ˈɾɐj.tɐ,dɾe,di,2,2,CVC CCVC,à direita,rightside,Clements2012[37-41],
Diu,lad dɾet,à di.ˈɾɐj.tɐ,lad dɾe.t,à di.ˈɾɐj.tɐ,t,ɾɐj,3,3,CVC CCVC,à direita,rightside,Clements2012[37-41],
Diu,lad dɾet,à di.ˈɾɐj.tɐ,lad dɾe.t,à di.ˈɾɐj.tɐ,-,tɐ,-,4,CVC CCVC,à direita,rightside,Clements2012[37-41],
Diu,ɾibeɾ,ʁi.ˈbɐj.ɾu,ɾi.beɾ,ʁi.ˈbɐj.ɾu,ɾi,ʁi,1,1,CVCVC,ribeiro,river,Clements2012[37-41],
Diu,ɾibeɾ,ʁi.ˈbɐj.ɾu,ɾi.beɾ,ʁi.ˈbɐj.ɾu,beɾ,bɐj,2,2,CVCVC,ribeiro,river,Clements2012[37-41],
Diu,ɾibeɾ,ʁi.ˈbɐj.ɾu,ɾi.beɾ,ʁi.ˈbɐj.ɾu,-,ɾu,-,3,CVCVC,ribeiro,river,Clements2012[37-41],
Diu,ɾi,ˈʁi.u,ɾi,ˈʁi.u,ɾi,ˈʁi,1,1,CV,rio,river,Clements2012[37-41],
Diu,ɾi,ˈʁi.u,ɾi,ˈʁi.u,-,u,-,2,CV,rio,river,Clements2012[37-41],
Diu,kamiŋ,kɐˈmiɲu,ka.miŋ,kɐ.ˈmi.ɲu,ka,kɐ,1,1,CVCVC,caminho,road,Clements2012[37-41],
Diu,kamiŋ,kɐˈmiɲu,ka.miŋ,kɐ.ˈmi.ɲu,miŋ,mi,2,2,CVCVC,caminho,road,Clements2012[37-41],
Diu,kamiŋ,kɐˈmiɲu,ka.miŋ,kɐ.ˈmi.ɲu,-,ɲu,-,3,CVCVC,caminho,road,Clements2012[37-41],
Diu,istɾad,ʃ.ˈtɾa.dɐ,is.tɾa.d,ʃ.ˈtɾa.dɐ,is,ʃ,1,1,VCCCVC,estrada,road,Clements2012[37-41],
Diu,istɾad,ʃ.ˈtɾa.dɐ,is.tɾa.d,ʃ.ˈtɾa.dɐ,tɾa,tɾa,2,2,VCCCVC,estrada,road,Clements2012[37-41],
Diu,istɾad,ʃ.ˈtɾa.dɐ,is.tɾa.d,ʃ.ˈtɾa.dɐ,d,dɐ,3,3,VCCCVC,estrada,road,Clements2012[37-41],
Diu,ɾaiz,ʁɐ.ˈiʃ,ɾa.iz,ʁɐ.ˈiʃ,ɾa,ʁɐ,1,1,CVVC,raiz,root,Clements2012[37-41],
Diu,ɾaiz,ʁɐ.ˈiʃ,ɾa.iz,ʁɐ.ˈiʃ,iz,iʃ,2,2,CVVC,raiz,root,Clements2012[37-41],
Diu,kɔɾd,ˈkɔɾdɐ,kɔ.ɾd,ˈkɔɾ.dɐ,kɔ,ˈkɔɾ,1,1,CVCC,corda,rope,Clements2012[37-41],
Diu,kɔɾd,ˈkɔɾdɐ,kɔ.ɾd,ˈkɔɾ.dɐ,ɾd,dɐ,2,2,CVVC,corda,rope,Clements2012[37-41],
Diu,liŋ,ˈliɲu,liŋ,ˈli.ɲu,liŋ,ˈli,1,1,CVC,linho,rope,Clements2012[37-41],
Diu,liŋ,ˈliɲu,liŋ,ˈli.ɲu,-,ɲu,-,2,CVC,linho,rope,Clements2012[37-41],
Diu,pod,ˈpo.dɾɨ,pod,ˈpo.dɾɨ,pod,ˈpo,1,1,CVC,podre,rotten,Clements2012[37-41],
Diu,pod,ˈpo.dɾɨ,pod,ˈpo.dɾɨ,-,dɾɨ,-,2,CVC,podre,rotten,Clements2012[37-41],
Diu,ɾɛdɔnd,ʁɨ.ˈdõ.du,ɾɛ.dɔ.nd,ʁɨ.ˈdõ.du,ɾɛ,ʁɨ,1,1,CVCVCC,redondo,round,Clements2012[37-41],
Diu,ɾɛdɔnd,ʁɨ.ˈdõ.du,ɾɛ.dɔ.nd,ʁɨ.ˈdõ.du,dɔ,dõ,2,2,CVCVCC,redondo,round,Clements2012[37-41],
Diu,ɾɛdɔnd,ʁɨ.ˈdõ.du,ɾɛ.dɔ.nd,ʁɨ.ˈdõ.du,nd,du,3,3,CVCVCC,redondo,round,Clements2012[37-41],
Diu,sal,ˈsal,sal,ˈsal,sal,ˈsal,1,1,CVC,sal,salt,Clements2012[37-41],
Diu,aɾej,ɐ.ˈɾɐj.ɐ ,a.ɾej,ɐ.ˈɾɐj.ɐ ,a,ɐ,1,1,VCVC,areia,sand,Clements2012[37-41],
Diu,aɾej,ɐ.ˈɾɐj.ɐ,a.ɾej,ɐ.ˈɾɐj.ɐ ,ɾej,ɾɐj,2,2,VCVC,areia,sand,Clements2012[37-41],
Diu,aɾej,ɐ.ˈɾɐj.ɐ,a.ɾej,ɐ.ˈɾɐj.ɐ ,-,ɐ ,-,3,VCVC,areia,sand,Clements2012[37-41],
Diu,fala,fɐˈlaɾ,fa.la,fɐ.ˈlaɾ,fa,fɐ,1,1,CVCV,falar,say,Clements2012[37-41],
Diu,fala,fɐˈlaɾ,fa.la,fɐ.ˈlaɾ,la,laɾ,2,2,CVCV,falar,say,Clements2012[37-41],
Diu,dize,di.ˈzeɾ,di.ze,di.ˈzeɾ,di,di,1,1,CVCV,dizer,say,Clements2012[37-41],
Diu,dize,di.ˈzeɾ,di.ze,di.ˈzeɾ,ze,zeɾ,2,2,CVCV,dizer,say,Clements2012[37-41],
Diu,ɾaŋa,a.ʁɐ.ˈɲaɾ ,ɾa.ŋa,a.ʁɐ.ˈɲaɾ ,ɾa,a,1,1,CVCV,arranhar,scratch,Clements2012[37-41],
Diu,ɾaŋa,a.ʁɐ.ˈɲaɾ,ɾa.ŋa,a.ʁɐ.ˈɲaɾ ,ŋa,ʁɐ,2,2,CVCV,arranhar,scratch,Clements2012[37-41],
Diu,ɾaŋa,a.ʁɐ.ˈɲaɾ,ɾa.ŋa,a.ʁɐ.ˈɲaɾ ,-,ɲaɾ ,-,3,CVCV,arranhar,scratch,Clements2012[37-41],
Diu,ɾaspa,ʁɐʃ.ˈpaɾ,ɾas.pa,ʁɐʃ.ˈpaɾ,ɾas,ʁɐʃ,1,1,CVCCV,raspar,scratch,Clements2012[37-41],
Diu,ɾaspa,ʁɐʃ.ˈpaɾ,ɾas.pa,ʁɐʃ.ˈpaɾ,pa,paɾ,2,2,CVCCV,raspar,scratch,Clements2012[37-41],
Diu,maɾ,ˈmaɾ,maɾ,ˈmaɾ,maɾ,ˈmaɾ,1,1,CVC,mar,sea,Clements2012[37-41],
Diu,apəɾse,pɐɾɨˈseɾ,a.pəɾ.se,pɐ.ɾɨ.ˈseɾ,a,pɐ,1,1,VCVCCV,parecer,see,Clements2012[37-41],
Diu,apəɾse,pɐɾɨˈseɾ,a.pəɾ.se,pɐ.ɾɨ.ˈseɾ,pəɾ,ɾɨ,2,2,VCVCCV,parecer,see,Clements2012[37-41],
Diu,apəɾse,pɐɾɨˈseɾ,a.pəɾ.se,pɐ.ɾɨ.ˈseɾ,se,seɾ,3,3,VCVCCV,parecer,see,Clements2012[37-41],
Diu,simẽt,sɨˈmẽtɨ,si.mẽt,sɨ.ˈmẽ.tɨ,si,sɨ,1,1,CVCVC,semente,seed,Clements2012[37-41],
Diu,simẽt,sɨˈmẽtɨ,si.mẽt,sɨ.ˈmẽ.tɨ,mẽt,mẽ,2,2,CVCVC,semente,seed,Clements2012[37-41],
Diu,simẽt,sɨˈmẽtɨ,si.mẽt,sɨ.ˈmẽ.tɨ,-,tɨ,-,3,CVCVC,semente,seed,Clements2012[37-41],
Diu,kustəɾa,kuʃtuˈɾaɾ,kus.tə.ɾa,kuʃ.tu.ˈɾaɾ,kus,kuʃ,1,1,CVCCVCV,costurar,sew,Clements2012[37-41],
Diu,kustəɾa,kuʃtuˈɾaɾ,kus.tə.ɾa,kuʃ.tu.ˈɾaɾ,tə,tu,2,2,CVCCVCV,costurar,sew,Clements2012[37-41],
Diu,kustəɾa,kuʃtuˈɾaɾ,kus.tə.ɾa,kuʃ.tu.ˈɾaɾ,ɾa,ɾaɾ,3,3,CVCCVCV,costurar,sew,Clements2012[37-41],
Diu,kuɾt,ˈkuɾtu,ku.ɾt,ˈkuɾ.tu,ku,ˈkuɾ,1,1,CVCC,curto,short,Clements2012[37-41],
Diu,kuɾt,ˈkuɾtu,ku.ɾt,ˈkuɾ.tu,ɾt,tu,2,2,CVCC,curto,short,Clements2012[37-41],
Diu,kanta,kɐ̃ˈtaɾ,kan.ta,kɐ̃.ˈtaɾ,kan,kɐ̃,1,1,CVCCV,cantar,sing,Clements2012[37-41],
Diu,kanta,kɐ̃ˈtaɾ,kan.ta,kɐ̃.ˈtaɾ,ta,taɾ,2,2,CVCCV,cantar,sing,Clements2012[37-41],
Diu,sẽta,sẽˈtaɾ,sẽ.ta,sẽ.ˈtaɾ,sẽ,sẽ,1,1,CVCV,sentar,sit,Clements2012[37-41],
Diu,sẽta,sẽˈtaɾ,sẽ.ta,sẽ.ˈtaɾ,ta,taɾ,2,2,CVCV,sentar,sit,Clements2012[37-41],
Diu,pɛl,ˈpe.ɫɨ ,pɛ.l,ˈpe.ɫɨ ,pɛ,ˈpe,1,1,CVC,pele,skin,Clements2012[37-41],
Diu,pɛl,ˈpe.ɫɨ,pɛ.l,ˈpe.ɫɨ ,l,ɫɨ ,2,2,CVC,pele,skin,Clements2012[37-41],
Diu,sɛw,ˈsɛw,sɛw,ˈsɛw,sɛw,ˈsɛw,1,1,CVC,céus,sky,Clements2012[37-41],
Diu,duɾmi,duɾ.ˈmiɾ,duɾ.mi,duɾ.ˈmiɾ,duɾ,duɾ,1,1,CVCCV,dormir,sleep,Clements2012[37-41],
Diu,duɾmi,duɾ.ˈmiɾ,duɾ.mi,duɾ.ˈmiɾ,mi,miɾ,2,2,CVCCV,dormir,sleep,Clements2012[37-41],
Diu,piken,pɨ.ˈke.nu ,pi.ken,pɨ.ˈke.nu ,pi,pɨ,1,1,CVCVC,pequeno,small,Clements2012[37-41],
Diu,piken,pɨ.ˈke.nu,pi.ken,pɨ.ˈke.nu ,ken,ke,2,2,CVCVC,pequeno,small,Clements2012[37-41],
Diu,piken,pɨ.ˈke.nu,pi.ken,pɨ.ˈke.nu ,-,nu ,-,3,CVCVC,pequeno,small,Clements2012[37-41],
Diu,t̠ʃeɾa,ʃɐjˈɾaɾ,t̠ʃe.ɾa,ʃɐj.ˈɾaɾ,t̠ʃe,ʃɐj,1,1,CCVCV,cheirar,smell,Clements2012[37-41],
Diu,t̠ʃeɾa,ʃɐjˈɾaɾ,t̠ʃe.ɾa,ʃɐj.ˈɾaɾ,ɾa,ɾaɾ,2,2,CCVCV,cheirar,smell,Clements2012[37-41],
Diu,fum,ˈfumu,fum,ˈfu.mu,fum,ˈfu,1,1,CVC,fumo,smoke,Clements2012[37-41],
Diu,fum,ˈfumu,fum,ˈfu.mu,-,mu,-,2,CVC,fumo,smoke,Clements2012[37-41],
Diu,kɔb,ˈkɔbɾɐ,kɔ.b,ˈkɔ.bɾɐ,kɔ,ˈkɔ,1,1,CVC,cobra,snake,Clements2012[37-41],
Diu,kɔb,ˈkɔbɾɐ,kɔ.b,ˈkɔ.bɾɐ,b,bɾɐ,2,2,CVC,cobra,snake,Clements2012[37-41],
Diu,ãgu,aɫ.ˈgũ,ãgu,aɫ.ˈgũ,ãgu,aɫ,1,1,VCV,algum,some,Clements2012[37-41],
Diu,ãgu,aɫ.ˈgũ,ãgu,aɫ.ˈgũ,-,gũ,-,2,VCV,algum,some,Clements2012[37-41],
Diu,kuspi,kuʃˈpiɾ,kus.pi,kuʃ.ˈpiɾ,kus,kuʃ,1,1,CVCCV,cuspir,spit,Clements2012[37-41],
Diu,kuspi,kuʃˈpiɾ,kus.pi,kuʃ.ˈpiɾ,pi,piɾ,2,2,CVCCV,cuspir,spit,Clements2012[37-41],
Diu,ɾaʃa,ʁɐ.ˈʃaɾ,ɾa.ʃa,ʁɐ.ˈʃaɾ,ɾa,ʁɐ,1,1,CVCV,rachar,split,Clements2012[37-41],
Diu,ɾaʃa,ʁɐ.ˈʃaɾ,ɾa.ʃa,ʁɐ.ˈʃaɾ,ʃa,ʃaɾ,2,2,CVCV,rachar,split,Clements2012[37-41],
Diu,kɛbɾa,kɨ.ˈbɾaɾ,kɛ.bɾa,kɨ.ˈbɾaɾ,kɛ,kɨ,1,1,CVCCV,quebrar,split,Clements2012[37-41],
Diu,kɛbɾa,kɨ.ˈbɾaɾ,kɛ.bɾa,kɨ.ˈbɾaɾ,bɾa,bɾaɾ,2,2,CVCCV,quebrar,split,Clements2012[37-41],
Diu,apɾeta,ɐ.pɨɾ.ˈtaɾ,a.pɾe.ta,ɐ.pɨɾ.ˈtaɾ,a,ɐ,1,1,VCCVCV,apertar,squeeze,Clements2012[37-41],
Diu,apɾeta,ɐ.pɨɾ.ˈtaɾ,a.pɾe.ta,ɐ.pɨɾ.ˈtaɾ,pɾe,pɨɾ,2,2,VCCVCV,apertar,squeeze,Clements2012[37-41],
Diu,apɾeta,ɐ.pɨɾ.ˈtaɾ,a.pɾe.ta,ɐ.pɨɾ.ˈtaɾ,ta,taɾ,3,3,VCCVCV,apertar,squeeze,Clements2012[37-41],
Diu,fuɾa,fuˈɾaɾ,fu.ɾa,fu.ˈɾaɾ,fu,fu,1,1,CVCV,furar,pierce,Clements2012[37-41],
Diu,fuɾa,fuˈɾaɾ,fu.ɾa,fu.ˈɾaɾ,ɾa,ɾaɾ,2,2,CVCV,furar,pierce,Clements2012[37-41],
Diu,ẽpe,ʃ.ˈtaɾ ɐ̃j ˈpɛ,ẽ.pe,ʃ.ˈtaɾ ɐ̃j ˈpɛ,ẽ,ʃ,1,1,VCV,estar em pé,stand,Clements2012[37-41],
Diu,ẽpe,ʃ.ˈtaɾ ɐ̃j ˈpɛ,ẽ.pe,ʃ.ˈtaɾ ɐ̃j ˈpɛ,pe,taɾ,2,2,VCV,estar em pé,stand,Clements2012[37-41],
Diu,ẽpe,ʃ.ˈtaɾ ɐ̃j ˈpɛ,ẽ.pe,ʃ.ˈtaɾ ɐ̃j ˈpɛ,-,ɐ̃j,-,3,VCV,estar em pé,stand,Clements2012[37-41],
Diu,ẽpe,ʃ.ˈtaɾ ɐ̃j ˈpɛ,ẽ.pe,ʃ.ˈtaɾ ɐ̃j ˈpɛ,-,pɛ,-,4,VCV,estar em pé,stand,Clements2012[37-41],
Diu,leũta,lɨvɐ̃ˈtaɾ,le.ũ.ta,lɨ.vɐ̃.ˈtaɾ,le,lɨ,1,1,CVVCV,levantar,stand,Clements2012[37-41],
Diu,leũta,lɨvɐ̃ˈtaɾ,le.ũ.ta,lɨ.vɐ̃.ˈtaɾ,ũ,vɐ̃,2,2,CVVCV,levantar,stand,Clements2012[37-41],
Diu,leũta,lɨvɐ̃ˈtaɾ,le.ũ.ta,lɨ.vɐ̃.ˈtaɾ,ta,taɾ,3,3,CVVCV,levantar,stand,Clements2012[37-41],
Diu,istɾel,ʃ.ˈtɾe.ɫɐ,is.tɾel,ʃ.ˈtɾe.ɫɐ,is,ʃ,1,1,VCCCVC,estrela,star,Clements2012[37-41],
Diu,istɾel,ʃ.ˈtɾe.ɫɐ,is.tɾel,ʃ.ˈtɾe.ɫɐ,tɾel,tɾe,2,2,VCCCVC,estrela,star,Clements2012[37-41],
Diu,istɾel,ʃ.ˈtɾe.ɫɐ,is.tɾel,ʃ.ˈtɾe.ɫɐ,-,ɫɐ,-,3,VCCCVC,estrela,star,Clements2012[37-41],
Diu,paw,ˈpaw,paw,ˈpaw,paw,ˈpaw,1,1,CVC,pau,stick,Clements2012[37-41],
Diu,pɛd,ˈpe.dɾɐ,pɛd,ˈpe.dɾɐ,pɛd,ˈpe,1,1,CVC,pedra,stone,Clements2012[37-41],
Diu,pɛd,ˈpe.dɾɐ,pɛd,ˈpe.dɾɐ,-,dɾɐ,-,2,CVC,pedra,stone,Clements2012[37-41],
Diu,dɾet,di.ˈɾɐj.tu,dɾe.t,di.ˈɾɐj.tu,dɾe,di,1,1,CCVC,direito,straight,Clements2012[37-41],
Diu,dɾet,di.ˈɾɐj.tu,dɾe.t,di.ˈɾɐj.tu,t,ɾɐj,2,2,CCVC,direito,straight,Clements2012[37-41],
Diu,dɾet,di.ˈɾɐj.tu,dɾe.t,di.ˈɾɐj.tu,-,tu,-,3,CCVC,direito,straight,Clements2012[37-41],
Diu,sɔl,ˈsɔl,sɔl,ˈsɔl,sɔl,ˈsɔl,1,1,CVC,sol,sun,Clements2012[37-41],
Diu,ĩt̠ʃa,ĩ.ˈʃaɾ,ĩ.t̠ʃa,ĩ.ˈʃaɾ,ĩ,ĩ,1,1,VCCV,inchar,swell,Clements2012[37-41],
Diu,ĩt̠ʃa,ĩ.ˈʃaɾ,ĩ.t̠ʃa,ĩ.ˈʃaɾ,t̠ʃa,ʃaɾ,2,2,VCCV,inchar,swell,Clements2012[37-41],
Diu,nada,nɐ.ˈdaɾ,na.da,nɐ.ˈdaɾ,na,nɐ,1,1,CVCV,nadar,swim,Clements2012[37-41],
Diu,nada,nɐ.ˈdaɾ,na.da,nɐ.ˈdaɾ,da,daɾ,2,2,CVCV,nadar,swim,Clements2012[37-41],
Diu,ɾab,ˈʁa.bu,ɾa.b,ˈʁa.bu,ɾa,ˈʁa,1,1,CVC,rabo,tail,Clements2012[37-41],
Diu,ɾab,ˈʁa.bu,ɾa.b,ˈʁa.bu,b,bu,2,2,CVC,rabo,tail,Clements2012[37-41],
Diu,ikəl,ɐ.ˈki.ɫu,i.kəl,ɐ.ˈki.ɫu,i,ɐ,1,1,VCVC,aquilo,that,Clements2012[37-41],
Diu,ikəl,ɐ.ˈki.ɫu,i.kəl,ɐ.ˈki.ɫu,kəl,ki,2,2,VCVC,aquilo,that,Clements2012[37-41],
Diu,ikəl,ɐ.ˈki.ɫu,i.kəl,ɐ.ˈki.ɫu,-,ɫu,-,3,VCVC,aquilo,that,Clements2012[37-41],
Diu,ali,ɐ.ˈɫi,ali,ɐ.ˈɫi,ali,ɐ,1,1,VCV,ali,there,Clements2012[37-41],
Diu,ali,ɐ.ˈɫi,ali,ɐ.ˈɫi,-,ɫi,-,2,VCV,ali,there,Clements2012[37-41],
Diu,elz,ˈe.ɫɨʃ,elz,ˈe.ɫɨʃ,elz,ˈe,1,1,VCC,eles,they,Clements2012[37-41],
Diu,elz,ˈe.ɫɨʃ,elz,ˈe.ɫɨʃ,-,ɫɨʃ,-,2,VCC,eles,they,Clements2012[37-41],
Diu,gɾos,ˈgɾosu,gɾo.s,ˈgɾo.su,gɾo,ˈgɾo,1,1,CCVC,grosso,thick,Clements2012[37-41],
Diu,gɾos,ˈgɾosu,gɾo.s,ˈgɾo.su,s,su,2,2,CCVC,grosso,thick,Clements2012[37-41],
Diu,mag,ˈmagɾu,ma.g,ˈma.gɾu,ma,ˈma,1,1,CVC,magro,thin,Clements2012[37-41],
Diu,mag,ˈmagɾu,ma.g,ˈma.gɾu,g,gɾu,2,2,CVC,magro,thin,Clements2012[37-41],
Diu,fin,ˈfinu,fin,ˈfi.nu,fin,ˈfi,1,1,CVC,fino,thin,Clements2012[37-41],
Diu,fin,ˈfinu,fin,ˈfi.nu,-,nu ,-,2,CVC,fino,thin,Clements2012[37-41],
Diu,pẽsa,pẽ.ˈsaɾ,pẽ.sa,pẽ.ˈsaɾ,pẽ,pẽ,1,1,CVCV,pensar,think,Clements2012[37-41],
Diu,pẽsa,pẽ.ˈsaɾ,pẽ.sa,pẽ.ˈsaɾ,sa,saɾ,2,2,CVCV,pensar,think,Clements2012[37-41],
Diu,es,ˈeʃ.tɨ,es,ˈeʃ.tɨ,es,ˈeʃ,1,1,VC,este,this,Clements2012[37-41],
Diu,es,ˈeʃ.tɨ,es,ˈeʃ.tɨ,-,tɨ,-,2,VC,este,this,Clements2012[37-41],
Diu,tɾej,ˈtɾeʃ,tɾej,ˈtɾeʃ,tɾej,ˈtɾeʃ,1,1,CCVC,três,three,Clements2012[37-41],
Diu,atəɾa,ɐ.ti.ˈɾaɾ,a.tə.ɾa,ɐ.ti.ˈɾaɾ,a,ɐ,1,1,VCVCV,atirar,throw,Clements2012[37-41],
Diu,atəɾa,ɐ.ti.ˈɾaɾ,a.tə.ɾa,ɐ.ti.ˈɾaɾ,tə,ti,2,2,VCVCV,atirar,throw,Clements2012[37-41],
Diu,atəɾa,ɐ.ti.ˈɾaɾ,a.tə.ɾa,ɐ.ti.ˈɾaɾ,ɾa,ɾaɾ,3,3,VCVCV,atirar,throw,Clements2012[37-41],
Diu,aməɾa,ɐ.ma.ˈʁaɾ,a.mə.ɾa,ɐ.ma.ˈʁaɾ,a,ɐ,1,1,VCVCV,amarrar,tie,Clements2012[37-41],
Diu,aməɾa,ɐ.ma.ˈʁaɾ,a.mə.ɾa,ɐ.ma.ˈʁaɾ,mə,ma,2,2,VCVCV,amarrar,tie,Clements2012[37-41],
Diu,aməɾa,ɐ.ma.ˈʁaɾ,a.mə.ɾa,ɐ.ma.ˈʁaɾ,ɾa,ʁaɾ,3,3,VCVCV,amarrar,tie,Clements2012[37-41],
Diu,liŋ,ˈlĩɡuɐ,liŋ,ˈlĩ.ɡuɐ,liŋ,ˈlĩ,1,1,CVC,língua,tongue,Clements2012[37-41],
Diu,liŋ,ˈlĩɡuɐ,liŋ,ˈlĩ.ɡuɐ,-,ɡuɐ,-,2,CVC,língua,tongue,Clements2012[37-41],
Diu,dẽt,ˈdẽ.tɨ,dẽt,ˈdẽ.tɨ,dẽt,ˈdẽ,1,1,CVC,dente,tooth,Clements2012[37-41],
Diu,dẽt,ˈdẽ.tɨ,dẽt,ˈdẽ.tɨ,-,ˈtɨ,-,2,CVC,dente,tooth,Clements2012[37-41],
Diu,aɾʋ,ˈaɾ.vu.ɾɨ,aɾ.ʋ,ˈaɾ.vu.ɾɨ,aɾ,ˈaɾ,1,1,VCC,árvore,tree,Clements2012[37-41],
Diu,aɾʋ,ˈaɾ.vu.ɾɨ,aɾ.ʋ,ˈaɾ.vu.ɾɨ,ʋ,vu,2,2,VCC,árvore,tree,Clements2012[37-41],
Diu,aɾʋ,ˈaɾ.vu.ɾɨ,aɾ.ʋ,ˈaɾ.vu.ɾɨ,-,ɾɨ,-,3,VCC,árvore,tree,Clements2012[37-41],
Diu,ʋiɾa,viˈɾaɾ,ʋi.ɾa,vi.ˈɾaɾ,ʋi,vi,1,1,CVCV,virar,turn,Clements2012[37-41],
Diu,ʋiɾa,viˈɾaɾ,ʋi.ɾa,vi.ˈɾaɾ,ɾa,ɾaɾ,2,2,CVCV,virar,turn,Clements2012[37-41],
Diu,doj,ˈdojʃ,doj,ˈdo.jʃ,doj,ˈdo,1,1,CVC,dois,two,Clements2012[37-41],
Diu,doj,ˈdojʃ,doj,ˈdo.jʃ,-,jʃ,-,2,CVC,dois,two,Clements2012[37-41],
Diu,ãda,ɐ̃.ˈdaɾ,ã.da,ɐ̃.ˈdaɾ,ã,ɐ̃,1,1,VCV,andar,walk,Clements2012[37-41],
Diu,ãda,ɐ̃.ˈdaɾ,ã.da,ɐ̃.ˈdaɾ,da,daɾ,2,2,VCV,andar,walk,Clements2012[37-41],
Diu,kẽt,ˈkẽ.tɨ ,kẽt,ˈkẽ.tɨ ,kẽt,ˈkẽ,1,1,CVC,quente,warm,Clements2012[37-41],
Diu,kẽt,ˈkẽ.tɨ,kẽt,ˈkẽ.tɨ ,-,tɨ ,-,2,CVC,quente,warm,Clements2012[37-41],
Diu,laʋa,lɐˈvaɾ,la.ʋa,lɐ.ˈvaɾ,la,lɐ,1,1,CVCV,lavar,wash,Clements2012[37-41],
Diu,laʋa,lɐˈvaɾ,la.ʋa,lɐ.ˈvaɾ,ʋa,vaɾ,2,2,CVCV,lavar,wash,Clements2012[37-41],
Diu,ag,aguɐ,ag,a.guɐ,ag,a,1,1,VC,água,water,Clements2012[37-41],
Diu,ag,aguɐ,ag,a.guɐ,-,guɐ,-,2,VC,água,water,Clements2012[37-41],
Diu,nɔs,ˈnɔʃ,nɔs,ˈnɔʃ,nɔs,ˈnɔʃ,1,1,CVC,nós,we,Clements2012[37-41],
Diu,mujad,mu.ˈʎa.du,mu.jad,mu.ˈʎa.du,mu,mu,1,1,CVCVC,molhado,wet,Clements2012[37-41],
Diu,mujad,mu.ˈʎa.du,mu.jad,mu.ˈʎa.du,jad,ʎa,2,2,CVCVC,molhado,wet,Clements2012[37-41],
Diu,mujad,mu.ˈʎa.du,mu.jad,mu.ˈʎa.du,-,du,-,3,CVCVC,molhado,wet,Clements2012[37-41],
Diu,ki,kɨ ,ki,kɨ ,ki,kɨ ,1,1,CV,que,what,Clements2012[37-41],
Diu,kwɔn,ˈkwɐ̃.du,kwɔn,ˈkwɐ̃.du,kwɔn,ˈkwɐ̃,1,1,CCVC,quando,when,Clements2012[37-41],
Diu,kwɔn,ˈkwɐ̃.du,kwɔn,ˈkwɐ̃.du,-,du,-,2,CCVC,quando,when,Clements2012[37-41],
Diu,ɔn,ˈõ.dɨ,ɔn,ˈõ.dɨ,ɔn,ˈõ,1,1,VC,onde,where,Clements2012[37-41],
Diu,ɔn,ˈõ.dɨ,ɔn,ˈõ.dɨ,-,dɨ,-,2,VC,onde,where,Clements2012[37-41],
Diu,bɾãk,ˈbɾɐ̃.ku,bɾãk,ˈbɾɐ̃.ku,bɾãk,ˈbɾɐ̃,1,1,CCVC,branco,white,Clements2012[37-41],
Diu,bɾãk,ˈbɾɐ̃.ku,bɾãk,ˈbɾɐ̃.ku,-,ku,-,2,CCVC,branco,white,Clements2012[37-41],
Diu,kẽ,kɐ̃j,kẽ,kɐ̃j,kẽ,kɐ̃j,1,1,CV,quem,who,Clements2012[37-41],
Diu,laɾg,ˈlaɾɡu,laɾ.g,ˈlaɾ.ɡu,laɾ,ˈlaɾ,1,1,CVCC,largo,wide,Clements2012[37-41],
Diu,laɾg,ˈlaɾɡu,laɾ.g,ˈlaɾ.ɡu,g,ɡu,2,2,CVCC,largo,wide,Clements2012[37-41],
Diu,mujɛɾ,mu.ˈʎeɾ,mu.jɛɾ,mu.ˈʎeɾ,mu,mu,1,1,CVCVC,mulher,wife,Clements2012[37-41],
Diu,mujɛɾ,mu.ˈʎeɾ,mu.jɛɾ,mu.ˈʎeɾ,jɛɾ,ʎeɾ,2,2,CVCVC,mulher,wife,Clements2012[37-41],
Diu,ʋẽt,ˈvẽtu,ʋẽt,ˈvẽ.tu,ʋẽt,ˈvẽ,1,1,CVC,vento,wind,Clements2012[37-41],
Diu,ʋẽt,ˈvẽtu,ʋẽt,ˈvẽ.tu,-,tu,-,2,CVC,vento,wind,Clements2012[37-41],
Diu,az,ˈa.zɐ,az,ˈa.zɐ,az,ˈa,1,1,VC,asa,wing,Clements2012[37-41],
Diu,az,ˈa.zɐ,az,ˈa.zɐ,-,zɐ,-,2,VC,asa,wing,Clements2012[37-41],
Diu,lĩpa,lĩˈpaɾ,lĩ.pa,lĩ.ˈpaɾ,lĩ,lĩ.,1,1,CVCV,limpar,wipe,Clements2012[37-41],
Diu,lĩpa,lĩˈpaɾ,lĩ.pa,lĩ.ˈpaɾ,lpa,ˈpaɾ,2,2,CVCV,limpar,wipe,Clements2012[37-41],
Diu,ku,kõ,ku,kõ,ku,kõ,1,1,CV,com,with,Clements2012[37-41],
Diu,d̠ʒũt də,,d̠ʒũt də,,d̠ʒũt də,,,,CCVC CV,,with,Clements2012[37-41],
Diu,mujɛɾ,mu.ˈʎeɾ,mu.jɛɾ,mu.ˈʎeɾ,mu,mu,1,1,CVCVC,mulher,woman,Clements2012[37-41],
Diu,mujɛɾ,mu.ˈʎeɾ,mu.jɛɾ,mu.ˈʎeɾ,jɛɾ,ʎeɾ,2,2,CVCVC,mulher,woman,Clements2012[37-41],
Diu,jungle,ˈboʃ.kɨ,jun.gle,ˈboʃ.kɨ,jun,ˈboʃ,1,1,CVCCCV,bosque,woods,Clements2012[37-41],
Diu,jungle,ˈboʃ.kɨ,jun.gle,ˈboʃ.kɨ,gle,kɨ,2,2,CVCCCV,bosque,woods,Clements2012[37-41],
Diu,bit̠ʃ,ˈbi.ʃu,bi.t̠ʃ,ˈbi.ʃu,bi,ˈbi,1,1,CVCC,bicho,worm,Clements2012[37-41],
Diu,bit̠ʃ,ˈbi.ʃu,bi.t̠ʃ,ˈbi.ʃu,t̠ʃ,ʃu,2,2,CVCC,bicho,worm,Clements2012[37-41],
Diu,use,vɔˈse,use,vɔ.ˈse,use,vɔ,1,1,VCV,você,you,Clements2012[37-41],
Diu,use,vɔˈse,use,vɔ.ˈse,-,se,-,2,VCV,você,you,Clements2012[37-41],
Diu,an,ˈɐ.nu,an,ˈɐ.nu,an,ˈɐ,1,1,VC,ano,year,Clements2012[37-41],
Diu,an,ˈɐ.nu,an,ˈɐ.nu,-,nu,-,2,VC,ano,year,Clements2012[37-41],
Diu,amɾɛl,ɐ.mɐ.ˈɾe.ɫu,am.ɾɛl,ɐ.mɐ.ˈɾe.ɫu,am,ɐ,1,1,VCCVC,amarelo,yellow,Clements2012[37-41],
Diu,amɾɛl,ɐ.mɐ.ˈɾe.ɫu,am.ɾɛl,ɐ.mɐ.ˈɾe.ɫu,ɾɛl,mɐ,2,2,VCCVC,amarelo,yellow,Clements2012[37-41],
Diu,amɾɛl,ɐ.mɐ.ˈɾe.ɫu,am.ɾɛl,ɐ.mɐ.ˈɾe.ɫu,-,ɾe,-,3,VCCVC,amarelo,yellow,Clements2012[37-41],
Diu,amɾɛl,ɐ.mɐ.ˈɾe.ɫu,am.ɾɛl,ɐ.mɐ.ˈɾe.ɫu,-,ɫu,-,4,VCCVC,amarelo,yellow,Clements2012[37-41],