IPA,CV,Lenght
n̠̤d̠̤ʒ,C,7
ŋ̥ǂ͓ˡxˀ,C,7
n̪t̪s̪ʰ,C,7
n̪d̪z̪,C,6
t̪s̪ʷʰ,C,6
t̪s̪ʷʼ,C,6
n̠d̠ʒʷ,C,6
n̠t̠ʃʼ,C,6
n̪t̪s̪,C,6
t̪s̪ʼː,C,6
n̤d̤ɮ̤,C,6
t̪ɬ̪ʷʰ,C,6
t̪ɬ̪ʷʼ,C,6
ŋ̥ǀ͓xˀ,C,6
n̠t̠ʃɾ,C,6
n̠t̠ʃʷ,C,6
ŋ̥ǂ͓ˡʰ,C,6
ŋ̥ǂ͓ˡˀ,C,6
n̠t̠ʃʰ,C,6
ɡ̰ǂ͓ˡx,C,6
m̤b̤v̤,C,6
n̠̩d̠ʒ,C,6
t̪ɬ̪ʼː,C,6
n̠̥t̠ʃ,C,6
n̤d̤z̤,C,6
t̪s̪ʷː,C,6
õ̞ãˤ,V,6
õ̞ĩˤ,V,6
ãõ̞ˤ,V,6
ãẽ̞ˤ,V,6
n̠d̠ʒ,C,5
t̪s̪ʰ,C,5
t̪s̪ʼ,C,5
n̠t̠ʃ,C,5
t̠ʃʼː,C,5
t̪ɬ̪ʼ,C,5
t̠ʃʷʰ,C,5
t̠ʃʷʼ,C,5
t̪ɬ̪ʰ,C,5
t̪s̪ʲ,C,5
t̠ʃʲʰ,C,5
t̠ʃʰː,C,5
t̪s̪ː,C,5
ŋ̥ǀ͓ˀ,C,5
t̻s̻ʼ,C,5
ŋ̥ǀ͓ʰ,C,5
ŋ̥ǁ͓ˀ,C,5
n̪t̪ʰ,C,5
ŋ̥ǃ̠ˀ,C,5
kǃ̠xʰ,C,5
t̪s̪ɦ,C,5
ŋ̤ǂ͓ˡ,C,5
d̠ʒxʼ,C,5
ɡʘkxʼ,C,5
ɡǃkxʼ,C,5
ŋ̥ǂxˀ,C,5
ɡǂ͓ˡx,C,5
t̪s̪ˀ,C,5
d̠ʒ̤ː,C,5
ɡǂkxʼ,C,5
ŋ̥ǃˠˀ,C,5
ɡǁkxʼ,C,5
ɡǀkxʼ,C,5
kʟ̥͓ʼ,C,5
t̻s̻ʰ,C,5
ŋmkpɾ,C,5
t̠ʃʷː,C,5
d̪z̪̤,C,5
qχʷˤʼ,C,5
d̠̤ʒ̤,C,5
t̠͈ʃʷ,C,5
ɡ̤ǂ͓ˡ,C,5
t̠ʃ̺ʰ,C,5
kǁ͓xʰ,C,5
n̪d̪ʷ,C,5
n̪d̪ʲ,C,5
z̞̩̃ˠ,C,5
kǀ͓ˠʰ,C,5
t̪ɬ̪ˀ,C,5
t̪ɬ̪ː,C,5
ŋ̥ǁ͓ʰ,C,5
ɳʈr̠̥,C,5
ɡ̰ǀ͓x,C,5
cçʷʰ,C,5
kǂ͓ˡʰ,C,5
t̠͈ʃː,C,5
ŋ̥ǃ̠ʰ,C,5
kǂ͓ˡx,C,5
d̪z̪ʲ,C,5
ẽ̞ĩ,V,5
õ̞ĩ,V,5
õ̞ũ,V,5
ã̟ĩ,V,5
ĩẽ̞,V,5
õ̞ã,V,5
ẽ̞ũ,V,5
t̠ʃʰ,C,4
t̠ʃʼ,C,4
ŋmɡb,C,4
t̪s̪,C,4
cçʰ,C,4
d̪z̪,C,4
n̪d̪,C,4
t̠ʃː,C,4
t̠ʃʷ,C,4
d̠ʒː,C,4
d̠ʒʷ,C,4
d̠ʒ̤,C,4
t̠ʃʲ,C,4
t̪ɬ̪,C,4
t̠ʃ̰,C,4
n̪t̪,C,4
d̠ʒʲ,C,4
t̠ʃˀ,C,4
t̪θʼ,C,4
t̻s̻,C,4
ŋmkp,C,4
d̠ʒʱ,C,4
d̪ɮ̪,C,4
n̠d̠,C,4
t̪θʰ,C,4
tsʼː,C,4
cçʼ,C,4
t̠ʃ͉,C,4
ʰt̠ʃ,C,4
cçʷ,C,4
kǀ͓ʰ,C,4
*R̪̰,C,4
d̻z̻,C,4
tsʷʰ,C,4
t̪n̪,C,4
qχʷʼ,C,4
m̤b̤,C,4
ntsʼ,C,4
cçː,C,4
kǁxʼ,C,4
d̠ʒʼ,C,4
tz̤̥,C,4
kǀxʼ,C,4
pʷˠʰ,C,4
ŋ̥ǃˀ,C,4
qχʼː,C,4
kǃxʼ,C,4
n̤d̤,C,4
kǁ͓ʰ,C,4
kǃ̠ʰ,C,4
n̪z̪,C,4
t̪ʰː,C,4
kǂxʼ,C,4
tçʰ,C,4
t̰s̰,C,4
ɡǃxʼ,C,4
ʁ̞̰ʷ,C,4
χʷˤː,C,4
ˀn̪̥,C,4
ˀl̪̥,C,4
ts͇ʰ,C,4
ɡʘqʰ,C,4
kʘxʼ,C,4
*R̪̥,C,4
ɳɖr̠,C,4
t̠ʃʱ,C,4
mpfʼ,C,4
t̪ˠʰ,C,4
t̠ʃˠ,C,4
kǃʰʼ,C,4
t̠ʃɾ,C,4
t͈sʷ,C,4
tsʰʷ,C,4
kǁʼʰ,C,4
tsʰː,C,4
d̪l̪,C,4
qχʷˤ,C,4
t̻ʰː,C,4
kxʷʰ,C,4
mːʷˠ,C,4
ɖr̠͓,C,4
t̠ːʃ,C,4
tsʲʰ,C,4
s̪ʷː,C,4
ɾ̪̊ʰ,C,4
pːʷˠ,C,4
ɡǀqʰ,C,4
n̠ʃʷ,C,4
m̤pʰ,C,4
ŋ̤ɡ̤,C,4
ɡǀ͓x,C,4
psʷʰ,C,4
n̪s̪,C,4
ɳʈʂʰ,C,4
ɡǂqʰ,C,4
n̤ɡ̤,C,4
ɬ̪ʲʼ,C,4
ɡ̰ǃx,C,4
t̠ʃx,C,4
ɡǁqʰ,C,4
ɡǂ͓ˡ,C,4
b̤v̤,C,4
kǃxʰ,C,4
d̠͈ʒ,C,4
kǀ͓ˀ,C,4
kʷʼː,C,4
ɡǃqʱ,C,4
d̤z̤,C,4
ɡ̰ǂx,C,4
k̟ʲʰ,C,4
kǀ͓x,C,4
t̺s̺,C,4
k̟ʲʼ,C,4
qχˤː,C,4
ŋɡmb,C,4
d̠ʒˠ,C,4
qχˤʼ,C,4
ɲ̟ʝ̟,C,4
ɡ̤ǀ͓,C,4
t̪ʷʰ,C,4
ntlʼ,C,4
t̪ʲʰ,C,4
t̪ʼː,C,4
ɬ̪ʷː,C,4
ɲ̤cʰ,C,4
k‼ʰʼ,C,4
z̞̩ˠ,C,4
ˀt̪s,C,4
ŋ̤kʰ,C,4
kʷʰː,C,4
kǂ͓ˡ,C,4
ŋ̥ǂˀ,C,4
ŋ̥ǂʰ,C,4
ɡ‼xʼ,C,4
d̠ʒɾ,C,4
kǀʰʼ,C,4
kǀʰʷ,C,4
ˀt̪ɬ,C,4
ŋ̥m̥,C,4
ŋǂ͓ˡ,C,4
t̠n̠,C,4
tsʷʼ,C,4
k‼xʼ,C,4
ɲ̤ɟ̤,C,4
kǁ͓ˀ,C,4
b̤z̤,C,4
ndzʷ,C,4
ndzʲ,C,4
d̤ɮ̤,C,4
ŋ̤ɡǃ,C,4
ŋ̤ǀ͓,C,4
ˀd̠ʒ,C,4
kǃ̠ˀ,C,4
n̤tʰ,C,4
kʟ̥ʼ,C,4
ʈr̥̠,C,4
kxʼː,C,4
n̠t̠,C,4
d̪̤̥,C,4
d̤ʒ̤,C,4
qʷˤʼ,C,4
qʷˤʰ,C,4
d̪̤ː,C,4
ɬʟ̥͓,C,4
t̠͈ʃ,C,4
ɡǀxʼ,C,4
ɡǁxʼ,C,4
cçʲ,C,4
õ̞ː,V,4
ẽ̞ː,V,4
e̞o̞,V,4
ɔ̃ĩ,V,4
ũĩ,V,4
ao̞ˤ,V,4
ṳə̤,V,4
ɑ̃ɔ̃,V,4
õ̞ˤ,V,4
ɔ̤i̤,V,4
ãĩ,V,4
ṳa̤,V,4
i̤a̤,V,4
i̤ɛ̤,V,4
ɑ̃õ,V,4
ɔ̃ˤː,V,4
a̤i̤,V,4
o̤i̤,V,4
ɛ̃ɔ̃,V,4
i̤ə̤,V,4
o̞aˤ,V,4
a̰ṵ,V,4
õũ,V,4
ãˤː,V,4
ẽ̞̰,V,4
a̤ṳ,V,4
a̟̙ː,V,4
o̞ˤː,V,4
a̰ḭ,V,4
ɯ̤i̤,V,4
õ̞̰,V,4
ɤ̞̟̃,V,4
ɑ̃ĩ,V,4
ɯ̤ə̤,V,4
ɨ̃ĩ,V,4
ẽĩ,V,4
ɤ̤i̤,V,4
ṳi̤,V,4
ae̞ˤ,V,4
o̞e̞,V,4
i̤ṳ,V,4
uãː,V,4
a̤ɯ̤,V,4
ã̟ː,V,4
o̞iˤ,V,4
t̠ʃ,C,3
d̠ʒ,C,3
t̪ʰ,C,3
cç,C,3
tsʼ,C,3
tsʰ,C,3
ŋɡʷ,C,3
t̪ʼ,C,3
ndz,C,3
kʷʼ,C,3
d̪̤,C,3
kʷʰ,C,3
*R̪,C,3
ɟ̤ʝ,C,3
tɬʼ,C,3
qʷʼ,C,3
ʈʂʰ,C,3
tʃʰ,C,3
tʃʼ,C,3
t̪ː,C,3
t̪ʲ,C,3
mbʷ,C,3
kʼʲ,C,3
kʼː,C,3
l̪̥,C,3
n̪̥,C,3
tʼː,C,3
d̪ː,C,3
ʈʂʼ,C,3
tɬʰ,C,3
l̪ˠ,C,3
n̪̰,C,3
tsʷ,C,3
l̪ʲ,C,3
n̪̤,C,3
qʷʰ,C,3
s̪ʲ,C,3
ndʲ,C,3
d̪ʲ,C,3
nts,C,3
ŋɡʲ,C,3
pʲʰ,C,3
kǃʰ,C,3
s̪ʼ,C,3
ŋkʷ,C,3
pʼː,C,3
tsʲ,C,3
d̪ʱ,C,3
kʲʼ,C,3
l̪̰,C,3
kǀʰ,C,3
ndʷ,C,3
kʲʰ,C,3
tɕʰ,C,3
s̪ː,C,3
n̪ʲ,C,3
tsː,C,3
ts̰,C,3
t̪θ,C,3
mbʲ,C,3
kǀ͓,C,3
kǁʰ,C,3
dzʷ,C,3
dzː,C,3
kxʰ,C,3
kpʷ,C,3
ɳɖʐ,C,3
ŋǀ͓,C,3
pfʰ,C,3
ndr,C,3
n̠ʃ,C,3
t̪ˤ,C,3
d̪̰,C,3
k̰ʷ,C,3
t̻ʰ,C,3
kǁ͓,C,3
zˤː,C,3
kǃ̠,C,3
kǀʼ,C,3
ɟʝʷ,C,3
kʷː,C,3
tʲʰ,C,3
kʰː,C,3
mpʰ,C,3
kpʲ,C,3
dˤː,C,3
tˤː,C,3
kpʰ,C,3
sˤː,C,3
n̠ʒ,C,3
ntʷ,C,3
ɡbʲ,C,3
d̪ˤ,C,3
t̪̰,C,3
l̪̤,C,3
t̪ˀ,C,3
t̪ʷ,C,3
ŋ̥ǃ,C,3
d̪ð,C,3
kʰʷ,C,3
ŋkʰ,C,3
ɡǃx,C,3
ɡ̤ǃ,C,3
cɕʰ,C,3
ɡ̤ʷ,C,3
d̤z,C,3
çʷ,C,3
kǃʼ,C,3
kǃx,C,3
r̠ʲ,C,3
kxʼ,C,3
q̰ʷ,C,3
z̪ˤ,C,3
z̪ʲ,C,3
n̠d,C,3
s̪ˤ,C,3
s̪ʰ,C,3
s̪ʷ,C,3
tːs,C,3
tʲʼ,C,3
kǁʼ,C,3
ŋǁ͓,C,3
nsʷ,C,3
mʷˠ,C,3
ndʑ,C,3
cʼː,C,3
tç,C,3
r̪ʲ,C,3
qχʷ,C,3
ŋǃ̠,C,3
ɬ̪ː,C,3
ɡbː,C,3
ɡbʷ,C,3
bʷˠ,C,3
dʑᶣ,C,3
l̪ː,C,3
ʁʷˤ,C,3
nzʷ,C,3
ʈʰː,C,3
ŋ̥ʷ,C,3
ŋ̥ʲ,C,3
ŋ̤ǃ,C,3
t̪s,C,3
ʱn̪,C,3
ŋkʲ,C,3
n̪ʷ,C,3
d̤̥,C,3
ʃ͈ː,C,3
n̪ː,C,3
l̥ˠ,C,3
ɾ̥ˠ,C,3
l̥ʲ,C,3
t͈ː,C,3
b̤̥,C,3
kǁx,C,3
ɡǂx,C,3
mbv,C,3
ɡ̤̥,C,3
b̤ʲ,C,3
ʃʷː,C,3
ɡǀ͓,C,3
ɡǁx,C,3
çʲ,C,3
tʰʷ,C,3
kǀx,C,3
n̥ʲ,C,3
n̥ˠ,C,3
ɡǀx,C,3
z͇̪,C,3
dzʱ,C,3
z̞̩,C,3
ɲɟʑ,C,3
dz̤,C,3
kǂx,C,3
ɟʝː,C,3
s̻ː,C,3
kǂʰ,C,3
kʷˀ,C,3
ɳʈʂ,C,3
cʷʰ,C,3
mpʲ,C,3
lˤː,C,3
ɸʷˠ,C,3
k͈ː,C,3
s͈ː,C,3
χʷˤ,C,3
χʷː,C,3
dʲʷ,C,3
sʼː,C,3
k̟ʰ,C,3
tɕᶣ,C,3
ts̪,C,3
ʰkʷ,C,3
kpː,C,3
ts͇,C,3
ndɾ,C,3
pʰː,C,3
ɾ̥ʲ,C,3
nd̪,C,3
ntʰ,C,3
n̠̥,C,3
kʼʷ,C,3
ɡʲʷ,C,3
qχʼ,C,3
ɬ̪ʼ,C,3
ɬ̪ʲ,C,3
l̠˞,C,3
ntʼ,C,3
ɡbˤ,C,3
d̪ʷ,C,3
ɟ̩̰,C,3
pʃʼ,C,3
pʃʰ,C,3
bvʷ,C,3
bʷː,C,3
ɡbɾ,C,3
ʰs̪,C,3
ntɾ,C,3
l̪̩,C,3
sʲʷ,C,3
ŋ̤ʱ,C,3
ɖʐʷ,C,3
ŋkx,C,3
l̪ˤ,C,3
t̪ʃ,C,3
nzɾ,C,3
ɴqʰ,C,3
t̪ʙ,C,3
d̪̚,C,3
tɬ̰,C,3
ŋ̥ǂ,C,3
ŋ̥ǁ,C,3
ŋ̥ǀ,C,3
ʱɾ̪,C,3
ɡb̩,C,3
ŋ̥ʘ,C,3
ɡbr,C,3
x͈ː,C,3
ŋʲʷ,C,3
x͈ʷ,C,3
ɲ̤ʱ,C,3
d̪x,C,3
d̪ⁿ,C,3
ɡ̤ǁ,C,3
ʕ̰ʷ,C,3
ŋkɾ,C,3
t̻ː,C,3
t̻ʲ,C,3
t̻ʼ,C,3
kʰʲ,C,3
dz̪,C,3
ŋ̤ǀ,C,3
ŋ̤ǁ,C,3
ŋ̤ǂ,C,3
t̪x,C,3
ɡʘx,C,3
ᶑʼː,C,3
l̥ː,C,3
l͈ː,C,3
mbɾ,C,3
mbː,C,3
ˀʃʷ,C,3
ɡ̤ǂ,C,3
ɡ̤ǀ,C,3
cɕʼ,C,3
ɮ̪ʲ,C,3
ɡ͈ː,C,3
ŋɡː,C,3
n̤s,C,3
t͈s,C,3
ʰts,C,3
ɾ̪ˠ,C,3
ɾ̪ʲ,C,3
pkʰ,C,3
ɡ̤ː,C,3
ŋmˤ,C,3
mbz,C,3
ɡǃ̠,C,3
ŋmʲ,C,3
qʼʷ,C,3
x̟ʲ,C,3
kʘx,C,3
fʷː,C,3
b̤ː,C,3
ɺ̠̰,C,3
ŋɡ̟,C,3
t͉s,C,3
ɱvɾ,C,3
kǃ͓,C,3
χˤː,C,3
ɣ̟ʲ,C,3
ɡ̩ʷ,C,3
kǃ̪,C,3
ɣ͈ː,C,3
k‼ʼ,C,3
k‼ʰ,C,3
çː,C,3
mˤː,C,3
ʁ̞ʷ,C,3
qʘʰ,C,3
l̻ː,C,3
tɕʷ,C,3
ɡǃʱ,C,3
l̪ʷ,C,3
lʲʷ,C,3
l̻̰,C,3
ˀkp,C,3
dzʲ,C,3
kʘʼ,C,3
qʘʼ,C,3
kʘʰ,C,3
tʰʲ,C,3
ç̟,C,3
tʰʼ,C,3
ɡǀʱ,C,3
f͈ː,C,3
n̥ʃ,C,3
qˤʰ,C,3
qˤʼ,C,3
kǀ̪,C,3
r͈ː,C,3
z͈ː,C,3
k‼x,C,3
qʼː,C,3
t͉ʲ,C,3
tʷʰ,C,3
ŋ̩ʷ,C,3
d̻ʲ,C,3
ɡǁ͓,C,3
kǀʷ,C,3
d̻ː,C,3
ˀkʷ,C,3
ŋɣʲ,C,3
ɱfʷ,C,3
ɱfʲ,C,3
dzʼ,C,3
dzˠ,C,3
r̠̙,C,3
psʰ,C,3
psʷ,C,3
ɬʲʼ,C,3
r͓̪,C,3
qǂʰ,C,3
qǂʼ,C,3
ɲɟʝ,C,3
rʼː,C,3
dz̃,C,3
pʷˠ,C,3
ɖ̤ː,C,3
m̃ʷ,C,3
ɠ̥ʷ,C,3
ɠ̥ʲ,C,3
l̠̤,C,3
qʷˀ,C,3
qʷː,C,3
pʰʷ,C,3
kxʷ,C,3
ˀm̥,C,3
kxː,C,3
ʼŋǀ,C,3
ɲcɕ,C,3
kǂʼ,C,3
kʷʱ,C,3
n̻ʲ,C,3
n̻ː,C,3
qǃʰ,C,3
qǃʼ,C,3
s̻θ,C,3
ɲcʼ,C,3
ɲcʲ,C,3
s̪ˀ,C,3
mpf,C,3
m̥ʷ,C,3
m̥ʰ,C,3
d̠ⁿ,C,3
n͈ː,C,3
bzʷ,C,3
ɾʲʷ,C,3
xʷː,C,3
xʷʼ,C,3
mpɾ,C,3
q͈ʷ,C,3
d̠̰,C,3
mpʷ,C,3
m̥p,C,3
mpʼ,C,3
kʷɾ,C,3
ɱfɾ,C,3
ʕʷʼ,C,3
kːʷ,C,3
qǁʼ,C,3
ɱvʲ,C,3
ɳɖɽ,C,3
bˤː,C,3
qǁʰ,C,3
nɡɾ,C,3
rˤː,C,3
t̠ʰ,C,3
ᴅ̪̰,C,3
k͈ʷ,C,3
ʈʂ͇,C,3
k̃ʷ,C,3
*Rʲ,C,3
ŋɣᶣ,C,3
ŋǁʼ,C,3
d̺ː,C,3
χʷʼ,C,3
ʈʂʷ,C,3
kpˤ,C,3
mʷː,C,3
nˤː,C,3
ħ͈ː,C,3
d͈ː,C,3
ŋ‼ʰ,C,3
ʃ͈ʷ,C,3
qǀʼ,C,3
qǀʰ,C,3
mbˠ,C,3
b̃ʷ,C,3
dlʷ,C,3
k͉ʷ,C,3
ɾ̪̊,C,3
m̤ʱ,C,3
ŋːʷ,C,3
ˀb͉,C,3
z̪ː,C,3
tsɦ,C,3
p͉ʲ,C,3
χ͈ʷ,C,3
kpɾ,C,3
tsˀ,C,3
tsˠ,C,3
ŋɣʷ,C,3
ˀɡb,C,3
tsʱ,C,3
ɡ̟ʲ,C,3
z̪ʷ,C,3
ʼŋǃ,C,3
ˀɡʷ,C,3
ˀd̪,C,3
kpr,C,3
m͈ː,C,3
p͈ː,C,3
ʟ̥͓,C,3
ŋǀʰ,C,3
ɳɖr,C,3
b͈ː,C,3
pfʼ,C,3
ʒ͈ː,C,3
ndː,C,3
ɓ̥ː,C,3
ŋkʼ,C,3
nʲʷ,C,3
ɖr̠,C,3
ɡ‼ʱ,C,3
ɱ̥f,C,3
n̠t,C,3
t̺ː,C,3
lʼː,C,3
ʔʲː,C,3
n̤ʱ,C,3
n̤ʷ,C,3
r̪ˤ,C,3
r̪ˠ,C,3
n̠̤,C,3
tlʱ,C,3
r̪ː,C,3
nsɾ,C,3
ɢʷˤ,C,3
ŋǃʱ,C,3
ŋǃʼ,C,3
qχˤ,C,3
qχː,C,3
ˀt̪,C,3
ndl,C,3
ɱ̤f,C,3
ɬ̪ʷ,C,3
r̪̰,C,3
r̪̥,C,3
ɡ‼x,C,3
ĩː,V,3
ũː,V,3
õ̞,V,3
ãː,V,3
ẽ̞,V,3
õː,V,3
ẽː,V,3
ɛ̃ː,V,3
o̞ː,V,3
ɔ̃ː,V,3
e̞ː,V,3
æ̞̃,V,3
ə̃ː,V,3
a̟ː,V,3
ɑ̃ː,V,3
ɨ̃ː,V,3
ã̰,V,3
ie̞,V,3
ã̟,V,3
i̤ː,V,3
e̞i,V,3
ḭ̃,V,3
ṳː,V,3
a̤ː,V,3
ɛ̤ː,V,3
o̞i,V,3
æ̃ː,V,3
ɔ̤ː,V,3
o̤ː,V,3
o̞u,V,3
e̤ː,V,3
e̞ˤ,V,3
ɯ̃ː,V,3
õ̰,V,3
ao̞,V,3
ɤ̞̃,V,3
ɵ̞ː,V,3
ae̞,V,3
ṵ̃,V,3
ʌ̃ː,V,3
iaː,V,3
ḛ̃,V,3
o̞ˤ,V,3
üː,V,3
ɪ̃ː,V,3
ɵ̞̆,V,3
ø̞ː,V,3
e̞u,V,3
ʊ̙ː,V,3
uai,V,3
æ̤ː,V,3
uaː,V,3
ṳˑ,V,3
a̤ˑ,V,3
e̤ˑ,V,3
iã,V,3
i̤ˑ,V,3
ə̰̃,V,3
ɤ̞ː,V,3
iau,V,3
ɛ̤ˑ,V,3
ŏ̞,V,3
ɪ̈ː,V,3
o̞a,V,3
aˤː,V,3
ɔ̝ː,V,3
i̞ː,V,3
ʊ̤ː,V,3
ë̞,V,3
ɛ̝ː,V,3
ʊ̃ː,V,3
ø̞ˤ,V,3
ãˤ,V,3
ɔ̤ˑ,V,3
u̞ː,V,3
ĕ̞,V,3
ĩˠ,V,3
ɯ̃ə,V,3
ĩə,V,3
e̥ː,V,3
ṳa,V,3
ɛ̃ə,V,3
ɔ̰ˑ,V,3
ɔ̰ː,V,3
oe̞,V,3
uã,V,3
ɤ̃ː,V,3
a̰ː,V,3
a̰ˑ,V,3
ɘ̃ː,V,3
o̞̟,V,3
əɨ̙,V,3
ɛ̙ː,V,3
ɨ̞̃,V,3
ɑ̈ː,V,3
ɛ̰̃,V,3
ʊ̈ː,V,3
ëː,V,3
ɛ̰ː,V,3
ɛ̰ˑ,V,3
o̤ˑ,V,3
ia̟,V,3
ḛː,V,3
ɪã,V,3
iɛː,V,3
ɪ̙ˠ,V,3
ɪ̙ː,V,3
õʲ,V,3
ɐ̹̆,V,3
õˤ,V,3
e̘ː,V,3
ɤ̤ː,V,3
ʌ̤ː,V,3
ɵ̤ː,V,3
ɛ̆̃,V,3
ɛ̘ː,V,3
ɪe̞,V,3
ei̙,V,3
eĩ,V,3
ɛ̙ˠ,V,3
ŏ̃,V,3
ɑ̃˞,V,3
yø̞,V,3
ɛo̞,V,3
o̞̰,V,3
o̞̥,V,3
ö̞,V,3
o̰ː,V,3
o̰ˑ,V,3
ɪ̝ː,V,3
ɑ̤ː,V,3
ḛˑ,V,3
uːʌ,V,3
uːa,V,3
ɯ̤ː,V,3
ə̘ː,V,3
i̙ː,V,3
iːɛ,V,3
uˤː,V,3
o̘ː,V,3
oːu,V,3
iːe,V,3
ieː,V,3
ɯ̞̆,V,3
iẽ,V,3
ŭ̃,V,3
uei,V,3
ũə,V,3
ɔ̙ː,V,3
aː̃,V,3
oũ,V,3
ou̙,V,3
ũˤ,V,3
ə̃˞,V,3
iˤː,V,3
e̞̠,V,3
ɔ̘ː,V,3
a̙ˠ,V,3
a̙ː,V,3
uẽ,V,3
ãʲ,V,3
ɯ̤a,V,3
e̞a,V,3
aʲː,V,3
i̤a,V,3
a̟i,V,3
ã̆,V,3
iou,V,3
e̞ə,V,3
io̞,V,3
ãi,V,3
e̞̰,V,3
a̟˞,V,3
e̞̥,V,3
ɒ̃ː,V,3
ioː,V,3
a̠ː,V,3
ḭː,V,3
ḭˑ,V,3
t̪,C,2
ts,C,2
d̪,C,2
kʰ,C,2
kp,C,2
ɡb,C,2
n̪,C,2
pʰ,C,2
kʷ,C,2
mb,C,2
ŋɡ,C,2
nd,C,2
tʰ,C,2
l̪,C,2
dz,C,2
tʃ,C,2
s̪,C,2
kʼ,C,2
ɡʷ,C,2
tʼ,C,2
pʼ,C,2
ŋʷ,C,2
ç,C,2
ɟʝ,C,2
ŋm,C,2
kʲ,C,2
z̪,C,2
mː,C,2
nː,C,2
ʈʰ,C,2
r̪,C,2
xʷ,C,2
kː,C,2
lː,C,2
qʼ,C,2
tʲ,C,2
ɡʲ,C,2
mʷ,C,2
ʈʂ,C,2
bʷ,C,2
b̤,C,2
cʰ,C,2
bː,C,2
sː,C,2
ɱv,C,2
dʒ,C,2
nz,C,2
pː,C,2
tː,C,2
ɡʱ,C,2
n̠,C,2
qʷ,C,2
m̥,C,2
ɡː,C,2
qʰ,C,2
pʲ,C,2
mʲ,C,2
fʷ,C,2
dʲ,C,2
pʷ,C,2
χʷ,C,2
ŋk,C,2
nt,C,2
ɖ̤,C,2
rː,C,2
bʲ,C,2
pf,C,2
dː,C,2
sʷ,C,2
ɲː,C,2
ɲɟ,C,2
mp,C,2
n̥,C,2
tʷ,C,2
lʲ,C,2
ɾ̪,C,2
fː,C,2
ŋː,C,2
ɬ̪,C,2
ʃː,C,2
nʲ,C,2
ʃʷ,C,2
ŋ̥,C,2
m̰,C,2
l̥,C,2
ɲ̥,C,2
tɕ,C,2
b̰,C,2
cʼ,C,2
ɣʷ,C,2
nʷ,C,2
sʲ,C,2
t̠,C,2
bv,C,2
ʔʷ,C,2
ʔʲ,C,2
m̤,C,2
ns,C,2
fʲ,C,2
zː,C,2
ɗ̪,C,2
dʷ,C,2
ɡ̤,C,2
lʷ,C,2
ɾʲ,C,2
ɲʷ,C,2
ʔː,C,2
n̰,C,2
l̤,C,2
m̩,C,2
d̤,C,2
zʷ,C,2
ɲ̟,C,2
ʁʷ,C,2
s̻,C,2
sʼ,C,2
tɬ,C,2
l̰,C,2
ɟː,C,2
vʲ,C,2
rʲ,C,2
dʑ,C,2
k̰,C,2
kǃ,C,2
bʱ,C,2
p̰,C,2
l̠,C,2
ɗː,C,2
ʈː,C,2
ɱf,C,2
n̩,C,2
r̥,C,2
t̰,C,2
rʷ,C,2
ɓː,C,2
d̰,C,2
kǀ,C,2
ɓ̥,C,2
ʒː,C,2
ˀm,C,2
lˠ,C,2
r̃,C,2
ɽ̤,C,2
xː,C,2
ˀn,C,2
*R,C,2
ŋ̩,C,2
n̤,C,2
dʱ,C,2
βʲ,C,2
ɖʐ,C,2
ɢʷ,C,2
ʒʷ,C,2
ʃʼ,C,2
ʃʲ,C,2
qː,C,2
vʷ,C,2
cː,C,2
ɖː,C,2
ʐ͇,C,2
ɺ̠,C,2
kǁ,C,2
zʲ,C,2
ŋǃ,C,2
ɗ̥,C,2
sʰ,C,2
sˀ,C,2
sˤ,C,2
ˀb,C,2
kˀ,C,2
χː,C,2
q̰,C,2
cɕ,C,2
qχ,C,2
cʷ,C,2
r̤,C,2
mʱ,C,2
mˀ,C,2
nˀ,C,2
nʱ,C,2
dˤ,C,2
d̠,C,2
tr,C,2
tˤ,C,2
t̻,C,2
ɸʲ,C,2
ɡǀ,C,2
ɡǃ,C,2
pˀ,C,2
l̃,C,2
ˀl,C,2
lˤ,C,2
zˤ,C,2
dr,C,2
ŋʲ,C,2
n̻,C,2
c̟,C,2
vː,C,2
ʕː,C,2
d̃,C,2
ħː,C,2
ɖʱ,C,2
ʰt,C,2
ʰk,C,2
ɳɖ,C,2
ɮ̪,C,2
tx,C,2
k͉,C,2
t͉,C,2
kx,C,2
b̃,C,2
p͉,C,2
l̻,C,2
ŋ̰,C,2
ɲʒ,C,2
ɲ̤,C,2
ŋǁ,C,2
ŋǀ,C,2
ʔˤ,C,2
r̠,C,2
ð̞,C,2
ɽ̃,C,2
ɽʱ,C,2
dɮ,C,2
ɻʲ,C,2
z̻,C,2
d̻,C,2
βʷ,C,2
β̃,C,2
xʼ,C,2
ʰp,C,2
ʱm,C,2
ɠɓ,C,2
k̟,C,2
kǂ,C,2
ɡǁ,C,2
ps,C,2
ɡ̰,C,2
ɬʲ,C,2
ˀɲ,C,2
ɾ̤,C,2
ɾʷ,C,2
v̤,C,2
ɟʷ,C,2
ʈʼ,C,2
ɲ̰,C,2
rˤ,C,2
r̩,C,2
ʕʷ,C,2
ɗʲ,C,2
ʕ̝,C,2
nɗ,C,2
nɡ,C,2
ɻʷ,C,2
s̺,C,2
ɡᶣ,C,2
ʁ̞,C,2
xʲ,C,2
ʈr,C,2
ɴq,C,2
ɖr,C,2
ɳʈ,C,2
ʱɾ,C,2
ɮʲ,C,2
ᶑʼ,C,2
ɺ̪,C,2
tˀ,C,2
fʼ,C,2
t̺,C,2
ɡǂ,C,2
ʄ̥,C,2
bz,C,2
ɬʼ,C,2
ɡ̟,C,2
ˀd,C,2
ɟ̤,C,2
lʼ,C,2
l̩,C,2
ŋɣ,C,2
ɟ̰,C,2
ɲc,C,2
c̤,C,2
c̰,C,2
ɟʲ,C,2
cʲ,C,2
ɲᶣ,C,2
r̝,C,2
ɣʲ,C,2
mɓ,C,2
mʼ,C,2
ɽ̩,C,2
dl,C,2
dx,C,2
ɗʒ,C,2
ɗʷ,C,2
ɕᶣ,C,2
nˠ,C,2
ʎ̟,C,2
nʼ,C,2
nɟ,C,2
dɾ,C,2
dʼ,C,2
dˠ,C,2
dˀ,C,2
nl,C,2
nr,C,2
ħʷ,C,2
ɡ̃,C,2
ʁː,C,2
ʁˤ,C,2
ʂ͇,C,2
s̰,C,2
s͉,C,2
ɯ͓,C,2
ɠ̥,C,2
ʰd,C,2
ʰn,C,2
ʒʲ,C,2
kᶣ,C,2
tn,C,2
tl,C,2
ɺʲ,C,2
k̃,C,2
k̙,C,2
k͈,C,2
kʘ,C,2
kˤ,C,2
tɾ,C,2
tˠ,C,2
kŋ,C,2
ⱱ̟,C,2
t͈,C,2
ɸʼ,C,2
ɸʷ,C,2
kf,C,2
bˀ,C,2
bβ,C,2
pm,C,2
ɓʲ,C,2
ɓʷ,C,2
b̪,C,2
ɡv,C,2
p͈,C,2
ˀŋ,C,2
ɬː,C,2
ɡʼ,C,2
ɡɣ,C,2
ʒˠ,C,2
ɭ̥,C,2
ˀr,C,2
ˀp,C,2
lˀ,C,2
lʱ,C,2
sᶣ,C,2
χˤ,C,2
ʃˠ,C,2
ðʲ,C,2
ɾ̥,C,2
ɾˠ,C,2
ɾˤ,C,2
ɾˀ,C,2
ɾʱ,C,2
ʃ͉,C,2
z͇,C,2
z̤,C,2
ŋ̤,C,2
ɗʱ,C,2
ɲʱ,C,2
ɟʑ,C,2
ṽ,C,2
ɟʱ,C,2
vʱ,C,2
ŋǂ,C,2
ʈɳ,C,2
ɲ̩,C,2
ɣ̩,C,2
ɣ̤,C,2
ɣ̰,C,2
rʱ,C,2
rʼ,C,2
rˀ,C,2
ɡm,C,2
mv,C,2
ʔ̬,C,2
ɣˀ,C,2
ɣː,C,2
ɣ̥,C,2
r̰,C,2
r̺,C,2
m̪,C,2
m͉,C,2
ɱð,C,2
mɾ,C,2
mˤ,C,2
mˠ,C,2
dⁿ,C,2
ʒ̺,C,2
nθ,C,2
n͉,C,2
ʎʼ,C,2
ʎʱ,C,2
ʕʼ,C,2
ʎ̥,C,2
nˤ,C,2
ʕ̰,C,2
ɗ̠,C,2
ɡ‼,C,2
nɬ,C,2
nɮ,C,2
nɾ,C,2
θ̰,C,2
i͓,C,2
d̩,C,2
d̺,C,2
d̞,C,2
nð,C,2
d͈,C,2
lᶣ,C,2
x͈,C,2
x̥,C,2
ɢǃ,C,2
ɴː,C,2
ˀc,C,2
ɖ̰,C,2
st,C,2
ɖɽ,C,2
k‼,C,2
s͈,C,2
kɡ,C,2
sˠ,C,2
ʂʼ,C,2
sɾ,C,2
ɖⁿ,C,2
ʰq,C,2
ʰb,C,2
ʰc,C,2
ʱl,C,2
ɳ̥,C,2
ɳ̤,C,2
ɡʘ,C,2
ɬ̻,C,2
ɳʱ,C,2
ʱŋ,C,2
ɢˤ,C,2
ɡɾ,C,2
ʰʃ,C,2
ɢː,C,2
ɮ̤,C,2
fʰ,C,2
ɺː,C,2
ʐ̰,C,2
ᶑː,C,2
k̻,C,2
ʐʷ,C,2
ˀt,C,2
ʑᶣ,C,2
ʼn,C,2
ʼm,C,2
ɢǀ,C,2
ɢǁ,C,2
ɢǂ,C,2
ɴɢ,C,2
ɺ̥,C,2
kɬ,C,2
kɾ,C,2
ɢʱ,C,2
ɢʘ,C,2
ɸ̃,C,2
ɸ̞,C,2
f̰,C,2
ɣv,C,2
qǃ,C,2
tʱ,C,2
f͉,C,2
t̃,C,2
n̺,C,2
ɠː,C,2
ɸː,C,2
fɾ,C,2
ɸʰ,C,2
ɻː,C,2
km,C,2
kl,C,2
ðː,C,2
bʼ,C,2
ðˠ,C,2
ðˤ,C,2
bˤ,C,2
bˠ,C,2
u͓,C,2
bɡ,C,2
bɾ,C,2
pt,C,2
b̩,C,2
fʃ,C,2
ð͉,C,2
ɡⁿ,C,2
b̻,C,2
ʑː,C,2
b͈,C,2
b͉,C,2
ʒ̤,C,2
p̃,C,2
p̻,C,2
ʒ͇,C,2
p̪,C,2
ɡ̩,C,2
br,C,2
bⁿ,C,2
ɬʷ,C,2
ɡ̙,C,2
ɡˡ,C,2
pɸ,C,2
pɾ,C,2
ɡɓ,C,2
pˤ,C,2
pʱ,C,2
ʒˀ,C,2
ɭ̤,C,2
ˀk,C,2
ɭ̩,C,2
ˀs,C,2
ˀq,C,2
ʛ̥,C,2
ɭ͓,C,2
ʃt,C,2
lʔ,C,2
χ͈,C,2
l͉,C,2
χʼ,C,2
ʔɾ,C,2
dᶣ,C,2
ɭʷ,C,2
ɭː,C,2
ɕʼ,C,2
ʃˀ,C,2
zˠ,C,2
ˀɖ,C,2
ˀɗ,C,2
ˀɟ,C,2
ld,C,2
ˀɡ,C,2
zˀ,C,2
q̚,C,2
ɕː,C,2
ʃʰ,C,2
zɾ,C,2
cɲ,C,2
ɾ͓,C,2
ɾ̰,C,2
ɾ̠,C,2
ɾ̃,C,2
ɾː,C,2
ᴅ̪,C,2
ʃ͈,C,2
ʃ͇,C,2
z̩,C,2
z̥,C,2
z̺,C,2
z̃,C,2
ʃ̺,C,2
ŋɾ,C,2
qm,C,2
qn,C,2
ŋʱ,C,2
ŋʘ,C,2
ŋˤ,C,2
ŋˀ,C,2
ŋˑ,C,2
ŋ̞,C,2
ʂ͉,C,2
qǁ,C,2
qǀ,C,2
qǂ,C,2
ŋ‼,C,2
ŋb,C,2
ɲʄ,C,2
ɲʼ,C,2
ʰɟ,C,2
qʘ,C,2
v̩,C,2
qˀ,C,2
ʈ͉,C,2
q͈,C,2
ʈˀ,C,2
rᶣ,C,2
ʝ̟,C,2
vɾ,C,2
ʈɽ,C,2
iː,V,2
aː,V,2
uː,V,2
oː,V,2
eː,V,2
ĩ,V,2
ã,V,2
ũ,V,2
õ,V,2
ẽ,V,2
ɛː,V,2
ɔː,V,2
o̞,V,2
e̞,V,2
ɛ̃,V,2
ɔ̃,V,2
ɨ̃,V,2
əː,V,2
ɪ̃,V,2
ʊ̃,V,2
ʊː,V,2
ɪː,V,2
ə̃,V,2
ɨː,V,2
ai,V,2
ɑː,V,2
au,V,2
æː,V,2
a̟,V,2
æ̃,V,2
ɯ̃,V,2
ɯː,V,2
ɑ̃,V,2
ia,V,2
ui,V,2
a̰,V,2
øː,V,2
yː,V,2
ḭ,V,2
o̤,V,2
ua,V,2
ei,V,2
oi,V,2
i̤,V,2
e̤,V,2
ḛ,V,2
o̰,V,2
ṵ,V,2
a̤,V,2
ʌː,V,2
ʌ̃,V,2
ṳ,V,2
uə,V,2
ou,V,2
ɔ̤,V,2
ɔi,V,2
u̞,V,2
ie,V,2
ɛ̤,V,2
iə,V,2
ə̆,V,2
ɒː,V,2
ɯ̞,V,2
ɵ̞,V,2
œː,V,2
ɤ̞,V,2
ʉː,V,2
iu,V,2
ɤː,V,2
ɐː,V,2
ɒ̃,V,2
uo,V,2
əi,V,2
ĭ,V,2
ɯa,V,2
ɤ̃,V,2
ɨi,V,2
ea,V,2
ɯə,V,2
iˑ,V,2
ɯ̤,V,2
oˑ,V,2
ă,V,2
aˑ,V,2
ɔ̰,V,2
ŭ,V,2
uˑ,V,2
əu,V,2
i̥,V,2
iɛ,V,2
eˑ,V,2
eu,V,2
ɜ̃,V,2
aˤ,V,2
ɛ̰,V,2
oa,V,2
ø̞,V,2
u̥,V,2
e̝,V,2
ɘː,V,2
ao,V,2
ɐ̃,V,2
ɪ̈,V,2
ɨ̞,V,2
ë,V,2
ɑ̤,V,2
ɛi,V,2
aɛ,V,2
ɤ̤,V,2
ae,V,2
uˤ,V,2
ue,V,2
aɪ,V,2
ʊ̤,V,2
ə˞,V,2
ɨ̆,V,2
i̞,V,2
ï,V,2
iˠ,V,2
iˤ,V,2
ɨ˞,V,2
ɯi,V,2
eo,V,2
ɯ̰,V,2
a˞,V,2
ö,V,2
aɯ,V,2
o̝,V,2
ɛ̆,V,2
oe,V,2
ɔ̝,V,2
ɔ̆,V,2
æi,V,2
ɵː,V,2
œ̃,V,2
ə̰,V,2
ʉ̃,V,2
ɪˤ,V,2
ɨa,V,2
io,V,2
ɪ̤,V,2
ɪ̙,V,2
i̜,V,2
ɒ̤,V,2
ɨə,V,2
ɒ̆,V,2
iɔ,V,2
eˠ,V,2
eɪ,V,2
e̠,V,2
ĕ,V,2
ɜː,V,2
oˤ,V,2
ʌi,V,2
ä,V,2
aʊ,V,2
ɛ̝,V,2
ɛə,V,2
ay,V,2
aʲ,V,2
æ̤,V,2
ỹ,V,2
aɨ,V,2
ɔu,V,2
æˤ,V,2
ɵ̤,V,2
ɔˤ,V,2
ɔɪ,V,2
u̜,V,2
uɔ,V,2
uʌ,V,2
ɘ̃,V,2
ɑi,V,2
ʊ̙,V,2
ʊ̈,V,2
ʊi,V,2
ə̤,V,2
ʌ̤,V,2
ɤ̟,V,2
ʊɪ,V,2
ʊˤ,V,2
ʊu,V,2
ʊa,V,2
ɐˤ,V,2
ɑ̈,V,2
ɶ̝,V,2
ʉi,V,2
uʰ,V,2
ʉ̟,V,2
ʉ̞,V,2
ʉ̆,V,2
ɪ̠,V,2
ɐu,V,2
ɐi,V,2
aᴱ,V,2
ɪʌ,V,2
ɪˠ,V,2
ɨ̘,V,2
ɪɛ,V,2
uᴱ,V,2
iæ,V,2
ɪ̝,V,2
ɪ̆,V,2
ɨ̰,V,2
ɨ̥,V,2
ɨ̜,V,2
ɪi,V,2
i̙,V,2
i̘,V,2
iʰ,V,2
ɒ̝,V,2
iʊ,V,2
iʌ,V,2
iɨ,V,2
ɨˑ,V,2
eˤ,V,2
eˀ,V,2
ɜi,V,2
eə,V,2
eɘ,V,2
ɪa,V,2
oʲ,V,2
ɑu,V,2
e̥,V,2
ɑe,V,2
ɑo,V,2
o˞,V,2
e̙,V,2
ɯʌ,V,2
u˞,V,2
ɑ̝,V,2
ɑʊ,V,2
iˀ,V,2
ɯ̆,V,2
ɐ̆,V,2
oʊ,V,2
oˀ,V,2
øy,V,2
a̠,V,2
ḁ,V,2
oɛ,V,2
oɪ,V,2
å,V,2
a̙,V,2
aˠ,V,2
oɘ,V,2
aˀ,V,2
ɛu,V,2
ɛo,V,2
aʰ,V,2
ŏ,V,2
o̟,V,2
o̘,V,2
aɔ,V,2
ɛ̙,V,2
ɛ̞,V,2
øɘ,V,2
ʌə,V,2
ɛɪ,V,2
ɛɯ,V,2
ɛˑ,V,2
ɛˠ,V,2
ø̠,V,2
ɛʊ,V,2
ø̆,V,2
yə,V,2
yʼ,V,2
oᴱ,V,2
y̤,V,2
y̆,V,2
æɪ,V,2
ɔ̙,V,2
o̙,V,2
ɔy,V,2
æʉ,V,2
ɘi,V,2
ɵ̃,V,2
eʰ,V,2
eʲ,V,2
ye,V,2
eʊ,V,2
ɔˑ,V,2
æu,V,2
ɔɛ,V,2
ɔə,V,2
æe,V,2
u̙,V,2
u̘,V,2
ü,V,2
œy,V,2
œi,V,2
eɔ,V,2
uɛ,V,2
uɨ,V,2
uɪ,V,2
uˀ,V,2
œ̤,V,2
uy,V,2
ˀy,V,2
œu,V,2
ɹ̩,V,2
e̘,V,2
ʊ̆,V,2
ə̟,V,2
ə̥,V,2
ɤ˞,V,2
əˑ,V,2
ʊɔ,V,2
əɯ,V,2
ɤi,V,2
ʊe,V,2
əy,V,2
j,C,1
w,C,1
m,C,1
k,C,1
p,C,1
n,C,1
s,C,1
t,C,1
b,C,1
l,C,1
ɡ,C,1
ŋ,C,1
d,C,1
ɲ,C,1
f,C,1
ʔ,C,1
ʃ,C,1
r,C,1
z,C,1
ɾ,C,1
v,C,1
x,C,1
ʒ,C,1
c,C,1
ɣ,C,1
ɓ,C,1
ɟ,C,1
β,C,1
ɗ,C,1
q,C,1
ʈ,C,1
ɖ,C,1
ɸ,C,1
χ,C,1
ʂ,C,1
ɽ,C,1
ɳ,C,1
ɬ,C,1
ʎ,C,1
ɭ,C,1
ð,C,1
θ,C,1
ʁ,C,1
ħ,C,1
ʝ,C,1
ʄ,C,1
ɮ,C,1
ʕ,C,1
ʐ,C,1
ɻ,C,1
ɢ,C,1
ɺ,C,1
ⱱ,C,1
ɕ,C,1
ɠ,C,1
ɱ,C,1
ʑ,C,1
ʀ,C,1
ᶑ,C,1
ᴅ,C,1
ɴ,C,1
ʙ,C,1
ɫ,C,1
ʟ,C,1
ʡ,C,1
ɧ,C,1
i,V,1
a,V,1
u,V,1
o,V,1
e,V,1
ɛ,V,1
ɔ,V,1
ə,V,1
ɨ,V,1
ɪ,V,1
ʊ,V,1
æ,V,1
ɯ,V,1
ɑ,V,1
ʌ,V,1
y,V,1
ø,V,1
ʉ,V,1
ɤ,V,1
œ,V,1
ɐ,V,1
ɒ,V,1
ɘ,V,1
ɜ,V,1
ɵ,V,1
ʏ,V,1
ɞ,V,1
g,C,1
: ,V,1
ˈ ,,0
ε ,V,1
