Angolar,SourceWord,TargetWord,SourceWordSyl,TargetWordSyl,,,,,SourceWordLength,TargetWordLength,SourceWordSyl,TargetWordSyl,WordDiff,WordBigger,SyllDiff,SyllBigger
Angolar,ˈawɐ,agwɐ,ˈa.wɐ,a.gwɐ,,,,,3,4,2,2,-1,Target,0,Equal
Angolar,faˈɲa,fɐˈɾiɲɐ,fa.ˈɲa,fɐ.ˈɾi.ɲɐ,,,,,4,6,2,3,-2,Target,-1,Target
Angolar,fɛˈðɔ̃,fejˈʒɐ̃w̃,fɛ.ˈðɔ̃,fej.ˈʒɐ̃w̃,,,,,5,8,2,2,-3,Target,0,Equal
Angolar,goˈdulɐ,ɡuɾˈduɾɐ,go.ˈdu.lɐ,ɡuɾ.ˈdu.ɾɐ,,,,,6,7,3,3,-1,Target,0,Equal
Angolar,kadɛˈladɐ,kaldejˈɾadɐ,ka.dɛ.ˈla.dɐ,kal.dej.ˈɾa.dɐ,,,,,8,10,4,4,-2,Target,0,Equal
Angolar,kaˈnɐ,ˈkɐnɐ,ka.ˈnɐ,ˈkɐ.nɐ,,,,,4,4,2,2,0,Equal,0,Equal
Angolar,ˈkani,ˈkaɾnɨ,ˈka.ni,ˈkaɾ.nɨ,,,,,4,5,2,2,-1,Target,0,Equal
Angolar,ˈlete,ˈlɐjtɨ,ˈle.te,ˈlɐj.tɨ,,,,,4,5,2,2,-1,Target,0,Equal
Angolar,maˈmõ,mɐˈmɐ̃w̃,ma.ˈmõ,mɐ.ˈmɐ̃w̃,,,,,4,7,2,2,-3,Target,0,Equal
Angolar,mɐ̃ˈdjɔkɐ,mɐ̃diˈɔkɐ,mɐ̃.ˈdjɔ.kɐ,mɐ̃.di.ˈɔ.kɐ,,,,,8,8,3,4,0,Equal,-1,Target
Angolar,mɐ̃ˈsõ,mɐˈsɐ̃,mɐ̃.ˈsõ,mɐ.ˈsɐ̃,,,,,5,5,2,2,0,Equal,0,Equal
Angolar,mɐ̃ˈtɛgɐ,mɐ̃ˈtɐjgɐ,mɐ̃.ˈtɛ.gɐ,mɐ̃.ˈtɐj.gɐ,,,,,7,8,3,3,-1,Target,0,Equal
Angolar,ˈθalu,ˈsal,ˈθa.lu,ˈsal,,,,,4,3,2,1,1,Source,1,Source
Angolar,ˈsopɐ,ˈsopɐ,ˈso.pɐ,ˈso.pɐ,,,,,4,4,2,2,0,Equal,0,Equal
Angolar,viˈnagi,viˈnagɾɨ,viˈ.na.gi,viˈ.na.gɾɨ,,,,,6,7,3,3,-1,Target,0,Equal
Angolar,ˈkɔkɔ,ˈkoɾnu,ˈkɔ.kɔ,ˈkoɾ.nu,,,,,4,5,2,2,-1,Target,0,Equal
Angolar,ˈbɛgɐ,bɐˈʀigɐ,ˈbɛ.gɐ,bɐˈ.ʀi.gɐ,,,,,4,6,2,3,-2,Target,-1,Target
Angolar,ˈfigadu,ˈfiɡɐdu,ˈfi.ga.du,ˈfi.ɡɐ.du,,,,,6,6,3,3,0,Equal,0,Equal
Angolar,kaˈbelu,kɐˈbelu,kaˈ.be.lu,kɐˈ.belu,,,,,6,6,3,2,0,Equal,1,Source
Angolar,ˈnte,ˈfɾõtɨ,ˈn.te,ˈfɾõ.tɨ,,,,,3,6,2,2,-3,Target,0,Equal
Angolar,kɔˈθɔ,kuɾɐˈsɐ̃w̃,kɔ.ˈθɔ,ku.ɾɐ.ˈsɐ̃w̃,,,,,4,9,2,3,-5,Target,-1,Target
Angolar,kuˈpi,ˈkuʃpu,kuˈ.pi,ˈkuʃ.pu,,,,,4,5,2,2,-1,Target,0,Equal
Angolar,ˈlũga,ˈlĩɡuɐ,ˈlũ.ga,ˈlĩ.ɡuɐ,,,,,5,5,2,2,0,Equal,0,Equal
Angolar,ˈmo,ˈmɐ̃w̃,ˈmo,ˈmɐ̃w̃,,,,,2,5,1,1,-3,Target,0,Equal
Angolar,ˈθɐ̃gɪ,ˈsɐ̃ɡɨ,ˈθɐ̃.gɪ,ˈsɐ̃.ɡɨ,,,,,5,5,2,2,0,Equal,0,Equal
Angolar,kaˈθo,kɐˈʃoʀu,kaˈ.θo,kɐ.ˈʃo.ʀu,,,,,4,6,2,3,-2,Target,-1,Target
Angolar,ˈkabɐ,ˈkabɾɐ,ˈka.bɐ,ˈka.bɾɐ,,,,,4,5,2,2,-1,Target,0,Equal
Angolar,ma:ˈku,mɐˈkaku,ma:.ˈku,mɐ.ˈka.ku,,,,,5,6,2,3,-1,Target,-1,Target
Angolar,ŋgɐ̃ˈɲa,gɐˈliɲɐ,ŋ.gɐ̃.ˈɲa,gɐ.ˈli.ɲɐ,,,,,6,6,3,3,0,Equal,0,Equal
Angolar,ŋˈgaθɐ,ˈgaɾsɐ,ŋ.ˈga.θɐ,ˈgaɾ.sɐ,,,,,5,5,3,2,0,Equal,1,Source
Angolar,ˈgɛlɐ,ˈgɛʀɐ,ˈgɛ.lɐ,ˈgɛ.ʀɐ,,,,,4,4,2,2,0,Equal,0,Equal
Angolar,maˈdadi,malˈdadɨ,ma.ˈda.di,mal.ˈda.dɨ,,,,,6,7,3,3,-1,Target,0,Equal
Angolar,ˈθedi,ˈsedɨ,ˈθe.di,ˈse.dɨ,,,,,4,4,2,2,0,Equal,0,Equal
Angolar,ˈsimi,siˈumɨ,ˈsi.mi,si.ˈu.mɨ,,,,,4,5,2,3,-1,Target,-1,Target
Angolar,vɛˈgɔɲɐ,vɨɾˈgoɲɐ,vɛ.ˈgɔ.ɲɐ,vɨɾ.ˈgo.ɲɐ,,,,,6,7,3,3,-1,Target,0,Equal
Angolar,ˈkolo,ˈkoɾ,ˈko.lo,ˈkoɾ,,,,,4,3,2,1,1,Source,1,Source
Angolar,ˈvedi,ˈveɾdɨ,ˈve.di,ˈveɾ.dɨ,,,,,4,5,2,2,-1,Target,0,Equal
Angolar,veˈme,vɨɾˈmɐjʎu,ve.ˈme,vɨɾ.ˈmɐj.ʎu,,,,,4,8,2,3,-4,Target,-1,Target
Angolar,ŋgaˈpo,kɐɾɐˈpaw,ŋ.ga.ˈpo,kɐ.ɾɐ.ˈpaw,,,,,5,7,3,3,-2,Target,0,Equal
Angolar,kikiˈe,ˈpejʃɨ,ki.ki.ˈe,ˈpej.ʃɨ,,,,,5,5,3,2,0,Equal,1,Source
Angolar,va:ˈdo,vuɐˈdoɾ,va:.ˈdo,vu.ɐ.ˈdoɾ,,,,,5,6,2,3,-1,Target,-1,Target
Angolar,biˈsigɐ,vɐˈɾiulɐ,biˈ.si.gɐ,vɐˈ.ɾiu.lɐ,,,,,6,7,3,3,-1,Target,0,Equal
Angolar,ˈfɛbɛ,ˈfɛbɾɨ,ˈfɛ.bɛ,ˈfɛ.bɾɨ,,,,,4,5,2,2,-1,Target,0,Equal
Angolar,ˈfi:dɐ,fɨˈɾidɐ,ˈfi:.dɐ,fɨ.ˈɾi.dɐ,,,,,5,6,2,3,-1,Target,-1,Target
Angolar,ˈlɛpɐ,ˈlɛpɾɐ,ˈlɛ.pɐ,ˈlɛ.pɾɐ,,,,,4,5,2,2,-1,Target,0,Equal
Angolar,baˈja,vɐjˈaɾ,ba.ˈja,vɐj.ˈaɾ,,,,,4,5,2,2,-1,Target,0,Equal
Angolar,baˈli,vɐˈʀeɾ,ba.ˈli,vɐ.ˈʀeɾ,,,,,4,5,2,2,-1,Target,0,Equal
Angolar,ˈbe,ˈveɾ,ˈbe,ˈveɾ,,,,,2,3,1,1,-1,Target,0,Equal
Angolar,ˈbi,ˈviɾ,ˈbi,ˈviɾ,,,,,2,3,1,1,-1,Target,0,Equal
Angolar,biˈsi,vɨʃˈtiɾ,bi.ˈsi,vɨʃ.ˈtiɾ,,,,,4,6,2,2,-2,Target,0,Equal
Angolar,ˈfa,fɐˈlaɾ,ˈfa,fɐ.ˈlaɾ,,,,,2,5,1,2,-3,Target,-1,Target
Angolar,faˈta,falˈtaɾ,fa.ˈta,fal.ˈtaɾ,,,,,4,6,2,2,-2,Target,0,Equal
Angolar,ˈũfwa,fɨˈdeɾ,ˈũ.fwa,fɨˈ.deɾ,,,,,5,5,2,2,0,Equal,0,Equal
Angolar,fiˈka,fiˈkaɾ,fi.ˈka,fi.ˈkaɾ,,,,,4,5,2,2,-1,Target,0,Equal
Angolar,fɔˈga,fɔlˈgaɾ,fɔ.ˈga,fɔl.ˈgaɾ,,,,,4,6,2,2,-2,Target,0,Equal
Angolar,goˈgo,guʃˈtaɾ,go.ˈgo,guʃ.ˈtaɾ,,,,,4,6,2,2,-2,Target,0,Equal
Angolar,kaˈta,kɐ̃ˈtaɾ,ka.ˈta,kɐ̃.ˈtaɾ,,,,,4,6,2,2,-2,Target,0,Equal
Angolar,kaˈða,kɐˈzaɾ,ka.ˈða,kɐ.ˈzaɾ,,,,,4,5,2,2,-1,Target,0,Equal
Angolar,keˈle,ˈkɾeɾ,ke.ˈle,ˈkɾeɾ,,,,,4,4,2,1,0,Equal,1,Source
Angolar,kɛˈma,kejˈmaɾ,kɛ.ˈma,kej.ˈmaɾ,,,,,4,6,2,2,-2,Target,0,Equal
Angolar,ˈkje,kɐˈiɾ,ˈkje,kɐ.ˈiɾ,,,,,3,4,1,2,-1,Target,-1,Target
Angolar,keˈse,kɾɨʃˈseɾ,ke.ˈse,kɾɨʃ.ˈseɾ,,,,,4,7,2,2,-3,Target,0,Equal
Angolar,kuˈje,kuˈʎeɾ,ku.ˈje,ku.ˈʎeɾ,,,,,4,5,2,2,-1,Target,0,Equal
Angolar,koˈle,kuʀeɾ,ko.ˈle,ku.ʀeɾ,,,,,4,5,2,2,-1,Target,0,Equal
Angolar,kɔˈta,kuɾˈtaɾ,kɔ.ˈta,kuɾ.ˈtaɾ,,,,,4,6,2,2,-2,Target,0,Equal
Angolar,kɔˈθa,kuˈsaɾ,kɔ.ˈθa,ku.ˈsaɾ,,,,,4,5,2,2,-1,Target,0,Equal
Angolar,koˈðe,kuˈzeɾ,ko.ˈðe,ku.ˈzeɾ,,,,,4,5,2,2,-1,Target,0,Equal
Angolar,ˈmɛ,kuˈmeɾ,ˈmɛ,ku.ˈmeɾ,,,,,2,5,1,2,-3,Target,-1,Target
Angolar,kuˈzi,kuˈzeɾ,ku.ˈzi,ku.ˈzeɾ,,,,,4,5,2,2,-1,Target,0,Equal
Angolar,kuˈbi,kuˈbɾiɾ,ku.ˈbi,ku.ˈbɾiɾ,,,,,4,6,2,2,-2,Target,0,Equal
Angolar,kuˈda,kujˈdaɾ,ku.ˈda,kuj.ˈdaɾ,,,,,4,6,2,2,-2,Target,0,Equal
Angolar,kuˈpa,kulˈpaɾ,ku.ˈpa,kul.ˈpaɾ,,,,,4,6,2,2,-2,Target,0,Equal
Angolar,kuˈla,kuˈɾaɾ,ku.ˈla,ku.ˈɾaɾ,,,,,4,5,2,2,-1,Target,0,Equal
Angolar,laˈba,lɐˈvaɾ,la.ˈba,lɐ.ˈvaɾ,,,,,4,5,2,2,-1,Target,0,Equal
Angolar,laˈta,lɨvɐ̃ˈtaɾ,la.ˈta,lɨ.vɐ̃.ˈtaɾ,,,,,4,8,2,3,-4,Target,-1,Target
Angolar,lɔˈlɔ,lɐ̃ˈbeɾ,lɔ.ˈlɔ,lɐ̃.ˈbeɾ,,,,,4,6,2,2,-2,Target,0,Equal
Angolar,luˈzi,luˈziɾ,lu.ˈzi,lu.ˈziɾ,,,,,4,5,2,2,-1,Target,0,Equal
Angolar,ŋgãˈɲa,gɐˈɲaɾ,ŋ.gã.ˈɲa,gɐ.ˈɲaɾ,,,,,5,5,3,2,0,Equal,1,Source
Angolar,ŋgumiˈta,vumiˈtaɾ,ŋgu.mi.ˈta,vu.mi.ˈtaɾ,,,,,7,7,3,3,0,Equal,0,Equal
Angolar,θaˈga,salˈgaɾ,θa.ˈga,sal.ˈgaɾ,,,,,4,6,2,2,-2,Target,0,Equal
Angolar,θaˈta,salˈtaɾ,θa.ˈta,sal.ˈtaɾ,,,,,4,6,2,2,-2,Target,0,Equal
Angolar,θaˈva,salˈvaɾ,θa.ˈva,sal.ˈvaɾ,,,,,4,6,2,2,-2,Target,0,Equal
Angolar,θaˈma,t̠ʃɐˈmaɾ,θa.ˈma,t̠ʃɐ.ˈmaɾ,,,,,4,5,2,2,-1,Target,0,Equal
Angolar,θeˈgwa,sɨɡuˈɾaɾ,θe.ˈgwa,sɨ.ɡu.ˈɾaɾ,,,,,5,7,2,3,-2,Target,-1,Target
Angolar,θɛˈla,ʃejˈɾaɾ,θɛ.ˈla,ʃej.ˈɾaɾ,,,,,4,6,2,2,-2,Target,0,Equal
Angolar,siˈga,ʃɨˈɡaɾ,si.ˈga,ʃɨ.ˈɡaɾ,,,,,4,5,2,2,-1,Target,0,Equal
Angolar,siˈmja,sɨmiˈaɾ,si.ˈmj.a,sɨ.mi.ˈaɾ,,,,,5,6,3,3,-1,Target,0,Equal
Angolar,θuˈa,ʃuˈɾaɾ,θu.ˈa,ʃu.ˈɾaɾ,,,,,3,5,2,2,-2,Target,0,Equal
Angolar,θɔˈpa,suˈpɾaɾ,θɔ.ˈpa,su.ˈpɾaɾ,,,,,4,6,2,2,-2,Target,0,Equal
Angolar,θuˈbi,suˈbiɾ,θu.ˈbi,su.ˈbiɾ,,,,,4,5,2,2,-1,Target,0,Equal
Angolar,θuˈpa,ʃuˈpaɾ,θu.ˈpa,ʃu.ˈpaɾ,,,,,4,5,2,2,-1,Target,0,Equal
Angolar,foˈmĩgɐ,fuɾˈmigɐ,fo.ˈmĩ.gɐ,fuɾ.ˈmi.gɐ,,,,,7,7,3,3,0,Equal,0,Equal
Angolar,viˈzjɐ̃,viˈziɲu,vi.ˈzj.ɐ̃,vi.ˈzi.ɲu,,,,,6,6,3,3,0,Equal,0,Equal
Angolar,bɔˈdɔ,ˈbɔɾdɐ,bɔ.ˈdɔ,ˈbɔɾ.dɐ,,,,,4,5,2,2,-1,Target,0,Equal
Angolar,ˈfɛlɐ,ˈfejɾɐ,ˈfɛ.lɐ,ˈfej.ɾɐ,,,,,4,5,2,2,-1,Target,0,Equal
Angolar,ˈŋge:ðɐ,iˈgɾɐjʒɐ,ˈŋ.ge:.ðɐ,i.ˈgɾɐj.ʒɐ,,,,,6,7,3,3,-1,Target,0,Equal
Angolar,ˈkai,ˈkazɐ,ˈkai,ˈka.zɐ,,,,,3,4,1,2,-1,Target,-1,Target
Angolar,kuˈzja,kuˈziɲɐ,ku.ˈzj.a,ku.ˈzi.ɲɐ,,,,,5,6,3,3,-1,Target,0,Equal
Angolar,pɔˈθɔ,ˈpovu,pɔ.ˈθɔ,ˈpo.vu,,,,,4,4,2,2,0,Equal,0,Equal
Angolar,ˈpɔtɔŋ,puɾˈtɐ̃w,ˈpɔ.tɔŋ,puɾ.ˈtɐ̃w,,,,,5,7,2,2,-2,Target,0,Equal
Angolar,θɐ̃ˈðalɐ,sẽˈzalɐ,θɐ̃.ˈða.lɐ,sẽ.ˈza.lɐ,,,,,7,7,3,3,0,Equal,0,Equal
Angolar,ˈθũbu,ˈʃũbu,ˈθũ.bu,ˈʃũ.bu,,,,,5,5,2,2,0,Equal,0,Equal
Angolar,fiˈo,ˈfɾiu,fi.ˈo,ˈfɾi.u,,,,,3,4,2,2,-1,Target,0,Equal
Angolar,kɐ̃ˈvɔ,kɐɾˈvɐ̃w̃,kɐ̃.ˈvɔ,kɐɾ.ˈvɐ̃w̃,,,,,5,8,2,2,-3,Target,0,Equal
Angolar,ˈmbɔsi,ˈnuvɐ̃j,ˈm.bɔ.si,ˈnu.vɐ̃j,,,,,5,6,3,2,-1,Target,1,Source
Angolar,niˈɲa,ˈleɲɐ,ni.ˈɲa,ˈle.ɲɐ,,,,,4,4,2,2,0,Equal,0,Equal
Angolar,miˈõgɐ,ˈmaɾ,mi.ˈõ.gɐ,ˈmaɾ,,,,,5,3,3,1,2,Source,2,Source
Angolar,ɔ̃ˈpɔ,ˈpɔ,ɔ̃.ˈpɔ,ˈpɔ,,,,,4,2,2,1,2,Source,1,Source
Angolar,oˈjo,ˈʁiu,o.ˈjo,ˈʁi.u,,,,,3,3,2,2,0,Equal,0,Equal
Angolar,ɔˈθɛ,ˈsɛw,ɔ.ˈθɛ,ˈsɛw,,,,,3,3,2,1,0,Equal,1,Source
Angolar,ˈpiku,ˈpiku,ˈpi.ku,ˈpi.ku,,,,,4,4,2,2,0,Equal,0,Equal
Angolar,laˈvwe,oɾˈvaʎu,la.ˈvw.e,oɾ.ˈva.ʎu,,,,,5,6,3,3,-1,Target,0,Equal
Angolar,ˈθɔlɔ,ˈsɔl,ˈθɔ.lɔ,ˈsɔl,,,,,4,3,2,1,1,Source,1,Source
Angolar,teˈtẽbu,ʃ.ˈtɾe.ɫɐ,te.ˈtẽ.bu,ʃ.ˈtɾe.ɫɐ,,,,,7,8,3,1,-1,Target,2,Source
Angolar,ˈθubɐ,ˈʃuvɐ,ˈθu.bɐ,ˈʃu.vɐ,,,,,4,4,2,2,0,Equal,0,Equal
Angolar,ˈt̠ʃja,ˈteʁɐ,ˈt̠ʃja,ˈte.ʁɐ,,,,,3,4,1,2,-1,Target,-1,Target
Angolar,toˈvadɐ,tɾuvuˈadɐ,to.ˈva.dɐ,tɾu.vu.ˈa.dɐ,,,,,6,8,3,4,-2,Target,-1,Target
Angolar,ˈvɛ̃tu,ˈvẽtu,ˈvɛ̃.tu,ˈvẽ.tu,,,,,5,4,2,2,1,Source,0,Equal
Angolar,aˈle,ʁej,a.ˈle,ʁej,,,,,3,3,2,1,0,Equal,1,Source
Angolar,doˈtolo,doˈtoɾ,do.ˈto.lo,do.ˈtoɾ,,,,,6,5,3,2,1,Source,1,Source
Angolar,kapiˈtelu,kɐɾpĩˈtejɾu,ka.pi.ˈte.lu,kɐɾ.pĩ.ˈtej.ɾu,,,,,8,11,4,4,-3,Target,0,Equal
Angolar,pisikaˈdo,pɨʃkɐˈdoɾ,pi.si.ka.ˈdo,pɨʃ.kɐ.ˈdoɾ,,,,,8,8,4,3,0,Equal,1,Source
Angolar,ˈlɛ̃ɲɐ,ʁɐˈiɲɐ,ˈlɛ̃.ɲɐ,ʁɐ.ˈi.ɲɐ,,,,,5,5,2,3,0,Equal,-1,Target
Angolar,sapaˈtelu,sɐpɐˈtejɾu,sa.pa.ˈte.lu,sɐ.pɐ.ˈtej.ɾu,,,,,8,9,4,4,-1,Target,0,Equal
Angolar,θɔˈdɛ,sɔlˈdadu,θɔ.ˈdɛ,sɔl.ˈda.du,,,,,4,7,2,3,-3,Target,-1,Target
Angolar,biˈdɔnɐ,bizɐˈvɔ,bi.ˈdɔ.nɐ,bi.zɐ.ˈvɔ,,,,,6,6,3,3,0,Equal,0,Equal
Angolar,biˈdɔnu,bizɐˈvo,bi.ˈdɔ.nu,bi.zɐ.ˈvo,,,,,6,6,3,3,0,Equal,0,Equal
Angolar,kuˈɲadɐ,kuˈɲadɐ,ku.ˈɲa.dɐ,ku.ˈɲa.dɐ,,,,,6,6,3,3,0,Equal,0,Equal
Angolar,kuˈɲadu,kuˈɲadu,ku.ˈɲa.du,ku.ˈɲa.du,,,,,6,6,3,3,0,Equal,0,Equal
Angolar,maˈma,mɐˈmɐ̃j,ma.ˈma,mɐ.ˈmɐ̃j,,,,,4,6,2,2,-2,Target,0,Equal
Angolar,ˈmanɐ,iɾˈmɐ̃,ˈma.nɐ,iɾ.ˈmɐ̃,,,,,4,5,2,2,-1,Target,0,Equal
Angolar,ˈmanu,iɾˈmɐ̃w,ˈma.nu,iɾ.ˈmɐ̃w,,,,,4,6,2,2,-2,Target,0,Equal
Angolar,ɔˈmɛ,ˈomɐ̃j,ɔ.ˈmɛ,ˈo.mɐ̃j,,,,,3,5,2,2,-2,Target,0,Equal
Angolar,mẽˈgai,ʃˈpozɐ,mẽ.ˈgai,ʃ.ˈpo.zɐ,,,,,6,5,2,3,1,Source,-1,Target
Angolar,ˈtata,paj,ˈta.ta,paj,,,,,4,3,2,1,1,Source,1,Source
Angolar,ˈpimu,ˈpɾimu,ˈpi.mu,ˈpɾi.mu,,,,,4,5,2,2,-1,Target,0,Equal
Angolar,ˈt̠ʃio,ˈtʃiu,ˈt̠ʃi.o,ˈtʃi.u,,,,,3,4,2,2,-1,Target,0,Equal
Angolar,ˈvjuvɐ,viˈuvɐ,ˈvju.vɐ,vi.ˈu.vɐ,,,,,5,5,2,3,0,Equal,-1,Target
Angolar,aˈmi,ˈew,a.ˈmi,ˈew,,,,,3,2,2,1,1,Source,1,Source
Angolar,ˈele,ˈeli,ˈe.le,ˈe.li,,,,,3,3,2,2,0,Equal,0,Equal
Angolar,ˈɛnɛ,ˈeɫɨʃ,ˈɛ.nɛ,ˈe.ɫɨʃ,,,,,3,4,2,2,-1,Target,0,Equal
Angolar,ˈku,kõ,ˈku,kõ,,,,,2,2,1,1,0,Equal,0,Equal
Angolar,ˈθɛpɛ,ˈsẽpɾɨ,ˈθɛ.pɛ,ˈsẽ.pɾɨ,,,,,4,6,2,2,-2,Target,0,Equal
Angolar,ˈθũ,sɨˈɲoɾ,ˈθũ,sɨˈ.ɲoɾ,,,,,3,5,1,2,-2,Target,-1,Target
Angolar,ˈdodo,ˈdojdu,ˈdo.do,ˈdoj.du,,,,,4,5,2,2,-1,Target,0,Equal
Angolar,ˈfwe,feju,ˈfwe,fej.u,,,,,3,4,1,2,-1,Target,-1,Target
Angolar,ˈfa:ku,ˈfɾaku,ˈfa:.ku,ˈfɾa.ku,,,,,5,5,2,2,0,Equal,0,Equal
Angolar,ˈfũdu,ˈfũdu,ˈfũ.du,ˈfũ.du,,,,,5,5,2,2,0,Equal,0,Equal
Angolar,ˈgagu,ˈgagu,ˈga.gu,ˈga.gu,,,,,4,4,2,2,0,Equal,0,Equal
Angolar,ˈgodo,ˈɡoɾdu,ˈgo.do,ˈɡoɾ.du,,,,,4,5,2,2,-1,Target,0,Equal
Angolar,ˈgwali,iˈgwaɫ,ˈgwa.li,i.ˈgwaɫ,,,,,5,5,2,2,0,Equal,0,Equal
Angolar,kaˈĩ,ɐvɐˈɾẽtu,ka.ˈĩ,ɐ.vɐ.ˈɾẽ.tu,,,,,4,8,2,4,-4,Target,-2,Target
Angolar,kuˈpadu,kulˈpadu,ku.ˈpa.du,kul.ˈpa.du,,,,,6,7,3,3,-1,Target,0,Equal
Angolar,ˈkutu,ˈkuɾtu,ˈku.tu,ˈkuɾ.tu,,,,,4,5,2,2,-1,Target,0,Equal
Angolar,kuˈlu,ˈkɾu,ku.ˈlu,ˈkɾu,,,,,4,3,2,1,1,Source,1,Source
Angolar,ˈfɛku,ˈfɾeʃku,ˈfɛ.ku,ˈfɾeʃ.ku,,,,,4,6,2,2,-2,Target,0,Equal
Angolar,sisiˈma,ʃˈkuɾu,si.si.ˈma,ʃ.ˈku.ɾu,,,,,6,5,3,3,1,Source,0,Equal
Angolar,ˈmɐ̃gu,ˈmagɾu,ˈmɐ̃.gu,ˈma.gɾu,,,,,5,5,2,2,0,Equal,0,Equal
Angolar,ˈmɐ̃θu,ˈmɐ̃su,ˈmɐ̃.θu,ˈmɐ̃.su,,,,,5,5,2,2,0,Equal,0,Equal
Angolar,ˈθɛgu,ˈsɛɡu,ˈθɛ.gu,ˈsɛ.ɡu,,,,,4,4,2,2,0,Equal,0,Equal
Angolar,θuˈpɛtu,ʃˈpeɾtu,θu.ˈpɛ.tu,ʃ.ˈpeɾ.tu,,,,,6,6,3,3,0,Equal,0,Equal
Angolar,ˈvɛ,ˈveʎu,ˈvɛ,ˈve.ʎu,,,,,2,4,1,2,-2,Target,-1,Target
Angolar,ˈðɛdu,ɐˈzedu,ˈðɛ.du,ɐ.ˈze.du,,,,,4,5,2,3,-1,Target,-1,Target
Angolar,ˈðudɐ,pɨˈsoɐ,ˈðu.dɐ,pɨ.ˈso.ɐ,,,,,4,5,2,3,-1,Target,-1,Target
Angolar,ˈdosu,ˈdojʃ,ˈdo.su,ˈdojʃ,,,,,4,4,2,1,0,Equal,1,Source
Angolar,ˈkwanɐ,ˈkwatɾu,ˈkwa.nɐ,ˈkwa.tɾu,,,,,5,6,2,2,-1,Target,0,Equal
Angolar,ˈlitu,ˈlitɾu,ˈli.tu,ˈli.tɾu,,,,,4,5,2,2,-1,Target,0,Equal
Angolar,ˈuvwɐ,ˈnovɨ,ˈu.vwɐ,ˈno.vɨ,,,,,4,4,2,2,0,Equal,0,Equal
Angolar,pũˈbelu,pɾiˈmɐjɾu,pũ.ˈbe.lu,pɾi.ˈmɐj.ɾu,,,,,7,8,3,3,-1,Target,0,Equal
Angolar,ˈθamanu,ˈsejʃ,ˈθa.ma.nu,ˈse.jʃ,,,,,6,4,3,2,2,Source,1,Source
Angolar,ˈθabadi,ˈsɛtɨ,ˈθa.ba.di,ˈse.tɨ,,,,,6,4,3,2,2,Source,1,Source
Angolar,ˈtelu,ĩˈtejɾu,ˈte.lu,ĩ.ˈtej.ɾu,,,,,4,6,2,3,-2,Target,-1,Target
Angolar,ˈũa,ˈumɐ,ˈũa,ˈu.mɐ,,,,,3,3,1,2,0,Equal,-1,Target
Angolar,ˈnake,ˈojtu,ˈna.ke,ˈoj.tu,,,,,4,4,2,2,0,Equal,0,Equal
Angolar,aˈbi,aˈbɾiw,a.ˈbi,a.ˈbɾiw,,,,,3,5,2,2,-2,Target,0,Equal
Angolar,aˈgoso,aˈɡɔʃtu,a.ˈgo.so,a.ˈɡɔʃ.tu,,,,,5,6,3,3,-1,Target,0,Equal
Angolar,mũˈgu,ɐmɐˈɲɐ̃,mũ.ˈgu,ɐ.mɐ.ˈɲɐ̃,,,,,5,6,2,3,-1,Target,-1,Target
Angolar,maˈðoiˈna,ɐ̃tiˈõtɐ̃j,ma.ˈðoi.ˈna,ɐ̃.ti.ˈõ.tɐ̃j,,,,,7,10,3,4,-3,Target,-1,Target
Angolar,deˈðẽbu,dɘˈzẽbɾu,de.ˈðẽ.bu,dɘ.ˈzẽ.bɾu,,,,,7,8,3,3,-1,Target,0,Equal
Angolar,ˈdja,ˈdiɐ,ˈdj.a,ˈdi.ɐ,,,,,3,3,2,2,0,Equal,0,Equal
Angolar,djaˈdĩgu,duˈmĩgu,dja.ˈdĩ.gu,du.ˈmĩ.gu,,,,,8,7,3,3,1,Source,0,Equal
Angolar,feveˈlelu,fɨvɨˈɾejɾu,fe.ve.ˈle.lu,fɨ.vɨ.ˈɾej.ɾu,,,,,8,9,4,4,-1,Target,0,Equal
Angolar,ˈθabadu,ˈsabɐdu,ˈθa.ba.du,ˈsa.bɐ.du,,,,,6,6,3,3,0,Equal,0,Equal
Angolar,ˈθɛdu,ˈsedu,ˈθɛ.du,ˈse.du,,,,,4,4,2,2,0,Equal,0,Equal
Angolar,θɛˈtɛ̃bu,sɨˈtẽbɾu,θɛ.ˈtɛ̃.bu,sɨ.ˈtẽ.bɾu,,,,,7,8,3,3,-1,Target,0,Equal
Angolar,ðaˈnelu,ʒɐˈnejɾu,ða.ˈne.lu,ʒɐ.ˈnej.ɾu,,,,,6,7,3,3,-1,Target,0,Equal
Angolar,ˈðulu,ˈʒuʎu,ˈðu.lu,ˈʒu.ʎu,,,,,4,4,2,2,0,Equal,0,Equal
Angolar,ˈðũɲu,ˈʒuɲu,ˈðũ.ɲu,ˈʒu.ɲu,,,,,5,4,2,2,1,Source,0,Equal
Angolar,ˈalimɐ,ˈaɫmɐ,ˈa.li.mɐ,ˈaɫ.mɐ,,,,,5,4,3,2,1,Source,1,Source
Angolar,aˈtali,aɫˈtaɾ,a.ˈta.li,aɫ.ˈtaɾ,,,,,5,5,3,2,0,Equal,1,Source
Angolar,ˈdeθu,ˈdewʃ,ˈde.θu,ˈdewʃ,,,,,4,4,2,1,0,Equal,1,Source
Angolar,ˈdjabu,djˈabu,ˈdj.a.bu,dj.ˈa.bu,,,,,5,5,3,3,0,Equal,0,Equal
Angolar,ˈgɔlja,ˈglɔɾiɐ,ˈgɔ.lja,ˈglɔ.ɾi.ɐ,,,,,5,6,2,3,-1,Target,-1,Target
Angolar,ˈku:θu,ˈkɾuʃ,ˈku:.θu,ˈkɾuʃ,,,,,5,4,2,1,1,Source,1,Source
Angolar,miˈlagi,miˈɫagɾɨ,mi.ˈla.gi,mi.ˈɫa.gɾɨ,,,,,6,7,3,3,-1,Target,0,Equal
Angolar,laˈθo,oɾɐˈsɐ̃w,la.ˈθo,o.ɾɐ.ˈsɐ̃w,,,,,4,7,2,3,-3,Target,-1,Target
Angolar,ˈsɐ̃tu,ˈsɐ̃tu,ˈsɐ̃.tu,ˈsɐ̃.tu,,,,,5,5,2,2,0,Equal,0,Equal
Angolar,ˈiku,ˈeɾvɐ,ˈi.ku,ˈeɾ.vɐ,,,,,3,4,2,2,-1,Target,0,Equal
Angolar,aluguˈdu,awɡoˈdɐ̃w̃,a.lu.gu.ˈdu,aw.ɡo.ˈdɐ̃w̃,,,,,7,9,4,3,-2,Target,1,Source
Angolar,ˈfɔli,ˈfloɾ,ˈfɔ.li,ˈfloɾ,,,,,4,4,2,1,0,Equal,1,Source
Angolar,ˈko:θu,kɐˈɾosu,ˈko:.θu,kɐ.ˈɾo.su,,,,,5,6,2,3,-1,Target,-1,Target
Angolar,ˈpajɐ,ˈpaʎɐ,ˈpaj.ɐ,ˈpa.ʎɐ,,,,,4,4,2,2,0,Equal,0,Equal
Angolar,ˈpɛmɐ,paɫˈmɐjɾɐ,ˈpɛ.mɐ,paɫ.ˈmɐj.ɾɐ,,,,,4,8,2,3,-4,Target,-1,Target
Angolar,paˈmitu,paɫˈmitu,pa.ˈmi.tu,paɫ.ˈmi.tu,,,,,6,7,3,3,-1,Target,0,Equal
Angolar,iˈkwe,sɨˈmẽtɨ,i.ˈkwe,sɨ.ˈmẽ.tɨ,,,,,4,7,2,3,-3,Target,-1,Target
Angolar,θuˈpigɐ,ʃˈpigɐ,θu.ˈpi.gɐ,ʃ.ˈpi.gɐ,,,,,6,5,3,3,1,Source,0,Equal
Angolar,ˈsĩba,ẽˈbajʃu,ˈsĩ.ba,ẽ.ˈbaj.ʃu,,,,,5,7,2,3,-2,Target,-1,Target
Angolar,ˈdetu,ˈdẽtɾu,ˈde.tu,ˈdẽ.tɾu,,,,,4,6,2,2,-2,Target,0,Equal
Angolar,ˈfɔ,ˈfɔɾɐ,ˈfɔ,ˈfɔ.ɾɐ,,,,,2,4,1,2,-2,Target,-1,Target
Angolar,ˈla,ˈla,ˈla,ˈla,,,,,2,2,1,1,0,Equal,0,Equal
Angolar,ˈlõd̠ʒi,ˈɫõʒɨ,ˈlõ.d̠ʒi,ˈɫõ.ʒɨ,,,,,4,5,2,2,-1,Target,0,Equal
Angolar,ˈpɛtu,ˈpeɾtu,ˈpɛ.tu,ˈpeɾ.tu,,,,,4,5,2,2,-1,Target,0,Equal
Angolar,siˈkɛdu,ʃˈkeɾdu,si.ˈkɛ.du,ʃ.ˈkeɾ.du,,,,,6,6,3,3,0,Equal,0,Equal
Angolar,baˈdɛlɐ,bɐ̃wˈdɐjɾɐ,ba.ˈdɛ.lɐ,bɐ̃w.ˈdɐj.ɾɐ,,,,,6,9,3,3,-3,Target,0,Equal
Angolar,baˈθuɐ,vɐˈsoɾɐ,ba.ˈθu.ɐ,vɐ.ˈso.ɾɐ,,,,,5,6,3,3,-1,Target,0,Equal
Angolar,bɔˈtɔ,buˈtɐ̃w,bɔ.ˈtɔ,bu.ˈtɐ̃w,,,,,4,6,2,2,-2,Target,0,Equal
Angolar,afiˈnete,aɫfiˈnetɨ,a.fi.ˈne.te,aɫ.fi.ˈne.tɨ,,,,,7,8,4,4,-1,Target,0,Equal
Angolar,ˈdɔmɐ,ʀɨˈdomɐ,ˈdɔ.mɐ,ʁɨ.ˈdo.mɐ,,,,,4,6,2,3,-2,Target,-1,Target
Angolar,ˈgalufu,ˈgaɾfu,ˈga.lu.fu,ˈgaɾ.fu,,,,,6,5,3,2,1,Source,1,Source
Angolar,ˈsitakɐ,ʃˈtakɐ,ˈsi.ta.kɐ,ʃ.ˈta.kɐ,,,,,6,5,3,3,1,Source,0,Equal
Angolar,ˈkɔpu,ˈkɔpu,ˈkɔ.pu,ˈkɔ.pu,,,,,4,4,2,2,0,Equal,0,Equal
Angolar,ˈkɔdɔ,ˈkɔɾdɐ,ˈkɔ.dɔ,ˈkɔɾ.dɐ,,,,,4,5,2,2,-1,Target,0,Equal
Angolar,kwaˈdo,kuɐˈdoɾ,kwa.ˈdo,ku.ɐ.ˈdoɾ,,,,,5,6,2,3,-1,Target,-1,Target
Angolar,lãˈpjõ,lɐ̃piˈɐ̃w̃,lã.ˈpjõ,lɐ̃.pi.ˈɐ̃w̃,,,,,5,9,2,3,-4,Target,-1,Target
Angolar,ˈlɐ̃sɐ,ˈlɐ̃sɐ,ˈlɐ̃.sɐ,ˈlɐ̃.sɐ,,,,,5,5,2,2,0,Equal,0,Equal
Angolar,maˈtɛlu,maɾˈteɫu,ma.ˈtɛ.lu,maɾ.ˈte.ɫu,,,,,6,7,3,3,-1,Target,0,Equal
Angolar,maˈθadu,mɐˈʃadu,ma.ˈθa.du,mɐ.ˈʃa.du,,,,,6,6,3,3,0,Equal,0,Equal
Angolar,ˈmwɛdɐ,muˈedɐ,ˈmw.ɛ.dɐ,mu.ˈe.dɐ,,,,,5,5,3,3,0,Equal,0,Equal
Angolar,paˈnɛlɐ,pɐˈneɫɐ,pa.ˈnɛ.lɐ,pɐ.ˈne.ɫɐ,,,,,6,6,3,3,0,Equal,0,Equal
Angolar,ˈpẽt̠ʃi,ˈpẽtɨ,ˈpẽ.t̠ʃi,ˈpẽ.tɨ,,,,,5,5,2,2,0,Equal,0,Equal
Angolar,piˈnɛlɐ,pɨˈnɐjɾɐ,pi.ˈnɛ.lɐ,pɨ.ˈnɐj.ɾɐ,,,,,6,7,3,3,-1,Target,0,Equal
Angolar,ˈpa:tu,ˈpɾatu,ˈpa:.tu,ˈpɾa.tu,,,,,5,5,2,2,0,Equal,0,Equal
Angolar,ˈpɛ:gu,ˈpɾegu,ˈpɛ:.gu,ˈpɾe.gu,,,,,5,5,2,2,0,Equal,0,Equal
Angolar,ˈlɔdɐ,ˈʁodɐ,ˈlɔ.dɐ,ˈʁo.dɐ,,,,,4,4,2,2,0,Equal,0,Equal
Angolar,ˈθadɐ,ẽˈʃadɐ,ˈθa.dɐ,ẽ.ˈʃa.dɐ,,,,,4,6,2,3,-2,Target,-1,Target
Angolar,ˈsinu,ˈsinu,ˈsi.nu,ˈsi.nu,,,,,4,4,2,2,0,Equal,0,Equal
Angolar,ˈθot̠ʃi,ɐˈsojtɨ,ˈθo.t̠ʃi,ɐ.ˈsoj.tɨ,,,,,4,6,2,3,-2,Target,-1,Target
Angolar,θuˈpe,ʃ.ˈpɐ.ʎu,θu.ˈpe,ʃ.ˈpɐ.ʎu,,,,,4,7,2,1,-3,Target,1,Source
Angolar,ˈtapɐ,ˈtɐ̃pɐ,ˈta.pɐ,ˈtɐ̃.pɐ,,,,,4,5,2,2,-1,Target,0,Equal
Angolar,ˈtaθu,ˈtaʃu,ˈta.θu,ˈta.ʃu,,,,,4,4,2,2,0,Equal,0,Equal
Angolar,ˈvɛlɐ,ˈvɛlɐ,ˈvɛ.lɐ,ˈvɛ.lɐ,,,,,4,4,2,2,0,Equal,0,Equal
Angolar,ˈðɔlɔ,ɐ̃ˈzɔɫ,ˈðɔ.lɔ,ɐ̃.ˈzɔɫ,,,,,4,5,2,2,-1,Target,0,Equal
Angolar,biˈsidu,vɨʃˈtidu,bi.ˈsi.du,vɨʃ.ˈti.du,,,,,6,7,3,3,-1,Target,0,Equal
Angolar,ˈbɔtɐ,ˈbotɐ,ˈbɔ.tɐ,ˈbo.tɐ,,,,,4,4,2,2,0,Equal,0,Equal
Angolar,kaˈmiðɐ,kɐˈmizɐ,ka.ˈmi.ðɐ,kɐ.ˈmi.zɐ,,,,,6,6,3,3,0,Equal,0,Equal
Angolar,ˈmejɐ,ˈmejɐ,ˈmejɐ,ˈmej.ɐ,,,,,4,4,1,2,0,Equal,-1,Target
Angolar,ˈθajɐ,ˈsajɐ,ˈθaj.ɐ,ˈsaj.ɐ,,,,,4,4,2,2,0,Equal,0,Equal
Angolar,θaˈpe,ʃɐˈpew,θaˈpe,ʃɐ.ˈpew,,,,,4,5,1,2,-1,Target,-1,Target
Angolar,ˈθɛdɐ,ˈsedɐ,ˈθɛ.dɐ,ˈse.dɐ,,,,,4,4,2,2,0,Equal,0,Equal
Angolar,teˈsidu,tɨˈsidu,te.ˈsi.du,tɨ.ˈsi.du,,,,,6,6,3,3,0,Equal,0,Equal
Angolar,ˈafikɐ,ˈafɾikɐ,ˈa.fi.kɐ,ˈa.fɾi.kɐ,,,,,5,6,3,3,-1,Target,0,Equal
Angolar,gaˈbõ,gɐˈbɐ̃w̃,ga.ˈbõ,gɐ.ˈbɐ̃w̃,,,,,4,7,2,2,-3,Target,0,Equal
Angolar,iˈa,ˈiʎɐ du ˈpɾĩsɨpɨ,i.ˈa,ˈi.ʎɐ du ˈpɾĩ.sɨ.pɨ,,,,,2,15,2,4,-13,Target,-2,Target
Angolar,ˈpisipi,ˈpɾĩsɨpɨ,ˈpisipi,ˈpɾĩ.sɨ.pɨ,,,,,6,8,1,3,-2,Target,-2,Target
Angolar,putuˈga,poʁtuˈɡaw,pu.tu.ˈga,poʁ.tu.ˈɡaw,,,,,6,8,3,3,-2,Target,0,Equal
Angolar,θɐ̃tɔˈmɛ,sɐ̃w̃.tu.ˈmɛ,θɐ̃.tɔ.ˈmɛ,sɐ̃w̃,,,,,7,11,3,-6,-4,Target,9,Source
Angolar,ˌdeθupaˈga,obɾiˈɡadu,de.θu.pa.ˈga,o.bɾi.ˈɡa.du,,,,,9,8,3,4,1,Source,-1,Target
Angolar,ˈdelu,dʒiˈɲejɾu,ˈde.lu,dʒi.ˈɲej.ɾu,,,,,4,8,2,3,-4,Target,-1,Target
Angolar,faˈvolo,fɐˈvoɾ,fa.ˈvo.lo,fɐ.ˈvoɾ,,,,,6,5,3,2,1,Source,1,Source
Angolar,fuˈtunɐ,foʁˈtunɐ,fu.ˈtu.nɐ,foʁ.ˈtu.nɐ,,,,,6,7,3,3,-1,Target,0,Equal
Angolar,ˈkatɐ,ˈkaʁ.tɐ,ˈka.tɐ,ˈkaʁ.tɐ,,,,,4,6,2,1,-2,Target,1,Source
Angolar,kaðaˈmẽtu,kɐzɐˈmẽtu,ka.ða.ˈmẽ.tu,kɐ.zɐ.ˈmẽ.tu,,,,,9,9,4,4,0,Equal,0,Equal
Angolar,ˈlivu,ˈlivɾu,ˈli.vu,ˈli.vɾu,,,,,4,5,2,2,-1,Target,0,Equal
Angolar,ˈmɔt̠ʃi,ˈmoɾtɨ,ˈmɔ.t̠ʃi,ˈmoɾ.tɨ,,,,,4,5,2,2,-1,Target,0,Equal
Angolar,paˈlavɐ,pɐˈɫavɾɐ,pa.ˈla.vɐ,pɐ.ˈɫa.vɾɐ,,,,,6,7,3,3,-1,Target,0,Equal
Angolar,pɐ̃ˈkadɐ,pɐ̃ˈkadɐ,pɐ̃.ˈka.dɐ,pɐ̃.ˈka.dɐ,,,,,7,7,3,3,0,Equal,0,Equal
Angolar,paˈpɛlu,pɐˈpɛɫ,pa.ˈpɛ.lu,pɐ.ˈpɛɫ,,,,,6,5,3,2,1,Source,1,Source
Angolar,ˈpɔtɔ,ˈpoɾtɐ,ˈpɔ.tɔ,ˈpoɾ.tɐ,,,,,4,5,2,2,-1,Target,0,Equal
Angolar,liˈθõ,liˈsɐ̃w̃,li.ˈθõ,li.ˈsɐ̃w̃,,,,,4,7,2,2,-3,Target,0,Equal
Angolar,ˈlɛtu,ˈʀɛʃtu,ˈlɛ.tu,ˈʀɛʃ.tu,,,,,4,5,2,2,-1,Target,0,Equal
Angolar,θaˈbɔ,sɐˈbɐ̃w̃,θa.ˈbɔ,sɐ.ˈbɐ̃w̃,,,,,4,7,2,2,-3,Target,0,Equal
Angolar,ˈθɛlɐ,ˈsɛʀɐ,ˈθɛ.lɐ,ˈsɛ.ʀɐ,,,,,4,4,2,2,0,Equal,0,Equal
Angolar,ˈt̠ʃĩtɐ,ˈtĩtɐ,ˈt̠ʃĩ.tɐ,ˈtĩ.tɐ,,,,,5,5,2,2,0,Equal,0,Equal
Angolar,tɔˈmɛ̃tu,toʁ'mẽtu,tɔ.ˈmɛ̃.tu,toʁ.'mẽ.tu,,,,,7,8,3,3,-1,Target,0,Equal
Angolar,uˈtu,ˈmofu,u.ˈtu,ˈmo.fu,,,,,3,4,2,2,-1,Target,0,Equal
Angolar,ˈvɛdɛ,vɨɾˈdadɨ,ˈvɛ.dɛ,vɨɾ.ˈda.dɨ,,,,,4,7,2,3,-3,Target,-1,Target