Language,SourceWord,TargetWord,SourceWordSyl,TargetWordSyl,SourceSyllabl,TargetSyl,PositionSource,Position Target,Process,TargetOrthography,Translation,Reference,Notes
Angolar,ˈawɐ,agwɐ,ˈa.wɐ,a.gwɐ,ˈa,ˈa,1,1,,água,Water,Bandeira2017[366-412],
Angolar,ˈawɐ,agwɐ,ˈa.wɐ,a.gwɐ,wɐ,gwɐ,2,2,,água,Water,Bandeira2017[366-412],
Angolar,faˈɲa,fɐˈɾiɲɐ,fa.ˈɲa,fɐ.ˈɾi.ɲɐ,fa,fɐ,1,1,,farinha,flour,Bandeira2017[366-412],
Angolar,faˈɲa,fɐˈɾiɲɐ,fa.ˈɲa,fɐ.ˈɾi.ɲɐ,-,ˈɾi,-,2,,farinha,flour,Bandeira2017[366-412],
Angolar,faˈɲa,fɐˈɾiɲɐ,fa.ˈɲa,fɐ.ˈɾi.ɲɐ,ˈɲa,ɲɐ,2,3,,farinha,flour,Bandeira2017[366-412],
Angolar,fɛˈðɔ̃,fejˈʒɐ̃w̃,fɛ.ˈðɔ̃,fej.ˈʒɐ̃w̃,fɛ,fej,1,1,,feijão,bean,Bandeira2017[366-412],
Angolar,fɛˈðɔ̃,fejˈʒɐ̃w̃,fɛ.ˈðɔ̃,fej.ˈʒɐ̃w̃,ˈðɔ̃,ˈʒɐ̃w̃,2,2,,feijão,bean,Bandeira2017[366-412],
Angolar,goˈdulɐ,ɡuɾˈduɾɐ,go.ˈdu.lɐ,ɡuɾ.ˈdu.ɾɐ,go,ɡuɾ,1,1,,gordura,fat,Bandeira2017[366-412],
Angolar,goˈdulɐ,ɡuɾˈduɾɐ,go.ˈdu.lɐ,ɡuɾ.ˈdu.ɾɐ,ˈdu,ˈdu,2,2,,gordura,fat,Bandeira2017[366-412],
Angolar,goˈdulɐ,ɡuɾˈduɾɐ,go.ˈdu.lɐ,ɡuɾ.ˈdu.ɾɐ,lɐ,ɾɐ,3,3,,gordura,fat,Bandeira2017[366-412],
Angolar,kadɛˈladɐ,kaldejˈɾadɐ,ka.dɛ.ˈla.dɐ,kal.dej.ˈɾa.dɐ,ka,kal,1,1,,caldeirada,fish stew,Bandeira2017[366-412],
Angolar,kadɛˈladɐ,kaldejˈɾadɐ,ka.dɛ.ˈla.dɐ,kal.dej.ˈɾa.dɐ,dɛ,dej,2,2,,caldeirada,fish stew,Bandeira2017[366-412],
Angolar,kadɛˈladɐ,kaldejˈɾadɐ,ka.dɛ.ˈla.dɐ,kal.dej.ˈɾa.dɐ,ˈla,ˈɾa,3,3,,caldeirada,fish stew,Bandeira2017[366-412],
Angolar,kadɛˈladɐ,kaldejˈɾadɐ,ka.dɛ.ˈla.dɐ,kal.dej.ˈɾa.dɐ,dɐ,dɐ,4,4,,caldeirada,fish stew,Bandeira2017[366-412],
Angolar,kaˈnɐ,ˈkɐnɐ,ka.ˈnɐ,ˈkɐ.nɐ,ka,ˈkɐ,1,1,,cana,sugarcane,Bandeira2017[366-412],
Angolar,kaˈnɐ,ˈkɐnɐ,ka.ˈnɐ,ˈkɐ.nɐ,ˈnɐ,nɐ,2,2,,cana,sugarcane,Bandeira2017[366-412],
Angolar,ˈkani,ˈkaɾnɨ,ˈka.ni,ˈkaɾ.nɨ,ˈka,ˈkaɾ,1,1,,carne,meat,Bandeira2017[366-412],
Angolar,ˈkani,ˈkaɾnɨ,ˈka.ni,ˈkaɾ.nɨ,ni,nɨ,2,2,,carne,meat,Bandeira2017[366-412],
Angolar,ˈlete,ˈlɐjtɨ,ˈle.te,ˈlɐj.tɨ,ˈle,ˈlɐj,1,1,,leite,milk,Bandeira2017[366-412],
Angolar,ˈlete,ˈlɐjtɨ,ˈle.te,ˈlɐj.tɨ,te,tɨ,2,2,,leite,milk,Bandeira2017[366-412],
Angolar,maˈmõ,mɐˈmɐ̃w̃,ma.ˈmõ,mɐ.ˈmɐ̃w̃,ma,mɐ,1,1,,mamão,papaya,Bandeira2017[366-412],
Angolar,maˈmõ,mɐˈmɐ̃w̃,ma.ˈmõ,mɐ.ˈmɐ̃w̃,ˈmõ,ˈmɐ̃w̃,2,2,,mamão,papaya,Bandeira2017[366-412],
Angolar,mɐ̃ˈdjɔkɐ,mɐ̃diˈɔkɐ,mɐ̃.ˈdjɔ.kɐ,mɐ̃.di.ˈɔ.kɐ,mɐ̃,mɐ̃,1,1,,mandioca,manjoka,Bandeira2017[366-412],
Angolar,mɐ̃ˈdjɔkɐ,mɐ̃diˈɔkɐ,mɐ̃.ˈdjɔ.kɐ,mɐ̃.di.ˈɔ.kɐ,ˈdjɔ,di,2,2,,mandioca,manjoka,Bandeira2017[366-412],
Angolar,mɐ̃ˈdjɔkɐ,mɐ̃diˈɔkɐ,mɐ̃.ˈdjɔ.kɐ,mɐ̃.di.ˈɔ.kɐ,-,ˈɔ,-,3,Metathesis,mandioca,manjoka,Bandeira2017[366-412],
Angolar,mɐ̃ˈdjɔkɐ,mɐ̃diˈɔkɐ,mɐ̃.ˈdjɔ.kɐ,mɐ̃.di.ˈɔ.kɐ,kɐ,kɐ,3,4,,mandioca,manjoka,Bandeira2017[366-412],
Angolar,mɐ̃ˈsõ,mɐˈsɐ̃,mɐ̃.ˈsõ,mɐ.ˈsɐ̃,mɐ̃,mɐ,1,1,,maçã,apple,Bandeira2017[366-412],
Angolar,mɐ̃ˈsõ,mɐˈsɐ̃,mɐ̃.ˈsõ,mɐ.ˈsɐ̃,ˈsõ,ˈsɐ̃,2,2,,maçã,apple,Bandeira2017[366-412],
Angolar,mɐ̃ˈtɛgɐ,mɐ̃ˈtɐjgɐ,mɐ̃.ˈtɛ.gɐ,mɐ̃.ˈtɐj.gɐ,mɐ̃,mɐ̃,1,1,,manteiga,butter,Bandeira2017[366-412],
Angolar,mɐ̃ˈtɛgɐ,mɐ̃ˈtɐjgɐ,mɐ̃.ˈtɛ.gɐ,mɐ̃.ˈtɐj.gɐ,ˈtɛ,ˈtɐj,2,2,,manteiga,butter,Bandeira2017[366-412],
Angolar,mɐ̃ˈtɛgɐ,mɐ̃ˈtɐjgɐ,mɐ̃.ˈtɛ.gɐ,mɐ̃.ˈtɐj.gɐ,gɐ,gɐ,3,3,,manteiga,butter,Bandeira2017[366-412],
Angolar,ˈθalu,ˈsal,ˈθa.lu,ˈsal,ˈθa,ˈsal,1,1,,sal,salt,Bandeira2017[366-412],
Angolar,ˈθalu,ˈsal,ˈθa.lu,ˈsal,lu,-,2,-,,sal,salt,Bandeira2017[366-412],
Angolar,ˈsopɐ,ˈsopɐ,ˈso.pɐ,ˈso.pɐ,ˈso,ˈso,1,1,,sopa,soup,Bandeira2017[366-412],
Angolar,ˈsopɐ,ˈsopɐ,ˈso.pɐ,ˈso.pɐ,pɐ,pɐ,2,2,,sopa,soup,Bandeira2017[366-412],
Angolar,viˈnagi,viˈnagɾɨ,viˈ.na.gi,viˈ.na.gɾɨ,viˈ,viˈ,1,1,,vinagre,vinegar,Bandeira2017[366-412],
Angolar,viˈnagi,viˈnagɾɨ,viˈ.na.gi,viˈ.na.gɾɨ,na,na,2,2,,vinagre,vinegar,Bandeira2017[366-412],
Angolar,viˈnagi,viˈnagɾɨ,viˈ.na.gi,viˈ.na.gɾɨ,gi,gɾɨ,3,3,,vinagre,vinegar,Bandeira2017[366-412],
Angolar,ˈkɔkɔ,ˈkoɾnu,ˈkɔ.kɔ,ˈkoɾ.nu,ˈkɔ,ˈkoɾ,1,1,,corno,horn,Bandeira2017[366-412],
Angolar,ˈkɔkɔ,ˈkoɾnu,ˈkɔ.kɔ,ˈkoɾ.nu,kɔ,nu,2,2,,corno,horn,Bandeira2017[366-412],
Angolar,ˈbɛgɐ,bɐˈʀigɐ,ˈbɛ.gɐ,bɐˈ.ʀi.gɐ,ˈbɛ,bɐˈ,1,1,,barriga,belly,Bandeira2017[366-412],
Angolar,ˈbɛgɐ,bɐˈʀigɐ,ˈbɛ.gɐ,bɐˈ.ʀi.gɐ,-,ʀi,-,2,,barriga,belly,Bandeira2017[366-412],
Angolar,ˈbɛgɐ,bɐˈʀigɐ,ˈbɛ.gɐ,bɐˈ.ʀi.gɐ,gɐ,gɐ,2,3,,barriga,belly,Bandeira2017[366-412],
Angolar,ˈfigadu,ˈfiɡɐdu,ˈfi.ga.du,ˈfi.ɡɐ.du,ˈfi,ˈfi,1,1,,fígado,liver,Bandeira2017[366-412],
Angolar,ˈfigadu,ˈfiɡɐdu,ˈfi.ga.du,ˈfi.ɡɐ.du,ga,ɡɐ,2,2,,fígado,liver,Bandeira2017[366-412],
Angolar,ˈfigadu,ˈfiɡɐdu,ˈfi.ga.du,ˈfi.ɡɐ.du,du,du,3,3,,fígado,liver,Bandeira2017[366-412],
Angolar,kaˈbelu,kɐˈbelu,kaˈ.be.lu,kɐˈ.belu,kaˈ,kɐˈ,1,1,,cabelo,hair,Bandeira2017[366-412],
Angolar,kaˈbelu,kɐˈbelu,kaˈ.be.lu,kɐˈ.belu,be,be,2,2,,cabelo,hair,Bandeira2017[366-412],
Angolar,kaˈbelu,kɐˈbelu,kaˈ.be.lu,kɐˈ.belu,lu,lu,3,3,,cabelo,hair,Bandeira2017[366-412],
Angolar,ˈnte,ˈfɾõtɨ,ˈn.te,ˈfɾõ.tɨ,ˈn,ˈfɾõ,1,1,,fronte,head,Bandeira2017[366-412],
Angolar,ˈnte,ˈfɾõtɨ,ˈn.te,ˈfɾõ.tɨ,te,tɨ,2,2,,fronte,head,Bandeira2017[366-412],
Angolar,kɔˈθɔ,kuɾɐˈsɐ̃w̃,kɔ.ˈθɔ,ku.ɾɐ.ˈsɐ̃w̃,kɔ,ku,1,1,,coração,heart,Bandeira2017[366-412],
Angolar,kɔˈθɔ,kuɾɐˈsɐ̃w̃,kɔ.ˈθɔ,ku.ɾɐ.ˈsɐ̃w̃,-,ɾɐ,-,2,,coração,heart,Bandeira2017[366-412],
Angolar,kɔˈθɔ,kuɾɐˈsɐ̃w̃,kɔ.ˈθɔ,ku.ɾɐ.ˈsɐ̃w̃,ˈθɔ,ˈsɐ̃w̃,2,3,,coração,heart,Bandeira2017[366-412],
Angolar,kuˈpi,ˈkuʃpu,kuˈ.pi,ˈkuʃ.pu,kuˈ,ˈkuʃ,1,1,,cuspo,spit,Bandeira2017[366-412],
Angolar,kuˈpi,ˈkuʃpu,kuˈ.pi,ˈkuʃ.pu,pi,pu,2,2,,cuspo,spit,Bandeira2017[366-412],
Angolar,ˈlũga,ˈlĩɡuɐ,ˈlũ.ga,ˈlĩ.ɡuɐ,ˈlũ,ˈlĩ,1,1,,língua,tongue,Bandeira2017[366-412],
Angolar,ˈlũga,ˈlĩɡuɐ,ˈlũ.ga,ˈlĩ.ɡuɐ,ga,ɡuɐ,2,2,,língua,tongue,Bandeira2017[366-412],
Angolar,ˈmo,ˈmɐ̃w̃,ˈmo,ˈmɐ̃w̃,ˈmo,ˈmɐ̃w̃,1,1,,mão,hand,Bandeira2017[366-412],
Angolar,ˈθɐ̃gɪ,ˈsɐ̃ɡɨ,ˈθɐ̃.gɪ,ˈsɐ̃.ɡɨ,ˈθɐ̃,ˈsɐ̃,1,1,,sangue,blood,Bandeira2017[366-412],
Angolar,ˈθɐ̃gɪ,ˈsɐ̃ɡɨ,ˈθɐ̃.gɪ,ˈsɐ̃.ɡɨ,gɪ,ɡɨ,2,2,,sangue,blood,Bandeira2017[366-412],
Angolar,kaˈθo,kɐˈʃoʀu,kaˈ.θo,kɐ.ˈʃo.ʀu,kaˈ,kɐ,1,1,,cachorro,dog,Bandeira2017[366-412],
Angolar,kaˈθo,kɐˈʃoʀu,kaˈ.θo,kɐ.ˈʃo.ʀu,θo,ˈʃo,2,2,,cachorro,dog,Bandeira2017[366-412],
Angolar,kaˈθo,kɐˈʃoʀu,kaˈ.θo,kɐ.ˈʃo.ʀu,-,ʀu,3,3,,cachorro,dog,Bandeira2017[366-412],
Angolar,ˈkabɐ,ˈkabɾɐ,ˈka.bɐ,ˈka.bɾɐ,ˈka,ˈka,1,1,,cabra,goat,Bandeira2017[366-412],
Angolar,ˈkabɐ,ˈkabɾɐ,ˈka.bɐ,ˈka.bɾɐ,bɐ,bɾɐ,2,2,,cabra,goat,Bandeira2017[366-412],
Angolar,ma:ˈku,mɐˈkaku,ma:.ˈku,mɐ.ˈka.ku,ma:,mɐ,1,1,,macaco,monkey,Bandeira2017[366-412],
Angolar,ma:ˈku,mɐˈkaku,ma:.ˈku,mɐ.ˈka.ku,-,ˈka,-,2,,macaco,monkey,Bandeira2017[366-412],
Angolar,ma:ˈku,mɐˈkaku,ma:.ˈku,mɐ.ˈka.ku,ˈku,ku,2,3,,macaco,monkey,Bandeira2017[366-412],
Angolar,ŋgɐ̃ˈɲa,gɐˈliɲɐ,ŋ.gɐ̃.ˈɲa,gɐ.ˈli.ɲɐ,ŋ,gɐ,1,-,,galinha,chicken,Bandeira2017[366-412],
Angolar,ŋgɐ̃ˈɲa,gɐˈliɲɐ,ŋ.gɐ̃.ˈɲa,gɐ.ˈli.ɲɐ,gɐ̃,gɐ,2,1,,galinha,chicken,Bandeira2017[366-412],
Angolar,ŋgɐ̃ˈɲa,gɐˈliɲɐ,ŋ.gɐ̃.ˈɲa,gɐ.ˈli.ɲɐ,-,ˈli,-,2,,galinha,chicken,Bandeira2017[366-412],
Angolar,ŋgɐ̃ˈɲa,gɐˈliɲɐ,ŋ.gɐ̃.ˈɲa,gɐ.ˈli.ɲɐ,ˈɲa,ɲɐ,3,3,,galinha,chicken,Bandeira2017[366-412],
Angolar,ŋˈgaθɐ,ˈgaɾsɐ,ŋ.ˈga.θɐ,ˈgaɾ.sɐ,ŋ,ˈgaɾ,1,1,,garça,heron,Bandeira2017[366-412],
Angolar,ŋˈgaθɐ,ˈgaɾsɐ,ŋ.ˈga.θɐ,ˈgaɾ.sɐ,ˈga,sɐ,2,2,,garça,heron,Bandeira2017[366-412],
Angolar,ŋˈgaθɐ,ˈgaɾsɐ,ŋ.ˈga.θɐ,ˈgaɾ.sɐ,θɐ,-,3,-,,garça,heron,Bandeira2017[366-412],
Angolar,ˈgɛlɐ,ˈgɛʀɐ,ˈgɛ.lɐ,ˈgɛ.ʀɐ,ˈgɛ,ˈgɛ,1,1,,guerra,war,Bandeira2017[366-412],
Angolar,ˈgɛlɐ,ˈgɛʀɐ,ˈgɛ.lɐ,ˈgɛ.ʀɐ,lɐ,ʀɐ,2,2,,guerra,war,Bandeira2017[366-412],
Angolar,maˈdadi,malˈdadɨ,ma.ˈda.di,mal.ˈda.dɨ,ma,mal,1,1,,maldade,evil,Bandeira2017[366-412],
Angolar,maˈdadi,malˈdadɨ,ma.ˈda.di,mal.ˈda.dɨ,ˈda,ˈda,2,2,,maldade,evil,Bandeira2017[366-412],
Angolar,maˈdadi,malˈdadɨ,ma.ˈda.di,mal.ˈda.dɨ,di,dɨ,3,3,,maldade,evil,Bandeira2017[366-412],
Angolar,ˈθedi,ˈsedɨ,ˈθe.di,ˈse.dɨ,ˈθe,ˈse,1,1,,sede,thirst,Bandeira2017[366-412],
Angolar,ˈθedi,ˈsedɨ,ˈθe.di,ˈse.dɨ,di,dɨ,2,2,,sede,thirst,Bandeira2017[366-412],
Angolar,ˈsimi,siˈumɨ,ˈsi.mi,si.ˈu.mɨ,ˈsi,siˈ,1,1,,ciúmes,jealousy,Bandeira2017[366-412],
Angolar,ˈsimi,siˈumɨ,ˈsi.mi,si.ˈu.mɨ,-,ˈu,-,2,,ciúmes,jealousy,Bandeira2017[366-412],
Angolar,ˈsimi,siˈumɨ,ˈsi.mi,si.ˈu.mɨ,mi,mɨ,2,3,,ciúmes,jealousy,Bandeira2017[366-412],
Angolar,vɛˈgɔɲɐ,vɨɾˈgoɲɐ,vɛ.ˈgɔ.ɲɐ,vɨɾ.ˈgo.ɲɐ,vɛ,vɨɾ,1,1,,vergonha,shame,Bandeira2017[366-412],
Angolar,vɛˈgɔɲɐ,vɨɾˈgoɲɐ,vɛ.ˈgɔ.ɲɐ,vɨɾ.ˈgo.ɲɐ,ˈgɔ,ˈgo,2,2,,vergonha,shame,Bandeira2017[366-412],
Angolar,vɛˈgɔɲɐ,vɨɾˈgoɲɐ,vɛ.ˈgɔ.ɲɐ,vɨɾ.ˈgo.ɲɐ,ɲɐ,ɲɐ,3,3,,vergonha,shame,Bandeira2017[366-412],
Angolar,ˈkolo,ˈkoɾ,ˈko.lo,ˈkoɾ,ˈko,ˈkoɾ,1,1,,cor,color,Bandeira2017[366-412],
Angolar,ˈkolo,ˈkoɾ,ˈko.lo,ˈkoɾ,lo,-,2,-,,cor,color,Bandeira2017[366-412],
Angolar,ˈvedi,ˈveɾdɨ,ˈve.di,ˈveɾ.dɨ,ˈve,ˈveɾ,1,1,,verde,green,Bandeira2017[366-412],
Angolar,ˈvedi,ˈveɾdɨ,ˈve.di,ˈveɾ.dɨ,di,dɨ,2,2,,verde,green,Bandeira2017[366-412],
Angolar,veˈme,vɨɾˈmɐjʎu,ve.ˈme,vɨɾ.ˈmɐj.ʎu,ve,vɨɾ,1,,,vermelho,red,Bandeira2017[366-412],
Angolar,veˈme,vɨɾˈmɐjʎu,ve.ˈme,vɨɾ.ˈmɐj.ʎu,ˈme,ˈmɐj,2,2,,vermelho,red,Bandeira2017[366-412],
Angolar,veˈme,vɨɾˈmɐjʎu,ve.ˈme,vɨɾ.ˈmɐj.ʎu,-,ʎu,-,3,,vermelho,red,Bandeira2017[366-412],
Angolar,ŋgaˈpo,kɐɾɐˈpaw,ŋ.ga.ˈpo,kɐ.ɾɐ.ˈpaw,ŋ,kɐ,1,1,,carapau,scad,Bandeira2017[366-412],
Angolar,ŋgaˈpo,kɐɾɐˈpaw,ŋ.ga.ˈpo,kɐ.ɾɐ.ˈpaw,ga,ɾɐ,2,2,,carapau,scad,Bandeira2017[366-412],
Angolar,ŋgaˈpo,kɐɾɐˈpaw,ŋ.ga.ˈpo,kɐ.ɾɐ.ˈpaw,ˈpo,ˈpaw,3,3,,carapau,scad,Bandeira2017[366-412],
Angolar,kikiˈe,ˈpejʃɨ,ki.ki.ˈe,ˈpej.ʃɨ,,,,,,peixe,fish,Bandeira2017[366-412],Not of Portuguese origin
Angolar,va:ˈdo,vuɐˈdoɾ,va:.ˈdo,vu.ɐ.ˈdoɾ,va:,vu,1,1,,voador,flying fish,Bandeira2017[366-412],
Angolar,va:ˈdo,vuɐˈdoɾ,va:.ˈdo,vu.ɐ.ˈdoɾ,ˈdo,ɐ,2,2,,voador,flying fish,Bandeira2017[366-412],
Angolar,va:ˈdo,vuɐˈdoɾ,va:.ˈdo,vu.ɐ.ˈdoɾ,-,ˈdoɾ,-,3,,voador,flying fish,Bandeira2017[366-412],
Angolar,biˈsigɐ,vɐˈɾiulɐ,biˈ.si.gɐ,vɐˈ.ɾiu.lɐ,biˈ,vɐˈ,1,1,,varíola,variola,Bandeira2017[366-412],
Angolar,biˈsigɐ,vɐˈɾiulɐ,biˈ.si.gɐ,vɐˈ.ɾiu.lɐ,si,ɾiu,2,2,,varíola,variola,Bandeira2017[366-412],
Angolar,biˈsigɐ,vɐˈɾiulɐ,biˈ.si.gɐ,vɐˈ.ɾiu.lɐ,gɐ,lɐ,3,3,,varíola,variola,Bandeira2017[366-412],
Angolar,ˈfɛbɛ,ˈfɛbɾɨ,ˈfɛ.bɛ,ˈfɛ.bɾɨ,ˈfɛ,ˈfɛ,1,1,,febre,fever,Bandeira2017[366-412],
Angolar,ˈfɛbɛ,ˈfɛbɾɨ,ˈfɛ.bɛ,ˈfɛ.bɾɨ,bɛ,bɾɨ,2,2,,febre,fever,Bandeira2017[366-412],
Angolar,ˈfi:dɐ,fɨˈɾidɐ,ˈfi:.dɐ,fɨ.ˈɾi.dɐ,ˈfi:,fɨ,1,1,,ferida,wound,Bandeira2017[366-412],
Angolar,ˈfi:dɐ,fɨˈɾidɐ,ˈfi:.dɐ,fɨ.ˈɾi.dɐ,dɐ,ˈɾi,2,2,,ferida,wound,Bandeira2017[366-412],
Angolar,ˈfi:dɐ,fɨˈɾidɐ,ˈfi:.dɐ,fɨ.ˈɾi.dɐ,-,dɐ,-,3,,ferida,wound,Bandeira2017[366-412],
Angolar,ˈlɛpɐ,ˈlɛpɾɐ,ˈlɛ.pɐ,ˈlɛ.pɾɐ,ˈlɛ,ˈlɛ,1,1,,lepra,leprosy,Bandeira2017[366-412],
Angolar,ˈlɛpɐ,ˈlɛpɾɐ,ˈlɛ.pɐ,ˈlɛ.pɾɐ,pɐ,pɾɐ,2,2,,lepra,leprosy,Bandeira2017[366-412],
Angolar,baˈja,vɐjˈaɾ,ba.ˈja,vɐj.ˈaɾ,ba,vɐj,1,1,,vaiar,cast a spell,Bandeira2017[366-412],
Angolar,baˈja,vɐjˈaɾ,ba.ˈja,vɐj.ˈaɾ,ˈja,ˈaɾ,2,2,,vaiar,cast a spell,Bandeira2017[366-412],
Angolar,baˈli,vɐˈʀeɾ,ba.ˈli,vɐ.ˈʀeɾ,ba,vɐ,1,1,,varrer,sweep,Bandeira2017[366-412],
Angolar,baˈli,vɐˈʀeɾ,ba.ˈli,vɐ.ˈʀeɾ,ˈli,ˈʀeɾ,2,2,,varrer,sweep,Bandeira2017[366-412],
Angolar,ˈbe,ˈveɾ,ˈbe,ˈveɾ,ˈbe,ˈveɾ,1,1,,ver,see,Bandeira2017[366-412],
Angolar,ˈbi,ˈviɾ,ˈbi,ˈviɾ,ˈbi,ˈviɾ,1,1,,vir,come,Bandeira2017[366-412],
Angolar,biˈsi,vɨʃˈtiɾ,bi.ˈsi,vɨʃ.ˈtiɾ,bi,vɨʃ,1,1,,vestir,get dressed,Bandeira2017[366-412],
Angolar,biˈsi,vɨʃˈtiɾ,bi.ˈsi,vɨʃ.ˈtiɾ,ˈsi,ˈtiɾ,2,2,,vestir,get dressed,Bandeira2017[366-412],
Angolar,ˈfa,fɐˈlaɾ,ˈfa,fɐ.ˈlaɾ,ˈfa,fɐ,1,1,,falar,say,Bandeira2017[366-412],
Angolar,ˈfa,fɐˈlaɾ,ˈfa,fɐ.ˈlaɾ,-,ˈlaɾ,-,2,,falar,say,Bandeira2017[366-412],
Angolar,faˈta,falˈtaɾ,fa.ˈta,fal.ˈtaɾ,fa,fal,1,1,,faltar,miss,Bandeira2017[366-412],
Angolar,faˈta,falˈtaɾ,fa.ˈta,fal.ˈtaɾ,ˈta,ˈtaɾ,2,2,,faltar,miss,Bandeira2017[366-412],
Angolar,ˈũfwa,fɨˈdeɾ,ˈũ.fwa,fɨˈ.deɾ,,,,,,feder,stink,Bandeira2017[366-412],Not of Portuguese origin
Angolar,fiˈka,fiˈkaɾ,fi.ˈka,fi.ˈkaɾ,fi,fi,1,1,,ficar,stay,Bandeira2017[366-412],
Angolar,fiˈka,fiˈkaɾ,fi.ˈka,fi.ˈkaɾ,ˈka,ˈkaɾ,2,2,,ficar,stay,Bandeira2017[366-412],
Angolar,fɔˈga,fɔlˈgaɾ,fɔ.ˈga,fɔl.ˈgaɾ,fɔ,fɔl,1,1,,folgar,play,Bandeira2017[366-412],
Angolar,fɔˈga,fɔlˈgaɾ,fɔ.ˈga,fɔl.ˈgaɾ,ˈga,ˈgaɾ,2,2,,folgar,play,Bandeira2017[366-412],
Angolar,goˈgo,guʃˈtaɾ,go.ˈgo,guʃ.ˈtaɾ,go,guʃ,1,1,,gostar,like,Bandeira2017[366-412],Ideophone
Angolar,goˈgo,guʃˈtaɾ,go.ˈgo,guʃ.ˈtaɾ,ˈgo,ˈtaɾ,2,2,,gostar,like,Bandeira2017[366-412],Ideophone
Angolar,kaˈta,kɐ̃ˈtaɾ,ka.ˈta,kɐ̃.ˈtaɾ,ka,kɐ̃,1,1,,cantar,sing,Bandeira2017[366-412],
Angolar,kaˈta,kɐ̃ˈtaɾ,ka.ˈta,kɐ̃.ˈtaɾ,ˈta,ˈtaɾ,2,2,,cantar,sing,Bandeira2017[366-412],
Angolar,kaˈða,kɐˈzaɾ,ka.ˈða,kɐ.ˈzaɾ,ka,kɐ,1,1,,casar,marry,Bandeira2017[366-412],
Angolar,kaˈða,kɐˈzaɾ,ka.ˈða,kɐ.ˈzaɾ,ˈða,ˈzaɾ,2,2,,casar,marry,Bandeira2017[366-412],
Angolar,keˈle,ˈkɾeɾ,ke.ˈle,ˈkɾeɾ,ke,ˈkɾeɾ,1,1,,crer,believe,Bandeira2017[366-412],
Angolar,keˈle,ˈkɾeɾ,ke.ˈle,ˈkɾeɾ,ˈle,-,2,-,,crer,believe,Bandeira2017[366-412],
Angolar,kɛˈma,kejˈmaɾ,kɛ.ˈma,kej.ˈmaɾ,kɛ,kej,1,1,,queimar,burn,Bandeira2017[366-412],
Angolar,kɛˈma,kejˈmaɾ,kɛ.ˈma,kej.ˈmaɾ,ˈma,ˈmaɾ,2,2,,queimar,burn,Bandeira2017[366-412],
Angolar,ˈkje,kɐˈiɾ,ˈkje,kɐ.ˈiɾ,ˈkje,kɐ,1,1,,cair,fall,Bandeira2017[366-412],
Angolar,ˈkje,kɐˈiɾ,ˈkje,kɐ.ˈiɾ,-,ˈiɾ,-,2,,cair,fall,Bandeira2017[366-412],
Angolar,keˈse,kɾɨʃˈseɾ,ke.ˈse,kɾɨʃ.ˈseɾ,ke,kɾɨʃ,1,1,,crescer,grow,Bandeira2017[366-412],
Angolar,keˈse,kɾɨʃˈseɾ,ke.ˈse,kɾɨʃ.ˈseɾ,ˈse,ˈseɾ,2,2,,crescer,grow,Bandeira2017[366-412],
Angolar,kuˈje,kuˈʎeɾ,ku.ˈje,ku.ˈʎeɾ,ku,ku,1,1,,colher,harvest,Bandeira2017[366-412],
Angolar,kuˈje,kuˈʎeɾ,ku.ˈje,ku.ˈʎeɾ,ˈje,ˈʎeɾ,2,2,,colher,harvest,Bandeira2017[366-412],
Angolar,koˈle,kuʀeɾ,ko.ˈle,ku.ʀeɾ,ko,ku,1,1,,correr,to run,Bandeira2017[366-412],
Angolar,koˈle,kuʀeɾ,ko.ˈle,ku.ʀeɾ,ˈle,ʀeɾ,2,2,,correr,to run,Bandeira2017[366-412],
Angolar,kɔˈta,kuɾˈtaɾ,kɔ.ˈta,kuɾ.ˈtaɾ,kɔ,kuɾ,1,1,,cortar,cut,Bandeira2017[366-412],
Angolar,kɔˈta,kuɾˈtaɾ,kɔ.ˈta,kuɾ.ˈtaɾ,ˈta,ˈtaɾ,2,2,,cortar,cut,Bandeira2017[366-412],
Angolar,kɔˈθa,kuˈsaɾ,kɔ.ˈθa,ku.ˈsaɾ,kɔ,ku,1,1,,coçar,scratch,Bandeira2017[366-412],
Angolar,kɔˈθa,kuˈsaɾ,kɔ.ˈθa,ku.ˈsaɾ,ˈθa,ˈsaɾ,2,2,,coçar,scratch,Bandeira2017[366-412],
Angolar,koˈðe,kuˈzeɾ,ko.ˈðe,ku.ˈzeɾ,ko,ku,1,1,,coser,sew,Bandeira2017[366-412],
Angolar,koˈðe,kuˈzeɾ,ko.ˈðe,ku.ˈzeɾ,ˈðe,ˈzeɾ,2,2,,coser,sew,Bandeira2017[366-412],
Angolar,ˈmɛ,kuˈmeɾ,ˈmɛ,ku.ˈmeɾ,ˈmɛ,ku,1,1,,comer,to eat,Bandeira2017[366-412],
Angolar,ˈmɛ,kuˈmeɾ,ˈmɛ,ku.ˈmeɾ,-,ˈmeɾ,-,2,,comer,to eat,Bandeira2017[366-412],
Angolar,kuˈzi,kuˈzeɾ,ku.ˈzi,ku.ˈzeɾ,ku,ku,1,1,,cozer,cook,Bandeira2017[366-412],
Angolar,kuˈzi,kuˈzeɾ,ku.ˈzi,ku.ˈzeɾ,ˈzi,ˈzeɾ,2,2,,cozer,cook,Bandeira2017[366-412],
Angolar,kuˈbi,kuˈbɾiɾ,ku.ˈbi,ku.ˈbɾiɾ,ku,ku,1,1,,cobrir,cover,Bandeira2017[366-412],
Angolar,kuˈbi,kuˈbɾiɾ,ku.ˈbi,ku.ˈbɾiɾ,ˈbi,ˈbɾiɾ,2,2,,cobrir,cover,Bandeira2017[366-412],
Angolar,kuˈda,kujˈdaɾ,ku.ˈda,kuj.ˈdaɾ,ku,kuj,1,1,,cuidar,care,Bandeira2017[366-412],
Angolar,kuˈda,kujˈdaɾ,ku.ˈda,kuj.ˈdaɾ,ˈda,ˈdaɾ,2,2,,cuidar,care,Bandeira2017[366-412],
Angolar,kuˈpa,kulˈpaɾ,ku.ˈpa,kul.ˈpaɾ,ku,kul,1,1,,culpar,to blame,Bandeira2017[366-412],
Angolar,kuˈpa,kulˈpaɾ,ku.ˈpa,kul.ˈpaɾ,ˈpa,ˈpaɾ,2,2,,culpar,to blame,Bandeira2017[366-412],
Angolar,kuˈpi,kuʃˈpiɾ,ku.ˈpi,kuʃ.ˈpiɾ,ku,kuʃ,1,1,,cuspir,spit,Bandeira2017[366-412],
Angolar,kuˈpi,kuʃˈpiɾ,ku.ˈpi,kuʃ.ˈpiɾ,ˈpi,ˈpiɾ,2,2,,cuspir,spit,Bandeira2017[366-412],
Angolar,kuˈla,kuˈɾaɾ,ku.ˈla,ku.ˈɾaɾ,ku,ku,1,1,,curar,heal,Bandeira2017[366-412],
Angolar,kuˈla,kuˈɾaɾ,ku.ˈla,ku.ˈɾaɾ,ˈla,ˈɾaɾ,2,2,,curar,heal,Bandeira2017[366-412],
Angolar,laˈba,lɐˈvaɾ,la.ˈba,lɐ.ˈvaɾ,la,lɐ,1,1,,lavar,wash,Bandeira2017[366-412],
Angolar,laˈba,lɐˈvaɾ,la.ˈba,lɐ.ˈvaɾ,ˈba,ˈvaɾ,2,2,,lavar,wash,Bandeira2017[366-412],
Angolar,laˈta,lɨvɐ̃ˈtaɾ,la.ˈta,lɨ.vɐ̃.ˈtaɾ,la,lɨ,1,1,,levantar,get up,Bandeira2017[366-412],
Angolar,laˈta,lɨvɐ̃ˈtaɾ,la.ˈta,lɨ.vɐ̃.ˈtaɾ,-,vɐ̃,-,2,,levantar,get up,Bandeira2017[366-412],
Angolar,laˈta,lɨvɐ̃ˈtaɾ,la.ˈta,lɨ.vɐ̃.ˈtaɾ,ˈta,ˈtaɾ,2,3,,levantar,get up,Bandeira2017[366-412],
Angolar,lɔˈlɔ,lɐ̃ˈbeɾ,lɔ.ˈlɔ,lɐ̃.ˈbeɾ,lɔ,lɐ̃,1,1,,lamber,lick,Bandeira2017[366-412],Ideophone
Angolar,lɔˈlɔ,lɐ̃ˈbeɾ,lɔ.ˈlɔ,lɐ̃.ˈbeɾ,ˈlɔ,ˈbeɾ,2,2,,lamber,lick,Bandeira2017[366-412],Ideophone
Angolar,luˈzi,luˈziɾ,lu.ˈzi,lu.ˈziɾ,lu,lu,1,1,,luzir,shine,Bandeira2017[366-412],
Angolar,luˈzi,luˈziɾ,luˈzi,lu.ˈziɾ,ˈzi,ˈziɾ,2,2,,luzir,shine,Bandeira2017[366-412],
Angolar,ŋgãˈɲa,gɐˈɲaɾ,ŋ.gã.ˈɲa,gɐ.ˈɲaɾ,ŋ,-,1,-,,ganhar,to earn,Bandeira2017[366-412],
Angolar,ŋgãˈɲa,gɐˈɲaɾ,ŋ.gã.ˈɲa,gɐ.ˈɲaɾ,gã,gɐ,2,1,,ganhar,to earn,Bandeira2017[366-412],
Angolar,ŋgãˈɲa,gɐˈɲaɾ,ŋ.gã.ˈɲa,gɐ.ˈɲaɾ,ˈɲa,ˈɲaɾ,3,2,,ganhar,to earn,Bandeira2017[366-412],
Angolar,ŋgumiˈta,vumiˈtaɾ,ŋ.gu.mi.ˈta,vu.mi.ˈtaɾ,gu,vu,2,1,,vomitar,to throw up,Bandeira2017[366-412],
Angolar,ŋgumiˈta,vumiˈtaɾ,ŋ.gu.mi.ˈta,vu.mi.ˈtaɾ,ŋ,-,1,-,,vomitar,to throw up,Bandeira2017[366-412],
Angolar,ŋgumiˈta,vumiˈtaɾ,ŋ.gu.mi.ˈta,vu.mi.ˈtaɾ,mi,mi,2,2,,vomitar,to throw up,Bandeira2017[366-412],
Angolar,ŋgumiˈta,vumiˈtaɾ,ŋ.gu.mi.ˈta,vu.mi.ˈtaɾ,ˈta,ˈtaɾ,3,3,,vomitar,to throw up,Bandeira2017[366-412],
Angolar,θaˈga,salˈgaɾ,θa.ˈga,sal.ˈgaɾ,θa,sal,1,1,,salgar,salt,Bandeira2017[366-412],
Angolar,θaˈga,salˈgaɾ,θa.ˈga,sal.ˈgaɾ,ˈga,ˈgaɾ,2,2,,salgar,salt,Bandeira2017[366-412],
Angolar,θaˈta,salˈtaɾ,θa.ˈta,sal.ˈtaɾ,θa,sal,1,1,,saltar,jump,Bandeira2017[366-412],
Angolar,θaˈta,salˈtaɾ,θa.ˈta,sal.ˈtaɾ,ˈta,ˈtaɾ,2,2,,saltar,jump,Bandeira2017[366-412],
Angolar,θaˈva,salˈvaɾ,θa.ˈva,sal.ˈvaɾ,θa,sal,1,1,,salvar,save,Bandeira2017[366-412],
Angolar,θaˈva,salˈvaɾ,θa.ˈva,sal.ˈvaɾ,ˈva,ˈvaɾ,2,2,,salvar,save,Bandeira2017[366-412],
Angolar,θaˈma,ʃɐˈmaɾ,θa.ˈma,ʃɐ.ˈmaɾ,θa,ʃɐ,1,1,,chamar,call,Bandeira2017[366-412],
Angolar,θaˈma,ʃɐˈmaɾ,θa.ˈma,ʃɐ.ˈmaɾ,ˈma,ˈmaɾ,2,2,,chamar,call,Bandeira2017[366-412],
Angolar,θeˈgwa,sɨɡuˈɾaɾ,θe.ˈgw.a,sɨ.ɡu.ˈɾaɾ,θe,sɨ,1,1,,segurar,hold,Bandeira2017[366-412],
Angolar,θeˈgwa,sɨɡuˈɾaɾ,θe.ˈgw.a,sɨ.ɡu.ˈɾaɾ,ˈgw,ɡu,2,2,,segurar,hold,Bandeira2017[366-412],
Angolar,θeˈgwa,sɨɡuˈɾaɾ,θe.ˈgw.a,sɨ.ɡu.ˈɾaɾ,a,ˈɾaɾ,3,3,,segurar,hold,Bandeira2017[366-412],
Angolar,θɛˈla,ʃejˈɾaɾ,θɛ.ˈla,ʃej.ˈɾaɾ,θɛ,ʃej,1,1,,cheirar,smell,Bandeira2017[366-412],
Angolar,θɛˈla,ʃejˈɾaɾ,θɛ.ˈla,ʃej.ˈɾaɾ,ˈla,ˈɾaɾ,2,2,,cheirar,smell,Bandeira2017[366-412],
Angolar,siˈga,ʃɨˈɡaɾ,si.ˈga,ʃɨ.ˈɡaɾ,si,ʃɨ,1,1,,chegar,arrive,Bandeira2017[366-412],
Angolar,siˈga,ʃɨˈɡaɾ,si.ˈga,ʃɨ.ˈɡaɾ,ˈga,ˈɡaɾ,2,2,,chegar,arrive,Bandeira2017[366-412],
Angolar,siˈmja,sɨmiˈaɾ,si.ˈmj.a,sɨ.mi.ˈaɾ,si,sɨ,1,1,,semear,plant,Bandeira2017[366-412],
Angolar,siˈmja,sɨmiˈaɾ,si.ˈmj.a,sɨ.mi.ˈaɾ,ˈmj,mi,2,2,,semear,plant,Bandeira2017[366-412],
Angolar,siˈmja,sɨmiˈaɾ,si.ˈmj.a,sɨ.mi.ˈaɾ,a,ˈaɾ,3,3,,semear,plant,Bandeira2017[366-412],
Angolar,θuˈa,ʃuˈɾaɾ,θu.ˈa,ʃu.ˈɾaɾ,θu,ʃu,1,1,,chorar,cry,Bandeira2017[366-412],
Angolar,θuˈa,ʃuˈɾaɾ,θu.ˈa,ʃu.ˈɾaɾ,ˈa,ˈɾaɾ,2,2,,chorar,cry,Bandeira2017[366-412],
Angolar,θɔˈpa,suˈpɾaɾ,θɔ.ˈpa,su.ˈpɾaɾ,θɔ,su,1,1,,soprar,to blow,Bandeira2017[366-412],
Angolar,θɔˈpa,suˈpɾaɾ,θɔ.ˈpa,su.ˈpɾaɾ,ˈpa,ˈpɾaɾ,2,2,,soprar,to blow,Bandeira2017[366-412],
Angolar,θuˈbi,suˈbiɾ,θu.ˈbi,su.ˈbiɾ,θu,su,1,1,,subir,move up,Bandeira2017[366-412],
Angolar,θuˈbi,suˈbiɾ,θu.ˈbi,su.ˈbiɾ,ˈbi,ˈbiɾ,2,2,,subir,move up,Bandeira2017[366-412],
Angolar,θuˈpa,ʃuˈpaɾ,θu.ˈpa,ʃu.ˈpaɾ,θu,ʃu,1,1,,chupar,suck,Bandeira2017[366-412],
Angolar,θuˈpa,ʃuˈpaɾ,θu.ˈpa,ʃu.ˈpaɾ,ˈpa,ˈpaɾ,2,2,,chupar,suck,Bandeira2017[366-412],
Angolar,θuˈa,suˈaɾ,θu.ˈa,su.ˈaɾ,θu,su,1,1,,suar,sweat,Bandeira2017[366-412],
Angolar,θuˈa,suˈaɾ,θu.ˈa,su.ˈaɾ,ˈa,ˈaɾ,2,2,,suar,sweat,Bandeira2017[366-412],
Angolar,foˈmĩgɐ,fuɾˈmigɐ,fo.ˈmĩ.gɐ,fuɾ.ˈmi.gɐ,fo,fuɾ,1,1,,formiga,ant,Bandeira2017[366-412],
Angolar,foˈmĩgɐ,fuɾˈmigɐ,fo.ˈmĩ.gɐ,fuɾ.ˈmi.gɐ,mĩ,ˈmi,2,2,,formiga,ant,Bandeira2017[366-412],
Angolar,foˈmĩgɐ,fuɾˈmigɐ,fo.ˈmĩ.gɐ,fuɾ.ˈmi.gɐ,gɐ,gɐ,3,3,,formiga,ant,Bandeira2017[366-412],
Angolar,viˈzjɐ̃,viˈziɲu,vi.ˈzj.ɐ̃,vi.ˈzi.ɲu,ɐ̃,vi,1,1,,vizinho,neighbor,Bandeira2017[366-412],
Angolar,viˈzjɐ̃,viˈziɲu,vi.ˈzj.ɐ̃,vi.ˈzi.ɲu,ˈzj,ˈzi,2,2,,vizinho,neighbor,Bandeira2017[366-412],
Angolar,viˈzjɐ̃,viˈziɲu,vi.ˈzj.ɐ̃,vi.ˈzi.ɲu,ɐ̃,ɲu,3,3,,vizinho,neighbor,Bandeira2017[366-412],
Angolar,bɔˈdɔ,ˈbɔɾdɐ,bɔ.ˈdɔ,ˈbɔɾ.dɐ,bɔ,bɔɾ,1,1,,borda,pier,Bandeira2017[366-412],
Angolar,bɔˈdɔ,ˈbɔɾdɐ,bɔ.ˈdɔ,bɔɾ.dɐ,ˈdɔ,dɐ,2,2,,borda,pier,Bandeira2017[366-412],
Angolar,ˈfɛlɐ,ˈfejɾɐ,ˈfɛ.lɐ,ˈfej.ɾɐ,ˈfɛ,ˈfej,1,1,,feira,market,Bandeira2017[366-412],
Angolar,ˈfɛlɐ,ˈfejɾɐ,ˈfɛ.lɐ,ˈfej.ɾɐ,lɐ,ɾɐ,2,2,,feira,market,Bandeira2017[366-412],
Angolar,ˈŋge:ðɐ,iˈgɾɐjʒɐ,ˈŋ.ge:.ðɐ,i.ˈgɾɐj.ʒɐ,ˈŋ,-,1,1,,igreja,church,Bandeira2017[366-412],
Angolar,ˈŋge:ðɐ,iˈgɾɐjʒɐ,ˈŋ.ge:.ðɐ,i.ˈgɾɐj.ʒɐ,-,i,1,1,,igreja,church,Bandeira2017[366-412],
Angolar,ˈŋge:ðɐ,iˈgɾɐjʒɐ,ˈŋ.ge:.ðɐ,i.ˈgɾɐj.ʒɐ,ge:,ˈgɾɐj,-,2,,igreja,church,Bandeira2017[366-412],
Angolar,ˈŋge:ðɐ,iˈgɾɐjʒɐ,ˈŋ.ge:.ðɐ,i.ˈgɾɐj.ʒɐ,ðɐ,ʒɐ,2,3,,igreja,church,Bandeira2017[366-412],
Angolar,ˈkai,ˈkazɐ,ˈkai,ˈka.zɐ,ˈkai,ˈka,1,1,,casa,house,Bandeira2017[366-412],
Angolar,ˈkai,ˈkazɐ,ˈkai,ˈka.zɐ,-,zɐ,-,2,,casa,house,Bandeira2017[366-412],
Angolar,kuˈzja,kuˈziɲɐ,ku.ˈzj.a,ku.ˈzi.ɲɐ,ku,ku,1,1,,cozinha,kitchen,Bandeira2017[366-412],
Angolar,kuˈzja,kuˈziɲɐ,ku.ˈzj.a,ku.ˈzi.ɲɐ,ˈzj,ˈzi,2,2,,cozinha,kitchen,Bandeira2017[366-412],
Angolar,kuˈzja,kuˈziɲɐ,ku.ˈzj.a,ku.ˈzi.ɲɐ,a,ɲɐ,3,3,,cozinha,kitchen,Bandeira2017[366-412],
Angolar,pɔˈθɔ,ˈpovu,pɔ.ˈθɔ,ˈpo.vu,pɔ,ˈpo,1,1,,povo,city,Bandeira2017[366-412],
Angolar,pɔˈθɔ,ˈpovu,pɔ.ˈθɔ,ˈpo.vu,ˈθɔ,vu,2,2,,povo,city,Bandeira2017[366-412],
Angolar,ˈpɔtɔŋ,puɾˈtɐ̃w,ˈpɔ.tɔŋ,puɾ.ˈtɐ̃w,ˈpɔ,puɾ,1,1,,portão,gate,Bandeira2017[366-412],
Angolar,ˈpɔtɔŋ,puɾˈtɐ̃w,ˈpɔ.tɔŋ,puɾ.ˈtɐ̃w,tɔŋ,ˈtɐ̃w,2,2,,portão,gate,Bandeira2017[366-412],
Angolar,θɐ̃ˈðalɐ,sẽˈzalɐ,θɐ̃.ˈða.lɐ,sẽ.ˈza.lɐ,θɐ̃,sẽ,1,1,,senzala,slave quarters,Bandeira2017[366-412],
Angolar,θɐ̃ˈðalɐ,sẽˈzalɐ,θɐ̃.ˈða.lɐ,sẽ.ˈza.lɐ,ˈða,ˈza,2,2,,senzala,slave quarters,Bandeira2017[366-412],
Angolar,θɐ̃ˈðalɐ,sẽˈzalɐ,θɐ̃.ˈða.lɐ,sẽ.ˈza.lɐ,lɐ,lɐ,3,3,,senzala,slave quarters,Bandeira2017[366-412],
Angolar,ˈθũbu,ˈʃũbu,ˈθũ.bu,ˈʃũ.bu,ˈθũ,ˈʃũ,1,1,,chumbo,lead,Bandeira2017[366-412],
Angolar,ˈθũbu,ˈʃũbu,ˈθũ.bu,ˈʃũ.bu,bu,bu,2,2,,chumbo,lead,Bandeira2017[366-412],
Angolar,fiˈo,ˈfɾiu,fi.ˈo,ˈfɾi.u,fi,ˈfɾi,1,1,,frio,cold,Bandeira2017[366-412],
Angolar,fiˈo,ˈfɾiu,fi.ˈo,ˈfɾi.u,ˈo,u,2,2,,frio,cold,Bandeira2017[366-412],
Angolar,kɐ̃ˈvɔ,kɐɾˈvɐ̃w̃,kɐ̃.ˈvɔ,kɐɾ.ˈvɐ̃w̃,kɐ̃,kɐɾ,1,1,,carvão,coal,Bandeira2017[366-412],
Angolar,kɐ̃ˈvɔ,kɐɾˈvɐ̃w̃,kɐ̃.ˈvɔ,kɐɾ.ˈvɐ̃w̃,ˈvɔ,ˈvɐ̃w̃,2,2,,carvão,coal,Bandeira2017[366-412],
Angolar,ˈmbɔsi,ˈnuvɐ̃j,ˈm.bɔ.si,ˈnu.vɐ̃j,,,,,,nuvem,cloud,Bandeira2017[366-412],Not of Portuguese origin
Angolar,niˈɲa,ˈleɲɐ,ni.ˈɲa,ˈle.ɲɐ,ni,ˈle,1,1,,lenha,wood,Bandeira2017[366-412],
Angolar,niˈɲa,ˈleɲɐ,ni.ˈɲa,ˈle.ɲɐ,ˈɲa,ɲɐ,2,2,,lenha,wood,Bandeira2017[366-412],
Angolar,miˈõgɐ,ˈmaɾ,mi.ˈõ.gɐ,ˈmaɾ,mi,ˈmaɾ,1,1,,mar,sea,Bandeira2017[366-412],Not of Portuguese origin
Angolar,miˈõgɐ,ˈmaɾ,mi.ˈõ.gɐ,ˈmaɾ,ˈõ,-,2,-,,mar,sea,Bandeira2017[366-412],Not of Portuguese origin
Angolar,miˈõgɐ,ˈmaɾ,mi.ˈõ.gɐ,ˈmaɾ,gɐ,-,3,-,,mar,sea,Bandeira2017[366-412],
Angolar,ɔ̃ˈpɔ,ˈpɔ,ɔ̃.ˈpɔ,ˈpɔ,ɔ̃,ˈpɔ,1,1,,pó,powder,Bandeira2017[366-412],
Angolar,ɔ̃ˈpɔ,ˈpɔ,ɔ̃.ˈpɔ,ˈpɔ,ˈpɔ,-,2,-,,pó,powder,Bandeira2017[366-412],
Angolar,oˈjo,ˈʁiu,o.ˈjo,ˈʁi.u,o,ˈʁi,1,1,,rio,river,Bandeira2017[366-412],
Angolar,oˈjo,ˈʁiu,o.ˈjo,ˈʁi.u,ˈjo,.u,2,2,,rio,river,Bandeira2017[366-412],
Angolar,ɔˈθɛ,ˈsɛw,ɔ.ˈθɛ,ˈsɛw,ɔ,ˈsɛw,1,1,,céu,sky,Bandeira2017[366-412],
Angolar,ɔˈθɛ,ˈsɛw,ɔ.ˈθɛ,ˈsɛw,ˈθɛ,-,2,2,,céu,sky,Bandeira2017[366-412],
Angolar,ˈpiku,ˈpiku,ˈpi.ku,ˈpi.ku,ˈpi,ˈpi,1,1,,pico,peak,Bandeira2017[366-412],
Angolar,ˈpiku,ˈpiku,ˈpi.ku,ˈpi.ku,ku,ku,2,2,,pico,peak,Bandeira2017[366-412],
Angolar,laˈvwe,oɾˈvaʎu,la.ˈvw.e,oɾ.ˈva.ʎu,la,oɾ,1,1,,orvalho,dew,Bandeira2017[366-412],Not of Portuguese origin
Angolar,laˈvwe,oɾˈvaʎu,la.ˈvw.e,oɾ.ˈva.ʎu,ˈvw,ˈva,2,2,,orvalho,dew,Bandeira2017[366-412],Not of Portuguese origin
Angolar,laˈvwe,oɾˈvaʎu,la.ˈvw.e,oɾ.ˈva.ʎu,e,ʎu,3,3,,orvalho,dew,Bandeira2017[366-412],Not of Portuguese origin
Angolar,ˈθɔlɔ,ˈsɔl,ˈθɔ.lɔ,ˈsɔl,ˈθɔ,ˈsɔl,1,1,,sol,sun,Bandeira2017[366-412],
Angolar,ˈθɔlɔ,ˈsɔl,ˈθɔ.lɔ,ˈsɔl,lɔ,-,2,-,,sol,sun,Bandeira2017[366-412],
Angolar,teˈtẽbu,ʃ.ˈtɾe.ɫɐ,te.ˈtẽ.bu,ʃ.ˈtɾe.ɫɐ,te,ʃ,1,1,,estrela,star,Bandeira2017[366-412],
Angolar,teˈtẽbu,ʃ.ˈtɾe.ɫɐ,te.ˈtẽ.bu,ʃ.ˈtɾe.ɫɐ,ˈtẽ,ˈtɾe,2,2,,estrela,star,Bandeira2017[366-412],
Angolar,teˈtẽbu,ʃ.ˈtɾe.ɫɐ,te.ˈtẽ.bu,ʃ.ˈtɾe.ɫɐ,bu,ɫɐ,3,3,,estrela,star,Bandeira2017[366-412],
Angolar,ˈθubɐ,ˈʃuvɐ,ˈθu.bɐ,ˈʃu.vɐ,ˈθu,ˈʃu,1,1,,chuva,rain,Bandeira2017[366-412],
Angolar,ˈθubɐ,ˈʃuvɐ,ˈθu.bɐ,ˈʃu.vɐ,bɐ,vɐ,2,2,,chuva,rain,Bandeira2017[366-412],
Angolar,ˈt̠ʃja,ˈteʁɐ,ˈt̠ʃja,ˈte.ʁɐ,ˈt̠ʃja,ˈte,1,1,,terra,earth,Bandeira2017[366-412],
Angolar,ˈt̠ʃja,ˈteʁɐ,ˈt̠ʃja,ˈte.ʁɐ,-,ʁɐ,-,2,,terra,earth,Bandeira2017[366-412],
Angolar,toˈvadɐ,tɾuvuˈadɐ,to.ˈva.dɐ,tɾu.vu.ˈa.dɐ,to,tɾu,1,1,,trovoada,thunderstorm,Bandeira2017[366-412],
Angolar,toˈvadɐ,tɾuvuˈadɐ,to.ˈva.dɐ,tɾu.vu.ˈa.dɐ,ˈva,vu,2,2,,trovoada,thunderstorm,Bandeira2017[366-412],
Angolar,toˈvadɐ,tɾuvuˈadɐ,to.ˈva.dɐ,tɾu.vu.ˈa.dɐ,dɐ,ˈa,3,3,,trovoada,thunderstorm,Bandeira2017[366-412],
Angolar,toˈvadɐ,tɾuvuˈadɐ,to.ˈva.dɐ,tɾu.vu.ˈa.dɐ,-,dɐ,-,4,,trovoada,thunderstorm,Bandeira2017[366-412],
Angolar,ˈvɛ̃tu,ˈvẽtu,ˈvɛ̃.tu,ˈvẽ.tu,ˈvɛ̃,ˈvẽ,1,1,,vento,wind,Bandeira2017[366-412],
Angolar,ˈvɛ̃tu,ˈvẽtu,ˈvɛ̃.tu,ˈvẽ.tu,tu,tu,2,2,,vento,wind,Bandeira2017[366-412],
Angolar,aˈle,ʁej,a.ˈle,ʁej,,,,,,rei,king,Bandeira2017[366-412],Not of Portuguese origin
Angolar,doˈtolo,doˈtoɾ,do.ˈto.lo,do.ˈtoɾ,do,do,1,1,,doutor,doctor,Bandeira2017[366-412],
Angolar,doˈtolo,doˈtoɾ,do.ˈto.lo,do.ˈtoɾ,ˈto,ˈtoɾ,2,2,,doutor,doctor,Bandeira2017[366-412],
Angolar,doˈtolo,doˈtoɾ,do.ˈto.lo,do.ˈtoɾ,lo,-,3,3,,doutor,doctor,Bandeira2017[366-412],
Angolar,kapiˈtelu,kɐɾpĩˈtejɾu,ka.pi.ˈte.lu,kɐɾ.pĩ.ˈtej.ɾu,ka,kɐɾ,1,1,,carpinteiro,carpenter,Bandeira2017[366-412],
Angolar,kapiˈtelu,kɐɾpĩˈtejɾu,ka.pi.ˈte.lu,kɐɾ.pĩ.ˈtej.ɾu,pi,pĩ,2,2,,carpinteiro,carpenter,Bandeira2017[366-412],
Angolar,kapiˈtelu,kɐɾpĩˈtejɾu,ka.pi.ˈte.lu,kɐɾ.pĩ.ˈtej.ɾu,ˈte,ˈtej,3,3,,carpinteiro,carpenter,Bandeira2017[366-412],
Angolar,kapiˈtelu,kɐɾpĩˈtejɾu,ka.pi.ˈte.lu,kɐɾ.pĩ.ˈtej.ɾu,lu,ɾu,4,4,,carpinteiro,carpenter,Bandeira2017[366-412],
Angolar,pisikaˈdo,pɨʃkɐˈdoɾ,pi.si.ka.ˈdo,pɨʃ.kɐ.ˈdoɾ,pi,pɨʃ,1,1,,pescador,fisherman,Bandeira2017[366-412],
Angolar,pisikaˈdo,pɨʃkɐˈdoɾ,pi.si.ka.ˈdo,pɨʃ.kɐ.ˈdoɾ,si.,kɐ,2,2,,pescador,fisherman,Bandeira2017[366-412],
Angolar,pisikaˈdo,pɨʃkɐˈdoɾ,pi.si.ka.ˈdo,pɨʃ.kɐ.ˈdoɾ,ka,ˈdoɾ,3,3,,pescador,fisherman,Bandeira2017[366-412],
Angolar,pisikaˈdo,pɨʃkɐˈdoɾ,pi.si.ka.ˈdo,pɨʃ.kɐ.ˈdoɾ,ˈdo,-,4,-,,pescador,fisherman,Bandeira2017[366-412],
Angolar,ˈlɛ̃ɲɐ,ʁɐˈiɲɐ,ˈlɛ̃.ɲɐ,ʁɐ.ˈi.ɲɐ,ˈlɛ̃,ʁɐ,1,1,,rainha,queen,Bandeira2017[366-412],
Angolar,ˈlɛ̃ɲɐ,ʁɐˈiɲɐ,ˈlɛ̃.ɲɐ,ʁɐ.ˈi.ɲɐ,-,ˈi,-,2,,rainha,queen,Bandeira2017[366-412],
Angolar,ˈlɛ̃ɲɐ,ʁɐˈiɲɐ,ˈlɛ̃.ɲɐ,ʁɐ.ˈi.ɲɐ,ɲɐ,ɲɐ,2,3,,rainha,queen,Bandeira2017[366-412],
Angolar,sapaˈtelu,sɐpɐˈtejɾu,sa.pa.ˈte.lu,sɐ.pɐ.ˈtej.ɾu,sa,sɐ,1,1,,sapateiro,shoemaker,Bandeira2017[366-412],
Angolar,sapaˈtelu,sɐpɐˈtejɾu,sa.pa.ˈte.lu,sɐ.pɐ.ˈtej.ɾu,pa,pɐ,2,2,,sapateiro,shoemaker,Bandeira2017[366-412],
Angolar,sapaˈtelu,sɐpɐˈtejɾu,sa.pa.ˈte.lu,sɐ.pɐ.ˈtej.ɾu,ˈte,ˈtej,3,3,,sapateiro,shoemaker,Bandeira2017[366-412],
Angolar,sapaˈtelu,sɐpɐˈtejɾu,sa.pa.ˈte.lu,sɐ.pɐ.ˈtej.ɾu,lu,ɾu,4,4,,sapateiro,shoemaker,Bandeira2017[366-412],
Angolar,θɔˈdɛ,sɔlˈdadu,θɔ.ˈdɛ,sɔl.ˈda.du,θɔ,sɔl,1,1,,soldado,soldier,Bandeira2017[366-412],
Angolar,θɔˈdɛ,sɔlˈdadu,θɔ.ˈdɛ,sɔl.ˈda.du,ˈdɛ,ˈda,2,2,,soldado,soldier,Bandeira2017[366-412],
Angolar,θɔˈdɛ,sɔlˈdadu,θɔ.ˈdɛ,sɔl.ˈda.du,-,du,-,3,,soldado,soldier,Bandeira2017[366-412],
Angolar,biˈdɔnɐ,bizɐˈvɔ,bi.ˈdɔ.nɐ,bi.zɐ.ˈvɔ,bi,bi,1,1,,bisavó,great-grandmother,Bandeira2017[366-412],
Angolar,biˈdɔnɐ,bizɐˈvɔ,bi.ˈdɔ.nɐ,bi.zɐ.ˈvɔ,ˈdɔ,zɐ,2,2,,bisavó,great-grandmother,Bandeira2017[366-412],
Angolar,biˈdɔnɐ,bizɐˈvɔ,bi.ˈdɔ.nɐ,bi.zɐ.ˈvɔ,nɐ,ˈvɔ,3,3,,bisavó,great-grandmother,Bandeira2017[366-412],
Angolar,biˈdɔnu,bizɐˈvo,bi.ˈdɔ.nu,bi.zɐ.ˈvo,bi,bi,1,1,,bisavô,great-grandfather,Bandeira2017[366-412],
Angolar,biˈdɔnu,bizɐˈvo,bi.ˈdɔ.nu,bi.zɐ.ˈvo,ˈdɔ,zɐ,2,2,,bisavô,great-grandfather,Bandeira2017[366-412],
Angolar,biˈdɔnu,bizɐˈvo,bi.ˈdɔ.nu,bi.zɐ.ˈvo,nu,ˈvo,3,3,,bisavô,great-grandfather,Bandeira2017[366-412],
Angolar,kuˈɲadɐ,kuˈɲadɐ,ku.ˈɲa.dɐ,ku.ˈɲa.dɐ,ku,ku,1,1,,cunhada,sister-in-law,Bandeira2017[366-412],
Angolar,kuˈɲadɐ,kuˈɲadɐ,ku.ˈɲa.dɐ,ku.ˈɲa.dɐ,ˈɲa,ˈɲa,2,2,,cunhada,sister-in-law,Bandeira2017[366-412],
Angolar,kuˈɲadɐ,kuˈɲadɐ,ku.ˈɲa.dɐ,ku.ˈɲa.dɐ,dɐ,dɐ,3,3,,cunhada,sister-in-law,Bandeira2017[366-412],
Angolar,kuˈɲadu,kuˈɲadu,ku.ˈɲa.du,ku.ˈɲa.du,ku,ku,1,1,,cunhado,brother-in-law,Bandeira2017[366-412],
Angolar,kuˈɲadu,kuˈɲadu,ku.ˈɲa.du,ku.ˈɲa.du,ˈɲa,ˈɲa,2,2,,cunhado,brother-in-law,Bandeira2017[366-412],
Angolar,kuˈɲadu,kuˈɲadu,ku.ˈɲa.du,ku.ˈɲa.du,du,du,3,3,,cunhado,brother-in-law,Bandeira2017[366-412],
Angolar,maˈma,mɐˈmɐ̃j,ma.ˈma,mɐ.ˈmɐ̃j,ma,mɐ,1,1,,mamãe,mother,Bandeira2017[366-412],
Angolar,maˈma,mɐˈmɐ̃j,ma.ˈma,mɐ.ˈmɐ̃j,ˈma,ˈmɐ̃j,2,2,,mamãe,mother,Bandeira2017[366-412],
Angolar,ˈmanɐ,iɾˈmɐ̃,ˈma.nɐ,iɾ.ˈmɐ̃,ˈma,iɾ,1,1,,irmã,sister,Bandeira2017[366-412],
Angolar,ˈmanɐ,iɾˈmɐ̃,ˈma.nɐ,iɾ.ˈmɐ̃,nɐ,ˈmɐ̃,2,2,,irmã,sister,Bandeira2017[366-412],
Angolar,ˈmanu,iɾˈmɐ̃w,ˈma.nu,iɾ.ˈmɐ̃w,ˈma,iɾ,1,1,,irmão,brother,Bandeira2017[366-412],
Angolar,ˈmanu,iɾˈmɐ̃w,ˈma.nu,iɾ.ˈmɐ̃w,nu,ˈmɐ̃w,2,2,,irmão,brother,Bandeira2017[366-412],
Angolar,ɔˈmɛ,ˈomɐ̃j,ɔ.ˈmɛ,ˈo.mɐ̃j,ɔ,ˈo,1,1,,homem,husband,Bandeira2017[366-412],
Angolar,ɔˈmɛ,ˈomɐ̃j,ɔ.ˈmɛ,ˈo.mɐ̃j,ˈmɛ,.mɐ̃j,2,2,,homem,husband,Bandeira2017[366-412],
Angolar,mẽˈgai,ʃˈpozɐ,mẽ.ˈgai,ʃ.ˈpo.zɐ,,,,,,esposa,wife,Bandeira2017[366-412],Not of portuguese origin
Angolar,ˈtata,paj,ˈta.ta,paj,ˈta,paj,1,1,,pai,father,Bandeira2017[366-412],Ideophone
Angolar,ˈtata,paj,ˈta.ta,paj,ta,-,2,-,,pai,father,Bandeira2017[366-412],Ideophone
Angolar,ˈpimu,ˈpɾimu,ˈpi.mu,ˈpɾi.mu,ˈpi,ˈpɾi,1,1,,primo,cousin,Bandeira2017[366-412],
Angolar,ˈpimu,ˈpɾimu,ˈpi.mu,ˈpɾi.mu,mu,mu,2,2,,primo,cousin,Bandeira2017[366-412],
Angolar,ˈt̠ʃio,ˈtʃiu,ˈt̠ʃi.o,ˈtʃi.u,ˈt̠ʃi,ˈtʃi,1,1,,tio,uncle,Bandeira2017[366-412],
Angolar,ˈt̠ʃio,ˈtʃiu,ˈt̠ʃi.o,ˈtʃi.u,o,u,2,2,,tio,uncle,Bandeira2017[366-412],
Angolar,ˈvjuvɐ,viˈuvɐ,ˈvju.vɐ,vi.ˈu.vɐ,ˈvju,vi,1,1,,viúva,widow,Bandeira2017[366-412],
Angolar,ˈvjuvɐ,viˈuvɐ,ˈvju.vɐ,vi.ˈu.vɐ,-,ˈu,-,2,,viúva,widow,Bandeira2017[366-412],
Angolar,ˈvjuvɐ,viˈuvɐ,ˈvju.vɐ,vi.ˈu.vɐ,vɐ,vɐ,2,3,,viúva,widow,Bandeira2017[366-412],
Angolar,aˈmi,ˈew,a.ˈmi,ˈew,,,,,,eu,I,Bandeira2017[366-412],Not of Portuguese origin
Angolar,ˈele,ˈeli,ˈe.le,ˈe.li,ˈe,ˈe,1,1,,ele,he/she,Bandeira2017[366-412],
Angolar,ˈele,ˈeli,ˈe.le,ˈe.li,le,li,2,2,,ele,he/she,Bandeira2017[366-412],
Angolar,ˈɛnɛ,ˈeɫɨʃ,ˈɛ.nɛ,ˈe.ɫɨʃ,ˈɛ,ˈe,1,1,,eles,they,Bandeira2017[366-412],
Angolar,ˈɛnɛ,ˈeɫɨʃ,ˈɛ.nɛ,ˈe.ɫɨʃ,nɛ,ɫɨʃ,2,2,,eles,they,Bandeira2017[366-412],
Angolar,ˈku,kõ,ˈku,kõ,ˈku,kõ,1,1,,com,with,Bandeira2017[366-412],
Angolar,ˈθɛpɛ,ˈsẽpɾɨ,ˈθɛ.pɛ,ˈsẽ.pɾɨ,ˈθɛ,ˈsẽ,1,1,,sempre,always,Bandeira2017[366-412],
,ˈθɛpɛ,ˈsẽpɾɨ,ˈθɛ.pɛ,ˈsẽ.pɾɨ,pɛ,pɾɨ,2,2,,sempre,always,Bandeira2017[366-412],
Angolar,ˈθũ,sɨˈɲoɾ,ˈθũ,sɨˈ.ɲoɾ,ˈθũ,sɨˈ,1,1,,senhor,lord,Bandeira2017[366-412],
Angolar,ˈθũ,sɨˈɲoɾ,ˈθũ,sɨˈ.ɲoɾ,-,ɲoɾ,-,2,,senhor,lord,Bandeira2017[366-412],
Angolar,ˈdodo,ˈdojdu,ˈdo.do,ˈdoj.du,ˈdo,ˈdoj,1,1,,doido,crazy,Bandeira2017[366-412],
Angolar,ˈdodo,ˈdojdu,ˈdo.do,ˈdoj.du,do,du,2,2,,doido,crazy,Bandeira2017[366-412],
Angolar,ˈfwe,feju,ˈfwe,fej.u,ˈfwe,fej,1,1,,feio,ugly,Bandeira2017[366-412],
Angolar,ˈfwe,feju,ˈfwe,fej.u,-,u,-,2,,feio,ugly,Bandeira2017[366-412],
Angolar,ˈfa:ku,ˈfɾaku,ˈfa:.ku,ˈfɾa.ku,ˈfa:,ˈfɾa,1,1,,fraco,weak,Bandeira2017[366-412],
Angolar,ˈfa:ku,ˈfɾaku,ˈfa:.ku,ˈfɾa.ku,ku,ku,2,2,,fraco,weak,Bandeira2017[366-412],
Angolar,ˈfũdu,ˈfũdu,ˈfũ.du,ˈfũ.du,ˈfũ,ˈfũ,1,1,,fundo,bottom,Bandeira2017[366-412],
Angolar,ˈfũdu,ˈfũdu,ˈfũ.du,ˈfũ.du,du,du,2,2,,fundo,bottom,Bandeira2017[366-412],
Angolar,ˈgagu,ˈgagu,ˈga.gu,ˈga.gu,ˈga,ˈga,1,1,,gago,stutterer,Bandeira2017[366-412],
Angolar,ˈgagu,ˈgagu,ˈga.gu,ˈga.gu,gu,gu,2,2,,gago,stutterer,Bandeira2017[366-412],
Angolar,ˈgodo,ˈɡoɾdu,ˈgo.do,ˈɡoɾ.du,ˈgo,ˈɡoɾ,1,1,,gordo,fat,Bandeira2017[366-412],
Angolar,ˈgodo,ˈɡoɾdu,ˈgo.do,ˈɡoɾ.du,do,ˈdu,2,2,,gordo,fat,Bandeira2017[366-412],
Angolar,ˈgwali,iˈgwaɫ,ˈgwa.li,i.ˈgwaɫ,ˈgwa,i,1,1,,igual,equal,Bandeira2017[366-412],
Angolar,ˈgwali,iˈgwaɫ,ˈgwa.li,i.ˈgwaɫ,li,ˈgwaɫ,2,2,,igual,equal,Bandeira2017[366-412],
Angolar,kaˈĩ,ɐvɐˈɾẽtu,ka.ˈĩ,ɐ.vɐ.ˈɾẽ.tu,,,,,,avarento,miser,Bandeira2017[366-412],Not of Portuguese origin
Angolar,kuˈpadu,kulˈpadu,ku.ˈpa.du,kul.ˈpa.du,ku,kul,1,1,,culpado,guilty,Bandeira2017[366-412],
Angolar,kuˈpadu,kulˈpadu,ku.ˈpa.du,kulˈpadu,ˈpa,ˈpa,2,2,,culpado,guilty,Bandeira2017[366-412],
Angolar,kuˈpadu,kulˈpadu,ku.ˈpa.du,kulˈpadu,du,du,3,3,,culpado,guilty,Bandeira2017[366-412],
Angolar,ˈkutu,ˈkuɾtu,ˈku.tu,ˈkuɾ.tu,ˈku,ˈkuɾ,1,1,,curto,short,Bandeira2017[366-412],
Angolar,ˈkutu,ˈkuɾtu,ˈku.tu,ˈkuɾ.tu,tu,tu,2,2,,curto,short,Bandeira2017[366-412],
Angolar,kuˈlu,ˈkɾu,ku.ˈlu,ˈkɾu,ku,ˈkɾu,1,1,,cru,raw,Bandeira2017[366-412],
Angolar,kuˈlu,ˈkɾu,ku.ˈlu,ˈkɾu,ˈlu,-,2,-,,cru,raw,Bandeira2017[366-412],
Angolar,ˈfɛku,ˈfɾeʃku,ˈfɛ.ku,ˈfɾeʃ.ku,ˈfɛ,ˈfɾeʃ,1,1,,fresco,fresh,Bandeira2017[366-412],
Angolar,ˈfɛku,ˈfɾeʃku,ˈfɛ.ku,ˈfɾeʃ.ku,ku,ku,2,2,,fresco,fresh,Bandeira2017[366-412],
Angolar,sisiˈma,ʃˈkuɾu,si.si.ˈma,ʃ.ˈku.ɾu,si,ʃ,1,1,,escuro,dark,Bandeira2017[366-412],
Angolar,sisiˈma,ʃˈkuɾu,si.si.ˈma,ʃ.ˈku.ɾu,si,ˈku,2,2,,escuro,dark,Bandeira2017[366-412],
Angolar,sisiˈma,ʃˈkuɾu,si.si.ˈma,ʃ.ˈku.ɾu,ˈma,ɾu,3,3,,escuro,dark,Bandeira2017[366-412],
Angolar,ˈmɐ̃gu,ˈmagɾu,ˈmɐ̃.gu,ˈma.gɾu,ˈmɐ̃,ˈma,1,1,,magro,thin,Bandeira2017[366-412],
Angolar,ˈmɐ̃gu,ˈmagɾu,ˈmɐ̃.gu,ˈma.gɾu,gu,gɾu,2,2,,magro,thin,Bandeira2017[366-412],
Angolar,ˈmɐ̃θu,ˈmɐ̃su,ˈmɐ̃.θu,ˈmɐ̃.su,ˈmɐ̃,ˈmɐ̃,1,1,,manso,meek,Bandeira2017[366-412],
Angolar,ˈmɐ̃θu,ˈmɐ̃su,ˈmɐ̃.θu,ˈmɐ̃.su,θu,su,2,2,,manso,meek,Bandeira2017[366-412],
Angolar,ˈθɛgu,ˈsɛɡu,ˈθɛ.gu,ˈsɛ.ɡu,ˈθɛ,sɛ,1,1,,cego,blind,Bandeira2017[366-412],
Angolar,ˈθɛgu,ˈsɛɡu,ˈθɛ.gu,sɛ.ɡu,ˈgu,ɡu,2,2,,cego,blind,Bandeira2017[366-412],
Angolar,ˈsimi,siuˈmẽtu,ˈsi.mi,si.u.ˈmẽ.tu,ˈsi,si,1,1,,ciumento,jealous,Bandeira2017[366-412],
Angolar,ˈsimi,siuˈmẽtu,ˈsi.mi,si.u.ˈmẽ.tu,mi,u,2,2,,ciumento,jealous,Bandeira2017[366-412],
Angolar,ˈsimi,siuˈmẽtu,ˈsi.mi,si.u.ˈmẽ.tu,-,ˈmẽ,-,3,,ciumento,jealous,Bandeira2017[366-412],
Angolar,ˈsimi,siuˈmẽtu,ˈsi.mi,si.u.ˈmẽ.tu,-,tu,-,4,,ciumento,jealous,Bandeira2017[366-412],
Angolar,θuˈpɛtu,ʃˈpeɾtu,θu.ˈpɛ.tu,ʃ.ˈpeɾ.tu,θu,ʃ,1,1,,esperto,clever,Bandeira2017[366-412],
Angolar,θuˈpɛtu,ʃˈpeɾtu,θu.ˈpɛ.tu,ʃ.ˈpeɾ.tu,ˈpɛ,ˈpeɾ,2,2,,esperto,clever,Bandeira2017[366-412],
Angolar,θuˈpɛtu,ʃˈpeɾtu,θu.ˈpɛ.tu,ʃ.ˈpeɾ.tu,tu,tu,3,3,,esperto,clever,Bandeira2017[366-412],
Angolar,ˈvɛ,ˈveʎu,ˈvɛ,ˈve.ʎu,ˈvɛ,ˈve,1,1,,velho,old,Bandeira2017[366-412],
Angolar,ˈvɛ,ˈveʎu,ˈvɛ,ˈve.ʎu,-,ʎu,-,2,,velho,old,Bandeira2017[366-412],
Angolar,ˈðɛdu,ɐˈzedu,ˈðɛ.du,ɐ.ˈze.du,ˈðɛ,ɐ,1,1,,azedo,sour,Bandeira2017[366-412],
Angolar,ˈðɛdu,ɐˈzedu,ˈðɛ.du,ɐ.ˈze.du,du,ˈze,2,2,,azedo,sour,Bandeira2017[366-412],
Angolar,ˈðɛdu,ɐˈzedu,ˈðɛ.du,ɐ.ˈze.du,-,du,3,3,,azedo,sour,Bandeira2017[366-412],
Angolar,ˈðudɐ,pɨˈsoɐ,ˈðu.dɐ,pɨ.ˈso.ɐ,ˈðu,pɨ,1,1,,pessoa,person,Bandeira2017[366-412],
Angolar,ˈðudɐ,pɨˈsoɐ,ˈðu.dɐ,pɨ.ˈso.ɐ,dɐ,ˈso,2,2,,pessoa,person,Bandeira2017[366-412],
Angolar,ˈðudɐ,pɨˈsoɐ,ˈðu.dɐ,pɨ.ˈso.ɐ,-,ɐ,-,3,,pessoa,person,Bandeira2017[366-412],
Angolar,ˈdosu,ˈdojʃ,ˈdo.su,ˈdojʃ,ˈdo,ˈdojʃ,1,1,,dois,two,Bandeira2017[366-412],
Angolar,ˈdosu,ˈdojʃ,ˈdo.su,ˈdojʃ,su,-,2,-,,dois,two,Bandeira2017[366-412],
Angolar,ˈkwanɐ,ˈkwatɾu,ˈkwa.nɐ,ˈkwa.tɾu,ˈkwa,ˈkwa,1,1,,quatro,four,Bandeira2017[366-412],
Angolar,ˈkwanɐ,ˈkwatɾu,ˈkwa.nɐ,ˈkwa.tɾu,nɐ,tɾu,2,2,,quatro,four,Bandeira2017[366-412],
Angolar,ˈlitu,ˈlitɾu,ˈli.tu,ˈli.tɾu,ˈli,ˈli,1,1,,litro,litre,Bandeira2017[366-412],
Angolar,ˈlitu,ˈlitɾu,ˈli.tu,ˈli.tɾu,tu,tɾu,2,2,,litro,litre,Bandeira2017[366-412],
Angolar,ˈmɛ,meˈtadʒi,ˈmɛ,me.ˈta.dʒi,ˈmɛ,me,1,1,,metade,half,Bandeira2017[366-412],
Angolar,ˈmɛ,meˈtadʒi,ˈmɛ,me.ˈta.dʒi,-,ˈta,-,2,,metade,half,Bandeira2017[366-412],
Angolar,ˈmɛ,meˈtadʒi,ˈmɛ,me.ˈta.dʒi,-,dʒi,-,3,,metade,half,Bandeira2017[366-412],
Angolar,ˈuvwɐ,ˈnovɨ,ˈu.vwɐ,ˈno.vɨ,,,,,,nove,nine,Bandeira2017[366-412],Not of portuguese origin
Angolar,pũˈbelu,pɾiˈmɐjɾu,pũ.ˈbe.lu,pɾi.ˈmɐj.ɾu,pũ,pɾi,1,1,,primeiro,first,Bandeira2017[366-412],
Angolar,pũˈbelu,pɾiˈmɐjɾu,pũ.ˈbe.lu,pɾi.ˈmɐj.ɾu,ˈbe,ˈmɐj,2,2,,primeiro,first,Bandeira2017[366-412],
Angolar,pũˈbelu,pɾiˈmɐjɾu,pũ.ˈbe.lu,pɾi.ˈmɐj.ɾu,lu,ɾu,3,3,,primeiro,first,Bandeira2017[366-412],
Angolar,ˈθamanu,ˈsejʃ,ˈθa.ma.nu,ˈse.jʃ,ˈθa,ˈse,1,1,,seis,six,Bandeira2017[366-412],Not of portuguese origin
Angolar,ˈθabadi,ˈsɛtɨ,ˈθa.ba.di,ˈse.tɨ,di,-,3,-,,sete,seven,Bandeira2017[366-412],Not of portuguese origin
Angolar,ˈtelu,ĩˈtejɾu,ˈte.lu,ĩ.ˈtej.ɾu,ˈte,ĩ,1,1,,inteiro,entire,Bandeira2017[366-412],
Angolar,ˈtelu,ĩˈtejɾu,ˈte.lu,ĩ.ˈte.jɾu,lu,ˈtej,2,2,,inteiro,entire,Bandeira2017[366-412],
Angolar,ˈtelu,ĩˈtejɾu,ˈte.lu,ĩ.ˈte.jɾu,-,ɾu,-,3,,inteiro,entire,Bandeira2017[366-412],
Angolar,ˈũa,ˈumɐ,ˈũa,ˈu.mɐ,ˈũa,ˈu,1,1,,uma,one,Bandeira2017[366-412],
Angolar,ˈũa,ˈumɐ,ˈũa,ˈu.mɐ,-,mɐ,-,2,,uma,one,Bandeira2017[366-412],
Angolar,ˈnake,ˈojtu,ˈna.ke,ˈoj.tu,ˈna,ˈoj,1,1,,oito,eight,Bandeira2017[366-412],Not of portuguese origin
Angolar,aˈbi,aˈbɾiw,a.ˈbi,a.ˈbɾiw,a,a,1,1,,abril,April,Bandeira2017[366-412],
Angolar,aˈbi,aˈbɾiw,a.ˈbi,a.ˈbɾiw,ˈbi,ˈbɾiw,2,2,,abril,April,Bandeira2017[366-412],
Angolar,aˈgoso,aˈɡɔʃtu,a.ˈgo.so,a.ˈɡɔʃ.tu,a,a,1,1,,agosto,August,Bandeira2017[366-412],
Angolar,aˈgoso,aˈɡɔʃtu,a.ˈgo.so,a.ˈɡɔʃ.tu,ˈgo,ɡɔʃ,2,2,,agosto,August,Bandeira2017[366-412],
Angolar,aˈgoso,aˈɡɔʃtu,a.ˈgo.so,a.ˈɡɔʃ.tu,so,tu,3,3,,agosto,August,Bandeira2017[366-412],
Angolar,mũˈgu,ɐmɐˈɲɐ̃,mũ.ˈgu,ɐ.mɐ.ˈɲɐ̃,mũ,ɐ,1,1,,amanhã,tomorrow,Bandeira2017[366-412],Not of portuguese origin
Angolar,maˈðoiˈna,ɐ̃tiˈõtɐ̃j,ma.ˈðoi.ˈna,ɐ̃.ti.ˈõ.tɐ̃j,,,,,,anteontem,the day before yesterday,Bandeira2017[366-412],Not of portuguese origin
Angolar,deˈðẽbu,dɘˈzẽbɾu,de.ˈðẽ.bu,dɘ.ˈzẽ.bɾu,de,dɘ,1,1,,dezembro,December,Bandeira2017[366-412],
Angolar,deˈðẽbu,dɘˈzẽbɾu,de.ˈðẽ.bu,dɘ.ˈzẽ.bɾu,ˈðẽ,ˈzẽ,2,2,,dezembro,December,Bandeira2017[366-412],
Angolar,deˈðẽbu,dɘˈzẽbɾu,de.ˈðẽ.bu,dɘ.ˈzẽ.bɾu,bu,bɾu,3,3,,dezembro,December,Bandeira2017[366-412],
Angolar,ˈdja,ˈdiɐ,ˈdj.a,ˈdi.ɐ,ˈdj,ˈdi,1,1,,dia,day,Bandeira2017[366-412],
Angolar,ˈdja,ˈdiɐ,ˈdj.a,ˈdi.ɐ,a,ɐ,2,2,,dia,day,Bandeira2017[366-412],
Angolar,djaˈdĩgu,duˈmĩgu,dja.ˈdĩ.gu,du.ˈmĩ.gu,dja,du,1,1,,domingo,sunday,Bandeira2017[366-412],
Angolar,djaˈdĩgu,duˈmĩgu,dja.ˈdĩ.gu,du.ˈmĩ.gu,ˈdĩ,ˈmĩ,2,2,,domingo,sunday,Bandeira2017[366-412],
Angolar,djaˈdĩgu,duˈmĩgu,dja.ˈdĩ.gu,du.ˈmĩ.gu,gu,gu,3,3,,domingo,sunday,Bandeira2017[366-412],
Angolar,feveˈlelu,fɨvɨˈɾejɾu,fe.ve.ˈle.lu,fɨ.vɨ.ˈɾej.ɾu,fe,fɨ,1,1,,fevereiro,February,Bandeira2017[366-412],
Angolar,feveˈlelu,fɨvɨˈɾejɾu,fe.ve.ˈle.lu,fɨ.vɨ.ˈɾej.ɾu,ve,vɨ,2,2,,fevereiro,February,Bandeira2017[366-412],
Angolar,feveˈlelu,fɨvɨˈɾejɾu,fe.ve.ˈle.lu,fɨ.vɨ.ˈɾej.ɾu,ˈle,ˈɾej,3,3,,fevereiro,February,Bandeira2017[366-412],
Angolar,feveˈlelu,fɨvɨˈɾejɾu,fe.ve.ˈle.lu,fɨ.vɨ.ˈɾej.ɾu,.lu,ɾu,4,4,,fevereiro,February,Bandeira2017[366-412],
Angolar,ˈθabadu,ˈsabɐdu,ˈθa.ba.du,ˈsa.bɐ.du,du,ˈsa,1,1,,sábado,saturday,Bandeira2017[366-412],
Angolar,ˈθabadu,ˈsabɐdu,ˈθa.ba.du,ˈsa.bɐ.du,ba,bɐ,2,2,,domingo,saturday,Bandeira2017[366-412],
Angolar,ˈθabadu,ˈsabɐdu,ˈθa.ba.du,ˈsa.bɐ.du,du,du,3,3,,segunda-feira,saturday,Bandeira2017[366-412],
Angolar,ˈθɛdu,ˈsedu,ˈθɛ.du,ˈse.du,ˈθɛ,ˈse,1,1,,cedo,early,Bandeira2017[366-412],
Angolar,ˈθɛdu,ˈsedu,ˈθɛ.du,ˈse.du,du,du,2,2,,cedo,early,Bandeira2017[366-412],
Angolar,θɛˈtɛ̃bu,sɨˈtẽbɾu,θɛ.ˈtɛ̃.bu,sɨ.ˈtẽ.bɾu,θɛ,sɨ,1,1,,setembro,September,Bandeira2017[366-412],
Angolar,θɛˈtɛ̃bu,sɨˈtẽbɾu,θɛ.ˈtɛ̃.bu,sɨ.ˈtẽ.bɾu,ˈtɛ̃,ˈtẽ,2,2,,outubro,September,Bandeira2017[366-412],
Angolar,θɛˈtɛ̃bu,sɨˈtẽbɾu,θɛ.ˈtɛ̃.bu,sɨ.ˈtẽ.bɾu,bu,bɾu,3,3,,novembro,September,Bandeira2017[366-412],
Angolar,ðaˈnelu,ʒɐˈnejɾu,ða.ˈne.lu,ʒɐ.ˈnej.ɾu,ða,ʒɐ,1,1,,janeiro,January,Bandeira2017[366-412],
Angolar,ðaˈnelu,ʒɐˈnejɾu,ða.ˈne.lu,ʒɐ.ˈnej.ɾu,ˈne,ˈnej,2,2,,fevereiro,January,Bandeira2017[366-412],
Angolar,ðaˈnelu,ʒɐˈnejɾu,ða.ˈne.lu,ʒɐ.ˈnej.ɾu,lu,ɾu,3,3,,março,January,Bandeira2017[366-412],
Angolar,ˈðulu,ˈʒuʎu,ˈðu.lu,ˈʒu.ʎu,ˈðu,ˈʒu,1,1,,julho,July,Bandeira2017[366-412],
Angolar,ˈðulu,ˈʒuʎu,ˈðu.lu,ˈʒu.ʎu,lu,ʎu,2,2,,agosto,July,Bandeira2017[366-412],
Angolar,ˈðũɲu,ˈʒuɲu,ˈðũ.ɲu,ˈʒu.ɲu,ˈðũ,ˈʒu,1,1,,junho,June,Bandeira2017[366-412],
Angolar,ˈðũɲu,ˈʒuɲu,ˈðũ.ɲu,ˈʒu.ɲu,ɲu,ɲu,2,2,,julho,June,Bandeira2017[366-412],
Angolar,ˈalimɐ,ˈaɫmɐ,ˈa.li.mɐ,ˈaɫ.mɐ,ˈa,ˈaɫ,1,1,,alma,soul,Bandeira2017[366-412],
Angolar,ˈalimɐ,ˈaɫmɐ,ˈa.li.mɐ,ˈaɫ.mɐ,li,mɐ,2,2,,alma,soul,Bandeira2017[366-412],
Angolar,ˈalimɐ,ˈaɫmɐ,ˈa.li.mɐ,ˈaɫ.mɐ,mɐ,-,3,-,,alma,soul,Bandeira2017[366-412],
Angolar,aˈtali,aɫˈtaɾ,a.ˈta.li,aɫ.ˈtaɾ,a,aɫ,1,1,,altar,Altar,Bandeira2017[366-412],
Angolar,aˈtali,aɫˈtaɾ,a.ˈta.li,aɫ.ˈtaɾ,ˈta,ˈtaɾ,2,2,,altar,Altar,Bandeira2017[366-412],
Angolar,aˈtali,aɫˈtaɾ,a.ˈta.li,aɫ.ˈtaɾ,li,-,3,-,,altar,Altar,Bandeira2017[366-412],
Angolar,ˈdeθu,ˈdewʃ,ˈde.θu,ˈdewʃ,ˈde,ˈdewʃ,1,1,,deus,god,Bandeira2017[366-412],
Angolar,ˈdeθu,ˈdewʃ,ˈde.θu,ˈdewʃ,θu,-,2,-,,deus,god,Bandeira2017[366-412],
Angolar,ˈdjabu,djˈabu,ˈdj.a.bu,dj.ˈa.bu,ˈdj,dj,1,1,,diabo,devil,Bandeira2017[366-412],
Angolar,ˈdjabu,djˈabu,ˈdj.a.bu,dj.ˈa.bu,a,ˈa,2,2,,diabo,devil,Bandeira2017[366-412],
Angolar,ˈdjabu,djˈabu,ˈdj.a.bu,dj.ˈa.bu,bu,bu,3,3,,diabo,devil,Bandeira2017[366-412],
Angolar,ˈgɔlja,ˈglɔɾiɐ,ˈgɔ.lja,ˈglɔ.ɾi.ɐ,ˈgɔ,ˈglɔ,1,1,,glória,glory,Bandeira2017[366-412],
Angolar,ˈgɔlja,ˈglɔɾiɐ,ˈgɔ.lja,ˈglɔ.ɾi.ɐ,lja,ɾi,2,2,,glória,glory,Bandeira2017[366-412],
Angolar,ˈgɔlja,ˈglɔɾiɐ,ˈgɔ.lja,ˈglɔ.ɾi.ɐ,-,ɐ,-,3,,glória,glory,Bandeira2017[366-412],
Angolar,ˈku:θu,ˈkɾuʃ,ˈku:.θu,ˈkɾuʃ,ˈku:,ˈkɾuʃ,1,1,,cruz,cross,Bandeira2017[366-412],
Angolar,ˈku:θu,ˈkɾuʃ,ˈku:.θu,ˈkɾuʃ,θu,-,2,-,,cruz,cross,Bandeira2017[366-412],
Angolar,miˈlagi,miˈɫagɾɨ,mi.ˈla.gi,mi.ˈɫa.gɾɨ,mi,mi,1,1,,milagre,miracle,Bandeira2017[366-412],
Angolar,miˈlagi,miˈɫagɾɨ,mi.ˈla.gi,mi.ˈɫa.gɾɨ,ˈla,ˈɫa,2,2,,milagre,miracle,Bandeira2017[366-412],
Angolar,miˈlagi,miˈɫagɾɨ,mi.ˈla.gi,mi.ˈɫa.gɾɨ,gi,gɾɨ,3,3,,milagre,miracle,Bandeira2017[366-412],
Angolar,laˈθo,oɾɐˈsɐ̃w,la.ˈθo,o.ɾɐ.ˈsɐ̃w,-,o,1,1,,oração,prayer,Bandeira2017[366-412],Not of portuguese origin
Angolar,ˈsɐ̃tu,ˈsɐ̃tu,ˈsɐ̃.tu,ˈsɐ̃.tu,ˈsɐ̃,ˈsɐ̃,1,1,,santo,saint,Bandeira2017[366-412],
Angolar,ˈsɐ̃tu,ˈsɐ̃tu,ˈsɐ̃.tu,ˈsɐ̃.tu,tu,tu,2,2,,santo,saint,Bandeira2017[366-412],
Angolar,ˈiku,ˈeɾvɐ,ˈi.ku,ˈeɾ.vɐ,,,,,,erva,grass,Bandeira2017[366-412],Not of Portuguese origin
Angolar,aluguˈdu,awɡoˈdɐ̃w̃,a.lu.gu.ˈdu,aw.ɡo.ˈdɐ̃w̃,a,aw,1,1,,algodão,cotton,Bandeira2017[366-412],
Angolar,aluguˈdu,awɡoˈdɐ̃w̃,a.lu.gu.ˈdu,aw.ɡo.ˈdɐ̃w̃,lu,ɡo,2,2,,algodão,cotton,Bandeira2017[366-412],
Angolar,aluguˈdu,awɡoˈdɐ̃w̃,a.lu.gu.ˈdu,aw.ɡo.ˈdɐ̃w̃,gu,ˈdɐ̃w̃,3,3,,algodão,cotton,Bandeira2017[366-412],
Angolar,aluguˈdu,awɡoˈdɐ̃w̃,a.lu.gu.ˈdu,aw.ɡo.ˈdɐ̃w̃,ˈdu,-,4,-,,algodão,cotton,Bandeira2017[366-412],
Angolar,ˈfja,ˈfoʎɐ,ˈfja,ˈfo.ʎɐ,ˈfja,ˈfo,1,1,,folha,leaf,Bandeira2017[366-412],
Angolar,ˈfja,ˈfoʎɐ,ˈfja,ˈfo.ʎɐ,-,ˈʎɐ,-,2,,folha,leaf,Bandeira2017[366-412],
Angolar,ˈfɔli,ˈfloɾ,ˈfɔ.li,ˈfloɾ,ˈfɔ,ˈfloɾ,1,1,,flor,flower,Bandeira2017[366-412],
Angolar,ˈfɔli,ˈfloɾ,ˈfɔ.li,ˈfloɾ,li,-,2,-,,flor,flower,Bandeira2017[366-412],
Angolar,ˈko:θu,kɐˈɾosu,ˈko:.θu,kɐ.ˈɾo.su,ˈko:,kɐ,1,1,,caroço,lump,Bandeira2017[366-412],
Angolar,ˈko:θu,kɐˈɾosu,ˈko:.θu,kɐ.ˈɾo.su,.,ˈɾo,2,2,,caroço,lump,Bandeira2017[366-412],
Angolar,ˈko:θu,kɐˈɾosu,ˈko:.θu,kɐ.ˈɾo.su,θu,su,2,3,,caroço,lump,Bandeira2017[366-412],
Angolar,ˈpajɐ,ˈpaʎɐ,ˈpaj.ɐ,ˈpa.ʎɐ,ˈpaj,ˈpa,1,1,,palha,straw,Bandeira2017[366-412],
Angolar,ˈpajɐ,ˈpaʎɐ,ˈpaj.ɐ,ˈpa.ʎɐ,ɐ,ʎɐ,2,2,,palha,straw,Bandeira2017[366-412],
Angolar,ˈpɛmɐ,paɫˈmɐjɾɐ,ˈpɛ.mɐ,paɫ.ˈmɐj.ɾɐ,ˈpɛ,paɫ,1,1,,palmeira,palm,Bandeira2017[366-412],
Angolar,ˈpɛmɐ,paɫˈmɐjɾɐ,ˈpɛ.mɐ,paɫ.ˈmɐj.ɾɐ,mɐ,ˈmɐj,2,2,,palmeira,palm,Bandeira2017[366-412],
Angolar,ˈpɛmɐ,paɫˈmɐjɾɐ,ˈpɛ.mɐ,paɫ.ˈmɐj.ɾɐ,-,ɾɐ,-,3,,palmeira,palm,Bandeira2017[366-412],
Angolar,paˈmitu,paɫˈmitu,pa.ˈmi.tu,paɫ.ˈmi.tu,pa,paɫ,1,1,,palmito,palm heart,Bandeira2017[366-412],
Angolar,paˈmitu,paɫˈmitu,pa.ˈmi.tu,paɫ.ˈmi.tu,ˈmi,ˈmi,2,2,,palmito,palm heart,Bandeira2017[366-412],
Angolar,paˈmitu,paɫˈmitu,pa.ˈmi.tu,paɫ.ˈmi.tu,tu,tu,3,3,,palmito,palm heart,Bandeira2017[366-412],
Angolar,iˈkwe,sɨˈmẽtɨ,i.ˈkwe,sɨ.ˈmẽ.tɨ,,,,,,semente,seed,Bandeira2017[366-412],Not of Portuguese origin
Angolar,θuˈpigɐ,ʃˈpigɐ,θu.ˈpi.gɐ,ʃ.ˈpi.gɐ,θu,ʃ,1,1,,espiga,ear,Bandeira2017[366-412],
Angolar,θuˈpigɐ,ʃˈpigɐ,θu.ˈpi.gɐ,ʃ.ˈpi.gɐ,ˈpi,ˈpi,2,2,,espiga,ear,Bandeira2017[366-412],
Angolar,θuˈpigɐ,ʃˈpigɐ,θu.ˈpi.gɐ,ʃ.ˈpi.gɐ,gɐ,gɐ,3,3,,espiga,ear,Bandeira2017[366-412],
Angolar,ˈsĩba,ẽˈbajʃu,ˈsĩ.ba,ẽ.ˈbaj.ʃu,ˈsĩ,ẽ,1,1,,embaixo,under,Bandeira2017[366-412],
Angolar,ˈsĩba,ẽˈbajʃu,ˈsĩ.ba,ẽ.ˈbaj.ʃu,ba,ˈbaj,2,2,,embaixo,under,Bandeira2017[366-412], 
Angolar,ˈsĩba,ẽˈbajʃu,ˈsĩ.ba,ẽ.ˈbaj.ʃu,-,ʃu,-,3,,embaixo,under,Bandeira2017[366-412],
Angolar,ˈdetu,ˈdẽtɾu,ˈde.tu,ˈdẽ.tɾu,ˈde,ˈdẽ,1,1,,dentro,in,Bandeira2017[366-412],
Angolar,ˈdetu,ˈdẽtɾu,ˈde.tu,ˈdẽ.tɾu,tu,tɾu,2,2,,dentro,in,Bandeira2017[366-412],
Angolar,ˈfɔ,ˈfɔɾɐ,ˈfɔ,ˈfɔ.ɾɐ,ˈfɔ,ˈfɔ,1,1,,fora,outside,Bandeira2017[366-412],
Angolar,ˈfɔ,ˈfɔɾɐ,ˈfɔ,ˈfɔ.ɾɐ,-,ɾɐ,-,2,,fora,outside,Bandeira2017[366-412],
Angolar,ˈla,ˈla,ˈla,ˈla,ˈla,ˈla,1,1,,lá,there,Bandeira2017[366-412],
Angolar,ˈlõd̠ʒi,ˈɫõʒɨ,ˈlõ.d̠ʒi,ˈɫõ.ʒɨ,ˈlõ,ˈɫõ,1,1,,longe,far,Bandeira2017[366-412],
Angolar,ˈlõd̠ʒi,ˈɫõʒɨ,ˈlõ.d̠ʒi,ˈɫõ.ʒɨ,d̠ʒi,ʒɨ,2,2,,longe,far,Bandeira2017[366-412],
Angolar,ˈpɛtu,ˈpeɾtu,ˈpɛ.tu,ˈpeɾ.tu,ˈpɛ,ˈpeɾ,1,1,,perto,near,Bandeira2017[366-412],
Angolar,ˈpɛtu,ˈpeɾtu,ˈpɛ.tu,ˈpeɾ.tu,tu,tu,2,2,,perto,near,Bandeira2017[366-412],
Angolar,siˈkɛdu,ʃˈkeɾdu,si.ˈkɛ.du,ʃ.ˈkeɾ.du,si,ʃ,1,1,,esquerdo,left,Bandeira2017[366-412],
Angolar,siˈkɛdu,ʃˈkeɾdu,si.ˈkɛ.du,ʃ.ˈkeɾ.du,ˈkɛ,ˈkeɾ,2,2,,esquerdo,left,Bandeira2017[366-412],
Angolar,siˈkɛdu,ʃˈkeɾdu,si.ˈkɛ.du,ʃ.ˈkeɾ.du,du,du,3,3,,esquerdo,left,Bandeira2017[366-412],
Angolar,baˈdɛlɐ,bɐ̃wˈdɐjɾɐ,ba.ˈdɛ.lɐ,bɐ̃w.ˈdɐj.ɾɐ,ba,bɐ̃w,1,1,,bandeira,flag,Bandeira2017[366-412],
Angolar,baˈdɛlɐ,bɐ̃wˈdɐjɾɐ,ba.ˈdɛ.lɐ,bɐ̃w.ˈdɐj.ɾɐ,ˈdɛ,ˈdɐj,2,2,,bandeira,flag,Bandeira2017[366-412],
Angolar,baˈdɛlɐ,bɐ̃wˈdɐjɾɐ,ba.ˈdɛ.lɐ,bɐ̃w.ˈdɐj.ɾɐ,lɐ,ɾɐ,3,3,,bandeira,flag,Bandeira2017[366-412],
Angolar,baˈθuɐ,vɐˈsoɾɐ,ba.ˈθu.ɐ,vɐ.ˈso.ɾɐ,ba,vɐ,1,1,,vassoura,broom,Bandeira2017[366-412],
Angolar,baˈθuɐ,vɐˈsoɾɐ,ba.ˈθu.ɐ,vɐ.ˈso.ɾɐ,ˈθu,ˈso,2,2,,vassoura,broom,Bandeira2017[366-412],
Angolar,baˈθuɐ,vɐˈsoɾɐ,ba.ˈθu.ɐ,vɐ.ˈso.ɾɐ,ɐ,ɾɐ,3,3,,vassoura,broom,Bandeira2017[366-412],
Angolar,bɔˈtɔ,buˈtɐ̃w,bɔ.ˈtɔ,bu.ˈtɐ̃w,bɔ,bu,1,1,,botão,button,Bandeira2017[366-412],
Angolar,bɔˈtɔ,buˈtɐ̃w,bɔ.ˈtɔ,bu.ˈtɐ̃w,ˈtɔ,ˈtɐ̃w,2,2,,botão,button,Bandeira2017[366-412],
Angolar,afiˈnete,aɫfiˈnetɨ,a.fi.ˈne.te,aɫ.fi.ˈne.tɨ,a,aɫ,1,1,,alfinete,pin,Bandeira2017[366-412],
Angolar,afiˈnete,aɫfiˈnetɨ,a.fi.ˈne.te,aɫ.fi.ˈne.tɨ,fi,fi,2,2,,alfinete,pin,Bandeira2017[366-412],
Angolar,afiˈnete,aɫfiˈnetɨ,a.fi.ˈne.te,aɫ.fi.ˈne.tɨ,ˈne,ˈne,3,3,,alfinete,pin,Bandeira2017[366-412],
Angolar,afiˈnete,aɫfiˈnetɨ,a.fi.ˈne.te,aɫ.fi.ˈne.tɨ,te,tɨ,4,4,,alfinete,pin,Bandeira2017[366-412],
Angolar,ˈdɔmɐ,ʀɨˈdomɐ,ˈdɔ.mɐ,ʁɨ.ˈdo.mɐ,ˈdɔ,ʁɨ,1,1,,redoma,bottle,Bandeira2017[366-412],
Angolar,ˈdɔmɐ,ʀɨˈdomɐ,ˈdɔ.mɐ,ʁɨ.ˈdo.mɐ,mɐ,ˈdo,2,2,,redoma,bottle,Bandeira2017[366-412],
Angolar,ˈdɔmɐ,ʀɨˈdomɐ,ˈdɔ.mɐ,ʁɨ.ˈdo.mɐ,-,mɐ,-,3,,redoma,bottle,Bandeira2017[366-412],
Angolar,ˈgalufu,ˈgaɾfu,ˈga.lu.fu,ˈgaɾ.fu,ˈga,ˈgaɾ,1,1,,garfo,fork,Bandeira2017[366-412],
Angolar,ˈgalufu,ˈgaɾfu,ˈga.lu.fu,ˈgaɾ.fu,lu,fu,2,2,,garfo,fork,Bandeira2017[366-412],
Angolar,ˈgalufu,ˈgaɾfu,ˈga.lu.fu,ˈgaɾ.fu,fu,-,3,-,,garfo,fork,Bandeira2017[366-412],
Angolar,ˈsitakɐ,ʃˈtakɐ,ˈsi.ta.kɐ,ʃ.ˈta.kɐ,ˈsi,ʃ,1,1,,estaca,stake,Bandeira2017[366-412],
Angolar,ˈsitakɐ,ʃˈtakɐ,ˈsi.ta.kɐ,ʃ.ˈta.kɐ,ta,ˈta,2,2,,estaca,stake,Bandeira2017[366-412],
Angolar,ˈsitakɐ,ʃˈtakɐ,ˈsi.ta.kɐ,ʃ.ˈta.kɐ,kɐ,kɐ,3,3,,estaca,stake,Bandeira2017[366-412],
Angolar,ˈkɔpu,ˈkɔpu,ˈkɔ.pu,ˈkɔ.pu,ˈkɔ,ˈkɔ,1,1,,copo,glass,Bandeira2017[366-412],
Angolar,ˈkɔpu,ˈkɔpu,ˈkɔ.pu,ˈkɔ.pu,pu,pu,2,2,,copo,glass,Bandeira2017[366-412],
Angolar,ˈkɔdɔ,ˈkɔɾdɐ,ˈkɔ.dɔ,ˈkɔɾ.dɐ,ˈkɔ,ˈkɔɾ,1,1,,corda,rope,Bandeira2017[366-412],
Angolar,ˈkɔdɔ,ˈkɔɾdɐ,ˈkɔ.dɔ,ˈkɔɾ.dɐ,dɔ,dɐ,2,2,,corda,rope,Bandeira2017[366-412],
Angolar,kwaˈdo,kuɐˈdoɾ,kwa.ˈdo,ku.ɐ.ˈdoɾ,kwa,ku,1,1,,coador,strainer,Bandeira2017[366-412],
Angolar,kwaˈdo,kuɐˈdoɾ,kwa.ˈdo,ku.ɐ.ˈdoɾ,ˈdo,ɐ,2,2,,coador,strainer,Bandeira2017[366-412],
Angolar,kwaˈdo,kuɐˈdoɾ,kwa.ˈdo,ku.ɐ.ˈdoɾ,-,.ˈdoɾ,-,3,,coador,strainer,Bandeira2017[366-412],
Angolar,lãˈpjõ,lɐ̃piˈɐ̃w̃,lã.ˈpjõ,lɐ̃.pi.ˈɐ̃w̃,lã,lɐ̃,1,1,,lampião,lantern,Bandeira2017[366-412],
Angolar,lãˈpjõ,lɐ̃piˈɐ̃w̃,lã.ˈpjõ,lɐ̃.pi.ˈɐ̃w̃,ˈpjõ,pi,2,2,,lampião,lantern,Bandeira2017[366-412],
Angolar,lãˈpjõ,lɐ̃piˈɐ̃w̃,lã.ˈpjõ,lɐ̃.pi.ˈɐ̃w̃,-,ˈɐ̃w̃,-,3,,lampião,lantern,Bandeira2017[366-412],
Angolar,ˈlɐ̃sɐ,ˈlɐ̃sɐ,ˈlɐ̃.sɐ,ˈlɐ̃.sɐ,ˈlɐ̃,ˈlɐ̃,1,1,,lança,lance,Bandeira2017[366-412],
Angolar,ˈlɐ̃sɐ,ˈlɐ̃sɐ,ˈlɐ̃.sɐ,ˈlɐ̃.sɐ,sɐ,sɐ,2,2,,lança,lance,Bandeira2017[366-412],
Angolar,maˈtɛlu,maɾˈteɫu,ma.ˈtɛ.lu,maɾ.ˈte.ɫu,ma,maɾ,1,1,,martelo,hammer,Bandeira2017[366-412],
Angolar,maˈtɛlu,maɾˈteɫu,ma.ˈtɛ.lu,maɾ.ˈte.ɫu,ˈtɛ,ˈte,2,2,,martelo,hammer,Bandeira2017[366-412],
Angolar,maˈtɛlu,maɾˈteɫu,ma.ˈtɛ.lu,maɾ.ˈte.ɫu,lu,ɫu,3,3,,martelo,hammer,Bandeira2017[366-412],
Angolar,maˈθadu,mɐˈʃadu,ma.ˈθa.du,mɐ.ˈʃa.du,ma,mɐ,1,1,,machado,ax,Bandeira2017[366-412],
Angolar,maˈθadu,mɐˈʃadu,ma.ˈθa.du,mɐ.ˈʃa.du,ˈθa,ˈʃa,2,2,,machado,ax,Bandeira2017[366-412],
Angolar,maˈθadu,mɐˈʃadu,ma.ˈθa.du,mɐ.ˈʃa.du,du,du,3,3,,machado,ax,Bandeira2017[366-412],
Angolar,ˈmwɛdɐ,muˈedɐ,ˈmw.ɛ.dɐ,mu.ˈe.dɐ,ˈmw,mu,1,1,,moeda,coin,Bandeira2017[366-412],
Angolar,ˈmwɛdɐ,muˈedɐ,ˈmw.ɛ.dɐ,mu.ˈe.dɐ,ɛ,ˈe,2,2,,moeda,coin,Bandeira2017[366-412],
Angolar,ˈmwɛdɐ,muˈedɐ,ˈmw.ɛ.dɐ,mu.ˈe.dɐ,dɐ,dɐ,3,3,,moeda,coin,Bandeira2017[366-412],
Angolar,paˈnɛlɐ,pɐˈneɫɐ,pa.ˈnɛ.lɐ,pɐ.ˈne.ɫɐ,pa,pɐ,1,1,,panela,pot,Bandeira2017[366-412],
Angolar,paˈnɛlɐ,pɐˈneɫɐ,pa.ˈnɛ.lɐ,pɐ.ˈne.ɫɐ,ˈnɛ,ˈne,2,2,,panela,pot,Bandeira2017[366-412],
Angolar,paˈnɛlɐ,pɐˈneɫɐ,pa.ˈnɛ.lɐ,pɐ.ˈne.ɫɐ,lɐ,ɫɐ,3,3,,panela,pot,Bandeira2017[366-412],
Angolar,ˈpẽt̠ʃi,ˈpẽtɨ,ˈpẽ.t̠ʃi,ˈpẽ.tɨ,ˈpẽ,ˈpẽ,1,1,,pente,comb,Bandeira2017[366-412],
Angolar,ˈpẽt̠ʃi,ˈpẽtɨ,ˈpẽ.t̠ʃi,ˈpẽ.tɨ,t̠ʃi,tɨ,2,2,,pente,comb,Bandeira2017[366-412],
Angolar,piˈnɛlɐ,pɨˈnɐjɾɐ,pi.ˈnɛ.lɐ,pɨ.ˈnɐj.ɾɐ,pi,pɨ,1,1,,peneira,sieve,Bandeira2017[366-412],
Angolar,piˈnɛlɐ,pɨˈnɐjɾɐ,pi.ˈnɛ.lɐ,pɨ.ˈnɐj.ɾɐ,ˈnɛ,nɐj,2,2,,peneira,sieve,Bandeira2017[366-412],
Angolar,piˈnɛlɐ,pɨˈnɐjɾɐ,pi.ˈnɛ.lɐ,pɨ.ˈnɐj.ɾɐ,lɐ,ɾɐ,3,3,,peneira,sieve,Bandeira2017[366-412],
Angolar,ˈpa:tu,ˈpɾatu,ˈpa:.tu,ˈpɾa.tu,ˈpa:,ˈpɾa,1,1,,prato,plate,Bandeira2017[366-412],
Angolar,ˈpa:tu,ˈpɾatu,ˈpa:.tu,ˈpɾa.tu,tu,tu,2,2,,prato,plate,Bandeira2017[366-412],
Angolar,ˈpɛ:gu,ˈpɾegu,ˈpɛ:.gu,ˈpɾe.gu,ˈpɛ:,ˈpɾe,1,1,,prego,nail,Bandeira2017[366-412],
Angolar,ˈpɛ:gu,ˈpɾegu,ˈpɛ:.gu,ˈpɾe.gu,gu,gu,2,2,,prego,nail,Bandeira2017[366-412],
Angolar,ˈlɔdɐ,ˈʁodɐ,ˈlɔ.dɐ,ˈʁo.dɐ,ˈlɔ,ˈʁo,1,1,,roda,wheel,Bandeira2017[366-412],
Angolar,ˈlɔdɐ,ˈʁodɐ,ˈlɔ.dɐ,ˈʁo.dɐ,dɐ,dɐ,2,2,,roda,wheel,Bandeira2017[366-412],
Angolar,maˈθadu,mɐˈʃadu,ma.ˈθa.du,mɐ.ˈʃa.du,ma,mɐ,1,1,,machado,ax,Bandeira2017[366-412],
Angolar,maˈθadu,mɐˈʃadu,ma.ˈθa.du,mɐ.ˈʃa.du,ˈθa,ˈʃa,2,2,,machado,ax,Bandeira2017[366-412],
Angolar,maˈθadu,mɐˈʃadu,ma.ˈθa.du,mɐ.ˈʃa.du,du,du,3,3,,machado,ax,Bandeira2017[366-412],
Angolar,ˈθadɐ,ẽˈʃadɐ,ˈθa.dɐ,ẽ.ˈʃa.dɐ,ˈθa,ẽ,1,1,,enxada,hoe,Bandeira2017[366-412],
Angolar,ˈθadɐ,ẽˈʃadɐ,ˈθa.dɐ,ẽ.ˈʃa.dɐ,dɐ,ˈʃa,2,2,,enxada,hoe,Bandeira2017[366-412],
Angolar,ˈθadɐ,ẽˈʃadɐ,ˈθa.dɐ,ẽ.ˈʃa.dɐ,-,dɐ,-,3,,enxada,hoe,Bandeira2017[366-412],
Angolar,ˈsinu,ˈsinu,ˈsi.nu,ˈsi.nu,ˈsi,ˈsi,1,1,,sino,bell,Bandeira2017[366-412],
Angolar,ˈsinu,ˈsinu,ˈsi.nu,ˈsi.nu,nu,nu,2,2,,sino,bell,Bandeira2017[366-412],
Angolar,ˈθot̠ʃi,ɐˈsojtɨ,ˈθo.t̠ʃi,ɐ.ˈsoj.tɨ,-,ɐ,-,1,,açoite,scourge,Bandeira2017[366-412],
Angolar,ˈθot̠ʃi,ɐˈsojtɨ,ˈθo.t̠ʃi,ɐ.ˈsoj.tɨ,ˈθo,ˈsoj,1,2,,açoite,scourge,Bandeira2017[366-412],
Angolar,ˈθot̠ʃi,ɐˈsojtɨ,ˈθo.t̠ʃi,ɐ.ˈsoj.tɨ,t̠ʃi,tɨ,2,3,,açoite,scourge,Bandeira2017[366-412],
Angolar,θuˈpe,ʃ.ˈpɐ.ʎu,θu.ˈpe,ʃ.ˈpɐ.ʎu,θu,ʃ,1,1,,espelho,mirror,Bandeira2017[366-412],
Angolar,θuˈpe,ʃ.ˈpɐ.ʎu,θu.ˈpe,ʃ.ˈpɐ.ʎu,ˈpe,ˈpɐ,2,2,,espelho,mirror,Bandeira2017[366-412],
Angolar,θuˈpe,ʃ.ˈpɐ.ʎu,θu.ˈpe,ʃ.ˈpɐ.ʎu,-,ʎu,-,3,,espelho,mirror,Bandeira2017[366-412],
Angolar,ˈtapɐ,ˈtɐ̃pɐ,ˈta.pɐ,ˈtɐ̃.pɐ,ˈta,ˈtɐ̃,1,1,,tampa,cover,Bandeira2017[366-412],
Angolar,ˈtapɐ,ˈtɐ̃pɐ,ˈta.pɐ,ˈtɐ̃.pɐ,pɐ,pɐ,2,2,,tampa,cover,Bandeira2017[366-412],
Angolar,ˈtaθu,ˈtaʃu,ˈta.θu,ˈta.ʃu,ˈta,ˈta,1,1,,tacho,pan,Bandeira2017[366-412],
Angolar,ˈtaθu,ˈtaʃu,ˈta.θu,ˈta.ʃu,θu,ʃu,2,2,,tacho,pan,Bandeira2017[366-412],
Angolar,ˈvɛlɐ,ˈvɛlɐ,ˈvɛ.lɐ,ˈvɛ.lɐ,ˈvɛ,ˈvɛ,1,1,,vela,candle,Bandeira2017[366-412],
Angolar,ˈvɛlɐ,ˈvɛlɐ,ˈvɛ.lɐ,ˈvɛ.lɐ,lɐ,lɐ,2,2,,vela,candle,Bandeira2017[366-412],
Angolar,ˈðɔlɔ,ɐ̃ˈzɔɫ,ˈðɔ.lɔ,ɐ̃.ˈzɔɫ,ˈðɔ,ɐ̃,1,1,,anzol,hook,Bandeira2017[366-412],
Angolar,ˈðɔlɔ,ɐ̃ˈzɔɫ,ˈðɔ.lɔ,ɐ̃.ˈzɔɫ,lɔ,ˈzɔɫ,2,2,,anzol,hook,Bandeira2017[366-412],
Angolar,biˈsidu,vɨʃˈtidu,bi.ˈsi.du,vɨʃ.ˈti.du,bi,vɨʃ,1,1,,vestido,dress,Bandeira2017[366-412],
Angolar,biˈsidu,vɨʃˈtidu,bi.ˈsi.du,vɨʃ.ˈti.du,ˈsi,ˈti,2,2,,vestido,dress,Bandeira2017[366-412],
Angolar,biˈsidu,vɨʃˈtidu,bi.ˈsi.du,vɨʃ.ˈti.du,du,du,3,3,,vestido,dress,Bandeira2017[366-412],
Angolar,ˈbɔtɐ,ˈbotɐ,ˈbɔ.tɐ,ˈbo.tɐ,ˈbɔ,ˈbo,1,1,,bota,boot,Bandeira2017[366-412],
Angolar,ˈbɔtɐ,ˈbotɐ,ˈbɔ.tɐ,ˈbo.tɐ,tɐ,tɐ,2,2,,bota,boot,Bandeira2017[366-412],
Angolar,kaˈmiðɐ,kɐˈmizɐ,ka.ˈmi.ðɐ,kɐ.ˈmi.zɐ,ka,kɐ,1,1,,camisa,shirt,Bandeira2017[366-412],
Angolar,kaˈmiðɐ,kɐˈmizɐ,ka.ˈmi.ðɐ,kɐ.ˈmi.zɐ,ˈmi,ˈmi,2,2,,camisa,shirt,Bandeira2017[366-412],
Angolar,kaˈmiðɐ,kɐˈmizɐ,ka.ˈmi.ðɐ,kɐ.ˈmi.zɐ,ðɐ,zɐ,3,3,,camisa,shirt,Bandeira2017[366-412],
Angolar,kaˈθo,kalˈsɐ̃w̃,ka.ˈθo,kal.ˈsɐ̃w̃,ka,kal,1,1,,calção,short trousers,Bandeira2017[366-412],
Angolar,kaˈθo,kalˈsɐ̃w̃,ka.ˈθo,kal.ˈsɐ̃w̃,ˈθo,ˈsɐ̃w̃,2,2,,calção,short trousers,Bandeira2017[366-412],
Angolar,ˈmejɐ,ˈmejɐ,ˈmejɐ,ˈmej.ɐ,ˈmej,ˈmej,1,1,,meia,sock,Bandeira2017[366-412],
Angolar,ˈmejɐ,ˈmejɐ,ˈmejɐ,ˈmej.ɐ,ɐ,ɐ,2,2,,meia,sock,Bandeira2017[366-412],
Angolar,ˈθajɐ,ˈsajɐ,ˈθaj.ɐ,ˈsaj.ɐ,ˈθaj,ˈsaj,1,1,,saia,skirt,Bandeira2017[366-412],
Angolar,ˈθajɐ,ˈsajɐ,ˈθaj.ɐ,ˈsaj.ɐ,ɐ,ɐ,2,2,,saia,skirt,Bandeira2017[366-412],
Angolar,θaˈpe,ʃɐˈpew,θa.ˈpe,ʃɐ.ˈpew,θa,ʃɐ,1,1,,chapéu,hat,Bandeira2017[366-412],
Angolar,θaˈpe,ʃɐˈpew,θaˈpe,ʃɐ.ˈpew,ˈpe,ˈpew,2,2,,chapéu,hat,Bandeira2017[366-412],
Angolar,ˈθɛdɐ,ˈsedɐ,ˈθɛ.dɐ,ˈse.dɐ,ˈθɛ,ˈse,1,1,,seda,silk,Bandeira2017[366-412],
Angolar,ˈθɛdɐ,ˈsedɐ,ˈθɛ.dɐ,ˈse.dɐ,dɐ,dɐ,2,2,,seda,silk,Bandeira2017[366-412],
Angolar,teˈsidu,tɨˈsidu,te.ˈsi.du,tɨ.ˈsi.du,te,tɨ,1,1,,tecido,fabric,Bandeira2017[366-412],
Angolar,teˈsidu,tɨˈsidu,te.ˈsi.du,tɨ.ˈsi.du,ˈsi,ˈsi,2,2,,tecido,fabric,Bandeira2017[366-412],
Angolar,teˈsidu,tɨˈsidu,te.ˈsi.du,tɨ.ˈsi.du,du,du,3,3,,tecido,fabric,Bandeira2017[366-412],
Angolar,ˈafikɐ,ˈafɾikɐ,ˈa.fi.kɐ,ˈa.fɾi.kɐ,ˈa,ˈa,1,1,,África,África,Bandeira2017[366-412],
Angolar,ˈafikɐ,ˈafɾikɐ,ˈa.fi.kɐ,ˈa.fɾi.kɐ,fi,fɾi,2,2,,África,África,Bandeira2017[366-412],
Angolar,ˈafikɐ,ˈafɾikɐ,ˈa.fi.kɐ,ˈa.fɾi.kɐ,ˈkɐ,kɐ,3,3,,África,África,Bandeira2017[366-412],
Angolar,gaˈbõ,gɐˈbɐ̃w̃,ga.ˈbõ,gɐ.ˈbɐ̃w̃,ga,gɐ,1,1,,Gabão,Gabon,Bandeira2017[366-412],
Angolar,gaˈbõ,gɐˈbɐ̃w̃,ga.ˈbõ,gɐ.ˈbɐ̃w̃,ˈbõ,ˈbɐ̃w̃,2,2,,Gabão,Gabon,Bandeira2017[366-412],
Angolar,iˈa,ˈiʎɐ du ˈpɾĩsɨpɨ,i.ˈa,ˈi.ʎɐ du ˈpɾĩ.sɨ.pɨ,i,ˈi,1,1,,Ilha do Príncipe,Príncipe,Bandeira2017[366-412],
Angolar,iˈa,ˈiʎɐ du ˈpɾĩsɨpɨ,i.ˈa,ˈi.ʎɐ du ˈpɾĩ.sɨ.pɨ,ˈa,ʎɐ,2,2,,Ilha do Príncipe,Príncipe,Bandeira2017[366-412],
Angolar,iˈa,ˈiʎɐ du ˈpɾĩsɨpɨ,i.ˈa,ˈi.ʎɐ du ˈpɾĩ.sɨ.pɨ,-,du,-,3,,Ilha do Príncipe,Príncipe,Bandeira2017[366-412],
Angolar,iˈa,ˈiʎɐ du ˈpɾĩsɨpɨ,i.ˈa,ˈi.ʎɐ du ˈpɾĩ.sɨ.pɨ,-,ˈpɾĩ,-,4,,Ilha do Príncipe,Príncipe,Bandeira2017[366-412],
Angolar,iˈa,ˈiʎɐ du ˈpɾĩsɨpɨ,i.ˈa,ˈi.ʎɐ du ˈpɾĩ.sɨ.pɨ,-,sɨ,-,5,,Ilha do Príncipe,Príncipe,Bandeira2017[366-412],
Angolar,iˈa,ˈiʎɐ du ˈpɾĩsɨpɨ,i.ˈa,ˈi.ʎɐ du ˈpɾĩ.sɨ.pɨ,-,pɨ,-,6,,Ilha do Príncipe,Príncipe,Bandeira2017[366-412],
Angolar,ˈpisipi,ˈpɾĩsɨpɨ,ˈpisipi,ˈpɾĩ.sɨ.pɨ,ˈpi,ˈpɾĩ,1,1,,Príncipe,prince,Bandeira2017[366-412],
Angolar,ˈpisipi,ˈpɾĩsɨpɨ,ˈpisipi,ˈpɾĩ.sɨ.pɨ,si,sɨ,2,2,,Príncipe,prince,Bandeira2017[366-412],
Angolar,ˈpisipi,ˈpɾĩsɨpɨ,ˈpisipi,ˈpɾĩ.sɨ.pɨ,pi,pɨ,3,3,,Príncipe,prince,Bandeira2017[366-412],
Angolar,putuˈga,poʁtuˈɡaw,pu.tu.ˈga,poʁ.tu.ˈɡaw,pu,poʁ,1,1,,Portugal,Portugal,Bandeira2017[366-412],
Angolar,putuˈga,poʁtuˈɡaw,pu.tu.ˈga,poʁ.tu.ˈɡaw,tu,tu,2,2,,Portugal,Portugal,Bandeira2017[366-412],
Angolar,putuˈga,poʁtuˈɡaw,pu.tu.ˈga,poʁ.tu.ˈɡaw,ˈga,ɡaw,3,3,,Portugal,Portugal,Bandeira2017[366-412],
Angolar,θɐ̃tɔˈmɛ,sɐ̃w̃.tu.ˈmɛ,θɐ̃.tɔ.ˈmɛ,sɐ̃w̃,θɐ̃,sɐ̃w̃,1,1,,São Tomé,Santome,Bandeira2017[366-412],
Angolar,θɐ̃tɔˈmɛ,sɐ̃w̃.tu.ˈmɛ,θɐ̃.tɔ.ˈmɛ,tu,tɔ,tu,2,2,,São Tomé,Santome,Bandeira2017[366-412],
Angolar,θɐ̃tɔˈmɛ,sɐ̃w̃.tu.ˈmɛ,θɐ̃.tɔ.ˈmɛ,ˈmɛ,ˈmɛ,ˈmɛ,3,3,,São Tomé,Santome,Bandeira2017[366-412],
Angolar,ˌdeθupaˈga,obɾiˈɡadu,de.θu.pa.ˈga,o.bɾi.ˈɡa.du,de,o,1,1,,obrigado,thanks,Bandeira2017[366-412],
Angolar,ˌdeθupaˈga,obɾiˈɡadu,de.θu.pa.ˈga,o.bɾi.ˈɡa.du,θu,bɾi,2,2,,obrigado,thanks,Bandeira2017[366-412],
Angolar,ˌdeθupaˈga,obɾiˈɡadu,de.θu.pa.ˈga,o.bɾi.ˈɡa.du,pa,ˈɡa,3,3,,obrigado,thanks,Bandeira2017[366-412],
Angolar,ˌdeθupaˈga,obɾiˈɡadu,de.θu.pa.ˈga,o.bɾi.ˈɡa.du,ˈga,du,4,4,,obrigado,thanks,Bandeira2017[366-412],
Angolar,ˈdelu,dʒiˈɲejɾu,ˈde.lu,dʒi.ˈɲej.ɾu,ˈde,dʒi,1,1,,dinheiro,money,Bandeira2017[366-412],Not of portuguese origin
Angolar,faˈvolo,fɐˈvoɾ,fa.ˈvo.lo,fɐ.ˈvoɾ,fa,fɐ,1,1,,favor,favor,Bandeira2017[366-412],
Angolar,faˈvolo,fɐˈvoɾ,fa.ˈvo.lo,fɐˈvoɾ,ˈvo,ˈvoɾ,2,2,,favor,favor,Bandeira2017[366-412],
Angolar,faˈvolo,fɐˈvoɾ,fa.ˈvo.lo,fɐˈvoɾ,lo,-,3,-,,favor,favor,Bandeira2017[366-412],
Angolar,fuˈtunɐ,foʁˈtunɐ,fu.ˈtu.nɐ,foʁ.ˈtu.nɐ,fu,foʁ,1,1,,fortuna,luck,Bandeira2017[366-412],
Angolar,fuˈtunɐ,foʁˈtunɐ,fu.ˈtu.nɐ,foʁ.ˈtu.nɐ,ˈtu,ˈtu,2,2,,fortuna,luck,Bandeira2017[366-412],
Angolar,fuˈtunɐ,foʁˈtunɐ,fu.ˈtu.nɐ,foʁ.ˈtu.nɐ,nɐ,nɐ,3,3,,fortuna,luck,Bandeira2017[366-412],
Angolar,ˈkatɐ,ˈkaʁ.tɐ,ˈka.tɐ,ˈkaʁ.tɐ,ˈka,ˈkaʁ,1,1,,carta,letter,Bandeira2017[366-412],
Angolar,ˈkatɐ,ˈkaʁ.tɐ,ˈka.tɐ,ˈkaʁ.tɐ,tɐ,tɐ,2,2,,carta,letter,Bandeira2017[366-412],
Angolar,kaðaˈmẽtu,kɐzɐˈmẽtu,ka.ða.ˈmẽ.tu,kɐ.zɐ.ˈmẽ.tu,ka,kɐ,1,1,,casamento,marriage,Bandeira2017[366-412],
Angolar,kaðaˈmẽtu,kɐzɐˈmẽtu,ka.ða.ˈmẽ.tu,kɐ.zɐ.ˈmẽ.tu,ða,zɐ,2,2,,casamento,marriage,Bandeira2017[366-412],
Angolar,kaðaˈmẽtu,kɐzɐˈmẽtu,ka.ða.ˈmẽ.tu,kɐ.zɐ.ˈmẽ.tu,ˈmẽ,ˈmẽ,3,3,,casamento,marriage,Bandeira2017[366-412],
Angolar,kaðaˈmẽtu,kɐzɐˈmẽtu,ka.ða.ˈmẽ.tu,kɐ.zɐ.ˈmẽ.tu,tu,tu,4,4,,casamento,marriage,Bandeira2017[366-412],
Angolar,ˈlivu,ˈlivɾu,ˈli.vu,ˈli.vɾu,ˈli,ˈli,1,1,,livro,book,Bandeira2017[366-412],
Angolar,ˈlivu,ˈlivɾu,ˈli.vu,ˈli.vɾu,vu,vɾu,2,2,,livro,book,Bandeira2017[366-412],
Angolar,ˈmɔt̠ʃi,ˈmoɾtɨ,ˈmɔ.t̠ʃi,ˈmoɾ.tɨ,ˈmɔ,ˈmoɾ,1,1,,morte,death,Bandeira2017[366-412],
Angolar,ˈmɔt̠ʃi,ˈmoɾtɨ,ˈmɔ.t̠ʃi,ˈmoɾ.tɨ,t̠ʃi,tɨ,2,2,,morte,death,Bandeira2017[366-412],
Angolar,paˈlavɐ,pɐˈɫavɾɐ,pa.ˈla.vɐ,pɐ.ˈɫa.vɾɐ,pa,pɐ,1,1,,palavra,word,Bandeira2017[366-412],
Angolar,paˈlavɐ,pɐˈɫavɾɐ,pa.ˈla.vɐ,pɐ.ˈɫa.vɾɐ,ˈla,ˈɫa,2,2,,palavra,word,Bandeira2017[366-412],
Angolar,paˈlavɐ,pɐˈɫavɾɐ,pa.ˈla.vɐ,pɐ.ˈɫa.vɾɐ,vɐ,vɾɐ,3,3,,palavra,word,Bandeira2017[366-412],
Angolar,pɐ̃ˈkadɐ,pɐ̃ˈkadɐ,pɐ̃.ˈka.dɐ,pɐ̃.ˈka.dɐ,pɐ̃,pɐ̃,1,1,,pancada,blow,Bandeira2017[366-412],
Angolar,pɐ̃ˈkadɐ,pɐ̃ˈkadɐ,pɐ̃.ˈka.dɐ,pɐ̃.ˈka.dɐ,ˈka,ˈka,2,2,,pancada,blow,Bandeira2017[366-412],
Angolar,pɐ̃ˈkadɐ,pɐ̃ˈkadɐ,pɐ̃.ˈka.dɐ,pɐ̃.ˈka.dɐ,dɐ,dɐ,3,3,,pancada,blow,Bandeira2017[366-412],
Angolar,paˈpɛlu,pɐˈpɛɫ,pa.ˈpɛ.lu,pɐ.ˈpɛɫ,pa,pɐ,1,1,,papel,paper,Bandeira2017[366-412],
Angolar,paˈpɛlu,pɐˈpɛɫ,pa.ˈpɛ.lu,pɐ.ˈpɛɫ,ˈpɛ,ˈpɛɫ,2,2,,papel,paper,Bandeira2017[366-412],
Angolar,paˈpɛlu,pɐˈpɛɫ,pa.ˈpɛ.lu,pɐ.ˈpɛɫ,lu,-,3,-,,papel,paper,Bandeira2017[366-412],
Angolar,ˈpɔtɔ,ˈpoɾtɐ,ˈpɔ.tɔ,ˈpoɾ.tɐ,ˈpɔ,ˈpoɾ,1,1,,porta,door,Bandeira2017[366-412],
Angolar,ˈpɔtɔ,ˈpoɾtɐ,ˈpɔ.tɔ,ˈpoɾ.tɐ,tɔ,tɐ,2,2,,porta,door,Bandeira2017[366-412],
Angolar,liˈθõ,liˈsɐ̃w̃,li.ˈθõ,li.ˈsɐ̃w̃,li,li,1,1,,lição,lesson,Bandeira2017[366-412],
Angolar,liˈθõ,liˈsɐ̃w̃,li.ˈθõ,li.ˈsɐ̃w̃,ˈθõ,ˈsɐ̃w̃,2,2,,lição,lesson,Bandeira2017[366-412],
Angolar,ˈlɛtu,ˈʀɛʃtu,ˈlɛ.tu,ˈʀɛʃ.tu,ˈlɛ,ˈʀɛʃ,1,1,,resto,leftovers,Bandeira2017[366-412],
Angolar,ˈlɛtu,ˈʀɛʃtu,ˈlɛ.tu,ˈʀɛʃ.tu,tu,tu,2,2,,resto,leftovers,Bandeira2017[366-412],
Angolar,θaˈbɔ,sɐˈbɐ̃w̃,θa.ˈbɔ,sɐ.ˈbɐ̃w̃,θa,sɐ,1,1,,sabão,soap,Bandeira2017[366-412],
Angolar,θaˈbɔ,sɐˈbɐ̃w̃,θa.ˈbɔ,sɐ.ˈbɐ̃w̃,ˈbɔ,ˈbɐ̃w̃,2,2,,sabão,soap,Bandeira2017[366-412],
Angolar,ˈθɛlɐ,ˈsɛʀɐ,ˈθɛ.lɐ,ˈsɛ.ʀɐ,ˈθɛ,ˈsɛ,1,1,,serra,saw,Bandeira2017[366-412],
Angolar,ˈθɛlɐ,ˈsɛʀɐ,ˈθɛ.lɐ,ˈsɛ.ʀɐ,lɐ,ʀɐ,2,2,,serra,saw,Bandeira2017[366-412],
Angolar,ˈt̠ʃĩtɐ,ˈtĩtɐ,ˈt̠ʃĩ.tɐ,ˈtĩ.tɐ,ˈt̠ʃĩ,ˈtĩ,1,1,,tinta,ink,Bandeira2017[366-412],
Angolar,ˈt̠ʃĩtɐ,ˈtĩtɐ,ˈt̠ʃĩ.tɐ,ˈtĩ.tɐ,tɐ,tɐ,2,2,,tinta,ink,Bandeira2017[366-412],
Angolar,tɔˈmɛ̃tu,toʁ'mẽtu,tɔ.ˈmɛ̃.tu,toʁ.'mẽ.tu,tɔ,toʁ,1,1,,tormento,"noise, confusion",Bandeira2017[366-412],
Angolar,tɔˈmɛ̃tu,toʁ'mẽtu,tɔ.ˈmɛ̃.tu,toʁ.'mẽ.tu,ˈmɛ̃,ˈmẽ,2,2,,tormento,"noise, confusion",Bandeira2017[366-412],
Angolar,tɔˈmɛ̃tu,toʁ'mẽtu,tɔ.ˈmɛ̃.tu,toʁ.'mẽ.tu,tu,tu,3,3,,tormento,"noise, confusion",Bandeira2017[366-412],
Angolar,uˈtu,ˈmofu,u.ˈtu,ˈmo.fu,u,ˈmo,1,1,,mofo,mold,Bandeira2017[366-412],
Angolar,uˈtu,ˈmofu,u.ˈtu,ˈmo.fu,ˈtu,fu,2,2,,mofo,mold,Bandeira2017[366-412],
Angolar,ˈvɛdɛ,vɨɾˈdadɨ,ˈvɛ.dɛ,vɨɾ.ˈda.dɨ,ˈvɛ,vɨɾ,1,1,,verdade,truth,Bandeira2017[366-412],
Angolar,ˈvɛdɛ,vɨɾˈdadɨ,ˈvɛ.dɛ,vɨɾ.ˈda.dɨ,dɛ,ˈda,2,2,,verdade,truth,Bandeira2017[366-412],
Angolar,ˈvɛdɛ,vɨɾˈdadɨ,ˈvɛ.dɛ,vɨɾ.ˈda.dɨ,-,dɨ,-,3,,verdade,truth,Bandeira2017[366-412],