Language,SourceWord,TargetWord,SourceWordSyl,TargetWordSyl,Source word length,TargetWord length,SourceWordSyl length,TargetWordSyl length,Word diff,Word bigger,Syll diff,SylNum bigger,TargetOrthography,Translation,Reference,Notes
Kannur,tudə,tudu,tu'də,ˈtudu,4,4,2,2,0,Equal,0,Equal,todo/tudo,all,Clements2012[37-41],
Kannur,kum,i,kum,i,3,1,1,1,2,Source,0,Equal,e,and,Clements2012[37-41],
Kannur,animal,ɐnimaɫ,a'ni'mal,ɐ'niˈmaɫ,6,6,3,3,0,Equal,0,Equal,animal,animal,Clements2012[37-41],
Kannur,sinzə,sĩzɐ,sin'zə,ˈsĩzɐ,5,4,2,2,1,Source,0,Equal,cinza,ashes,Clements2012[37-41],
Kannur,kɔstə,kɔʃtɐ,kɔs'tə,ˈkɔʃtɐ,5,5,2,2,0,Equal,0,Equal,costa,back,Clements2012[37-41],
Kannur,mizəɾal,mal,mi'zə'ɾal,ˈmal,7,3,3,2,4,Source,1,Source,mal,bad,Clements2012[37-41],
Kannur,ɾónkə,ʁõkaɾ,ɾón'kə,ʁõˈkaɾ,5,6,2,2,-1,Target,0,Equal,roncar,bark (v.),Clements2012[37-41],
Kannur,ælvəɾi sə pæli,ɐ veɾ sɨ ɐ peɫɨ,æl'və'ɾi sə' pæ'li,ɐ ˈveɾ 'sɨ 'ɐ ˈpeɫɨ,14,15,5,5,-1,Target,0,Equal,a ver se a pele,bark (tree),Clements2012[37-41],
Kannur,swidə,puɾkɨ,swi'də,puɾ'kɨ,5,5,2,2,0,Equal,0,Equal,,because,Clements2012[37-41],
Kannur,baʀigə,bɐʀigɐ,ba'ʀi'gə,bɐˈʀi'gɐ,6,6,3,3,0,Equal,0,Equal,barriga,belly,Clements2012[37-41],
Kannur,gɾandi,ɡɾɐ̃dɨ,gɾan'di,ˈɡɾɐ̃dɨ,6,6,2,2,0,Equal,0,Equal,grande,big,Clements2012[37-41],
Kannur,pastɾə,pasɐɾu,pas'tɾə,ˈpa'sɐ'ɾu,6,6,2,4,0,Equal,-2,Target,pássaro,bird,Clements2012[37-41],
Kannur,muɾdɛ,muɾdeɾ,muɾ'dɛ,muɾˈdeɾ,5,6,2,2,-1,Target,0,Equal,morder,bite,Clements2012[37-41],
Kannur,pɾetə,pɾetu,pɾe'tə,ˈpɾetu,5,5,2,2,0,Equal,0,Equal,preto,black,Clements2012[37-41],
Kannur,sangi,sɐ̃ɡɨ,san'gi,ˈsɐ̃ɡɨ,5,5,2,2,0,Equal,0,Equal,sangue,blood,Clements2012[37-41],
Kannur,supɾa,supɾaɾ,su'pɾa,suˈpɾaɾ,5,6,2,2,-1,Target,0,Equal,soprar,blow,Clements2012[37-41],
Kannur,osə,osu,o'sə,ˈosu,3,3,2,2,0,Equal,0,Equal,osso,bone,Clements2012[37-41],
Kannur,petə,pejtu,pe'tə,ˈpejtu,4,5,2,2,-1,Target,0,Equal,peito,breast,Clements2012[37-41],
Kannur,kima,kejmaɾ,ki'ma,kejˈmaɾ,4,6,2,2,-2,Target,0,Equal,queimar,burn,Clements2012[37-41],
Kannur,kɾijansə,kɾiɐ̃sɐ,kɾij'an'sə,kɾiˈɐ̃'sɐ,8,7,3,3,1,Source,0,Equal,criança,child,Clements2012[37-41],
Kannur,uɲə,uɲɐ,u'ɲə,ˈuɲɐ,3,3,2,2,0,Equal,0,Equal,unha,claw,Clements2012[37-41],
Kannur,mekham,nuvɐ̃j,mek'ham,ˈnuvɐ̃j,6,6,2,2,0,Equal,0,Equal,nuvem,cloud,Clements2012[37-41],Malayam origin
Kannur,fɾiw,fɾiu,fɾiw,ˈfɾiu,4,4,1,2,0,Equal,-1,Target,frio,cold,Clements2012[37-41],
Kannur,ʋi,viɾ,ʋi,ˈviɾ,2,3,1,2,-1,Target,-1,Target,vir,come,Clements2012[37-41],
Kannur,konte,kõtaɾ,kon'te,kõ'taɾ,5,6,2,2,-1,Target,0,Equal,contar,count,Clements2012[37-41],
Kannur,kɔɾta,kuɾtaɾ,kɔɾ'ta,kuɾˈtaɾ,5,6,2,2,-1,Target,0,Equal,cortar,cut,Clements2012[37-41],
Kannur,dijə,diɐ,di'jə,ˈdiɐ,4,3,2,2,1,Source,0,Equal,dia,day,Clements2012[37-41],
Kannur,muʀe,muʁeɾ,mu'ʀe,muˈʁeɾ,4,5,2,2,-1,Target,0,Equal,morrer,die,Clements2012[37-41],
Kannur,gəʋətə,ʒgɾɐvɐtaɾ,gə'ʋə'tə,ʒ'gɾɐ'vɐˈtaɾ,6,9,3,4,-3,Target,-1,Target,esgravatar,dig,Clements2012[37-41],
Kannur,sud̠ʒi,suʒu,su'd̠ʒi,ˈsuʒu,4,4,2,2,0,Equal,0,Equal,sujo,dirty,Clements2012[37-41],
Kannur,kat̠ʃoɾ,kɐʃoʀu,ka't̠ʃoɾ,kɐˈʃo'ʀu,5,6,2,3,-1,Target,-1,Target,cachorro,dog,Clements2012[37-41],
Kannur,bebe,bɨbeɾ,be'be,bɨˈbeɾ,4,5,2,2,-1,Target,0,Equal,beber,drink (v.),Clements2012[37-41],
Kannur,sækə,seku,sæ'kə,ˈseku,4,4,2,2,0,Equal,0,Equal,seco,dry,Clements2012[37-41],
Kannur,agudə nu tɛ̃,,a'gu'də 'nu 'tɛ̃,,12,0,5,1,12,Source,4,Source,,dull,Clements2012[37-41],
Kannur,baɾə,vɐʀeɾ,ba'ɾə,vɐˈʀeɾ,4,5,2,2,-1,Target,0,Equal,varrer,dust,Clements2012[37-41],
Kannur,uʋid,ovidu,u'ʋid,oˈvi'du,4,5,2,3,-1,Target,-1,Target,ouvido,ear,Clements2012[37-41],
Kannur,baɾə,baʁu   ,ba'ɾə,ˈbaʁu   ,4,7,2,2,-3,Target,0,Equal,barro,earth,Clements2012[37-41],
Kannur,kumɛ,kumeɾ,ku'mɛ,kuˈmeɾ,4,5,2,2,-1,Target,0,Equal,comer,eat,Clements2012[37-41],
Kannur,oʋə,ovu,o'ʋə,ˈovu,3,3,2,2,0,Equal,0,Equal,ovo,egg,Clements2012[37-41],
Kannur,oí,oʎu,o'í,ˈoʎu,2,3,2,2,-1,Target,0,Equal,olho,eye,Clements2012[37-41],
Kannur,kaj,kɐiɾ,kaj,kɐˈiɾ,3,4,1,2,-1,Target,-1,Target,cair,fall,Clements2012[37-41],
Kannur,lɔnd̠ʒi,lõʒɨ,lɔn'd̠ʒi,ˈlõʒɨ,5,5,2,2,0,Equal,0,Equal,longe,far,Clements2012[37-41],
Kannur,mantegə,mɐ̃tɐjgɐ,man'te'gə,ˈmɐ̃'tɐjgɐ,7,8,3,3,-1,Target,0,Equal,manteiga,ghee,Clements2012[37-41],
Kannur,azeti,ɐzɐjtɨ,a'ze'ti,ɐˈzɐj'tɨ,5,6,3,3,-1,Target,0,Equal,azeite,oil,Clements2012[37-41],
Kannur,paj,paj,paj,paj,3,3,1,1,0,Equal,0,Equal,pai,father,Clements2012[37-41],
Kannur,mɛdə,medu ,mɛ'də,ˈmedu ,4,5,2,2,-1,Target,0,Equal,medo,fear,Clements2012[37-41],
Kannur,pænə,penɐ,pæ'nə,ˈpenɐ,4,4,2,2,0,Equal,0,Equal,pena,feather,Clements2012[37-41],
Kannur,pok,poku,pok,ˈpoku,3,4,1,2,-1,Target,-1,Target,pouco,few,Clements2012[37-41],
Kannur,pild̠ʒe,ɫutɐ,pil'd̠ʒe,ˈɫutɐ,5,4,2,2,1,Source,0,Equal,,fight,Clements2012[37-41],Not portuguese origin
Kannur,fogə,foɡu,fo'gə,ˈfoɡu,4,4,2,2,0,Equal,0,Equal,fogo,fire,Clements2012[37-41],
Kannur,peʃi,pejʃɨ,pe'ʃi,ˈpejʃɨ,4,5,2,2,-1,Target,0,Equal,peixe,fish,Clements2012[37-41],
Kannur,sinkə,sĩku,sin'kə,ˈsĩku,5,4,2,2,1,Source,0,Equal,cinco,five,Clements2012[37-41],
Kannur,fula,floɾ,fu'la,floɾ,4,4,2,1,0,Equal,1,Source,flor,flower,Clements2012[37-41],
Kannur,agwə,vuaɾ,a'gwə,vuˈaɾ,4,4,2,2,0,Equal,0,Equal,voar,fly,Clements2012[37-41],
Kannur,fog,nɨvuɐjɾu,fog,nɨ'vuˈɐj'ɾu,3,8,1,4,-5,Target,-3,Target,nevoeiro,fog,Clements2012[37-41],English origin
Kannur,pɛ,pɛ ,pɛ,ˈpɛ ,2,3,1,2,-1,Target,-1,Target,pé,foot,Clements2012[37-41],
Kannur,katɾə,kwatɾu ,ka'tɾə,ˈkwatɾu ,5,7,2,2,-2,Target,0,Equal,quatro,four,Clements2012[37-41],
Kannur,fɾiːz,kõʒɨɫaɾ ,fɾiːz,kõ'ʒɨˈɫaɾ ,5,9,1,3,-4,Target,-2,Target,,freeze,Clements2012[37-41],English origin
Kannur,fɾutɛ,fɾutɐ,fɾu'tɛ,ˈfɾutɐ,5,5,2,2,0,Equal,0,Equal,fruta,fruit,Clements2012[37-41],
Kannur,int̠ʃid,ʃɐju,int̠'ʃid,ˈʃɐju,5,4,2,2,1,Source,0,Equal,cheio,full,Clements2012[37-41],
Kannur,da,daɾ,da,daɾ,2,3,1,1,-1,Target,0,Equal,dar,give,Clements2012[37-41],
Kannur,bɔ̃,bõ ,bɔ̃,bõ ,3,4,1,1,-1,Target,0,Equal,bom,good,Clements2012[37-41],
Kannur,gɾasə,ʁɛɫvɐ,gɾa'sə,ˈʁɛɫvɐ,5,5,2,2,0,Equal,0,Equal,,grass,Clements2012[37-41],English or Dutch origin
Kannur,ʋɛɾdi,veɾdɨ,ʋɛɾ'di,ˈveɾdɨ,5,5,2,2,0,Equal,0,Equal,verde,green,Clements2012[37-41],
Kannur,tɾipə,tɾipɐ,tɾi'pə,ˈtɾipɐ,5,5,2,2,0,Equal,0,Equal,tripa,guts,Clements2012[37-41],
Kannur,kabeli,kɐbelu,ka'be'li,kɐˈbe'lu,6,6,3,3,0,Equal,0,Equal,cabelo,hair,Clements2012[37-41],
Kannur,mɔ̃,mɐ̃w̃,mɔ̃,mɐ̃w̃,3,5,1,1,-2,Target,0,Equal,mão,hand,Clements2012[37-41],
Kannur,eli,eɫɨ,e'li,ˈeɫɨ,3,3,2,2,0,Equal,0,Equal,ele,he,Clements2012[37-41],
Kannur,kabesə,kɐbesɐ,ka'be'sə,kɐˈbe'sɐ,6,6,3,3,0,Equal,0,Equal,cabeça,head,Clements2012[37-41],
Kannur,oí,oviɾ,o'í,oˈviɾ,2,4,2,2,-2,Target,0,Equal,ouvir,hear,Clements2012[37-41],
Kannur,koɾso,kuɾɐsɐ̃w̃,koɾ'so,ku'ɾɐˈsɐ̃w̃,5,9,2,3,-4,Target,-1,Target,coração,heart,Clements2012[37-41],
Kannur,pezad,pɨzadu,pe'zad,pɨˈza'du,5,6,2,3,-1,Target,-1,Target,pesado,heavy,Clements2012[37-41],
Kannur,ɛki, ɐki,ɛ'ki, ɐˈki,3,4,2,2,-1,Target,0,Equal,aqui,here,Clements2012[37-41],
Kannur,dali,da-ʎɨ,da'li,ˈda-ʎɨ,4,5,2,2,-1,Target,0,Equal,dá-lhe,hit,Clements2012[37-41],
Kannur,tama,tumaɾ ,ta'ma,tuˈmaɾ ,4,6,2,2,-2,Target,0,Equal,tomar,hold (take),Clements2012[37-41],
Kannur,təma,tumaɾ ,tə'ma,tuˈmaɾ ,4,6,2,2,-2,Target,0,Equal,tomar,hold (take),Clements2012[37-41],
Kannur,kɛlɛj, kɨ ɫajɐ,kɛ'lɛj, kɨ ˈɫaj'ɐ,5,8,2,3,-3,Target,-1,Target,que laia,how,Clements2012[37-41],
Kannur,maɾidə,mɐɾidu,ma'ɾi'də,mɐˈɾi'du,6,6,3,3,0,Equal,0,Equal,marido,husband,Clements2012[37-41],
,jo,ew ,jo,ew ,2,3,1,1,-1,Target,0,Equal,eu,I,Clements2012[37-41],
Kannur,ajs,ʒeɫu ,ajs,ˈʒeɫu ,3,5,1,2,-2,Target,-1,Target,,ice,Clements2012[37-41],English or Dutch origin
Kannur,sə,sɨ,sə,sɨ,2,2,1,1,0,Equal,0,Equal,se,if,Clements2012[37-41],
Kannur,dɛntɾə,dẽtɾu,dɛn'tɾə,ˈdẽtɾu,6,6,2,2,0,Equal,0,Equal,dentro,inside,Clements2012[37-41],
Kannur,matæ,mɐtaɾ,ma'tæ,mɐˈtaɾ,4,5,2,2,-1,Target,0,Equal,matar,kill,Clements2012[37-41],
Kannur,kunsɛ,kuɲɨseɾ,kun'sɛ,ku'ɲɨˈseɾ,5,7,2,3,-2,Target,-1,Target,conhecer,know,Clements2012[37-41],
Kannur,sabɛ,sɐbeɾ,sa'bɛ,sɐˈbeɾ,4,5,2,2,-1,Target,0,Equal,saber,know,Clements2012[37-41],
Kannur,ɾihɛ,ʁiɾ,ɾi'hɛ,ʁiɾ,4,3,2,1,1,Source,1,Source,rir,laugh,Clements2012[37-41],
Kannur,ɾiɛ,ʁiɾ,ɾi'ɛ,ʁiɾ,3,3,2,1,0,Equal,1,Source,rir,laugh,Clements2012[37-41],
Kannur,fɔʎə,foʎɐ,fɔ'ʎə,ˈfoʎɐ,4,4,2,2,0,Equal,0,Equal,folha,leaf,Clements2012[37-41],
Kannur,left, ʃkeɾdɐ,left, ʃˈkeɾ'dɐ,4,7,1,3,-3,Target,-2,Target,à esquerda,leftside,Clements2012[37-41],English origin
Kannur,pɛ,peɾnɐ ,pɛ,ˈpeɾnɐ ,2,6,1,2,-4,Target,-1,Target,perna,leg,Clements2012[37-41],
Kannur,dɛtɛ, dɐjtadu ,dɛ'tɛ, dɐjˈta'du ,4,9,2,3,-5,Target,-1,Target,estar deitado,lie,Clements2012[37-41],
Kannur,liveɾ,figɐdu ,li'veɾ,ˈfigɐ'du ,5,7,2,3,-2,Target,-1,Target,,liver,Clements2012[37-41],English origin
Kannur,kumpɾidə,kõpɾidu,kum'pɾi'də,kõˈpɾi'du,8,8,3,3,0,Equal,0,Equal,comprido,long,Clements2012[37-41],
Kannur,pioji, pioʎu,pio'ji, piˈo'ʎu,5,6,2,3,-1,Target,-1,Target,piolho,louse,Clements2012[37-41],
Kannur,ɔmi,omɐ̃j,ɔ'mi,ˈomɐ̃j,3,5,2,2,-2,Target,0,Equal,homem,man,Clements2012[37-41],
Kannur,bəstantə,mũjtuʃ,bəs'tan'tə,ˈmũjtuʃ,8,7,3,2,1,Source,1,Source,muitos,many,Clements2012[37-41],Not cognates
Kannur,kaɾni,kaɾnɨ,kaɾ'ni,ˈkaɾnɨ,5,5,2,2,0,Equal,0,Equal,carne,meat,Clements2012[37-41],
Kannur,luʋaɾə,luaɾ,lu'ʋa'ɾə,luˈaɾ,6,4,3,2,2,Source,1,Source,luar,moonlight,Clements2012[37-41],
Kannur,luʋə,luɐ,luʋ'ə,luɐ,4,3,2,1,1,Source,1,Source,lua,moon,Clements2012[37-41],
Kannur,maj,mɐ̃j̃,maj,mɐ̃j̃,3,5,1,1,-2,Target,0,Equal,mãe,mother,Clements2012[37-41],
Kannur,montaɲə,mõtɐɲɐ,mon'ta'ɲə,mõˈtɐ'ɲɐ,7,7,3,3,0,Equal,0,Equal,montanha,mountain,Clements2012[37-41],
Kannur,bɔkə,bokɐ ,bɔ'kə,ˈbokɐ ,4,5,2,2,-1,Target,0,Equal,boca,mouth,Clements2012[37-41],
Kannur,,nomɨ,nɔ'mi,ˈnomɨ,0,4,6,2,-4,Target,4,Source,nome,name,Clements2012[37-41],
Kannur,idungija,ʃtɾɐjtu,i'dun'gija,ʃˈtɾɐj'tu,8,7,3,3,1,Source,0,Equal,estreito,narrow,Clements2012[37-41],Malayam origin
Kannur,pɛɾtə,peɾtu ,pɛɾ'tə,ˈpeɾtu ,5,6,2,2,-1,Target,0,Equal,perto,near,Clements2012[37-41],
Kannur,piskos,pɨʃkosu,pis'kos,pɨʃˈko'su,6,7,2,3,-1,Target,-1,Target,pescoço,neck,Clements2012[37-41],
Kannur,gaɾgantə,gɐɾgãtɐ,gaɾ'gan'tə,gɐɾˈgã'tɐ,8,7,3,3,1,Source,0,Equal,garganta,throat,Clements2012[37-41],
Kannur,gaɾgæntə,gɐɾgãtɐ,gaɾ'gæn'tə,gɐɾˈgã'tɐ,8,7,3,3,1,Source,0,Equal,garganta,throat,Clements2012[37-41],
Kannur,nɔʋə,novu ,nɔ'ʋə,ˈnovu ,4,5,2,2,-1,Target,0,Equal,novo,new,Clements2012[37-41],
Kannur,nojti,nojtɨ ,noj'ti,ˈnojtɨ ,5,6,2,2,-1,Target,0,Equal,noite,night,Clements2012[37-41],
Kannur,naɾis,nɐɾiʒ,na'ɾis,nɐˈɾiʒ,5,5,2,2,0,Equal,0,Equal,nariz,nose,Clements2012[37-41],
Kannur,na,nɐ̃w,na,nɐ̃w,2,4,1,1,-2,Target,0,Equal,não,not,Clements2012[37-41],
Kannur,nu,nɐ̃w,nu,nɐ̃w,2,4,1,1,-2,Target,0,Equal,não,not,Clements2012[37-41],
Kannur,ʋæli,veʎu,ʋæ'li,ˈveʎu,4,4,2,2,0,Equal,0,Equal,velho,old,Clements2012[37-41],
Kannur,ʋeliz,vɨʎisɨ,ʋe'liz,vɨˈʎi'sɨ,5,6,2,3,-1,Target,-1,Target,velhice,old age,Clements2012[37-41],
Kannur,uŋa,ũ ,u'ŋa,ũ ,3,3,2,1,0,Equal,1,Source,um,one,Clements2012[37-41],
Kannur,dusɾɛ,otɾu,dus'ɾɛ,ˈotɾu,5,4,2,2,1,Source,0,Equal,,other,Clements2012[37-41],
Kannur,otɾə,otɾu,o'tɾə,ˈotɾu,4,4,2,2,0,Equal,0,Equal,outro,other,Clements2012[37-41],
Kannur,peso,pɨsoɐ ,pe'so,pɨˈso'ɐ ,4,6,2,3,-2,Target,-1,Target,pessoa,person,Clements2012[37-41],
Kannur,bɾinkə,bɾĩkaɾ,bɾin'kə,bɾĩˈkaɾ,6,7,2,2,-1,Target,0,Equal,brincar,play,Clements2012[37-41],
Kannur,pwisɛ,puʃaɾ,pwi'sɛ,puˈʃaɾ,5,5,2,2,0,Equal,0,Equal,puxar,pull,Clements2012[37-41],
Kannur,puʃɛ,ẽpuʁaɾ,pu'ʃɛ,ẽ'puˈʁaɾ,4,7,2,3,-3,Target,-1,Target,empurrar,push,Clements2012[37-41],not cognates. May come from english “push”
Kannur,t̠ʃuʋə,ʃuvɐ,t̠ʃu'ʋə,ˈʃuvɐ,4,4,2,2,0,Equal,0,Equal,chuva,rain,Clements2012[37-41],
Kannur,bɾəmɛl,vɨɾmɐjʎu,bɾə'mɛl,vɨɾˈmɐj'ʎu,6,8,2,3,-2,Target,-1,Target,vermelho,red,Clements2012[37-41],
Kannur,d̠ʒustə,ʒuʃtu,d̠ʒus'tə,ˈʒuʃtu,5,5,2,2,0,Equal,0,Equal,justo,correct,Clements2012[37-41],
Kannur,ɾightside,à diɾɐjtɐ,ɾight'side,à' diˈɾɐj'tɐ,9,9,2,4,0,Equal,-2,Target,à direita,rightside,Clements2012[37-41],English origin
Kannur,ɾivəɾ,ʁibɐjɾu,ɾi'vəɾ,ʁiˈbɐj'ɾu,5,7,2,3,-2,Target,-1,Target,ribeiro,river,Clements2012[37-41],English origin
Kannur,kamiɲə,kɐmiɲu,ka'mi'ɲə,kɐˈmi'ɲu,6,6,3,3,0,Equal,0,Equal,caminho,road,Clements2012[37-41],
Kannur,ɾoot,ʁɐiʃ ,ɾoot,ʁɐˈiʃ ,4,5,1,2,-1,Target,-1,Target,raiz,root,Clements2012[37-41],English origin
Kannur,kɔɾdə,kɔɾdɐ,kɔɾ'də,ˈkɔɾdɐ,5,5,2,2,0,Equal,0,Equal,corda,rope,Clements2012[37-41],
Kannur,apodɾə,podɾɨ ,a'po'dɾə,ˈpodɾɨ ,6,6,3,2,0,Equal,1,Source,podre,rotten,Clements2012[37-41],
Kannur,podɾid,podɾɨ ,po'dɾi'd,ˈpodɾɨ ,6,6,3,2,0,Equal,1,Source,podre,rotten,Clements2012[37-41],
Kannur,ɾɛdondə,ʁɨdõdu,ɾɛ'don'də,ʁɨˈdõ'du,7,7,3,3,0,Equal,0,Equal,redondo,round,Clements2012[37-41],
Kannur,ɾub,ʃfɾɨgaɾ,ɾub,ʃ'fɾɨˈgaɾ,3,7,1,3,-4,Target,-2,Target,esfregar,rub,Clements2012[37-41],English origin
Kannur,sal,sal,sal,sal,3,3,1,1,0,Equal,0,Equal,sal,salt,Clements2012[37-41],
Kannur,baʀə,baʁu ,ba'ʀə,ba'ʁu ,4,5,2,2,-1,Target,0,Equal,areia,sand,Clements2012[37-41],
Kannur,fala,fɐlaɾ,fa'la,fɐˈlaɾ,4,5,2,2,-1,Target,0,Equal,falar,say,Clements2012[37-41],
Kannur,ɾaɲæ,aʁɐɲaɾ,ɾa'ɲæ,a'ʁɐˈɲaɾ,4,6,2,3,-2,Target,-1,Target,arranhar,scratch,Clements2012[37-41],
Kannur,ɾaspɛ,ʁɐʃpaɾ,ɾas'pɛ,ʁɐʃˈpaɾ,5,6,2,2,-1,Target,0,Equal,raspar,scratch,Clements2012[37-41],
Kannur,maɾə,maɾ,ma'ɾə,maɾ,4,3,2,1,1,Source,1,Source,mar,sea,Clements2012[37-41],
Kannur,paɾsɛ,pɐɾɨseɾ,paɾ'sɛ,pɐ'ɾɨˈseɾ,5,7,2,3,-2,Target,-1,Target,parecer,see,Clements2012[37-41],
Kannur,fɾujtɛ,fɾutɐ,fɾuj'tɛ,ˈfɾutɐ,6,5,2,2,1,Source,0,Equal,fruita,seed,Clements2012[37-41],
Kannur,kuze,kuzeɾ,ku'ze,kuˈzeɾ,4,5,2,2,-1,Target,0,Equal,coser,sew,Clements2012[37-41],
Kannur,agud,ɐgudu ,a'gud,ɐˈgu'du ,4,6,2,3,-2,Target,-1,Target,agudo,sharp,Clements2012[37-41],
Kannur,kuɾtə,kuɾtu,kuɾ'tə,ˈkuɾtu,5,5,2,2,0,Equal,0,Equal,curto,short,Clements2012[37-41],
Kannur,kantɛ,kɐ̃taɾ,kan'tɛ,kɐ̃ˈtaɾ,5,6,2,2,-1,Target,0,Equal,cantar,sing,Clements2012[37-41],
Kannur,santɛ,sẽtaɾ,san'tɛ,sẽˈtaɾ,5,6,2,2,-1,Target,0,Equal,sentar,sit,Clements2012[37-41],
Kannur,pæli,peɫɨ,pæ'li,ˈpeɫɨ,4,4,2,2,0,Equal,0,Equal,pele,skin,Clements2012[37-41],
Kannur,heaven,sɛw ,he'aven,sɛw ,6,4,2,1,2,Source,1,Source,,sky,Clements2012[37-41],English origin
Kannur,dɾumi,duɾmiɾ,dɾu'mi,duɾˈmiɾ,5,6,2,2,-1,Target,0,Equal,dormir,sleep,Clements2012[37-41],
Kannur,piken,pɨkenu,pi'ken,pɨˈke'nu,5,6,2,3,-1,Target,-1,Target,pequeno,small,Clements2012[37-41],
Kannur,t̠ʃeɾə,ʃɐjɾaɾ,t̠ʃe'ɾə,ʃɐjˈɾaɾ,4,6,2,2,-2,Target,0,Equal,cheirar,smell,Clements2012[37-41],
Kannur,fumə,fumu,fu'mə,ˈfumu,4,4,2,2,0,Equal,0,Equal,fumo,smoke,Clements2012[37-41],
Kannur,kɔbɾə,kɔbɾɐ,kɔ'bɾə,ˈkɔbɾɐ,5,5,2,2,0,Equal,0,Equal,cobra,snake,Clements2012[37-41],
Kannur,ajs,nevɨ,ajs,ˈnevɨ,3,4,1,2,-1,Target,-1,Target,neve,snow,Clements2012[37-41],English or Dutch origin
Kannur,kuspi,kuʃpiɾ,kus'pi,kuʃˈpiɾ,5,6,2,2,-1,Target,0,Equal,cuspir,spit,Clements2012[37-41],
Kannur,abɾi,ɐbɾiɾ ,a'bɾi,ɐˈbɾiɾ ,4,6,2,2,-2,Target,0,Equal,abrir,split,Clements2012[37-41],
Kannur,piɲɛ,ɐpɨɾtaɾ,pi'ɲɛ,ɐ'pɨɾˈtaɾ,4,7,2,3,-3,Target,-1,Target,apertar,squeeze,Clements2012[37-41],
Kannur,t̠ʃut̠ʃɛ,pɨɾfuɾaɾ,t̠ʃu't̠ʃɛ,pɨɾ'fuˈɾaɾ,4,8,2,3,-4,Target,-1,Target,,pierce,Clements2012[37-41],
Kannur,impɛ,ɐ̃j pɛ,im'pɛ,ɐ̃j ˈpɛ,4,6,2,2,-2,Target,0,Equal,estar em pé,stand,Clements2012[37-41],
Kannur,igɾi,iɾgeɾ,ig'ɾi,iɾˈgeɾ,4,5,2,2,-1,Target,0,Equal,erguer,stand,Clements2012[37-41],
Kannur,ɪstɾɛlə,ʃtɾeɫɐ ,ɪs'tɾɛ'lə,ʃˈtɾe'ɫɐ ,7,7,3,3,0,Equal,0,Equal,estrela,star,Clements2012[37-41],
Kannur,kanə,kɐnɐ,ka'nə,ˈkɐnɐ,4,4,2,2,0,Equal,0,Equal,cana,stick,Clements2012[37-41],
Kannur,pædɾə,pedɾɐ,pæ'dɾə,ˈpedɾɐ,5,5,2,2,0,Equal,0,Equal,pedra,stone,Clements2012[37-41],
Kannur,dɾɛtə,diɾɐjtu ,dɾɛ'tə,diˈɾɐj'tu ,5,8,2,3,-3,Target,-1,Target,direito,straight,Clements2012[37-41],
Kannur,t̠ʃupɛ,ʃupaɾ,t̠ʃu'pɛ,ʃuˈpaɾ,4,5,2,2,-1,Target,0,Equal,chupar,suck,Clements2012[37-41],
Kannur,sɔl,sɔl,sɔl,sɔl,3,3,1,1,0,Equal,0,Equal,sol,sun,Clements2012[37-41],
Kannur,int̠ʃə,ĩʃaɾ,in't̠ʃə,ĩˈʃaɾ,4,5,2,2,-1,Target,0,Equal,inchar,swell,Clements2012[37-41],
Kannur,ɾabə,ʁabu,ɾa'bə,ˈʁabu,4,4,2,2,0,Equal,0,Equal,rabo,tail,Clements2012[37-41],
Kannur,akəl,ɐkiɫu,a'kəl, ɐˈki'ɫu,4,6,2,3,-2,Target,-1,Target,aquilo,that,Clements2012[37-41],
Kannur,ali,ɐɫi,a'li,ɐˈɫi,3,3,2,2,0,Equal,0,Equal,ali,there,Clements2012[37-41],
Kannur,olot,eɫɨʃ,o'lot,ˈeɫɨʃ,4,4,2,2,0,Equal,0,Equal,eles,they,Clements2012[37-41],
Kannur,gɾosə,gɾosu,gɾo'sə,ˈgɾosu,5,5,2,2,0,Equal,0,Equal,grosso,thick,Clements2012[37-41],
Kannur,finə,finu,fi'nə,ˈfinu,4,4,2,2,0,Equal,0,Equal,fino,thin,Clements2012[37-41],
Kannur,lembɾa,lẽbɾaɾ,lem'bɾa,lẽˈbɾaɾ,6,7,2,2,-1,Target,0,Equal,lembrar,think,Clements2012[37-41],
Kannur,isti,eʃtɨ,is'ti,ˈeʃtɨ,4,4,2,2,0,Equal,0,Equal,este,this,Clements2012[37-41],
Kannur,bosə,vɔʃ,bo'sə,ˈvɔʃ,4,3,2,2,1,Source,0,Equal,vós,thou,Clements2012[37-41],
Kannur,tɾesə,tɾeʃ,tɾe'sə,ˈtɾeʃ,5,4,2,2,1,Source,0,Equal,três,three,Clements2012[37-41],
Kannur,pint̠ʃə,pĩʃaɾ,pin't̠ʃə,pĩˈʃaɾ,5,6,2,2,-1,Target,0,Equal,pinchar,throw,Clements2012[37-41],
Kannur,nɔmi,maʁaɾ ,ma'ɾɛ, ɐ'maˈʁaɾ ,4,8,2,3,-4,Target,-1,Target,amarrar,tie,Clements2012[37-41],
Kannur,lingə,lĩɡuɐ,lin'gə,ˈlĩɡuɐ,5,5,2,2,0,Equal,0,Equal,língua,tongue,Clements2012[37-41],
Kannur,denti,dẽtɨ,den'ti,ˈdẽtɨ,5,5,2,2,0,Equal,0,Equal,dente,tooth,Clements2012[37-41],
Kannur,alʋɾi,aɾvuɾɨ ,al'ʋɾi,ˈaɾ'vu'ɾɨ ,5,7,2,4,-2,Target,-2,Target,árvore,tree,Clements2012[37-41],
Kannur,ʋiɾə,viɾaɾ,ʋi'ɾə,viˈɾaɾ,4,5,2,2,-1,Target,0,Equal,virar,turn,Clements2012[37-41],
Kannur,dos,dojʃ,dos,dojʃ,3,4,1,1,-1,Target,0,Equal,dois,two,Clements2012[37-41],
Kannur,gumtə,vumitaɾ,gum'tə,vu'miˈtaɾ,5,7,2,3,-2,Target,-1,Target,vomitar,throw up,Clements2012[37-41],
Kannur,maɾt̠ʃæ,mɐɾʃaɾ,maɾ't̠ʃæ,mɐɾˈʃaɾ,5,6,2,2,-1,Target,0,Equal,marchar,walk,Clements2012[37-41],
Kannur,kenti,kẽtɨ,ken'ti,ˈkẽtɨ,5,5,2,2,0,Equal,0,Equal,quente,warm,Clements2012[37-41],
Kannur,ləʋə,lɐvaɾ,lə'ʋə,lɐˈvaɾ,4,5,2,2,-1,Target,0,Equal,lavar,wash,Clements2012[37-41],
Kannur,agə,aguɐ,a'gə,a'guɐ,3,4,2,2,-1,Target,0,Equal,água,water,Clements2012[37-41],
Kannur,nɔzə,nɔʒ ,nɔ'zə,ˈnɔʒ ,4,4,2,2,0,Equal,0,Equal,nós,we,Clements2012[37-41],
Kannur,muʎad,muʎadu ,mu'ʎad, muˈʎa'du ,5,8,2,3,-3,Target,-1,Target,molhado,wet,Clements2012[37-41],
Kannur,ki,kɨ,ki,kɨ',2,2,1,2,0,Equal,-1,Target,que,what,Clements2012[37-41],
Kannur,kiɔɾə,kwɐ̃du,ki'ɔ'ɾə,ˈkwɐ̃du,5,6,3,2,-1,Target,1,Source,quando,when,Clements2012[37-41],
Kannur,ɔndi,õdɨ ,ɔn'di,ˈõdɨ ,4,5,2,2,-1,Target,0,Equal,onde,where,Clements2012[37-41],
Kannur,bɾankə,bɾɐ̃ku ,bɾan'kə,ˈbɾɐ̃ku ,6,7,2,2,-1,Target,0,Equal,branco,white,Clements2012[37-41],
Kannur,kɛ̃,kɐ̃j ,kɛ̃,kɐ̃j,3,5,1,0,-2,Target,1,Source,quem,who,Clements2012[37-41],
Kannur,laɾg,laɾɡu,laɾg,ˈlaɾɡu,4,5,1,2,-1,Target,-1,Target,largo,wide,Clements2012[37-41],
Kannur,muʎɛɾə,muʎeɾ,mu'ʎɛ'ɾə,muˈʎeɾ,6,5,3,2,1,Source,1,Source,mulher,wife,Clements2012[37-41],
Kannur,ʋæntə,vẽtu,ʋæn'tə,ˈvẽtu,5,4,2,2,1,Source,0,Equal,vento,wind,Clements2012[37-41],
Kannur,azə,azɐ ,a'zə,ˈazɐ ,3,4,2,2,-1,Target,0,Equal,asa,wing,Clements2012[37-41],
Kannur,limpə,lĩpaɾ,lim'pə,lĩˈpaɾ,5,5,2,2,0,Equal,0,Equal,limpar,wipe,Clements2012[37-41],
Kannur,d̠ʒuntə, ʒũtɐ,d̠ʒu'ntə, ˈʒũtɐ,5,6,2,2,-1,Target,0,Equal,,,Clements2012[37-41],
Kannur,muʎɛɾ, muʎeɾ,mu'ʎɛɾ, muˈʎeɾ,5,6,2,2,-1,Target,0,Equal,mulher,woman,Clements2012[37-41],
Kannur,matə,matu,ma'tə,ˈmatu,4,4,2,2,0,Equal,0,Equal,mato,woods,Clements2012[37-41],
Kannur,lumbɾigə, ɫõbɾigɐ ,lum'bɾi'gə, ɫõˈbɾi'gɐ ,8,10,3,3,-2,Target,0,Equal,,,Clements2012[37-41],
Kannur,bosə,vɔse,bo'sə,vɔˈse,4,4,2,2,0,Equal,0,Equal,você,you,Clements2012[37-41],
Kannur,anɛ,ɐnu ,a'nɛ,ˈɐnu ,3,4,2,2,-1,Target,0,Equal,ano,year,Clements2012[37-41],
Kannur,maɾæl,ɐmɐɾeɫu,maɾ'æl,ɐ'mɐˈɾe'ɫu,5,7,2,4,-2,Target,-2,Target,amarelo,yellow,Clements2012[37-41],
