Language,SourceWord,TargetWord,SourceWordSyl,TargetWordSyl,SourceSyllable,TargetSyllable,SourceWordSyl Lenght,TargetWordSyl Lenght,PositionSource, PositionTarget,Simple PositionSource,Simple PositionTarget,Previous Source,Next Source,Previous Target,Next Target,Process,TargetOrthography,Translation,Reference,Notes
Kannur,tudə,tudu,tu'də,ˈtudu,tu,tu,2,2,1,1,Initial,Initial,0,də,0,du,,todo/tudo,all,Clements2012[37-41],
Kannur,tudə,tudu,tu'də,ˈtudu,də,du,2,2,2,2,Final,Final,tu,2,tu,2,,todo/tudo,all,Clements2012[37-41],
Kannur,kum,i,kum,i,kum,i,1,1,1,1,Final,Initial,0,1,0,1,,e,and,Clements2012[37-41],
Kannur,animal,ɐnimaɫ,a'ni'mal,ɐ'niˈmaɫ,a,ɐ,3,3,1,1,Initial,Final,0,ni,0,ni,,animal,animal,Clements2012[37-41],
Kannur,animal,ɐnimaɫ,a'ni'mal,ɐ'niˈmaɫ,ni,ni,3,3,2,2,Medial,Initial,a,mal,ɐ,maɫ,,animal,animal,Clements2012[37-41],
Kannur,animal,ɐnimaɫ,a'ni'mal,ɐ'niˈmaɫ,mal,maɫ,3,3,3,3,Final,Final,ni,3,ni,3,,animal,animal,Clements2012[37-41],
Kannur,sinzə,sĩzɐ,sin'zə,ˈsĩzɐ,sin,sĩ,2,2,1,1,Initial,Initial,0,zə,0,zɐ,,cinza,ashes,Clements2012[37-41],
Kannur,sinzə,sĩzɐ,sin'zə,ˈsĩzɐ,zə,zɐ,2,2,2,2,Final,Final,sin,2,sĩ,2,,cinza,ashes,Clements2012[37-41],
Kannur,kɔstə,kɔʃtɐ,kɔs'tə,ˈkɔʃtɐ,kɔs,kɔʃ,2,2,1,1,Initial,Initial,0,tə,0,tɐ,,costa,back,Clements2012[37-41],
Kannur,kɔstə,kɔʃtɐ,kɔs'tə,ˈkɔʃtɐ,tə,tɐ,2,2,2,2,Final,Medial,kɔs,2,kɔʃ,2,,costa,back,Clements2012[37-41],
Kannur,mizəɾal,mal,mi'zə'ɾal,ˈmal,mi,mal,3,1,1,1,Initial,Final,0,zə,0,,,mal,bad,Clements2012[37-41],
Kannur,mizəɾal,mal,mi'zə'ɾal,ˈmal,zə,,3,1,2,,Medial,Initial,mi,ɾal,mal,,,mal,bad,Clements2012[37-41],
Kannur,mizəɾal,mal,mi'zə'ɾal,ˈmal,ɾal,,3,1,3,,Final,Final,zə,3,,,,mal,bad,Clements2012[37-41],
Kannur,ɾónkə,ʁõkaɾ,ɾón'kə,ʁõˈkaɾ,ɾón,ʁõ,2,2,1,1,Initial,Initial,0,kə,0,kaɾ,Apocope,roncar,bark (v.),Clements2012[37-41],
Kannur,ɾónkə,ʁõkaɾ,ɾón'kə,ʁõˈkaɾ,kə,kaɾ,2,2,2,2,Final,Final,ɾón,2,ʁõ,2,Apocope,roncar,bark (v.),Clements2012[37-41],
Kannur,ælvəɾi sə pæli,ɐ veɾ sɨ ɐ peɫɨ,æl'və'ɾi sə' pæ'li,ɐ ˈveɾ 'sɨ 'ɐ ˈpeɫɨ,æl,ɐ,6,6,1,1,Initial,Initial,0,və,0,veɾ,,a ver se a pele,bark (tree),Clements2012[37-41],
Kannur,ælvəɾi sə pæli,ɐ veɾ sɨ ɐ peɫɨ,æl'və'ɾi sə' pæ'li,ɐ ˈveɾ 'sɨ 'ɐ ˈpeɫɨ,və,veɾ,6,6,2,2,Medial,Final,æl,ɾi,ɐ,sɨ,,a ver se a pele,bark (tree),Clements2012[37-41],
Kannur,ælvəɾi sə pæli,ɐ veɾ sɨ ɐ peɫɨ,æl'və'ɾi sə' pæ'li,ɐ ˈveɾ 'sɨ 'ɐ ˈpeɫɨ,ɾi,sɨ,6,6,3,3,Medial,Initial,və,sə,veɾ,ɐ,,a ver se a pele,bark (tree),Clements2012[37-41],
Kannur,ælvəɾi sə pæli,ɐ veɾ sɨ ɐ peɫɨ,æl'və'ɾi sə' pæ'li,ɐ ˈveɾ 'sɨ 'ɐ ˈpeɫɨ,sə,ɐ,6,6,4,4,Medial,Final,ɾi,pæ,sɨ,pé,,a ver se a pele,bark (tree),Clements2012[37-41],
Kannur,ælvəɾi sə pæli,ɐ veɾ sɨ ɐ peɫɨ,æl'və'ɾi sə' pæ'li,ɐ ˈveɾ 'sɨ 'ɐ ˈpeɫɨ,pæ,pé,6,6,5,5,Medial,Initial,sə,li,ɐ,ɫɨ,,a ver se a pele,bark (tree),Clements2012[37-41],
Kannur,ælvəɾi sə pæli,ɐ veɾ sɨ ɐ peɫɨ,æl'və'ɾi sə' pæ'li,ɐ ˈveɾ 'sɨ 'ɐ ˈpeɫɨ,li,ɫɨ,6,6,6,6,Final,Final,pæ,6,pé,6,,a ver se a pele,bark (tree),Clements2012[37-41],
Kannur,swidə,puɾkɨ,swi'də,puɾ'kɨ,swi,pur,2,2,1,1,Initial,Initial,0,də,0,kɨ,,,because,Clements2012[37-41],
Kannur,swidə,puɾkɨ,swi'də,puɾ'kɨ,də,kɨ,2,2,2,2,Final,Final,swi,2,pur,2,,,because,Clements2012[37-41],
Kannur,baʀigə,bɐʀigɐ,ba'ʀi'gə,bɐˈʀi'gɐ,ba,bɐ,3,3,1,1,Initial,Initial,0,ʀi,0,ʀi,,barriga,belly,Clements2012[37-41],
Kannur,baʀigə,bɐʀigɐ,ba'ʀi'gə,bɐˈʀi'gɐ,ʀi,ʀi,3,3,2,2,Medial,Final,ba,gə,bɐ,gɐ,,barriga,belly,Clements2012[37-41],
Kannur,baʀigə,bɐʀigɐ,ba'ʀi'gə,bɐˈʀi'gɐ,gə,gɐ,3,3,3,3,Final,Initial,ʀi,3,ʀi,3,,barriga,belly,Clements2012[37-41],
Kannur,gɾandi,ɡɾɐ̃dɨ,gɾan'di,ˈɡɾɐ̃dɨ,gɾan,ɡɾɐ̃,2,2,1,1,Initial,Final,0,di,0,dɨ,,grande,big,Clements2012[37-41],
Kannur,gɾandi,ɡɾɐ̃dɨ,gɾan'di,ˈɡɾɐ̃dɨ,di,dɨ,2,2,2,2,Final,Initial,gɾan,2,ɡɾɐ̃,2,,grande,big,Clements2012[37-41],
Kannur,pastɾə,pasɐɾu,pas'tɾə,ˈpa'sɐ’ɾu,pas,pa,2,3,1,1,Initial,Medial,0,,0,sɐ,,pássaro,bird,Clements2012[37-41],
Kannur,pastɾə,pasɐɾu,pas'tɾə,ˈpa'sɐ’ɾu,,sɐ,2,3,,2,,Medial,pas,tɾə,pa,ɾu,,pássaro,bird,Clements2012[37-41],
Kannur,pastɾə,pasɐɾu,pas'tɾə,ˈpa'sɐ’ɾu,tɾə,ɾu,2,3,2,3,Final,Final,,2,sɐ,3,,pássaro,bird,Clements2012[37-41],
Kannur,muɾdɛ,muɾdeɾ,muɾ'dɛ,muɾˈdeɾ,muɾ,muɾ,2,2,1,1,Initial,Initial,0,dɛ,0,deɾ,Apocope,morder,bite,Clements2012[37-41],
Kannur,muɾdɛ,muɾdeɾ,muɾ'dɛ,muɾˈdeɾ,dɛ,deɾ,2,2,2,2,Final,Final,muɾ,2,muɾ,2,Apocope,morder,bite,Clements2012[37-41],
Kannur,pɾetə,pɾetu,pɾe'tə,ˈpɾetu,pɾe,pɾe,2,2,1,1,Initial,Initial,0,tə,0,tu,,preto,black,Clements2012[37-41],
Kannur,pɾetə,pɾetu,pɾe'tə,ˈpɾetu,tə,tu,2,2,2,2,Final,Medial,pɾe,2,pɾe,2,,preto,black,Clements2012[37-41],
Kannur,sangi,sɐ̃ɡɨ,san'gi,ˈsɐ̃ɡɨ,san,sɐ̃,2,2,1,1,Initial,Final,0,gi,0,ɡɨ,,sangue,blood,Clements2012[37-41],
Kannur,sangi,sɐ̃ɡɨ,san'gi,ˈsɐ̃ɡɨ,gi,ɡɨ,2,2,2,2,Final,Initial,san,2,sɐ̃,2,,sangue,blood,Clements2012[37-41],
Kannur,supɾa,supɾaɾ,su'pɾa,suˈpɾaɾ,su,su,2,2,1,1,Initial,Final,0,pɾa,0,pɾaɾ,Apocope,soprar,blow,Clements2012[37-41],
Kannur,supɾa,supɾaɾ,su'pɾa,suˈpɾaɾ,pɾa,pɾaɾ,2,2,2,2,Final,Initial,su,2,su,2,Apocope,soprar,blow,Clements2012[37-41],
Kannur,osə,osu,o'sə,ˈosu,o,o,2,2,1,1,Initial,Final,0,sə,0,su,,osso,bone,Clements2012[37-41],
Kannur,osə,osu,o'sə,ˈosu,sə,su,2,2,2,2,Final,#N/A,o,2,o,2,,osso,bone,Clements2012[37-41],
Kannur,petə,pejtu,pe'tə,ˈpejtu,Pe,pej,2,2,1,1,Initial,#N/A,0,tə,0,tu,,peito,breast,Clements2012[37-41],
Kannur,petə,pejtu,pe'tə,ˈpejtu,tə,tu,2,2,2,2,Final,#N/A,Pe,2,pej,2,,peito,breast,Clements2012[37-41],
Kannur,kima,kejmaɾ,ki'ma,kejˈmaɾ,ki,kej,2,2,1,1,Initial,#N/A,0,ma,0,maɾ,,queimar,burn,Clements2012[37-41],
Kannur,kima,kejmaɾ,ki'ma,kejˈmaɾ,ma,maɾ,2,2,2,2,Final,#N/A,ki,2,kej,2,,queimar,burn,Clements2012[37-41],
Kannur,kɾijansə,kɾiɐ̃sɐ,kɾij'an'sə,kɾiˈɐ̃’sɐ,kɾij,kɾi,3,3,1,1,Initial,Initial,0,an,0,ɐ̃,,criança,child,Clements2012[37-41],
Kannur,kɾijansə,kɾiɐ̃sɐ,kɾij'an'sə,kɾiˈɐ̃’sɐ,an,ɐ̃,3,3,2,2,Medial,Medial,kɾij,sə,kɾi,sɐ,,criança,child,Clements2012[37-41],
Kannur,kɾijansə,kɾiɐ̃sɐ,kɾij'an'sə,kɾiˈɐ̃’sɐ,sə,sɐ,3,3,3,3,Final,Final,an,3,ɐ̃,3,,criança,child,Clements2012[37-41],
Kannur,uɲə,uɲɐ,u'ɲə,ˈuɲɐ,u,u,2,2,1,1,Initial,Initial,0,ɲə,0,ɲɐ,,unha,claw,Clements2012[37-41],
Kannur,uɲə,uɲɐ,u'ɲə,ˈuɲɐ,ɲə,ɲɐ,2,2,2,2,Final,Medial,u,2,u,2,,unha,claw,Clements2012[37-41],
Kannur,mekham,nuvɐ̃j,mek'ham,ˈnuvɐ̃j,mek,nu,2,2,1,1,Initial,Final,0,ham,0,vɐ̃j,,nuvem,cloud,Clements2012[37-41],Malayam Origin
Kannur,mekham,nuvɐ̃j,mek'ham,ˈnuvɐ̃j,ham,vɐ̃j,2,2,2,2,Final,Initial,mek,2,nu,2,,nuvem,cloud,Clements2012[37-41],Malayam Origin
Kannur,fɾiw,fɾiu,fɾiw,ˈfɾiu,friw,fri,1,2,1,1,Final,Final,0,,0,u,,frio,cold,Clements2012[37-41],
Kannur,fɾiw,fɾiu,fɾiw,ˈfɾiu,,u,1,2,,2,-,Initial,friw,-,fri,2,Apocope,frio,cold,Clements2012[37-41],
Kannur,ʋi,viɾ,ʋi,ˈviɾ,ʋi,vi,1,2,1,1,Final,Final,0,,0,ɾ,Apocope,vir,come,Clements2012[37-41],
Kannur,ʋi,viɾ,ʋi,ˈviɾ,,ɾ,1,2,,2,#N/A,Initial,ʋi,,vi,2,,vir,come,Clements2012[37-41],
Kannur,konte,kõtaɾ,kon'te,kõ'taɾ,kon,kõ,2,2,1,1,Initial,Final,0,te,0,taɾ,Apocope,contar,count,Clements2012[37-41],
Kannur,konte,kõtaɾ,kon'te,kõ'taɾ,te,taɾ,2,2,2,2,Final,Initial,kon,2,kõ,2,Apocope,contar,count,Clements2012[37-41],
Kannur,kɔɾta,kuɾtaɾ,kɔɾ'ta,kuɾˈtaɾ,kuɾ,kuɾ,2,2,1,1,Initial,Final,0,Ta,0,taɾ,Apocope,cortar,cut,Clements2012[37-41],
Kannur,kɔɾta,kuɾtaɾ,kɔɾ'ta,kuɾˈtaɾ,Ta,taɾ,2,2,2,2,Final,Initial,kuɾ,2,kuɾ,2,Apocope,cortar,cut,Clements2012[37-41],
Kannur,dijə,diɐ,di'jə,ˈdiɐ,di,di,2,2,1,1,Initial,Final,0,jə,0,ɐ,,dia,day,Clements2012[37-41],
Kannur,dijə,diɐ,di'jə,ˈdiɐ,jə,ɐ,2,2,2,2,Final,Initial,di,2,di,2,,dia,day,Clements2012[37-41],
Kannur,muʀe,muʁeɾ,mu'ʀe,muˈʁeɾ,mu,ʁeɾ,2,2,1,1,Initial,Final,0,ʀe,0,ʁeɾ,Apocope,morrer,die,Clements2012[37-41],
Kannur,muʀe,muʁeɾ,mu'ʀe,muˈʁeɾ,ʀe,ʁeɾ,2,2,2,2,Final,Initial,mu,2,ʁeɾ,2,Apocope,morrer,die,Clements2012[37-41],
Kannur,gəʋətə,ʒgɾɐvɐtaɾ,gə'ʋə'tə,ʒ'gɾɐ'vɐˈtaɾ,,ʒ,3,4,,1,#N/A,Medial,0,gə,0,gɾɐ,Apheresis + Apocope,esgravatar,dig,Clements2012[37-41],
Kannur,gəʋətə,ʒgɾɐvɐtaɾ,gə'ʋə'tə,ʒ'gɾɐ'vɐˈtaɾ,gə,gɾɐ,3,4,2,2,Medial,Final,,ʋə,ʒ,vɐ,Apheresis + Apocope,esgravatar,dig,Clements2012[37-41],
Kannur,gəʋətə,ʒgɾɐvɐtaɾ,gə'ʋə'tə,ʒ'gɾɐ'vɐˈtaɾ,ʋə,vɐ,3,4,3,3,Final,Initial,gə,tə,gɾɐ,taɾ,,esgravatar,dig,Clements2012[37-41],
Kannur,gəʋətə,ʒgɾɐvɐtaɾ,gə'ʋə'tə,ʒ'gɾɐ'vɐˈtaɾ,tə,taɾ,3,4,4,4,Medial,Medial,ʋə,4,vɐ,4,,esgravatar,dig,Clements2012[37-41],
Kannur,sud̠ʒi,suʒu,su'd̠ʒi,ˈsu'ʒu,su,su,2,2,1,1,Initial,Final,0,d̠ʒi,0,ʒu,,sujo,dirty,Clements2012[37-41],
Kannur,sud̠ʒi,suʒu,su'd̠ʒi,ˈsu'ʒu,d̠ʒi,ʒu,2,2,2,2,Final,Final,su,2,su,2,,sujo,dirty,Clements2012[37-41],
Kannur,kat̠ʃoɾ,kɐʃoʀu,ka't̠ʃoɾ,kɐˈʃo'ʀu,ka,kɐ,2,3,1,1,Initial,Initial,0,,0,ʃo,Apocope,cachorro,dog,Clements2012[37-41],
Kannur,kat̠ʃoɾ,kɐʃoʀu,ka't̠ʃoɾ,kɐˈʃo'ʀu,,ʃo,2,3,,2,-,Final,ka,t̠ʃoɾ,kɐ,ʀu,Apocope,cachorro,dog,Clements2012[37-41],
Kannur,kat̠ʃoɾ,kɐʃoʀu,ka't̠ʃoɾ,kɐˈʃo'ʀu,t̠ʃoɾ,ʀu,2,3,2,3,Final,Initial,,2,ʃo,3,Apocope,cachorro,dog,Clements2012[37-41],
Kannur,bebe,bɨbeɾ,be'be,bɨˈbeɾ,be,bɨ,2,2,1,1,Initial,Final,0,be,0,beɾ,Apocope,beber,drink (v.),Clements2012[37-41],
Kannur,bebe,bɨbeɾ,be'be,bɨˈbeɾ,be,beɾ,2,2,2,2,Final,Initial,be,2,bɨ,2,Apocope,beber,drink (v.),Clements2012[37-41],
Kannur,sækə,seku,sæ'kə,ˈseku,sæ,se,2,2,1,1,Initial,Final,0,kə,0,ku,,seco,dry,Clements2012[37-41],
Kannur,sækə,seku,sæ'kə,ˈseku,kə,ku,2,2,2,2,Final,Initial,sæ,2,se,2,,seco,dry,Clements2012[37-41],
Kannur,agudə nu tɛ̃,,a'gu'də 'nu 'tɛ̃,,a,,5,,1,,Initial,Final,0,gu,0,,,,dull,Clements2012[37-41],
Kannur,agudə nu tɛ̃,,a'gu'də 'nu 'tɛ̃,,gu,,5,,2,,Medial,Initial,a,də,,,,,dull,Clements2012[37-41],
Kannur,agudə nu tɛ̃,,a'gu'də 'nu 'tɛ̃,,də,,5,,3,,Medial,Final,gu,nu,,,,,dull,Clements2012[37-41],
Kannur,agudə nu tɛ̃,,a'gu'də 'nu 'tɛ̃,,nu,,5,,4,,Medial,Initial,də,tɛ̃,,,,,dull,Clements2012[37-41],
Kannur,agudə nu tɛ̃,,a'gu'də 'nu 'tɛ̃,,tɛ̃,,5,,5,,Final,Final,nu,5,,,,,dull,Clements2012[37-41],
Kannur,baɾə,vɐʀeɾ,ba'ɾə,vɐˈʀeɾ,ba,vɐ,2,2,1,1,Initial,Initial,0,ɾə,0,ʀeɾ,Apocope,varrer,dust,Clements2012[37-41],
Kannur,baɾə,vɐʀeɾ,ba'ɾə,vɐˈʀeɾ,ɾə,ʀeɾ,2,2,2,2,Final,Final,ba,2,vɐ,,Apocope,varrer,dust,Clements2012[37-41],
Kannur,uʋid,ovidu,u'ʋid,oˈvi'du,u,o,2,3,1,1,Initial,Final,0,,0,vi,Apocope,ouvido,ear,Clements2012[37-41],
Kannur,uʋid,ovidu,u'ʋid,oˈvi'du,,vi,2,3,,2,-,Initial,u,ʋid,o,du,Apocope,ouvido,ear,Clements2012[37-41],
Kannur,uʋid,ovidu,u'ʋid,oˈvi'du,ʋid,du,2,3,2,3,Final,Final,,2,vi,3,Apocope,ouvido,ear,Clements2012[37-41],
Kannur,baɾə,baʁu,ba'ɾə,ˈbaʁu,ba,ba,2,2,1,1,Initial,Initial,0,ʁu,0,ɾə,,barro,earth,Clements2012[37-41],
Kannur,baɾə,baʁu,ba'ɾə,ˈbaʁu,ʁu,ɾə,2,2,2,2,Final,Medial,ba,2,ba,2,,barro,earth,Clements2012[37-41],
Kannur,kumɛ,kumeɾ,ku'mɛ,kuˈmeɾ,ku,ku,2,2,1,1,Initial,Medial,0,mɛ,0,meɾ,Apocope,comer,eat,Clements2012[37-41],
Kannur,kumɛ,kumeɾ,ku'mɛ,kuˈmeɾ,mɛ,meɾ,2,2,2,2,Final,Final,ku,2,ku,2,Apocope,comer,eat,Clements2012[37-41],
Kannur,oʋə,ovu,o'ʋə,ˈovu,o,o,2,2,1,1,Initial,Final,0,ʋə,0,vu,,ovo,egg,Clements2012[37-41],
Kannur,oʋə,ovu,o'ʋə,ˈovu,ʋə,vu,2,2,2,2,Final,Initial,o,2,o,2,,ovo,egg,Clements2012[37-41],
Kannur,oí,oʎu,o'í,ˈoʎu,o,o,2,2,1,1,Initial,Final,0,í,0,ʎu,,olho,eye,Clements2012[37-41],
Kannur,oí,oʎu,o'í,ˈoʎu,í,ʎu,2,2,2,2,Final,Initial,o,2,o,2,,olho,eye,Clements2012[37-41],
Kannur,kaj,kɐiɾ,kaj,kɐˈiɾ,,kɐ,1,2,-,1,-,Medial,0,kaj,0,iɾ,Apocope,cair,fall,Clements2012[37-41],
Kannur,kaj,kɐiɾ,kaj,kɐˈiɾ,kaj,iɾ,1,2,1,2,Final,Final,,1,kɐ,2,Apocope,cair,fall,Clements2012[37-41],
Kannur,lɔnd̠ʒi,lõʒɨ,lɔn'd̠ʒi,ˈlõʒɨ,lɔn,lõ,2,2,1,1,Initial,Initial,0,d̠ʒi,0,ʒɨ,,longe,far,Clements2012[37-41],
Kannur,lɔnd̠ʒi,lõʒɨ,lɔn'd̠ʒi,ˈlõʒɨ,d̠ʒi,ʒɨ,2,2,2,2,Final,Final,lɔn,2,lõ,2,,longe,far,Clements2012[37-41],
Kannur,mantegə,mɐ̃tɐjgɐ,man'te'gə,ˈmɐ̃'tɐjgɐ,man,ˈmɐ̃,3,3,1,1,Initial,Initial,0,te,0,tɐj,,manteiga,ghee,Clements2012[37-41],
Kannur,mantegə,mɐ̃tɐjgɐ,man'te'gə,ˈmɐ̃'tɐjgɐ,te,tɐj,3,3,2,2,Medial,Final,man,gə,ˈmɐ̃,gɐ,,manteiga,ghee,Clements2012[37-41],
Kannur,mantegə,mɐ̃tɐjgɐ,man'te'gə,ˈmɐ̃'tɐjgɐ,gə,gɐ,3,3,3,3,Final,Initial,te,3,tɐj,3,,manteiga,ghee,Clements2012[37-41],
Kannur,azeti,ɐzɐjtɨ,a'ze'ti,ɐˈzɐj'tɨ,a,ɐ,3,3,1,1,Initial,Final,0,ze,0,zɐj,,azeite,oil,Clements2012[37-41],
Kannur,azeti,ɐzɐjtɨ,a'ze'ti,ɐˈzɐj'tɨ,ze,zɐj,3,3,2,2,Medial,Initial,a,ti,ɐ,tɨ,,azeite,oil,Clements2012[37-41],
Kannur,azeti,ɐzɐjtɨ,a'ze'ti,ɐˈzɐj'tɨ,ti,tɨ,3,3,3,3,Final,Final,ze,3,zɐj,3,,azeite,oil,Clements2012[37-41],
Kannur,paj,paj,paj,paj,paj,paj,1,1,1,1,Final,Initial,0,1,0,1,,pai,father,Clements2012[37-41],
Kannur,mɛdə,medu,mɛ'də,ˈmedu,mɛ,me,2,2,1,1,Initial,Final,0,də,0,du,,medo,fear,Clements2012[37-41],
Kannur,mɛdə,medu,mɛ'də,ˈmedu,də,du,2,2,2,2,Final,Initial,mɛ,2,me,2,,medo,fear,Clements2012[37-41],
Kannur,pænə,penɐ,pæ'nə,ˈpenɐ,pæ,Pe,2,2,1,1,Initial,Final,0,nə,0,nɐ,,pena,feather,Clements2012[37-41],
Kannur,pænə,penɐ,pæ'nə,ˈpenɐ,nə,nɐ,2,2,2,2,Final,Initial,pæ,2,Pe,2,,pena,feather,Clements2012[37-41],
Kannur,pok,poku,pok,ˈpoku,,po,1,2,,1,#N/A,Medial,0,pok,0,ku,Apocope,pouco,few,Clements2012[37-41],
Kannur,pok,poku,pok,ˈpoku,pok,ku,1,2,1,2,Final,Final,,1,po,2,Apocope,pouco,few,Clements2012[37-41],
Kannur,pild̠ʒe,ɫutɐ,pil'd̠ʒe,ˈɫutɐ,pil,ɫu,2,2,1,1,Initial,Initial,0,d̠ʒe,0,tɐ,,,fight,Clements2012[37-41],Not portuguese origin
Kannur,pild̠ʒe,ɫutɐ,pil'd̠ʒe,ˈɫutɐ,d̠ʒe,tɐ,2,2,2,2,Final,Initial,pil,2,ɫu,2,,,fight,Clements2012[37-41],Not portuguese origin
Kannur,fogə,foɡu,fo'gə,ˈfoɡu,fo,fo,2,2,1,1,Initial,Final,0,gə,0,gu,,fogo,fire,Clements2012[37-41],
Kannur,fogə,foɡu,fo'gə,ˈfoɡu,gə,gu,2,2,2,2,Final,Initial,fo,2,fo,2,,fogo,fire,Clements2012[37-41],
Kannur,peʃi,pejʃɨ,pe'ʃi,ˈpejʃɨ,Pe,pej,2,2,1,1,Initial,Medial,0,ʃi,0,ʃɨ,Syncope,peixe,fish,Clements2012[37-41],
Kannur,peʃi,pejʃɨ,pe'ʃi,ˈpejʃɨ,ʃi,ʃɨ,2,2,2,2,Final,Final,Pe,2,pej,2,Syncope,peixe,fish,Clements2012[37-41],
Kannur,sinkə,sĩku,sin'kə,ˈsĩku,sin'kə,sĩku,2,2,1,1,Initial,Initial,0,sin'kə,0,sĩku,,cinco,five,Clements2012[37-41],
Kannur,sinkə,sĩku,sin'kə,ˈsĩku,sin'kə,sĩku,2,2,2,2,Final,Final,sin'kə,2,sĩku,2,,cinco,five,Clements2012[37-41],
Kannur,fula,floɾ,fu'la,ˈfloɾ,fu,-,2,1,1,-,Initial,Initial,0,la,0,floɾ,Metathesis,flor,flower,Clements2012[37-41],
Kannur,fula,floɾ,fu'la,ˈfloɾ,la,floɾ,2,1,2,1,Final,Medial,fu,2,-,1,,flor,flower,Clements2012[37-41],
Kannur,agwə,vuaɾ,a'gwə,vuˈaɾ,a,vu,2,2,1,1,Initial,Final,0,gwa,0,aɾ,,voar,fly,Clements2012[37-41],
Kannur,agwə,vuaɾ,a'gwə,vuˈaɾ,gwa,aɾ,2,2,2,2,Final,Initial,a,2,vu,2,,voar,fly,Clements2012[37-41],
Kannur,fog,nɨvuɐjɾu,fog,nɨ'vuˈɐj’ɾu,fog,nɨ,1,4,1,1,Final,Medial,0,,0,vu,,nevoeiro,fog,Clements2012[37-41],English origin
Kannur,fog,nɨvuɐjɾu,fog,nɨ'vuˈɐj’ɾu,,vu,1,4,,2,#N/A,Final,fog,,nɨ,ɐj,,nevoeiro,fog,Clements2012[37-41],English origin
Kannur,fog,nɨvuɐjɾu,fog,nɨ'vuˈɐj’ɾu,,ɐj,1,4,,3,#N/A,Initial,,,vu,ɾu,,nevoeiro,fog,Clements2012[37-41],English origin
Kannur,fog,nɨvuɐjɾu,fog,nɨ'vuˈɐj’ɾu,,ɾu,1,4,,4,#N/A,Final,,,ɐj,4,,nevoeiro,fog,Clements2012[37-41],English origin
Kannur,pɛ,pɛ,pɛ,ˈpɛ,pɛ,pɛ,1,1,1,1,Final,Initial,0,1,0,1,,pé,foot,Clements2012[37-41],
Kannur,katɾə,kwatɾu,ka'tɾə,ˈkwatɾu,ka,kwa,2,2,1,1,Initial,Final,0,tɾə,0,tɾu,Syncope,quatro,four,Clements2012[37-41],
Kannur,katɾə,kwatɾu,ka'tɾə,ˈkwatɾu,tɾə,tɾu,2,2,2,2,Final,Initial,ka,2,kwa,2,Syncope,quatro,four,Clements2012[37-41],
Kannur,fɾiːz,kõʒɨɫaɾ,fɾiːz,kõ'ʒɨˈɫaɾ,fɾi:z,kõ,2,3,1,1,Initial,Final,0,,0,ʒɨ,,,freeze,Clements2012[37-41],English origin
Kannur,fɾiːz,kõʒɨɫaɾ,fɾiːz,kõ'ʒɨˈɫaɾ,,ʒɨ,2,3,2,2,Final,Initial,fɾi:z,,kõ,ɫaɾ,,,freeze,Clements2012[37-41],English origin
Kannur,fɾiːz,kõʒɨɫaɾ,fɾiːz,kõ'ʒɨˈɫaɾ,,ɫaɾ,2,3,,3,#N/A,Final,,,ʒɨ,3,,,freeze,Clements2012[37-41],English origin
Kannur,fɾutɛ,fɾutɐ,fɾu'tɛ,ˈfɾutɐ,fɾu,fɾu,2,2,1,1,Initial,Initial,0,tɛ,0,tɐ,,fruta,fruit,Clements2012[37-41],
Kannur,fɾutɛ,fɾutɐ,fɾu'tɛ,ˈfɾutɐ,tɛ,tɐ,2,2,2,2,Final,Medial,fɾu,2,fɾu,2,,fruta,fruit,Clements2012[37-41],
Kannur,int̠ʃid,ʃɐju,int̠'ʃid,ˈʃɐju,int̠,ʃɐ,2,2,1,1,Initial,Final,0,ʃid,0,ju,,cheio,full,Clements2012[37-41],
Kannur,int̠ʃid,ʃɐju,int̠'ʃid,ˈʃɐju,ʃid,ju,2,2,2,2,Final,Initial,int̠,2,ʃɐ,2,,cheio,full,Clements2012[37-41],
Kannur,da,daɾ,da,ˈdaɾ,da,daɾ,1,2,1,1,Final,Medial,0,1,0,1,Apocope,dar,give,Clements2012[37-41],
Kannur,bɔ̃,bõ,bɔ̃,bõ,bɔ̃,bõ,1,1,1,1,Final,Final,0,1,0,1,,bom,good,Clements2012[37-41],
Kannur,gɾasə,ʁɛɫvɐ,gɾa'sə,ˈʁɛɫvɐ,gɾa,ʁɛɫ,2,2,1,1,Initial,Final,0,sə,0,vɐ,,,grass,Clements2012[37-41],English or Dutch origin
Kannur,gɾasə,ʁɛɫvɐ,gɾa'sə,ˈʁɛɫvɐ,sə,vɐ,2,2,2,2,Final,Initial,gɾa,2,ʁɛɫ,2,,,grass,Clements2012[37-41],English or Dutch origin
Kannur,ʋɛɾdi,veɾdɨ,ʋɛɾ'di,ˈveɾdɨ,ʋɛɾ,veɾ,2,2,1,1,Initial,Final,0,di,0,dɨ,,verde,green,Clements2012[37-41],
Kannur,ʋɛɾdi,veɾdɨ,ʋɛɾ'di,ˈveɾdɨ,di,dɨ,2,2,2,2,Final,Final,ʋɛɾ,2,veɾ,2,,verde,green,Clements2012[37-41],
Kannur,tɾipə,tɾipɐ,tɾi'pə,ˈtɾipɐ,tɾi,tɾi,2,2,1,1,Initial,Initial,0,pə,0,pɐ,,tripa,guts,Clements2012[37-41],
Kannur,tɾipə,tɾipɐ,tɾi'pə,ˈtɾipɐ,pə,pɐ,2,2,2,2,Final,Final,tɾi,2,tɾi,2,,tripa,guts,Clements2012[37-41],
Kannur,kabeli,kɐbelu,ka'be'li,kɐˈbe'lu,ka,kɐ,3,3,1,1,Initial,Initial,0,be,0,be,,cabelo,hair,Clements2012[37-41],
Kannur,kabeli,kɐbelu,ka'be'li,kɐˈbe'lu,be,be,3,3,2,2,Medial,Medial,ka,li,kɐ,lu,,cabelo,hair,Clements2012[37-41],
Kannur,kabeli,kɐbelu,ka'be'li,kɐˈbe'lu,li,lu,3,3,3,3,Final,Initial,be,3,be,3,,cabelo,hair,Clements2012[37-41],
Kannur,mɔ̃,mɐ̃w̃,mɔ̃,ˈmɐ̃w̃,mɔ̃,ˈmɐ̃w̃,1,,1,1,Final,Medial,0,1,0,1,,mão,hand,Clements2012[37-41],
Kannur,eli,eɫɨ,e'li,ˈeɫɨ,e,e,2,2,1,1,Initial,Final,0,li,0,ɫɨ,,ele,he,Clements2012[37-41],
Kannur,eli,eɫɨ,e'li,ˈeɫɨ,li,ɫɨ,2,2,2,2,Final,Initial,e,2,e,2,,ele,he,Clements2012[37-41],
Kannur,kabesə,kɐbesɐ,ka'be'sə,kɐˈbe'sɐ,ka,kɐ,3,3,1,1,Initial,Final,0,be,0,be,,cabeça,head,Clements2012[37-41],
Kannur,kabesə,kɐbesɐ,ka'be'sə,kɐˈbe'sɐ,be,be,3,3,2,2,Medial,Initial,ka,sə,kɐ,sɐ,,cabeça,head,Clements2012[37-41],
Kannur,kabesə,kɐbesɐ,ka'be'sə,kɐˈbe'sɐ,sə,sɐ,3,3,3,3,Final,Final,be,3,be,3,,cabeça,head,Clements2012[37-41],
Kannur,oí,oviɾ,o'í,oˈviɾ,o,o,2,2,1,1,Initial,Initial,0,í,0,viɾ,Apocope,ouvir,hear,Clements2012[37-41],
Kannur,oí,oviɾ,o'í,oˈviɾ,í,viɾ,2,2,2,2,Final,Final,o,2,o,2,Apocope,ouvir,hear,Clements2012[37-41],
Kannur,koɾso,kuɾɐsɐ̃w̃,koɾ'so,ku'ɾɐˈsɐ̃w̃,koɾ,ku,2,3,1,1,Initial,Initial,0,,0,ɾɐ,Syncope,coração,heart,Clements2012[37-41],
Kannur,koɾso,kuɾɐsɐ̃w̃,koɾ'so,ku'ɾɐˈsɐ̃w̃,,ɾɐ,2,3,0,2,#N/A,Final,koɾ,So,ku,sɐ̃w̃,Syncope,coração,heart,Clements2012[37-41],
Kannur,koɾso,kuɾɐsɐ̃w̃,koɾ'so,ku'ɾɐˈsɐ̃w̃,So,sɐ̃w̃,2,3,2,3,Final,Initial,,2,ɾɐ,3,Syncope,coração,heart,Clements2012[37-41],
Kannur,pezad,pɨzadu,pe'zad,pɨˈza'du,Pe,pɨ,2,3,1,1,Initial,Medial,0,,0,za,Apocope,pesado,heavy,Clements2012[37-41],
Kannur,pezad,pɨzadu,pe'zad,pɨˈza'du,,za,2,3,,2,#N/A,Final,Pe,zad,pɨ,du,Apocope,pesado,heavy,Clements2012[37-41],
Kannur,pezad,pɨzadu,pe'zad,pɨˈza'du,zad,du,2,3,2,3,Final,Initial,,2,za,3,Apocope,pesado,heavy,Clements2012[37-41],
Kannur,ɛki,ɐki,ɛ'ki,ɐˈki,ɛ,ɐ,2,2,1,1,Initial,Final,0,ki,0,ki,,aqui,here,Clements2012[37-41],
Kannur,ɛki,ɐki,ɛ'ki,ɐˈki,ki,ki,2,2,2,2,Final,Initial,ɛ,2,ɐ,2,,aqui,here,Clements2012[37-41],
Kannur,dali,daʎɨ,da'li,ˈda-ʎɨ,da,da,2,2,1,1,Initial,Medial,0,li,0,ʎɨ,,dá-lhe,hit,Clements2012[37-41],
Kannur,dali,daʎɨ,da'li,ˈda-ʎɨ,li,ʎɨ,2,2,2,2,Final,Final,da,2,da,2,,dá-lhe,hit,Clements2012[37-41],
Kannur,tama,tumaɾ,ta'ma,tuˈmaɾ,Ta,tu,2,2,1,1,Initial,Initial,0,ma,0,maɾ,Apocope,tomar,hold (take),Clements2012[37-41],
Kannur,tama,tumaɾ,ta'ma,tuˈmaɾ,ma,maɾ,2,2,2,2,Final,Medial,Ta,2,tu,tu,Apocope,tomar,hold (take),Clements2012[37-41],
Kannur,təma,tumaɾ,tə'ma,tuˈmaɾ,tə,tu,2,2,1,1,Initial,Final,0,ma,maɾ,maɾ,Apocope,tomar,hold (take),Clements2012[37-41],
Kannur,təma,tumaɾ,tə'ma,tuˈmaɾ,ma,maɾ,2,2,2,2,Final,Initial,tə,2,tu,2,Apocope,tomar,hold (take),Clements2012[37-41],
Kannur,kɛlɛj,kɨ ɫajɐ,kɛ'lɛj,kɨ ˈɫaj'ɐ,kɛ,kɨ,2,3,1,1,Initial,Medial,0,lɛj,0,ɫaj,,que laia,how,Clements2012[37-41],
Kannur,kɛlɛj,kɨ ɫajɐ,kɛ'lɛj,kɨ ˈɫaj'ɐ,lɛj,ɫaj,2,3,2,2,Final,Final,kɛ,,kɨ,ɫɐ,,que laia,how,Clements2012[37-41],
Kannur,kɛlɛj,kɨ ɫajɐ,kɛ'lɛj,kɨ ˈɫaj'ɐ,,ɫɐ,2,3,,3,#N/A,Initial,lɛj,,ɫaj,3,,que laia,how,Clements2012[37-41],
Kannur,maɾidə,mɐɾidu,ma'ɾi'də,mɐˈɾi'du,ma,mɐ,3,3,1,1,Initial,Medial,0,ɾi,0,ɾi,,marido,husband,Clements2012[37-41],
Kannur,maɾidə,mɐɾidu,ma'ɾi'də,mɐˈɾi'du,ɾi,ɾi,3,3,2,2,Medial,Final,ma,də,mɐ,du,,marido,husband,Clements2012[37-41],
Kannur,maɾidə,mɐɾidu,ma'ɾi'də,mɐˈɾi'du,də,du,3,3,3,3,Final,Initial,ɾi,3,ɾi,3,,marido,husband,Clements2012[37-41],
Kannur,jo,ew,jo,ew,jo,ew,1,1,1,1,Final,Final,0,1,0,1,,eu,I,Clements2012[37-41],
Kannur,ajs,ʒeɫu,ajs,ˈʒeɫu,ajs,ʒe,1,2,1,1,Final,Initial,0,,0,ɫu,,,ice,Clements2012[37-41],English or Dutch origin
Kannur,ajs,ʒeɫu,ajs,ˈʒeɫu,,ɫu,1,2,,2,#N/A,Final,ajs,,ʒe,2,,,ice,Clements2012[37-41],English or Dutch origin
Kannur,sə,sɨ,sə,sɨ,sə,sɨ,1,1,1,1,Final,-,0,1,0,1,,se,if,Clements2012[37-41],
Kannur,dɛntɾə,dẽtɾu,dɛn'tɾə,ˈdẽtɾu,dɛn,dẽ,2,2,1,1,Initial,Initial,0,tɾə,0,tɾu,,dentro,inside,Clements2012[37-41],
Kannur,dɛntɾə,dẽtɾu,dɛn'tɾə,ˈdẽtɾu,tɾə,tɾu,2,2,2,2,Final,Initial,dɛn,2,dẽ,2,,dentro,inside,Clements2012[37-41],
Kannur,matæ,mɐtaɾ,ma'tæ,mɐˈtaɾ,ma,mɐ,2,3,1,1,Initial,Initial,0,tæ,0,taɾ,Apocope,matar,kill,Clements2012[37-41],
Kannur,matæ,mɐtaɾ,ma'tæ,mɐˈtaɾ,tæ,taɾ,2,3,2,2,Final,-,ma,2,mɐ,2,Apocope,matar,kill,Clements2012[37-41],
Kannur,kunsɛ,kuɲɨseɾ,kun'sɛ,ku'ɲɨˈseɾ,,ku,2,3,-,1,-,Final,0,kun,0,ɲɨ,Apocope,conhecer,know,Clements2012[37-41],
Kannur,kunsɛ,kuɲɨseɾ,kun'sɛ,ku'ɲɨˈseɾ,kun,ɲɨ,2,3,1,2,Initial,Initial,,sɛ,ku,seɾ,Apocope,conhecer,know,Clements2012[37-41],
Kannur,kunsɛ,kuɲɨseɾ,kun'sɛ,ku'ɲɨˈseɾ,sɛ,seɾ,2,3,2,3,Final,Final,kun,2,ɲɨ,3,Apocope,conhecer,know,Clements2012[37-41],
Kannur,sabɛ,sɐbeɾ,sa'bɛ,sɐˈbeɾ,as,sɐ,2,2,1,1,Initial,Final,0,bɛ,0,beɾ,Apocope,saber,know,Clements2012[37-41],
Kannur,sabɛ,sɐbeɾ,sa'bɛ,sɐˈbeɾ,bɛ,beɾ,2,2,2,2,Final,Initial,as,2,sɐ,2,Apocope,saber,know,Clements2012[37-41],
Kannur,ɾihɛ,ʁiɾ,ɾi'hɛ,ʁiɾ,ɾi,ʁi,2,2,1,1,Initial,Medial,0,hɛ,0,ɾ,,rir,laugh,Clements2012[37-41],
Kannur,ɾihɛ,ʁiɾ,ɾi'hɛ,ʁiɾ,hɛ,ɾ,2,2,2,2,Final,Final,ɾi,2,ʁi,ʁi,,rir,laugh,Clements2012[37-41],
Kannur,ɾiɛ,ʁiɾ,ɾi'ɛ,ʁiɾ,ɾi,ʁi,2,2,1,1,Initial,Initial,0,ɛ,ɾ,ɾ,,rir,laugh,Clements2012[37-41],
Kannur,ɾiɛ,ʁiɾ,ɾi'ɛ,ʁi,ɛ,ɾ,2,2,2,2,Final,Final,ɾi,2,ʁi,2,,rir,laugh,Clements2012[37-41],
Kannur,fɔʎə,foʎɐ,fɔ'ʎə,ˈfoʎɐ,fɔ,fo,2,2,1,1,Initial,Initial,0,ʎə,0,ʎɐ,,folha,leaf,Clements2012[37-41],
Kannur,fɔʎə,foʎɐ,fɔ'ʎə,ˈfoʎɐ,ʎə,ʎɐ,2,2,2,2,Final,Final,fɔ,2,fo,2,,folha,leaf,Clements2012[37-41],
Kannur,left,ʃkeɾdɐ,left,ʃˈkeɾ'dɐ,left,ʃ,1,3,1,1,Final,Initial,0,,0,keɾ,,à esquerda,leftside,Clements2012[37-41],English origin
Kannur,left,ʃkeɾdɐ,left,ʃˈkeɾ'dɐ,,keɾ,1,3,2,2,Medial,Medial,left,,ʃ,dɐ,,à esquerda,leftside,Clements2012[37-41],English origin
Kannur,left,ʃkeɾdɐ,left,ʃˈkeɾ'dɐ,,dɐ,1,3,,3,#N/A,Final,,,keɾ,3,,à esquerda,leftside,Clements2012[37-41],English origin
Kannur,pɛ,peɾnɐ,pɛ,ˈpeɾnɐ,pɛ,peɾ,1,2,1,1,Final,Initial,0,,0,nɐ,,perna,leg,Clements2012[37-41],
Kannur,pɛ,peɾnɐ,pɛ,ˈpeɾnɐ,,nɐ,1,2,,2,#N/A,Final,pɛ,,peɾ,2,,perna,leg,Clements2012[37-41],
Kannur,dɛtɛ,dɐjtadu,dɛ'tɛ,dɐjˈta'du,dɛ,dɐj,2,3,1,1,Initial,Initial,0,tɛ,0,Ta,,estar deitado,lie,Clements2012[37-41],
Kannur,dɛtɛ,dɐjtadu,dɛ'tɛ,dɐjˈta'du,tɛ,Ta,2,3,2,2,Final,Medial,dɛ,,dɐj,du,,estar deitado,lie,Clements2012[37-41],
Kannur,dɛtɛ,dɐjtadu,dɛ'tɛ,dɐjˈta'du,,du,2,3,-,3,-,Final,tɛ,-,Ta,3,,estar deitado,lie,Clements2012[37-41],
Kannur,liveɾ,figɐdu,li'veɾ,ˈfigɐ'du,li,fi,2,3,1,1,Initial,Initial,0,veɾ,0,gɐ,,,liver,Clements2012[37-41],
Kannur,liveɾ,figɐdu,li'veɾ,ˈfigɐ'du,veɾ,gɐ,2,3,2,2,Final,Medial,li,,fi,du,,,liver,Clements2012[37-41],
Kannur,liveɾ,figɐdu,li'veɾ,ˈfigɐ'du,,du,2,3,,3,#N/A,Final,veɾ,,gɐ,3,,,liver,Clements2012[37-41],
Kannur,kumpɾidə,kõpɾidu,kum'pɾi'də,kõˈpɾi'du,kum,kõ,3,3,1,1,Initial,Initial,0,pɾi,0,pɾi,,comprido,long,Clements2012[37-41],
Kannur,kumpɾidə,kõpɾidu,kum'pɾi'də,kõˈpɾi'du,pɾi,pɾi,3,3,2,2,Medial,Medial,kum,də,kõ,du,,comprido,long,Clements2012[37-41],
Kannur,kumpɾidə,kõpɾidu,kum'pɾi'də,kõˈpɾi'du,də,du,3,3,3,3,Final,Final,pɾi,3,pɾi,3,,comprido,long,Clements2012[37-41],
Kannur,pioji,pioʎu,pio'ji,piˈo'ʎu,pio,pi,2,3,1,1,Initial,Initial,0,,0,o,,piolho,louse,Clements2012[37-41],
Kannur,pioji,pioʎu,pio'ji,piˈo'ʎu,,o,2,3,-,2,-,Final,pio,ji,pi,ʎu,,piolho,louse,Clements2012[37-41],
Kannur,pioji,pioʎu,pio'ji,piˈo'ʎu,ji,ʎu,2,3,2,3,Final,Initial,,2,o,3,,piolho,louse,Clements2012[37-41],
Kannur,ɔmi,omɐ̃j,ɔ'mi,ˈomɐ̃j,ɔ,o,2,2,1,1,Initial,Final,0,mi,0,mɐ̃j,,homem,man,Clements2012[37-41],
Kannur,ɔmi,omɐ̃j,ɔ'mi,ˈomɐ̃j,mi,mɐ̃j,2,2,2,2,Final,Initial,ɔ,2,o,2,,homem,man,Clements2012[37-41],
Kannur,bəstantə,mũjtuʃ,bəs'tan'tə,ˈmũjtuʃ,bəs,mũj,3,2,1,1,Initial,Final,0,tan,0,tuʃ,,muitos,many,Clements2012[37-41],Not cognates
Kannur,bəstantə,mũjtuʃ,bəs'tan'tə,ˈmũjtuʃ,tan,tuʃ,3,2,2,2,Medial,Final,bəs,tə,mũj,,,muitos,many,Clements2012[37-41],Not cognates
Kannur,bəstantə,mũjtuʃ,bəs'tan'tə,ˈmũjtuʃ,tə,,3,2,3,,Final,Initial,tan,3,tuʃ,-,,muitos,many,Clements2012[37-41],Not cognates
Kannur,kaɾni,kaɾnɨ,kaɾ'ni,kaɾ'ni,kaɾ,kaɾ,2,2,1,1,Initial,Initial,0,ni,0,ni,,carne,meat,Clements2012[37-41],
Kannur,kaɾni,kaɾnɨ,kaɾ'ni,kaɾ'ni,ni,ni,2,2,1,1,Initial,Final,kaɾ,1,kaɾ,1,,carne,meat,Clements2012[37-41],
Kannur,luʋaɾə,luaɾ,luʋ'aɾə,luˈaɾ,lu,lu,3,2,1,1,Initial,Initial,0,ʋa,0,-,Epenthesis,luar,moonlight,Clements2012[37-41],
Kannur,luʋaɾə,luaɾ,luʋ'aɾə,luˈaɾ,ʋa,-,3,2,2,,Medial,Medial,lu,ɾə,lu,aɾ,Epenthesis,luar,moonlight,Clements2012[37-41],
Kannur,luʋaɾə,luaɾ,luʋ'aɾə,luˈaɾ,ɾə,aɾ,3,2,3,2,Final,Final,ʋa,3,-,2,Epenthesis,luar,moonlight,Clements2012[37-41],
Kannur,luʋə,luɐ,luʋ'ə,luɐ,luʋ,lu,2,2,1,1,Initial,-,0,ə,0,ɐ,Epenthesis,lua,moon,Clements2012[37-41],
Kannur,luʋə,luɐ,luʋ'ə,luɐ,ə,ɐ,2,2,2,2,Final,Final,luʋ,2,lu,2,Epenthesis,lua,moon,Clements2012[37-41],
Kannur,maj,mɐ̃j̃,maj,mɐ̃j̃,maj,mɐ̃j̃,1,1,1,1,Final,Initial,0,1,0,1,,mãe,mother,Clements2012[37-41],
Kannur,montaɲə,mõtɐɲɐ,mon'ta'ɲə,mõˈtɐ'ɲɐ,mon,mõ,3,3,1,1,Initial,Final,0,Ta,0,tɐ,,montanha,mountain,Clements2012[37-41],
Kannur,montaɲə,mõtɐɲɐ,mon'ta'ɲə,mõˈtɐ'ɲɐ,Ta,tɐ,3,3,2,2,Medial,Initial,mon,ɲə,mõ,ɲɐ,,montanha,mountain,Clements2012[37-41],
Kannur,montaɲə,mõtɐɲɐ,mon'ta'ɲə,mõˈtɐ'ɲɐ,ɲə,ɲɐ,3,3,3,3,Final,Final,Ta,3,tɐ,3,,montanha,mountain,Clements2012[37-41],
Kannur,bɔkə,bokɐ,bɔ'kə,ˈbokɐ,bɔ,bo,2,2,1,1,Initial,Initial,0,kə,0,kɐ,,boca,mouth,Clements2012[37-41],
Kannur,bɔkə,bokɐ,bɔ'kə,ˈbokɐ,kə,kɐ,2,2,2,2,Final,Medial,bɔ,2,bo,2,,boca,mouth,Clements2012[37-41],
Kannur,,nomɨ,nɔ'mi,ˈnomɨ,nɔ,no,2,2,1,1,Initial,Final,0,mi,0,mɨ,,nome,name,Clements2012[37-41],
Kannur,,nomɨ,nɔ'mi,ˈnomɨ,mi,mɨ,2,2,2,2,Final,Initial,nɔ,2,no,2,,nome,name,Clements2012[37-41],
Kannur,idungija,ʃtɾɐjtu,i'dun'gija,ʃˈtɾɐj'tu,i,ʃ,3,3,1,1,Initial,Final,0,dun,0,tɾɐj,,estreito,narrow,Clements2012[37-41],Malayam Origin
Kannur,idungija,ʃtɾɐjtu,i'dun'gija,ʃˈtɾɐj'tu,dun,tɾɐj,3,3,2,2,Medial,Initial,i,gija,ʃ,tu,,estreito,narrow,Clements2012[37-41],Malayam Origin
Kannur,idungija,ʃtɾɐjtu,i'dun'gija,ʃˈtɾɐj'tu,gija,tu,3,3,3,3,Final,Final,dun,3,tɾɐj,3,,estreito,narrow,Clements2012[37-41],Malayam Origin
Kannur,pɛɾtə,peɾtu,pɛɾ'tə,ˈpeɾtu,pɛɾ,peɾ,2,2,1,1,Initial,Initial,0,tə,0,tu,,perto,near,Clements2012[37-41],
Kannur,pɛɾtə,peɾtu,pɛɾ'tə,ˈpeɾtu,tə,tu,2,2,2,2,Final,Medial,pɛɾ,2,peɾ,2,,perto,near,Clements2012[37-41],
Kannur,piskos,pɨʃkosu,pis'kos,pɨʃˈko'su,pis,pɨʃ,2,3,1,1,Initial,Final,0,,0,ko,Apocope,pescoço,neck,Clements2012[37-41],
Kannur,piskos,pɨʃkosu,pis'kos,pɨʃˈko'su,,ko,2,3,-,2,-,Initial,pis,kos,pɨʃ,su,Apocope,pescoço,neck,Clements2012[37-41],
Kannur,piskos,pɨʃkosu,pis'kos,pɨʃˈko'su,kos,su,2,3,2,3,Final,Final,,2,ko,3,Apocope,pescoço,neck,Clements2012[37-41],
Kannur,gaɾgantə,gɐɾgãtɐ,gaɾ'gan'tə,gɐɾˈgã'tɐ,gaɾ,gɐɾ,3,3,1,1,Initial,Initial,0,gan,0,gã,,garganta,throat,Clements2012[37-41],
Kannur,gaɾgantə,gɐɾgãtɐ,gaɾ'gan'tə,gɐɾˈgã'tɐ,gan,gã,3,3,2,2,Medial,Medial,gaɾ,tə,gɐɾ,tɐ,,garganta,throat,Clements2012[37-41],
Kannur,gaɾgantə,gɐɾgãtɐ,gaɾ'gan'tə,gɐɾˈgã'tɐ,tə,tɐ,3,3,3,3,Final,Final,gan,3,gã,gɐɾ,,garganta,throat,Clements2012[37-41],
Kannur,gaɾgæntə,gɐɾgãtɐ,gaɾ'gæn'tə,gɐɾˈgã'tɐ,gaɾ,gɐɾ,3,3,1,1,Initial,Initial,0,gæn,tɐ,gã,,garganta,throat,Clements2012[37-41],
Kannur,gaɾgæntə,gɐɾgãtɐ,gaɾ'gæn'tə,gɐɾˈgã'tɐ,gæn,gã,3,3,2,2,Medial,Final,gaɾ,tə,gɐɾ,tɐ,,garganta,throat,Clements2012[37-41],
Kannur,gaɾgæntə,gɐɾgãtɐ,gaɾ'gæn'tə,gɐɾˈgã'tɐ,tə,tɐ,3,3,3,3,Final,Initial,gæn,3,gã,3,,garganta,throat,Clements2012[37-41],
Kannur,nɔʋə,novu,nɔ'ʋə,ˈnovu,nɔ,no,2,2,1,1,Initial,Initial,0,ʋə,0,vu,,novo,new,Clements2012[37-41],
Kannur,nɔʋə,novu,nɔ'ʋə,ˈnovu,ʋə,vu,2,2,2,2,Final,Medial,nɔ,2,no,2,,novo,new,Clements2012[37-41],
Kannur,nojti,nojtɨ,noj'ti,ˈnojtɨ,noj,noj,2,2,1,1,Initial,Medial,0,ti,0,tɨ,,noite,night,Clements2012[37-41],
Kannur,nojti,nojtɨ,noj'ti,ˈnojtɨ,ti,tɨ,2,2,2,2,Final,Initial,noj,2,noj,2,,noite,night,Clements2012[37-41],
Kannur,naɾis,nɐɾiʒ,na'ɾis,nɐˈɾiʒ,na,nɐ,2,2,1,1,Initial,Medial,0,ɾis,0,ɾiʒ,,nariz,nose,Clements2012[37-41],
Kannur,naɾis,nɐɾiʒ,na'ɾis,nɐˈɾiʒ,ɾis,ɾiʒ,2,2,2,2,Final,Final,na,2,nɐ,2,,nariz,nose,Clements2012[37-41],
Kannur,na,nɐ̃w,na,ˈnɐ̃w,na,ˈnɐ̃w,1,1,1,1,Final,Initial,0,1,0,ˈnɐ̃w,,não,not,Clements2012[37-41],
Kannur,nu,nɐ̃w,nu,ˈnɐ̃w,nu,ˈnɐ̃w,1,2,1,1,Final,Medial,0,1,ˈnɐ̃w,1,,não,not,Clements2012[37-41],
Kannur,ʋæli,veʎu,ʋæ'li,ˈveʎu,ʋæ,ve,2,2,1,1,Initial,Final,0,li,0,ʎu,,velho,old,Clements2012[37-41],
Kannur,ʋæli,veʎu,ʋæ'li,ˈveʎu,li,ʎu,2,2,2,2,Final,Initial,ʋæ,2,ve,2,,velho,old,Clements2012[37-41],
Kannur,ʋeliz,vɨʎisɨ,ʋe'liz,vɨˈʎi'sɨ,ʋe,vɨ,2,3,1,1,Initial,Final,0,,0,ʎi,,velhice,old age,Clements2012[37-41],
Kannur,ʋeliz,vɨʎisɨ,ʋe'liz,vɨˈʎi'sɨ,,ʎi,2,3,,2,#N/A,Initial,ʋe,liz,vɨ,sɨ,,velhice,old age,Clements2012[37-41],
Kannur,ʋeliz,vɨʎisɨ,ʋe'liz,vɨˈʎi'sɨ,liz,sɨ,2,3,2,3,Final,Final,,2,ʎi,3,,velhice,old age,Clements2012[37-41],
Kannur,uŋa,ũ,u'ŋa,ũ,u,,2,1,1,,Initial,Initial,0,ŋa,0,ũ,,um,one,Clements2012[37-41],
Kannur,uŋa,ũ,u'ŋa,ũ,ŋa,ũ,2,1,2,1,Final,-,u,2,,1,,um,one,Clements2012[37-41],
Kannur,dusɾɛ,otɾu,dus'ɾɛ,ˈotɾu,dus,o,2,2,1,1,Initial,Final,0,ɾɛ,0,tɾu,,,other,Clements2012[37-41],
Kannur,dusɾɛ,otɾu,dus'ɾɛ,ˈotɾu,ɾɛ,tɾu,2,2,2,2,Final,Initial,dus,2,o,o,,,other,Clements2012[37-41],
Kannur,otɾə,otɾu,o'tɾə,ˈotɾu,o,o,2,2,1,1,Initial,-,0,tɾə,tɾu,tɾu,,outro,other,Clements2012[37-41],
Kannur,otɾə,otɾu,o'tɾə,ˈotɾu,tɾə,tɾu,2,2,2,2,Final,Final,o,2,o,2,,outro,other,Clements2012[37-41],
Kannur,peso,pɨsoɐ,pe'so,pɨˈso'ɐ,Pe,pɨ,2,3,1,1,Initial,Initial,0,So,0,Só,Apocope,pessoa,person,Clements2012[37-41],
Kannur,peso,pɨsoɐ,pe'so,pɨˈso'ɐ,So,Só,2,3,2,2,Final,Medial,Pe,pe'so,pɨ,ɐ,Apocope,pessoa,person,Clements2012[37-41],
Kannur,peso,pɨsoɐ,pe'so,pɨˈso'ɐ,pe'so,ɐ,2,3,3,3,Medial,Final,So,3,Só,3,Apocope,pessoa,person,Clements2012[37-41],
Kannur,bɾinkə,bɾĩkaɾ,bɾin'kə,bɾĩˈkaɾ,bɾin'kə,bɾĩ.ˈkaɾ,2,2,1,1,Initial,Initial,0,bɾin'kə,0,bɾĩ.ˈkaɾ,Apocope,brincar,play,Clements2012[37-41],
Kannur,bɾinkə,bɾĩkaɾ,bɾin'kə,bɾĩˈkaɾ,bɾin'kə,bɾĩ.ˈkaɾ,2,2,2,2,Final,Medial,bɾin'kə,2,bɾĩ.ˈkaɾ,2,Apocope,brincar,play,Clements2012[37-41],
Kannur,pwisɛ,puʃaɾ,pwi'sɛ,puˈʃaɾ,pwi'sɛ,pu.ˈʃaɾ,2,2,1,1,Initial,Final,0,pwi'sɛ,0,pu.ˈʃaɾ,,puxar,pull,Clements2012[37-41],
Kannur,pwisɛ,puʃaɾ,pwi'sɛ,puˈʃaɾ,pwi'sɛ,pu.ˈʃaɾ,2,2,2,2,Final,Final,pwi'sɛ,2,pu.ˈʃaɾ,2,,puxar,pull,Clements2012[37-41],
Kannur,puʃɛ,ẽpuʁaɾ,pu'ʃɛ,ẽ'puˈʁaɾ,pu,ẽ,2,3,1,1,Initial,Initial,0,ʃɛ,0,pu,,empurrar,push,Clements2012[37-41],not cognates. May come from english “push”
Kannur,puʃɛ,ẽpuʁaɾ,pu'ʃɛ,ẽ'puˈʁaɾ,ʃɛ,pu,2,3,2,2,Final,Final,pu,,ẽ,ʁaɾ,,empurrar,push,Clements2012[37-41],
Kannur,puʃɛ,ẽpuʁaɾ,pu'ʃɛ,ẽ'puˈʁaɾ,,ʁaɾ,2,3,,3,#N/A,Initial,ʃɛ,,pu,3,,empurrar,push,Clements2012[37-41],
Kannur,t̠ʃuʋə,ʃuvɐ,t̠ʃu'ʋə,ˈʃuvɐ,t̠ʃu,ʃu,2,2,1,1,Initial,Final,0,ʋə,0,vɐ,,chuva,rain,Clements2012[37-41],
Kannur,t̠ʃuʋə,ʃuvɐ,t̠ʃu'ʋə,ˈʃuvɐ,ʋə,vɐ,2,2,2,2,Final,Initial,t̠ʃu,2,ʃu,2,,chuva,rain,Clements2012[37-41],
Kannur,bɾəmɛl,vɨɾmɐjʎu,bɾə'mɛl,vɨɾˈmɐj'ʎu,bɾə,vɨɾ,2,3,1,1,Initial,Medial,0,,0,mɐj,Metathesis + Apocope,vermelho,red,Clements2012[37-41],
Kannur,bɾəmɛl,vɨɾmɐjʎu,bɾə'mɛl,vɨɾˈmɐj'ʎu,,mɐj,2,3,,2,#N/A,Final,bɾə,mɛl,vɨɾ,ʎu,Metathesis + Apocope,vermelho,red,Clements2012[37-41],
Kannur,bɾəmɛl,vɨɾmɐjʎu,bɾə'mɛl,vɨɾˈmɐj'ʎu,mɛl,ʎu,2,3,2,3,Final,Initial,,2,mɐj,3,Metathesis + Apocope,vermelho,red,Clements2012[37-41],
Kannur,d̠ʒustə,ʒuʃtu,d̠ʒus'tə,ˈʒuʃ'tu,d̠ʒus,ʒuʃ',2,2,1,1,Initial,Final,0,tə,0,tu,,justo,correct,Clements2012[37-41],
Kannur,d̠ʒustə,ʒuʃtu,d̠ʒus'tə,ˈʒuʃ'tu,tə,tu,2,2,2,2,Final,-,d̠ʒus,2,ʒuʃ',2,,justo,correct,Clements2012[37-41],
Kannur,ɾightside,à diɾɐjtɐ,ɾight'side,à' diˈɾɐj'tɐ,ɾight,à,2,4,1,1,Initial,Final,0,side,0,di,,à direita,rightside,Clements2012[37-41],English origin
Kannur,ɾightside,à diɾɐjtɐ,ɾight'side,à' diˈɾɐj'tɐ,side,di,2,4,2,1,Final,Initial,ɾight,,à,ɾɐj,,à direita,rightside,Clements2012[37-41],English origin
Kannur,ɾightside,à diɾɐjtɐ,ɾight'side,à' diˈɾɐj'tɐ,,ɾɐj,2,4,,2,#N/A,Medial,side,,di,tɐ,,à direita,rightside,Clements2012[37-41],English origin
Kannur,ɾightside,à diɾɐjtɐ,ɾight'side,à' diˈɾɐj'tɐ,,tɐ,2,4,,3,#N/A,Final,,,ɾɐj,3,,à direita,rightside,Clements2012[37-41],English origin
Kannur,ɾivəɾ,ʁibɐjɾu,ɾi'vəɾ,ʁiˈbɐj'ɾu,ɾi,ʁi,2,3,1,1,Initial,Initial,0,vəɾ,0,bɐj,,ribeiro,river,Clements2012[37-41],English origin
Kannur,ɾivəɾ,ʁibɐjɾu,ɾi'vəɾ,ʁiˈbɐj'ɾu,vəɾ,bɐj,2,3,2,2,Final,Final,ɾi,,ʁi,ɾu,,ribeiro,river,Clements2012[37-41],English origin
Kannur,ɾivəɾ,ʁibɐjɾu,ɾi'vəɾ,ʁiˈbɐj'ɾu,,ɾu,2,3,,3,#N/A,Initial,vəɾ,,bɐj,3,,ribeiro,river,Clements2012[37-41],English origin
Kannur,kamiɲə,kɐmiɲu,ka'mi'ɲə,kɐˈmi'ɲu,ka,kɐ,3,3,1,1,Initial,Final,0,mi,0,mi,,caminho,road,Clements2012[37-41],
Kannur,kamiɲə,kɐmiɲu,ka'mi'ɲə,kɐˈmi'ɲu,mi,mi,3,3,2,2,Medial,Initial,ka,ɲə,kɐ,ɲu,,caminho,road,Clements2012[37-41],
Kannur,kamiɲə,kɐmiɲu,ka'mi'ɲə,kɐˈmi'ɲu,ɲə,ɲu,3,3,3,3,Final,Final,mi,3,mi,3,,caminho,road,Clements2012[37-41],
Kannur,ɾoot,ʁɐiʃ,ɾoot,ʁɐˈiʃ,ɾoot,ʁɐ,1,2,1,1,Final,Medial,0,,0,iʃ,,raiz,root,Clements2012[37-41],English origin
Kannur,ɾoot,ʁɐiʃ,ɾoot,ʁɐˈiʃ,,iʃ,1,2,2,2,Medial,Initial,ɾoot,2,ʁɐ,2,,raiz,root,Clements2012[37-41],English origin
Kannur,kɔɾdə,kɔɾdɐ,kɔɾ'də,ˈkɔɾdɐ,kɔɾ,kɔɾ,2,2,1,1,Initial,Final,0,də,0,dɐ,,corda,rope,Clements2012[37-41],
Kannur,kɔɾdə,kɔɾdɐ,kɔɾ'də,ˈkɔɾdɐ,də,dɐ,2,2,2,2,Final,Initial,kɔɾ,2,kɔɾ,2,,corda,rope,Clements2012[37-41],
Kannur,apodɾə,podɾɨ,a'po'dɾə,ˈpodɾɨ,a,po,3,2,1,1,Initial,Final,0,po,0,-,Prothesis,podre,rotten,Clements2012[37-41],
Kannur,apodɾə,podɾɨ,a'po'dɾə,ˈpodɾɨ,po,-,3,2,2,,Medial,Initial,a,dɾə,po,dɾɨ,Prothesis,podre,rotten,Clements2012[37-41],
Kannur,apodɾə,podɾɨ,a'po'dɾə,ˈpodɾɨ,dɾə,dɾɨ,3,2,3,2,Final,Final,po,3,-,po.,Prothesis,podre,rotten,Clements2012[37-41],
Kannur,podɾid,podɾɨ,po'dɾi'd,ˈpodɾɨ,po,po.,3,2,1,1,Initial,Initial,0,dɾi,dɾɨ,-,Paragoge,podre,rotten,Clements2012[37-41],
Kannur,podɾid,podɾɨ,po'dɾi'd,ˈpodɾɨ,dɾi,-,3,2,2,,Medial,Final,po,d,po.,dɾɨ,Paragoge,podre,rotten,Clements2012[37-41],
Kannur,podɾid,podɾɨ,po'dɾi'd,ˈpodɾɨ,d,dɾɨ,3,2,3,2,Final,Final,dɾi,3,-,2,Paragoge,podre,rotten,Clements2012[37-41],
Kannur,ɾɛdondə,ʁɨdõdu,ɾɛ'don'də,ʁɨˈdõ'du,ɾɛ,ʁɨ,3,3,1,1,Initial,#N/A,0,don,0,dõ,,redondo,round,Clements2012[37-41],
Kannur,ɾɛdondə,ʁɨdõdu,ɾɛ'don'də,ʁɨˈdõ'du,don,dõ,3,3,2,2,Medial,Initial,ɾɛ,də,ʁɨ,du,,redondo,round,Clements2012[37-41],
Kannur,ɾɛdondə,ʁɨdõdu,ɾɛ'don'də,ʁɨˈdõ'du,də,du,3,3,3,3,Final,Final,don,3,dõ,3,,redondo,round,Clements2012[37-41],
Kannur,ɾub,ʃfɾɨgaɾ,ɾub,ʃ'fɾɨˈgaɾ,ɾub,ʃ,1,3,1,1,Final,Initial,0,,0,fɾɨ,,esfregar,rub,Clements2012[37-41],English origin
Kannur,ɾub,ʃfɾɨgaɾ,ɾub,ʃ'fɾɨˈgaɾ,,fɾɨ,1,3,,2,#N/A,Medial,ɾub,,ʃ,gaɾ,,esfregar,rub,Clements2012[37-41],English origin
Kannur,ɾub,ʃfɾɨgaɾ,ɾub,ʃ'fɾɨˈgaɾ,,gaɾ,1,3,,3,#N/A,Final,,,fɾɨ,3,,esfregar,rub,Clements2012[37-41],English origin
Kannur,sal,sal,sal,ˈsal,sal,sal,1,1,1,1,Final,Initial,0,1,0,1,,sal,salt,Clements2012[37-41],
Kannur,baʀə,ɐɾɐjɐ / baʁu,ba'ʀə,ɐˈɾɐjɐ / ba'ʁu,ba,ba,2,2,1,1,Initial,Final,0,ʀə,0,ʁu,,areia,sand,Clements2012[37-41],ba'ʁu was used for comparison
Kannur,baʀə,ɐɾɐjɐ / baʁu,ba'ʀə,ɐˈɾɐjɐ / ba'ʁu,ʀə,ʁu,2,2,2,2,Final,Initial,ba,2,ba,2,,areia,sand,Clements2012[37-41],ba'ʁu was used for comparison
Kannur,fala,fɐlaɾ,fa'la,fɐˈlaɾ,fa,fɐ,2,2,1,1,Initial,Final,0,la,0,laɾ,Apocope,falar,say,Clements2012[37-41],
Kannur,fala,fɐlaɾ,fa'la,fɐˈlaɾ,la,laɾ,2,2,2,2,Final,Initial,fa,2,fɐ,2,Apocope,falar,say,Clements2012[37-41],
Kannur,ɾaɲæ,aʁɐɲaɾ,ɾa'ɲæ,a'ʁɐˈɲaɾ,ɾa,a,2,3,1,1,Initial,Final,0,,0,ʁɐ,Apheresis + Apocope,arranhar,scratch,Clements2012[37-41],
Kannur,ɾaɲæ,aʁɐɲaɾ,ɾa'ɲæ,a'ʁɐˈɲaɾ,,ʁɐ,2,3,-,2,-,#N/A,ɾa,ɲæ,a,ɲaɾ,Apheresis + Apocope,arranhar,scratch,Clements2012[37-41],
Kannur,ɾaɲæ,aʁɐɲaɾ,ɾa'ɲæ,a'ʁɐˈɲaɾ,ɲæ,ɲaɾ,2,3,2,3,Final,#N/A,,2,ʁɐ,3,Apheresis + Apocope,arranhar,scratch,Clements2012[37-41],
Kannur,ɾaspɛ,ʁɐʃpaɾ,ɾas'pɛ,ʁɐʃˈpaɾ,ɾas,ʁɐʃ,2,2,1,1,Initial,Initial,0,pɛ,0,paɾ,Apocope,raspar,scratch,Clements2012[37-41],
Kannur,ɾaspɛ,ʁɐʃpaɾ,ɾas'pɛ,ʁɐʃˈpaɾ,pɛ,paɾ,2,2,2,2,Final,Final,ɾas,2,ʁɐʃ,2,Apocope,raspar,scratch,Clements2012[37-41],
Kannur,maɾə,maɾ,ma'ɾə,ˈmaɾ,ma,-,2,1,1,,Initial,Initial,0,ɾə,0,ˈmaɾ,Paragoge,mar,sea,Clements2012[37-41],
Kannur,maɾə,maɾ,ma'ɾə,ˈmaɾ,ɾə,ˈmaɾ,2,1,2,1,Final,Final,ma,2,-,1,Paragoge,mar,sea,Clements2012[37-41],
Kannur,paɾsɛ,pɐɾɨseɾ,paɾ'sɛ,pɐ'ɾɨˈseɾ,paɾ,pɐ,2,3,1,1,Initial,Initial,0,-,0,ɾɨ,Apocope,parecer,see,Clements2012[37-41],
Kannur,paɾsɛ,pɐɾɨseɾ,paɾ'sɛ,pɐ'ɾɨˈseɾ,-,ɾɨ,2,3,,2,-,Medial,paɾ,sɛ,pɐ,seɾ,Apocope,parecer,see,Clements2012[37-41],
Kannur,paɾsɛ,pɐɾɨseɾ,paɾ'sɛ,pɐ'ɾɨˈseɾ,sɛ,seɾ,2,3,2,3,Final,Final,-,2,ɾɨ,3,Apocope,parecer,see,Clements2012[37-41],
Kannur,fɾujtɛ,fɾutɐ,fɾuj'tɛ,ˈfɾutɐ,fɾuj,fɾu,2,2,1,1,Initial,Initial,0,tɛ,0,tɐ,,fruita,seed,Clements2012[37-41],
Kannur,fɾujtɛ,fɾutɐ,fɾuj'tɛ,ˈfɾutɐ,tɛ,tɐ,2,2,2,2,Final,Medial,fɾuj,2,fɾu,2,,fruita,seed,Clements2012[37-41],
Kannur,kuze,kuzeɾ,ku'ze,kuˈzeɾ,ku,ku,2,2,1,1,Initial,Final,0,ze,0,zeɾ,Apocope,coser,sew,Clements2012[37-41],
Kannur,kuze,kuzeɾ,ku'ze,kuˈzeɾ,ze,zeɾ,2,2,2,2,Final,Initial,ku,2,ku,2,Apocope,coser,sew,Clements2012[37-41],
Kannur,agud,ɐgudu,a'gud,ɐˈgudu,a,ɐ,2,2,1,1,Initial,Final,0,-,0,gu,Apocope,agudo,sharp,Clements2012[37-41],
Kannur,agud,ɐgudu,a'gud,ɐˈgudu,-,gu,2,2,,2,#N/A,Initial,a,gud,ɐ,du,Apocope,agudo,sharp,Clements2012[37-41],
Kannur,agud,ɐgudu,a'gud,ɐˈgudu,gud,du,2,2,2,3,Final,Final,-,2,gu,3,Apocope,agudo,sharp,Clements2012[37-41],
Kannur,kuɾtə,kuɾtu,kuɾ'tə,ˈkuɾtu,kuɾ,kuɾ,2,2,1,1,Initial,Initial,0,tə,0,tu,,curto,short,Clements2012[37-41],
Kannur,kuɾtə,kuɾtu,kuɾ'tə,ˈkuɾtu,tə,tu,2,2,2,2,Final,Medial,kuɾ,2,kuɾ,2,,curto,short,Clements2012[37-41],
Kannur,kantɛ,kɐ̃taɾ,kan'tɛ,kɐ̃ˈtaɾ,kan,kɐ̃,2,2,1,1,Initial,Final,0,tɛ,0,taɾ,Apocope,cantar,sing,Clements2012[37-41],
Kannur,kantɛ,kɐ̃taɾ,kan'tɛ,kɐ̃ˈtaɾ,tɛ,taɾ,2,2,2,2,Final,Initial,kan,2,kɐ̃,2,Apocope,cantar,sing,Clements2012[37-41],
Kannur,santɛ,sẽtaɾ,san'tɛ,sẽˈtaɾ,san,sẽ,2,2,1,1,Initial,Final,0,tɛ,0,taɾ,Apocope,sentar,sit,Clements2012[37-41],
Kannur,santɛ,sẽtaɾ,san'tɛ,sẽˈtaɾ,tɛ,taɾ,2,2,2,2,Final,Initial,san,2,sẽ,2,Apocope,sentar,sit,Clements2012[37-41],
Kannur,pæli,peɫɨ,pæ'li,ˈpeɫɨ,pæ,Pe,2,2,1,1,Initial,Final,0,li,0,ɫɨ,,pele,skin,Clements2012[37-41],
Kannur,pæli,peɫɨ,pæ'li,ˈpeɫɨ,li,ɫɨ,2,2,2,2,Final,Initial,pæ,2,Pe,2,,pele,skin,Clements2012[37-41],
Kannur,heaven,sɛw,he'aven,ˈsɛw,he,sɛw,2,1,1,1,Initial,Medial,0,aven,0,-,,,sky,Clements2012[37-41],English origin
Kannur,heaven,sɛw,he'aven,ˈsɛw,aven,-,2,1,2,,Final,Final,he,2,sɛw,,,,sky,Clements2012[37-41],English origin
Kannur,dɾumi,duɾmiɾ,dɾu'mi,duɾˈmiɾ,dɾu,duɾ,2,2,1,1,Initial,Initial,0,mi,0,miɾ,Metathesis,dormir,sleep,Clements2012[37-41],
Kannur,dɾumi,duɾmiɾ,dɾu'mi,duɾˈmiɾ,mi,miɾ,2,2,2,2,Final,Final,dɾu,2,duɾ,2,Metathesis,dormir,sleep,Clements2012[37-41],
Kannur,piken,pɨkenu,pi'ken,pɨˈke'nu,pi,pɨ,2,3,1,1,Initial,Final,0,,0,ke,Apocope,pequeno,small,Clements2012[37-41],
Kannur,piken,pɨkenu,pi'ken,pɨˈke'nu,,ke,2,3,,2,#N/A,Initial,pi,ken,pɨ,nu,Apocope,pequeno,small,Clements2012[37-41],
Kannur,piken,pɨkenu,pi'ken,pɨˈke'nu,ken,nu,2,3,2,3,Final,Final,,2,ke,3,Apocope,pequeno,small,Clements2012[37-41],
Kannur,t̠ʃeɾə,ʃɐjɾaɾ,t̠ʃe'ɾə,ʃɐjˈɾaɾ,t̠ʃe,ʃɐj,2,2,1,1,Initial,Initial,0,ɾə,0,ɾaɾ,Apocope,cheirar,smell,Clements2012[37-41],
Kannur,t̠ʃeɾə,ʃɐjɾaɾ,t̠ʃe'ɾə,ʃɐjˈɾaɾ,ɾə,ɾaɾ,2,2,2,2,Final,Final,t̠ʃe,2,ʃɐj,2,Apocope,cheirar,smell,Clements2012[37-41],
Kannur,fumə,fumu,fu'mə,ˈfumu,fu,fu,2,2,1,1,Initial,Initial,0,mə,0,mu,,fumo,smoke,Clements2012[37-41],
Kannur,fumə,fumu,fu'mə,ˈfumu,mə,mu,2,2,2,2,Final,Medial,fu,2,fu,2,,fumo,smoke,Clements2012[37-41],
Kannur,kɔbɾə,kɔbɾɐ,kɔ'bɾə,ˈkɔbɾɐ,kɔ,kɔ,2,2,1,1,Initial,Final,0,bɾə,0,bɾɐ,,cobra,snake,Clements2012[37-41],
Kannur,kɔbɾə,kɔbɾɐ,kɔ'bɾə,ˈkɔbɾɐ,bɾə,bɾɐ,2,2,2,2,Final,Initial,kɔ,2,kɔ,2,,cobra,snake,Clements2012[37-41],
Kannur,ajs,nevɨ,ajs,ˈnevɨ,ajs,ne,1,2,,,#N/A,Final,0,,0,vɨ,,neve,snow,Clements2012[37-41],English or Dutch origin
Kannur,ajs,nevɨ,ajs,ˈnevɨ,,vɨ,1,2,,,#N/A,Initial,ajs,,ne,,,neve,snow,Clements2012[37-41],English or Dutch origin
Kannur,kuspi,kuʃpiɾ,kus'pi,kuʃˈpiɾ,kus,kuʃ,2,2,1,1,Initial,Final,0,pi,0,piɾ,Apocope,cuspir,spit,Clements2012[37-41],
Kannur,kuspi,kuʃpiɾ,kus'pi,kuʃˈpiɾ,pi,piɾ,2,2,2,2,Final,Initial,kus,2,kuʃ,2,Apocope,cuspir,spit,Clements2012[37-41],
Kannur,abɾi,ɐbɾiɾ,a'bɾi,ɐˈbɾiɾ,a,ɐ,2,2,1,1,Initial,Final,0,bɾi,0,bɾiɾ,Apocope,abrir,split,Clements2012[37-41],
Kannur,abɾi,ɐbɾiɾ,a'bɾi,ɐˈbɾiɾ,bɾi,bɾiɾ,2,2,2,2,Final,Initial,a,2,ɐ,2,Apocope,abrir,split,Clements2012[37-41],
Kannur,piɲɛ,ɐpɨɾtaɾ,pi'ɲɛ,ɐ'pɨɾˈtaɾ,pi,ɐ,2,3,1,1,Initial,Final,0,ɲɛ,0,pɨɾ,,apertar,squeeze,Clements2012[37-41],
Kannur,piɲɛ,ɐpɨɾtaɾ,pi'ɲɛ,ɐ'pɨɾˈtaɾ,ɲɛ,pɨɾ,2,3,2,2,Final,Initial,pi,,ɐ,taɾ,,apertar,squeeze,Clements2012[37-41],
Kannur,piɲɛ,ɐpɨɾtaɾ,pi'ɲɛ,ɐ'pɨɾˈtaɾ,,taɾ,2,3,,3,#N/A,Final,ɲɛ,,pɨɾ,3,,apertar,squeeze,Clements2012[37-41],
Kannur,t̠ʃut̠ʃɛ,pɨɾfuɾaɾ,t̠ʃu't̠ʃɛ,pɨɾ'fuˈɾaɾ,t̠ʃu,pɨɾ,2,3,1,1,Initial,Initial,0,t̠ʃɛ,0,fu,,,pierce,Clements2012[37-41],
Kannur,t̠ʃut̠ʃɛ,pɨɾfuɾaɾ,t̠ʃu't̠ʃɛ,pɨɾ'fuˈɾaɾ,t̠ʃɛ,fu,2,3,2,2,Final,Final,t̠ʃu,,pɨɾ,ɾaɾ,,,pierce,Clements2012[37-41],
Kannur,t̠ʃut̠ʃɛ,pɨɾfuɾaɾ,t̠ʃu't̠ʃɛ,pɨɾ'fuˈɾaɾ,,ɾaɾ,2,3,,3,#N/A,-,t̠ʃɛ,,fu,3,,,pierce,Clements2012[37-41],
Kannur,impɛ,ɐ̃j pɛ,im'pɛ,ɐ̃j ˈpɛ,im,ɐ̃j,2,2,1,1,Initial,Medial,0,pɛ,0,pɛ,,estar em pé,stand,Clements2012[37-41],
Kannur,impɛ,ɐ̃j pɛ,im'pɛ,ɐ̃j ˈpɛ,pɛ,pɛ,2,2,2,2,Final,-,im,2,ɐ̃j,2,,estar em pé,stand,Clements2012[37-41],
Kannur,igɾi,iɾgeɾ,ig'ɾi,iɾˈgeɾ,ig,iɾ,2,2,1,1,Initial,Final,0,ɾi,0,geɾ,Apocope,erguer,stand,Clements2012[37-41],
Kannur,igɾi,iɾgeɾ,ig'ɾi,iɾˈgeɾ,ɾi,geɾ,2,2,2,2,Final,Initial,ig,2,iɾ,2,Apocope,erguer,stand,Clements2012[37-41],
Kannur,ɪstɾɛlə,ʃtɾeɫɐ,ɪs'tɾɛ'lə,ʃˈtɾe'ɫɐ,ɪs,ʃ,3,3,1,1,Initial,Final,0,tɾɛ,0,tɾe,,estrela,star,Clements2012[37-41],
Kannur,ɪstɾɛlə,ʃtɾeɫɐ,ɪs'tɾɛ'lə,ʃˈtɾe'ɫɐ,tɾɛ,tɾe,3,3,2,2,Medial,Initial,ɪs,lə,ʃ,ɫɐ,,estrela,star,Clements2012[37-41],
Kannur,ɪstɾɛlə,ʃtɾeɫɐ,ɪs'tɾɛ'lə,ʃˈtɾe'ɫɐ,lə,ɫɐ,3,3,3,3,Final,Medial,tɾɛ,3,tɾe,3,,estrela,star,Clements2012[37-41],
Kannur,kanə,kɐnɐ,ka'nə,ˈkɐnɐ,ka,kɐ,2,2,1,1,Initial,Final,0,nə,0,nɐ,,cana,stick,Clements2012[37-41],
Kannur,kanə,kɐnɐ,ka'nə,ˈkɐnɐ,nə,nɐ,2,2,2,2,Final,Initial,ka,2,kɐ,2,,cana,stick,Clements2012[37-41],
Kannur,pædɾə,pedɾɐ,pæ'dɾə,ˈpedɾɐ,pæ,Pe,2,2,1,1,Initial,Final,0,dɾə,0,dɾɐ,,pedra,stone,Clements2012[37-41],
Kannur,pædɾə,pedɾɐ,pæ'dɾə,ˈpedɾɐ,dɾə,dɾɐ,2,2,2,2,Final,Initial,pæ,2,Pe,2,,pedra,stone,Clements2012[37-41],
Kannur,dɾɛtə,diɾɐjtu,dɾɛ'tə,diˈɾɐj'tu,dɾɛ,di,2,3,1,1,Initial,Final,0,,0,ɾɐj,Syncope,direito,straight,Clements2012[37-41],
Kannur,dɾɛtə,diɾɐjtu,dɾɛ'tə,diˈɾɐj'tu,,ɾɐj,2,3,,2,#N/A,Initial,dɾɛ,tə,di,tu,Syncope,direito,straight,Clements2012[37-41],
Kannur,dɾɛtə,diɾɐjtu,dɾɛ'tə,diˈɾɐj'tu,tə,tu,2,3,2,3,Final,Medial,,2,ɾɐj,3,Syncope,direito,straight,Clements2012[37-41],
Kannur,t̠ʃupɛ,ʃupaɾ,t̠ʃu'pɛ,ʃuˈpaɾ,t̠ʃu,ʃu,2,2,1,1,Initial,Final,0,pɛ,0,paɾ,Apocope,chupar,suck,Clements2012[37-41],
Kannur,t̠ʃupɛ,ʃupaɾ,t̠ʃu'pɛ,ʃuˈpaɾ,pɛ,paɾ,2,2,2,2,Final,Initial,t̠ʃu,2,ʃu,2,Apocope,chupar,suck,Clements2012[37-41],
Kannur,sɔl,sɔl,sɔl,sɔl,sɔl,ˈsɔl,1,1,1,1,Final,Final,0,1,0,1,,sol,sun,Clements2012[37-41],
Kannur,int̠ʃə,ĩʃaɾ,in't̠ʃə,ĩˈʃaɾ,in,ĩ,2,2,1,1,Initial,Final,0,t̠ʃə,0,ʃaɾ,Apocope,inchar,swell,Clements2012[37-41],
Kannur,int̠ʃə,ĩʃaɾ,in't̠ʃə,ĩˈʃaɾ,t̠ʃə,ʃaɾ,2,2,2,2,Final,Initial,in,2,ĩ,2,Apocope,inchar,swell,Clements2012[37-41],
Kannur,ɾabə,ʁabu,ɾa'bə,ˈʁabu,ɾa,ʁa,2,2,1,1,Initial,Medial,0,bə,0,bu,,rabo,tail,Clements2012[37-41],
Kannur,ɾabə,ʁabu,ɾa'bə,ˈʁabu,bə,bu,2,2,2,2,Final,Final,ɾa,2,ʁa,2,,rabo,tail,Clements2012[37-41],
Kannur,akəl,ɐkiɫu,a'kəl,ɐˈki'ɫu,a,ɐ,2,3,1,1,Initial,Initial,0,-,0,ki,Apocope,aquilo,that,Clements2012[37-41],
Kannur,akəl,ɐkiɫu,a'kəl,ɐˈki'ɫu,-,ki,2,3,,2,#N/A,Final,a,a'kəl,ɐ,ɫu,Apocope,aquilo,that,Clements2012[37-41],
Kannur,akəl,ɐkiɫu,a'kəl,ɐˈki'ɫu,a'kəl,ɫu,2,3,2,3,Final,Initial,-,2,ki,3,Apocope,aquilo,that,Clements2012[37-41],
Kannur,ali,ɐɫi,a'li,ɐˈɫi,a,ɐ,2,2,1,1,Initial,Final,0,li,0,ɫi,,ali,there,Clements2012[37-41],
Kannur,ali,ɐɫi,a'li,ɐˈɫi,li,ɫi,2,2,2,2,Final,Initial,a,2,ɐ,2,,ali,there,Clements2012[37-41],
Kannur,olot,eɫɨʃ,o'lot,ˈeɫɨʃ,o,e,2,2,1,1,Initial,Final,0,lot,0,ɫɨʃ,,eles,they,Clements2012[37-41],
Kannur,olot,eɫɨʃ,o'lot,ˈeɫɨʃ,lot,ɫɨʃ,2,2,2,2,Final,Initial,o,2,e,2,,eles,they,Clements2012[37-41],
Kannur,gɾosə,gɾosu,gɾo'sə,ˈgɾosu,gɾo,gɾo,2,2,1,1,Initial,Final,0,sə,0,su,,grosso,thick,Clements2012[37-41],
Kannur,gɾosə,gɾosu,gɾo'sə,ˈgɾosu,sə,su,2,2,2,2,Final,-,gɾo,2,gɾo,2,,grosso,thick,Clements2012[37-41],
Kannur,finə,finu,fi'nə,ˈfinu,fi,fi,2,2,1,1,Initial,Final,0,nə,0,nu,,fino,thin,Clements2012[37-41],
Kannur,finə,finu,fi'nə,ˈfinu,nə,nu,2,2,2,2,Final,Initial,fi,2,fi,2,,fino,thin,Clements2012[37-41],
Kannur,lembɾa,lẽbɾaɾ,lem'bɾa,lẽˈbɾaɾ,lem,lẽ,2,2,1,1,Initial,Medial,0,bɾa,0,bɾaɾ,Apocope,lembrar,think,Clements2012[37-41],
Kannur,lembɾa,lẽbɾaɾ,lem'bɾa,lẽˈbɾaɾ,bɾa,bɾaɾ,2,2,2,2,Final,Final,lem,2,lẽ,2,Apocope,lembrar,think,Clements2012[37-41],
Kannur,isti,eʃtɨ,is'ti,ˈeʃtɨ,is,eʃ,2,2,1,1,Initial,Final,0,ti,0,tɨ,,este,this,Clements2012[37-41],
Kannur,isti,eʃtɨ,is'ti,ˈeʃtɨ,ti,tɨ,2,2,2,2,Final,Initial,is,2,eʃ,2,,este,this,Clements2012[37-41],
Kannur,bosə,vɔʃ,bo'sə,ˈvɔʃ,bo,-,2,1,1,,Initial,Final,0,sə,0,ˈvɔʃ,Paragoge,vós,thou,Clements2012[37-41],
Kannur,bosə,vɔʃ,bo'sə,ˈvɔʃ,sə,ˈvɔʃ,2,1,2,2,Final,-,bo,2,-,2,Paragoge,vós,thou,Clements2012[37-41],
Kannur,tɾesə,tɾeʃ,tɾe'sə,ˈtɾeʃ,tɾe,,2,1,1,,Initial,Initial,0,sə,0,ˈtɾeʃ,Paragoge,três,three,Clements2012[37-41],
Kannur,tɾesə,tɾeʃ,tɾe'sə,ˈtɾeʃ,sə,ˈtɾeʃ,2,1,2,1,Final,Final,tɾe,2,,1,Paragoge,três,three,Clements2012[37-41],
Kannur,pint̠ʃə,pĩʃaɾ,pin't̠ʃə,pĩˈʃaɾ,pin,pĩ,2,2,1,1,Initial,Initial,0,t̠ʃə,0,ʃaɾ,Apocope,pinchar,throw,Clements2012[37-41],
Kannur,pint̠ʃə,pĩʃaɾ,pin't̠ʃə,pĩˈʃaɾ,t̠ʃə,ʃaɾ,2,2,2,2,Final,Final,pin,2,pĩ,2,Apocope,pinchar,throw,Clements2012[37-41],
Kannur,maɾɛ,ɐmaʁaɾ,ma'ɾɛ,ɐ'maˈʁaɾ,ma,ɐ,2,3,1,1,Initial,Initial,0,-,0,ma,Apheresis + Apocope,amarrar,tie,Clements2012[37-41],
Kannur,maɾɛ,ɐmaʁaɾ,ma'ɾɛ,ɐ'maˈʁaɾ,-,ma,2,3,,2,-,Initial,ma,ɾɛ,ɐ,ʁaɾ,Apheresis + Apocope,amarrar,tie,Clements2012[37-41],
Kannur,maɾɛ,ɐmaʁaɾ,ma'ɾɛ,ɐ'maˈʁaɾ,ɾɛ,ʁaɾ,2,3,2,3,Final,Final,-,2,ma,3,Apheresis + Apocope,amarrar,tie,Clements2012[37-41],
Kannur,lingə,lĩɡuɐ,lin'gə,ˈlĩɡuɐ,lin,lĩ,2,2,1,1,Initial,Initial,0,gə,0,ɡuɐ,Epenthesis,língua,tongue,Clements2012[37-41],
Kannur,lingə,lĩɡuɐ,lin'gə,ˈlĩɡuɐ,gə,ɡuɐ,2,2,2,2,Final,-,lin,2,lĩ,2,Epenthesis,língua,tongue,Clements2012[37-41],
Kannur,denti,dẽtɨ,den'ti,ˈdẽtɨ,den,dẽ,2,2,1,1,Initial,Final,0,ti,0,tɨ,,dente,tooth,Clements2012[37-41],
Kannur,denti,dẽtɨ,den'ti,ˈdẽtɨ,ti,tɨ,2,2,2,2,Final,Initial,den,2,dẽ,2,,dente,tooth,Clements2012[37-41],
Kannur,alʋɾi,aɾvuɾɨ,al'ʋɾi,ˈaɾ'vuɾɨ,al,aɾ,2,3,1,1,Initial,Final,0,,0,vu,Epenthesis,árvore,tree,Clements2012[37-41],
Kannur,alʋɾi,aɾvuɾɨ,al'ʋɾi,ˈaɾ'vuɾɨ,,vu,2,3,-,2,-,Initial,al,ʋɾi,aɾ,ɾɨ,Epenthesis,árvore,tree,Clements2012[37-41],
Kannur,alʋɾi,aɾvuɾɨ,al'ʋɾi,ˈaɾ'vuɾɨ,ʋɾi,ɾɨ,2,3,2,3,Final,Final,,2,vu,3,Epenthesis,árvore,tree,Clements2012[37-41],
Kannur,ʋiɾə,viɾaɾ,ʋi'ɾə,viˈɾaɾ,ʋi,vi,2,2,1,1,Initial,Initial,0,ɾə,0,ɾaɾ,Apocope,virar,turn,Clements2012[37-41],
Kannur,ʋiɾə,viɾaɾ,ʋi'ɾə,viˈɾaɾ,ɾə,ɾaɾ,2,2,2,2,Final,Final,ʋi,2,vi,2,Apocope,virar,turn,Clements2012[37-41],
Kannur,dos,dojʃ,dos,ˈdojʃ,dos,ˈdojʃ,1,1,1,1,Final,Initial,0,1,0,1,Apocope,dois,two,Clements2012[37-41],
Kannur,gumtə,vumitaɾ,gum'tə,vu'miˈtaɾ,gum,vu,2,3,1,1,Initial,Final,0,-,0,mi,Apocope,vomitar,throw up,Clements2012[37-41],
Kannur,gumtə,vumitaɾ,gum'tə,vu'miˈtaɾ,-,mi,2,3,,2,-,Initial,gum,tə,vu,taɾ,Apocope,vomitar,throw up,Clements2012[37-41],
Kannur,gumtə,vumitaɾ,gum'tə,vu'miˈtaɾ,tə,taɾ,2,3,2,3,Final,Final,-,2,mi,3,,vomitar,throw up,Clements2012[37-41],
Kannur,maɾt̠ʃæ,mɐɾʃaɾ,maɾ't̠ʃæ,mɐɾˈʃaɾ,maɾ,mɐɾ,2,2,1,1,Initial,Initial,0,t̠ʃæ,0,ʃaɾ,,marchar,walk,Clements2012[37-41],
Kannur,maɾt̠ʃæ,mɐɾʃaɾ,maɾ't̠ʃæ,mɐɾˈʃaɾ,t̠ʃæ,ʃaɾ,2,2,2,2,Final,Final,maɾ,2,mɐɾ,2,,marchar,walk,Clements2012[37-41],
Kannur,kenti,kẽtɨ,ken'ti,ˈkẽtɨ,ken,kẽ,2,2,1,1,Initial,Initial,0,ti,0,tɨ,,quente,warm,Clements2012[37-41],
Kannur,kenti,kẽtɨ,ken'ti,ˈkẽtɨ,ti,tɨ,2,2,2,2,Final,Medial,ken,2,kẽ,2,,quente,warm,Clements2012[37-41],
Kannur,ləʋə,lɐvaɾ,lə'ʋə,lɐˈvaɾ,lə,lɐ,2,2,1,1,Initial,Final,0,ʋə,0,vaɾ,Apocope,lavar,wash,Clements2012[37-41],
Kannur,ləʋə,lɐvaɾ,lə'ʋə,lɐˈvaɾ,ʋə,vaɾ,2,2,2,2,Final,Initial,lə,2,lɐ,2,Apocope,lavar,wash,Clements2012[37-41],
Kannur,agə,aguɐ,a'gə,a'guɐ,a,a,2,2,1,1,Initial,Final,0,gə,0,guɐ,Epenthesis,água,water,Clements2012[37-41],
Kannur,agə,aguɐ,a'gə,a'guɐ,gə,guɐ,2,2,2,2,Final,Initial,a,2,a,2,,água,water,Clements2012[37-41],
Kannur,nɔzə,nɔʒ,nɔ'zə,ˈnɔʒ,nɔ,-,2,1,1,,Initial,Initial,0,zə,0,ˈnɔʒ,Paragoge,nós,we,Clements2012[37-41],
Kannur,nɔzə,nɔʒ,nɔ'zə,ˈnɔʒ,zə,ˈnɔʒ,2,1,2,1,Final,Initial,nɔ,2,-,1,Paragoge,nós,we,Clements2012[37-41],
Kannur,muʎad,muʎadu,mu'ʎad,muˈʎa'du,mu,mu,2,3,1,1,Initial,Medial,0,-,0,ʎa,,molhado,wet,Clements2012[37-41],
Kannur,muʎad,muʎadu,mu'ʎad,muˈʎa'du,-,ʎa,2,3,,2,-,Medial,mu,ʎad,mu,du,,molhado,wet,Clements2012[37-41],
Kannur,muʎad,muʎadu,mu'ʎad,muˈʎa'du,ʎad,du,2,3,2,3,Final,Final,-,2,ʎa,3,,molhado,wet,Clements2012[37-41],
Kannur,ki,kɨ,ki,kɨ',ki,kɨ,1,1,1,1,Final,Final,0,1,0,1,,que,what,Clements2012[37-41],
Kannur,kiɔɾə,kwɐ̃du,ki'ɔ'ɾə,ˈkwɐ̃du,ki,kwɐ̃,3,2,1,1,Initial,Final,0,ɔ,0,du,,quando,when,Clements2012[37-41],
Kannur,kiɔɾə,kwɐ̃du,ki'ɔ'ɾə,ˈkwɐ̃du,ɔ,du,3,2,2,2,Medial,Final,ki,ɾə,kwɐ̃,,,quando,when,Clements2012[37-41],
Kannur,kiɔɾə,kwɐ̃du,ki'ɔ'ɾə,ˈkwɐ̃du,ɾə,,3,2,3,,Final,Final,ɔ,3,du,-,,quando,when,Clements2012[37-41],
Kannur,ɔndi,õdɨ,ɔn'di,ˈõdɨ,ɔn,õ,2,2,1,1,Initial,Final,0,di,0,dɨ,,onde,where,Clements2012[37-41],
Kannur,ɔndi,õdɨ,ɔn'di,ˈõdɨ,di,dɨ,2,2,2,2,Final,Final,ɔn,2,õ,2,,onde,where,Clements2012[37-41],
Kannur,bɾankə,bɾɐ̃ku,bɾan'kə,ˈbɾɐ̃ku,bɾan,bɾɐ̃,2,2,1,1,Initial,Final,0,kə,0,ku,,branco,white,Clements2012[37-41],
Kannur,bɾankə,bɾɐ̃ku,bɾan'kə,ˈbɾɐ̃ku,kə,ku,2,2,2,2,Final,Final,bɾan,2,bɾɐ̃,2,,branco,white,Clements2012[37-41],
Kannur,kɛ̃,kɐ̃j,kɛ̃,kɐ̃j',kɛ̃,kɐ̃j',1,2,1,1,Final,Final,0,1,0,1,,quem,who,Clements2012[37-41],
Kannur,laɾg,laɾɡu,laɾg,ˈlaɾɡu,-,laɾ,1,2,,1,#N/A,Final,0,laɾg,0,ɡu,Apocope,largo,wide,Clements2012[37-41],
Kannur,laɾg,laɾɡu,laɾg,ˈlaɾɡu,laɾg,ɡu,1,2,1,2,Final,Final,-,1,laɾ,2,Apocope,largo,wide,Clements2012[37-41],
Kannur,muʎɛɾə,muʎeɾ,mu'ʎɛ'ɾə,muˈʎeɾ,mu,mu,3,2,1,1,Initial,Final,0,ʎɛ,0,,,mulher,wife,Clements2012[37-41],
Kannur,muʎɛɾə,muʎeɾ,mu'ʎɛ'ɾə,muˈʎeɾ,ʎɛ,,3,2,2,,Medial,Final,mu,ɾə,mu,ʎeɾ,,mulher,wife,Clements2012[37-41],
Kannur,muʎɛɾə,muʎeɾ,mu'ʎɛ'ɾə,muˈʎeɾ,ɾə,ʎeɾ,3,2,3,2,Final,Final,ʎɛ,3,,2,,mulher,wife,Clements2012[37-41],
Kannur,ʋæntə,vẽtu,ʋæn'tə,ˈvẽtu,ʋæn,vẽ,2,2,1,1,Initial,Final,0,tə,0,tu,,vento,wind,Clements2012[37-41],
Kannur,ʋæntə,vẽtu,ʋæn'tə,ˈvẽtu,tə,tu,2,2,2,2,Final,Final,ʋæn,2,vẽ,2,,vento,wind,Clements2012[37-41],
Kannur,azə,azɐ,a'zə,ˈazɐ,a,a,2,2,1,1,Initial,Final,0,zə,0,zɐ,,asa,wing,Clements2012[37-41],
Kannur,azə,azɐ,a'zə,ˈazɐ,zə,zɐ,2,2,2,2,Final,Final,a,2,a,2,,asa,wing,Clements2012[37-41],
Kannur,limpə,lĩpaɾ,lim'pə,lĩˈpaɾ,lim,lĩ,2,2,1,1,Initial,Final,0,pə,0,paɾ,,limpar,wipe,Clements2012[37-41],
Kannur,limpə,lĩpaɾ,lim'pə,lĩˈpaɾ,pə,paɾ,2,2,2,2,Final,Final,lim,2,lĩ,2,,limpar,wipe,Clements2012[37-41],
Kannur,d̠ʒuntə,ʒũtɐ,d̠ʒu'ntə,ˈʒũtɐ,d̠ʒu,ʒũ,2,2,1,1,Initial,Final,0,ntə,0,tɐ,,,,Clements2012[37-41],
Kannur,d̠ʒuntə,ʒũtɐ,d̠ʒu'ntə,ˈʒũtɐ,ntə,tɐ,2,2,2,2,Final,Final,d̠ʒu,2,ʒũ,2,,,,Clements2012[37-41],
Kannur,muʎɛɾ,muʎeɾ,mu'ʎɛɾ,muˈʎeɾ,mu,mu,2,2,1,1,Initial,Final,0,ʎɛɾ,0,ʎeɾ,,mulher,woman,Clements2012[37-41],
Kannur,muʎɛɾ,muʎeɾ,mu'ʎɛɾ,muˈʎeɾ,ʎɛɾ,ʎeɾ,2,2,2,2,Final,Final,mu,2,mu,2,,mulher,woman,Clements2012[37-41],
Kannur,matə,matu,ma'tə,ˈmatu,ma,ma,2,2,1,1,Initial,Final,0,tə,0,tu,,mato,woods,Clements2012[37-41],
Kannur,matə,matu,ma'tə,ˈmatu,tə,tu,2,2,2,2,Final,Final,ma,2,ma,2,,mato,woods,Clements2012[37-41],
Kannur,lumbɾigə,ɫõbɾigɐ,lum'bɾi'gə,ɫõˈbɾi'gɐ,lum,ɫõ,3,3,1,1,Initial,Final,0,bɾi,0,bɾi,,,,Clements2012[37-41],
Kannur,lumbɾigə,ɫõbɾigɐ,lum'bɾi'gə,ɫõˈbɾi'gɐ,bɾi,bɾi,3,3,2,2,Medial,Final,lum,gə,ɫõ,gɐ,,,,Clements2012[37-41],
Kannur,lumbɾigə,ɫõbɾigɐ,lum'bɾi'gə,ɫõˈbɾi'gɐ,gə,gɐ,3,3,3,3,Final,Final,bɾi,3,bɾi,3,,,,Clements2012[37-41],
Kannur,bosə,vɔse,bosə,vɔˈse,bo,vɔ,1,2,1,1,Final,Final,0,sə,0,se,Paragoge,você,you,Clements2012[37-41],
Kannur,bosə,vɔse,bosə,vɔˈse,sə,se,1,2,2,2,Medial,Final,bo,2,vɔ,2,Paragoge,você,you,Clements2012[37-41],
Kannur,anɛ,ɐnu,a'nɛ,ˈɐnu,a,ɐ,2,2,1,1,Initial,Final,0,nɛ,0,nu,,ano,year,Clements2012[37-41],
Kannur,anɛ,ɐnu,a'nɛ,ˈɐnu,nɛ,nu,2,2,1,1,Initial,Final,a,1,ɐ,1,,ano,year,Clements2012[37-41],
Kannur,maɾæl,ɐmɐɾeɫu,maɾ'æl,ɐ'mɐˈɾe'ɫu,-,ɐ,2,4,,1,#N/A,Final,0,maɾ,0,mɐ,Apheresis + Apocope,amarelo,yellow,Clements2012[37-41],
Kannur,maɾæl,ɐmɐɾeɫu,maɾ'æl,ɐ'mɐˈɾe'ɫu,maɾ,mɐ,2,4,1,2,Initial,Final,-,-,ɐ,ɾe,Apheresis + Apocope,amarelo,yellow,Clements2012[37-41],
Kannur,maɾæl,ɐmɐɾeɫu,maɾ'æl,ɐ'mɐˈɾe'ɫu,-,ɾe,2,4,,3,#N/A,Final,maɾ,æl,mɐ,ɫu,Apheresis + Apocope,amarelo,yellow,Clements2012[37-41],
Kannur,maɾæl,ɐmɐɾeɫu,maɾ'æl,ɐ'mɐˈɾe'ɫu,æl,ɫu,2,4,2,4,Final,Final,-,2,ɾe,4,Apheresis + Apocope,amarelo,yellow,Clements2012[37-41],
