Language,SourceWord,SourceWord CV,TargetWord,SourceWordSyl,TargetWordSyl,SourceSyllabe,TargetSyllabe,PositionSource,PositionTarget,Process,TargetOrthopraphy,Translation,Reference,Notes
Sri Lanka Portuguese,tudu,CV.CV,ˈtudu,tu.du,ˈtu.du,tu,ˈtu,1,1,,todo/tudo,all,Clements2012[37-41],
Sri Lanka Portuguese,tudu,CV.CV,ˈtudu,tu.du,ˈtu.du,du,du,2,2,,todo/tudo,all,Clements2012[37-41],
Sri Lanka Portuguese,kum,CVC ,i,kum,i,kum,i,1,1,,e,and,Clements2012[37-41],
Sri Lanka Portuguese,anima:l,V.CV.CVC,ɐniˈmaɫ,a.ni.ma:l,ɐ.ni.ˈmaɫ,a,ɐ,1,1,,animal,animal,Clements2012[37-41],
Sri Lanka Portuguese,anima:l,V.CV.CVC,ɐniˈmaɫ,a.ni.ma:l,ɐ.ni.ˈmaɫ,ni,ni,2,2,,animal,animal,Clements2012[37-41],
Sri Lanka Portuguese,anima:l,V.CV.CVC,ɐniˈmaɫ,a.ni.ma:l,ɐ.ni.ˈmaɫ,ma:l,ˈmaɫ,3,3,,animal,animal,Clements2012[37-41],
Sri Lanka Portuguese,si:nza,CVC.CV,ˈsĩzɐ,si:n.za,ˈsĩ.zɐ,si:n,ˈsĩ,1,1,,cinza,ashes,Clements2012[37-41],
Sri Lanka Portuguese,si:nza,CVC.CV,ˈsĩzɐ,si:n.za,ˈsĩ.zɐ,za,zɐ,2,2,,cinza,ashes,Clements2012[37-41],
Sri Lanka Portuguese,ntu,CCV,ˈdẽtɾu,ntu,ˈdẽ.tɾu,ntu,dẽ,1,1,,dentro,at,Clements2012[37-41],
Sri Lanka Portuguese,ntu,CCV,ˈdẽtɾu,ntu,ˈdẽ.tɾu,-,tɾu,-,2,,dentro,at,Clements2012[37-41],
Sri Lanka Portuguese,kɔ:sta,CVC.CV,ˈkɔʃtɐ,kɔ:s.ta,ˈkɔʃ.tɐ,kɔ:s,ˈkɔʃ,1,1,,costa,back,Clements2012[37-41],
Sri Lanka Portuguese,kɔ:sta,CVC.CV,ˈkɔʃtɐ,kɔ:s.ta,ˈkɔʃ.tɐ,ta,tɐ,2,2,,costa,back,Clements2012[37-41],
Sri Lanka Portuguese,ma:l,CVC,ˈmal,ma:l,ˈmal,ma:l,ˈmal,1,1,,mal,bad,Clements2012[37-41],
Sri Lanka Portuguese,bɔlfa,CVC.CV,buˈfaɾ,bɔl.fa,bu.ˈfaɾ,bɔl,bu,1,1,,bofar,bark (v.),Clements2012[37-41],
Sri Lanka Portuguese,bɔlfa,CVC.CV,buˈfaɾ,bɔl.fa,bu.ˈfaɾ,fa,ˈfaɾ,2,2,,bofar,bark (v.),Clements2012[37-41],
Sri Lanka Portuguese,paːʈa,,,pa:.ʈa,,,,1,,,,bark (tree),Clements2012[37-41],Not of Portuguese origin
Sri Lanka Portuguese,ki:pa se:,CV.CV.CV,puɾkɨ,ki:.pa.se:,puɾ.kɨ,ki:,puɾ,1,1,,porque,because,Clements2012[37-41],
Sri Lanka Portuguese,ki:pa se:,CV.CV.CV,puɾkɨ,ki:.pa.se:,puɾ.kɨ,pa ,-,2,-,,porque,because,Clements2012[37-41],
Sri Lanka Portuguese,ki:pa se:,CV.CV.CV,puɾkɨ,ki:.pa.se:,puɾ.kɨ,se:,kɨ,3,2,,porque,because,Clements2012[37-41],
Sri Lanka Portuguese,baɾi:ja,CV.CV.CV,bɐˈʀigɐ,ba.ɾi:.ja,bɐ.ˈʀi.gɐ,ba,bɐ,1,1,,barriga,belly,Clements2012[37-41],
Sri Lanka Portuguese,baɾi:ja,CV.CV.CV,bɐˈʀigɐ,ba.ɾi:.ja,bɐ.ˈʀi.gɐ,ɾi:,ˈʀi,2,2,,barriga,belly,Clements2012[37-41],
Sri Lanka Portuguese,baɾi:ja,CV.CV.CV,bɐˈʀigɐ,ba.ɾi:.ja,bɐ.ˈʀi.gɐ,ja,gɐ,3,3,dissimilation,barriga,belly,Clements2012[37-41],
Sri Lanka Portuguese,gɾa:ndi,CCV.CV,ˈɡɾɐ̃dɨ,gɾa:n.di,ˈɡɾɐ̃.dɨ,gɾa:n,ˈɡɾɐ̃,1,1,,grande,big,Clements2012[37-41],
Sri Lanka Portuguese,gɾa:ndi,CCV.CV,ˈɡɾɐ̃dɨ,gɾa:n.di,ˈɡɾɐ̃.dɨ,di,dɨ,2,2,,grande,big,Clements2012[37-41],
Sri Lanka Portuguese,pa:stɾu,CVC.CCV,ˈpasɐɾu,pa:s.tɾu,ˈpa.sɐ.ɾu,pa:s,ˈpa,1,1,,pássaro,bird,Clements2012[37-41],
Sri Lanka Portuguese,pa:stɾu,CVC.CCV,ˈpasɐɾu,pa:s.tɾu,ˈpa.sɐ.ɾu,-,sɐ,-,2,,pássaro,bird,Clements2012[37-41],
Sri Lanka Portuguese,pa:stɾu,CVC.CCV,ˈpasɐɾu,pa:s.tɾu,ˈpa.sɐ.ɾu,tɾu,ɾu,2,3,,pássaro,bird,Clements2012[37-41],
Sri Lanka Portuguese,muɾda,CVC.CV,muɾˈdeɾ,muɾ.da,muɾ.ˈdeɾ,muɾ,muɾ,1,1,,morder,bite,Clements2012[37-41],
Sri Lanka Portuguese,muɾda,CVC.CV,muɾˈdeɾ,muɾ.da,muɾ.ˈdeɾ,da,ˈdeɾ,2,2,,morder,bite,Clements2012[37-41],
Sri Lanka Portuguese,pɾɛ:tu,CCV.CV,ˈpɾetu,pɾɛ:.tu,ˈpɾe.tu,pɾɛ:,ˈpɾe,1,1,,preto,black,Clements2012[37-41],
Sri Lanka Portuguese,pɾɛ:tu,CCV.CV,ˈpɾetu,pɾɛ:.tu,ˈpɾe.tu,tu,tu,2,2,,preto,black,Clements2012[37-41],
Sri Lanka Portuguese,sa:ngi,CVC.CV,ˈsɐ̃ɡɨ,sa:n.gi,ˈsɐ̃.ɡɨ,sa:n,ˈsɐ̃,1,1,,sangue,blood,Clements2012[37-41],
Sri Lanka Portuguese,sa:ngi,CVC.CV,ˈsɐ̃ɡɨ,sa:n.gi,ˈsɐ̃.ɡɨ,gi,ɡɨ,2,2,,sangue,blood,Clements2012[37-41],
Sri Lanka Portuguese,sufɾa:,CV.CCV,suˈpɾaɾ,su.fɾa:,su.ˈpɾaɾ,su,su,1,1,,soprar,blow,Clements2012[37-41],
Sri Lanka Portuguese,sufɾa:,CV.CCV,suˈpɾaɾ,su.fɾa:,su.ˈpɾaɾ,fɾa:,ˈpɾaɾ,2,2,,soprar,blow,Clements2012[37-41],
Sri Lanka Portuguese,o:su,V.CV,ˈosu,o:.su,ˈo.su,o:,ˈo,1,1,,osso,bone,Clements2012[37-41],
Sri Lanka Portuguese,o:su,V.CV,ˈosu,o:.su,ˈo.su,su,su,2,2,,osso,bone,Clements2012[37-41],
Sri Lanka Portuguese,pe:tu,CV.CV ,ˈpejtu,pe:.tu,ˈpej.tu,pe:,ˈpej,1,1,,peito,breast,Clements2012[37-41],
Sri Lanka Portuguese,pe:tu,CV.CV ,ˈpejtu,pe:.tu,ˈpej.tu,tu,tu,2,2,,peito,breast,Clements2012[37-41],
Sri Lanka Portuguese,kima:,CV.CV,kejˈmaɾ,ki.ma:,kej.ˈmaɾ,ki,kej,1,1,,queimar,burn,Clements2012[37-41],
Sri Lanka Portuguese,kima:,CV.CV,kejˈmaɾ,ki.ma:,kej.ˈmaɾ,ma:,ˈmaɾ,2,2,,queimar,burn,Clements2012[37-41],
Sri Lanka Portuguese,kɾija:nsa,CCV.CVC.CV,kɾiˈɐ̃sɐ,kɾi.ja:n.sa,kɾi.ˈɐ̃.sɐ,kɾi,kɾi,1,1,,criança,child,Clements2012[37-41],
Sri Lanka Portuguese,kɾija:nsa,CCV.CVC.CV,kɾiˈɐ̃sɐ,kɾi.ja:n.sa,kɾi.ˈɐ̃.sɐ,ja:n,ˈɐ̃,2,2,,criança,child,Clements2012[37-41],
Sri Lanka Portuguese,kɾija:nsa,CCV.CVC.CV,kɾiˈɐ̃sɐ,kɾi.ja:n.sa,kɾi.ˈɐ̃.sɐ,sa,sɐ,3,3,,criança,child,Clements2012[37-41],
Sri Lanka Portuguese,mo:ʋis,CV.CVC,ˈnuvɐ̃j,mo:.ʋis,ˈnu.vɐ̃j,mo:,ˈnu,1,1,,nuvem,cloud,Clements2012[37-41],
Sri Lanka Portuguese,mo:ʋis,CV.CVC,ˈnuvɐ̃j,mo:.ʋis,ˈnu.vɐ̃j,ʋis,vɐ̃j,2,2,,nuvem,cloud,Clements2012[37-41],
Sri Lanka Portuguese,fɾi:ju,CCV.CV,ˈfɾiu,fɾi:.ju,ˈfɾi.u,fɾi:,ˈfɾi,1,1,,frio,cold,Clements2012[37-41],
Sri Lanka Portuguese,fɾi:ju,CCV.CV,ˈfɾiu,fɾi:.ju,ˈfɾi.u,ju,u,2,2,,frio,cold,Clements2012[37-41],
Sri Lanka Portuguese,ʋi:,CV,ˈviɾ,ʋi:,ˈviɾ,ʋi:,ˈviɾ,1,1,,vir,come,Clements2012[37-41],
Sri Lanka Portuguese,konta:,CVC.CV,kõtaɾ,kon.ta:,kõ.taɾ,kon,kõ,1,1,,contar,count,Clements2012[37-41],
Sri Lanka Portuguese,konta:,CVC.CV,kõtaɾ,kon.ta:,kõ.taɾ,ta:,taɾ,2,2,,contar,count,Clements2012[37-41],
Sri Lanka Portuguese,koɾta:,CVC.CV,kuɾˈtaɾ,koɾ.ta:,kuɾ.ˈtaɾ,koɾ,kuɾ,1,1,,cortar,cut,Clements2012[37-41],
Sri Lanka Portuguese,koɾta:,CVC.CV,kuɾˈtaɾ,koɾ.ta:,kuɾ.ˈtaɾ,ta:,ˈtaɾ,2,2,,cortar,cut,Clements2012[37-41],
Sri Lanka Portuguese,di:ja,CV.CV,ˈdiɐ,di:.ja,ˈdi.ɐ,di:,ˈdi,1,1,,dia,day,Clements2012[37-41],
Sri Lanka Portuguese,di:ja,CV.CV,ˈdiɐ,di:.ja,ˈdi.ɐ,ja,ɐ,2,2,,dia,day,Clements2012[37-41],
Sri Lanka Portuguese,muɾa,CV.CV,muˈʀeɾ,mu.ɾa,mu.ˈʀeɾ,mu,mu,1,1,,morrer,die,Clements2012[37-41],
Sri Lanka Portuguese,muɾa,CV.CV,muˈʀeɾ,mu.ɾa,mu.ˈʀeɾ,ɾa,ˈʀeɾ,2,2,,morrer,die,Clements2012[37-41],
Sri Lanka Portuguese,su:j,CVC,ˈsuʒu,su:j,ˈsu.ʒu,su:j,ˈsu,1,1,,sujo,dust,Clements2012[37-41],
Sri Lanka Portuguese,su:j,CVC,ˈsuʒu,su:j,ˈsu.ʒu,-,ʒu,-,2,,sujo,dust,Clements2012[37-41],
Sri Lanka Portuguese,kat̠ʃo:ɾu,CV.CV.CV,kɐˈʃoʀu,ka.t̠ʃo.:ɾu,kɐ.ˈʃo.ʀu,ka,kɐ,1,1,,cachorro,dog,Clements2012[37-41],
Sri Lanka Portuguese,kat̠ʃo:ɾu,CV.CV.CV,kɐˈʃoʀu,ka.t̠ʃo.:ɾu,kɐ.ˈʃo.ʀu,t̠ʃo:,ˈʃo,2,2,,cachorro,dog,Clements2012[37-41],
Sri Lanka Portuguese,kat̠ʃo:ɾu,CV.CV.CV,kɐˈʃoʀu,ka.t̠ʃo.:ɾu,kɐ.ˈʃo.ʀu,ɾu,ʀu,3,3,,cachorro,dog,Clements2012[37-41],
Sri Lanka Portuguese,beʋa,CV.CV,bɨˈbeɾ,be.ʋa,bɨ.ˈbeɾ,be,bɨ,1,1,,beber,drink (v.),Clements2012[37-41],
Sri Lanka Portuguese,beʋa,CV.CV,bɨˈbeɾ,be.ʋa,bɨ.ˈbeɾ,ʋa,ˈbeɾ,2,2,,beber,drink (v.),Clements2012[37-41],
Sri Lanka Portuguese,sɛ:ku,CV.CV,ˈseku,sɛ:.ku,ˈse.ku,sɛ:,ˈse,1,1,,seco,dry,Clements2012[37-41],
Sri Lanka Portuguese,sɛ:ku,CV.CV,ˈseku,sɛ:.ku,ˈse.ku,ku,ku,2,2,,seco,dry,Clements2012[37-41],
Sri Lanka Portuguese,bɾɔm,CCVC,ˈʀõbu,bɾɔm,ˈʀõ.bu,bɾɔm,ˈʀõ,1,1,,rombo,dull,Clements2012[37-41],
Sri Lanka Portuguese,bɾɔm,CCVC,ˈʀõbu,bɾɔm,ˈʀõ.bu,-,bu,-,2,,rombo,dull,Clements2012[37-41],
Sri Lanka Portuguese,pɔ,CV,ˈpɔ,pɔ,ˈpɔ,pɔ,ˈpɔ,1,1,,pó,dust,Clements2012[37-41],
Sri Lanka Portuguese,oʋi:du,V.CV.CV,oˈvidu,o.ʋi:.du,o.ˈvi.du,o,oˈ,1,1,,ouvido,ear,Clements2012[37-41],
Sri Lanka Portuguese,oʋi:du,V.CV.CV,oˈvidu,o.ʋi:.du,o.ˈvi.du,ʋi:,vi,2,2,,ouvido,ear,Clements2012[37-41],
Sri Lanka Portuguese,oʋi:du,V.CV.CV,oˈvidu,o.ʋi:.du,o.ˈvi.du,du,du,3,3,,ouvido,ear,Clements2012[37-41],
Sri Lanka Portuguese,oɾe:ja,V.CV.CV,oˈɾeʎɐ,o.ɾe.:ja,o.ˈɾe.ʎɐ,o,oˈ,1,1,,orelha,ear,Clements2012[37-41],
Sri Lanka Portuguese,oɾe:ja,V.CV.CV,oˈɾeʎɐ,o.ɾe.:ja,o.ˈɾe.ʎɐ,ɾe:,ɾe,2,2,,orelha,ear,Clements2012[37-41],
Sri Lanka Portuguese,oɾe:ja,V.CV.CV,oˈɾeʎɐ,o.ɾe.:ja,o.ˈɾe.ʎɐ,ja,ʎɐ,3,3,dissimilation,orelha,ear,Clements2012[37-41],
Sri Lanka Portuguese,tɛ:ɾa,CV.CV,ˈtɛʀɐ,tɛ.:ɾa,ˈtɛ.ʀɐ,tɛ:,ˈtɛ,1,1,,terra,earth,Clements2012[37-41],
Sri Lanka Portuguese,tɛ:ɾa,CV.CV,ˈtɛʀɐ,tɛ.:ɾa,ˈtɛ.ʀɐ,ɾa,ˈʀɐ,2,2,,terra,earth,Clements2012[37-41],
Sri Lanka Portuguese,kuma,CV.CV,kuˈmeɾ,ku.ma,ku.ˈmeɾ,ku,ku,1,1,,comer,eat,Clements2012[37-41],
Sri Lanka Portuguese,kuma,CV.CV,kuˈmeɾ,ku.ma,ku.ˈmeɾ,ma,ˈmeɾ,2,2,,comer,eat,Clements2012[37-41],
Sri Lanka Portuguese,o:ʋ,VC,ˈovu,o:ʋ,ˈo.vu,o:ʋ,ˈo,1,1,,ovo,egg,Clements2012[37-41],
Sri Lanka Portuguese,o:ʋ,VC,ˈovu,o:ʋ,ˈo.vu,-,vu,-,2,,ovo,egg,Clements2012[37-41],
Sri Lanka Portuguese,o:j,VC,ˈoʎu,o:j,ˈo.ʎu,o:j,ˈoʎu,1,1,,olho,eye,Clements2012[37-41],
Sri Lanka Portuguese,o:j,VC,ˈoʎu,o:j,ˈo.ʎu,-,ʎu,-,2,,olho,eye,Clements2012[37-41],
Sri Lanka Portuguese,kaj,CVC,kɐˈiɾ,kaj,kɐ.ˈiɾ,kaj,kɐ,1,1,,cair,fall,Clements2012[37-41],
Sri Lanka Portuguese,kaj,CVC,kɐˈiɾ,kaj,kɐ.ˈiɾ,-,ˈiɾ,-,2,,cair,fall,Clements2012[37-41],
Sri Lanka Portuguese,lɔ:nd̠ʒi,CVC.CV,ˈlõʒɨ,lɔ:n.d̠ʒi,ˈlõ.ʒɨ,lɔ:n,ˈlõ,1,1,,longe,far,Clements2012[37-41],
Sri Lanka Portuguese,lɔ:nd̠ʒi,CVC.CV,ˈlõʒɨ,lɔ:n.d̠ʒi,ˈlõ.ʒɨ,d̠ʒi,ʒɨ,2,2,,longe,far,Clements2012[37-41],
Sri Lanka Portuguese,aze:ti,V.CV.CV,ɐˈzɐjtɨ,a.ze:.ti,ɐ.ˈzɐj.tɨ,a,ɐ,1,1,,azeite,oil,Clements2012[37-41],
Sri Lanka Portuguese,aze:ti,V.CV.CV,ɐˈzɐjtɨ,a.ze:.ti,ɐ.ˈzɐj.tɨ,ze:,ˈzɐj,2,2,,azeite,oil,Clements2012[37-41],
Sri Lanka Portuguese,aze:ti,V.CV.CV,ɐˈzɐjtɨ,a.ze:.ti,ɐ.ˈzɐj.tɨ,ti,tɨ,3,3,,azeite,oil,Clements2012[37-41],
Sri Lanka Portuguese,guɾdu:ɾa,CVC.CV.CV,ɡuɾˈduɾɐ,guɾ.du:.ɾa,ɡuɾ.ˈdu.ɾɐ,guɾ,ɡuɾ,1,1,,gordura,fat,Clements2012[37-41],
Sri Lanka Portuguese,guɾdu:ɾa,CVC.CV.CV,ɡuɾˈduɾɐ,guɾ.du:.ɾa,ɡuɾ.ˈdu.ɾɐ,du:,ˈdu,2,2,,gordura,fat,Clements2012[37-41],
Sri Lanka Portuguese,guɾdu:ɾa,CVC.CV.CV,ɡuɾˈduɾɐ,guɾ.du:.ɾa,ɡuɾ.ˈdu.ɾɐ,ɾa,ɾɐ,3,3,,gordura,fat,Clements2012[37-41],
Sri Lanka Portuguese,pa:j,CVC,paj,pa:j,paj,pa:j,paj,1,1,,pai,father,Clements2012[37-41],
Sri Lanka Portuguese,me:du,CV.CV,ˈmedu,me:.du,ˈme.du,me:,ˈme,1,1,,medo,fear,Clements2012[37-41],
Sri Lanka Portuguese,me:du,CV.CV,ˈmedu,me:.du,ˈme.du,du,du,2,2,,medo,fear,Clements2012[37-41],
Sri Lanka Portuguese,pɛ:na,CV.CV,ˈpenɐ,pɛ:.na,ˈpe.nɐ,pɛ:,ˈpe,1,1,,pena,feather,Clements2012[37-41],
Sri Lanka Portuguese,pɛ:na,CV.CV,ˈpenɐ,pɛ:.na,ˈpe.nɐ,na,nɐ,2,2,,pena,feather,Clements2012[37-41],
Sri Lanka Portuguese,po:ku,CV.CV,ˈpoku,po.:ku,ˈpo.ku,po:,ˈpo,1,1,,pouco,few,Clements2012[37-41],
Sri Lanka Portuguese,po:ku,CV.CV,ˈpoku,po.:ku,ˈpo.ku,ku,ku,2,2,,pouco,few,Clements2012[37-41],
Sri Lanka Portuguese,gɔ:ta,CV.CV,ˈgotɐ,gɔ:.ta,ˈgo.tɐ,gɔ:,go,1,1,,gota,few,Clements2012[37-41],
Sri Lanka Portuguese,gɔ:ta,CV.CV,ˈgotɐ,gɔ:.ta,ˈgo.tɐ,ta,tɐ,2,2,,gota,few,Clements2012[37-41],
Sri Lanka Portuguese,bɾi:ja,CCV.CV,bɾiˈgaɾ,bɾi:.ja,bɾiˈ.gaɾ,bɾi:,bɾi,1,1,,brigar,fight,Clements2012[37-41],
Sri Lanka Portuguese,bɾi:ja,CCV.CV,bɾiˈgaɾ,bɾi:.ja,bɾiˈ.gaɾ,ja,ˈgaɾ,2,2,,brigar,fight,Clements2012[37-41],
Sri Lanka Portuguese,fo:ʋ,CVC,ˈfoɡu,fo:ʋ,ˈfo.ɡu,fo:ʋ,ˈfo,1,1,,fogo,fire,Clements2012[37-41],
Sri Lanka Portuguese,fo:ʋ,CVC,ˈfoɡu,fo:ʋ,ˈfo.ɡu,-,ɡu,-,2,,fogo,fire,Clements2012[37-41],
Sri Lanka Portuguese,pe:si,CV.CV,ˈpejʃɨ,pe.:si,ˈpej.ʃɨ,pe:,ˈpej,1,1,,peixe,fish,Clements2012[37-41],
Sri Lanka Portuguese,pe:si,CV.CV,ˈpejʃɨ,pe.:si,ˈpej.ʃɨ,si,ʃɨ,2,2,,peixe,fish,Clements2012[37-41],
Sri Lanka Portuguese,si:nku,CVC.CV,ˈsĩku,si:n.ku,ˈsĩ.ku,si:n,ˈsĩ,1,1,,cinco,five,Clements2012[37-41],
Sri Lanka Portuguese,si:nku,CVC.CV,ˈsĩku,si:n.ku,ˈsĩ.ku,ku,ku,2,2,,cinco,five,Clements2012[37-41],
Sri Lanka Portuguese,nada:,CV.CV,nɐˈdaɾ,na.da:,nɐ.ˈdaɾ,na,nɐ,1,1,,nadar,float,Clements2012[37-41],
Sri Lanka Portuguese,nada:,CV.CV,nɐˈdaɾ,na.da:,nɐ.ˈdaɾ,da:,ˈdaɾ,2,2,,nadar,float,Clements2012[37-41],
Sri Lanka Portuguese,fu:la,CV.CV,ˈfloɾ,fu:.la,ˈfloɾ,fu:,ˈfloɾ,1,1,,flor,flower,Clements2012[37-41],
Sri Lanka Portuguese,fu:la,CV.CV,ˈfloɾ,fu:.la,ˈfloɾ,la,-,2,-,,flor,flower,Clements2012[37-41],
Sri Lanka Portuguese,awga:,VC.CV,vuˈaɾ,aw.ga:,vu.ˈaɾ,aw,vu,1,1,,voar,fly,Clements2012[37-41],
Sri Lanka Portuguese,awga:,VC.CV,vuˈaɾ,aw.ga:,vu.ˈaɾ,ga:,ˈaɾ,2,2,,voar,fly,Clements2012[37-41],
Sri Lanka Portuguese,uɾuʋaj:a,V.CV.CV.CV,ɔrvɐˈʎar,u.ɾu.ʋa.j:a,ɔr.vɐ.ˈʎar,u,ɔr,1,1,,orvalhar,fog,Clements2012[37-41],
Sri Lanka Portuguese,uɾuʋaj:a,V.CV.CV.CV,ɔrvɐˈʎar,u.ɾu.ʋa.j:a,ɔr.vɐ.ˈʎar,ɾu,vɐ,2,2,,orvalhar,fog,Clements2012[37-41],
Sri Lanka Portuguese,uɾuʋaj:a,V.CV.CV.CV,ɔrvɐˈʎar,u.ɾu.ʋa.j:a,ɔr.vɐ.ˈʎar,ʋa,ʎar,3,3,,orvalhar,fog,Clements2012[37-41],
Sri Lanka Portuguese,uɾuʋaj:a,V.CV.CV.CV,ɔrvɐˈʎar,u.ɾu.ʋa.j:a,ɔr.vɐ.ˈʎar,j:a,-,4,-,,orvalhar,fog,Clements2012[37-41],
Sri Lanka Portuguese,pe:,CV,ˈpɛ,pe:,ˈpɛ,pe:,ˈpɛ,1,1,,pé,foot,Clements2012[37-41],
Sri Lanka Portuguese,ka:tɾu,CV.CCV,ˈkwatɾu,ka.:tɾu,ˈkwa.tɾu,ka:,ˈkwa,1,1,,quatro,four,Clements2012[37-41],
Sri Lanka Portuguese,ka:tɾu,CV.CCV,ˈkwatɾu,ka.:tɾu,ˈkwa.tɾu,tɾu,tɾu,2,2,,quatro,four,Clements2012[37-41],
Sri Lanka Portuguese,fɾʋi:ta,CCCV.CV,ˈfɾutɐ,fɾʋi.:ta,ˈfɾu.tɐ,fɾʋi:,ˈfɾu,1,1,,fruta,fruit,Clements2012[37-41],
Sri Lanka Portuguese,fɾʋi:ta,CCCV.CV,ˈfɾutɐ,fɾʋi.:ta,ˈfɾu.tɐ,ta,tɐ,2,2,,fruta,fruit,Clements2012[37-41],
Sri Lanka Portuguese,int̠ʃi:du,VC.CV.CV,ẽˈʃidu,in.t̠ʃi.:du,ẽ.ˈʃi.du,in,ẽ,1,1,,enchido,full,Clements2012[37-41],
Sri Lanka Portuguese,int̠ʃi:du,VC.CV.CV,ẽˈʃidu,in.t̠ʃi.:du,ẽ.ˈʃi.du,t̠ʃi:,ˈʃi,2,2,,enchido,full,Clements2012[37-41],
Sri Lanka Portuguese,int̠ʃi:du,VC.CV.CV,ẽˈʃidu,in.t̠ʃi.:du,ẽ.ˈʃi.du,du,du,3,3,,enchido,full,Clements2012[37-41],
Sri Lanka Portuguese,da:,CV,ˈdaɾ,da:,ˈdaɾ,da:,ˈdaɾ,1,1,,dar,give,Clements2012[37-41],
Sri Lanka Portuguese,bo:m,CVC,bõ,bo:m,bõ,bo:m,bõ,1,1,,bom,good,Clements2012[37-41],
Sri Lanka Portuguese,ɛ:ɾʋa,VC.CV,ˈɛɾvɐ,ɛ:ɾ.ʋa,ˈɛɾ.vɐ,ɛ:ɾ,ˈɛɾ,1,1,,erva,grass,Clements2012[37-41],
Sri Lanka Portuguese,ɛ:ɾʋa,VC.CV,ˈɛɾvɐ,ɛ:ɾ.ʋa,ˈɛɾ.vɐ,ʋa,vɐ,2,2,,erva,grass,Clements2012[37-41],
Sri Lanka Portuguese,ʋe:ɾdi,CVC.CV,ˈveɾdɨ,ʋe:ɾ.di,ˈveɾ.dɨ,ʋe:ɾ,ˈveɾ,1,1,,verde,green,Clements2012[37-41],
Sri Lanka Portuguese,ʋe:ɾdi,CVC.CV,ˈveɾdɨ,ʋe:ɾ.di,ˈveɾ.dɨ,di,dɨ,2,2,,verde,green,Clements2012[37-41],
Sri Lanka Portuguese,tɾi:pa,CCV.CV,ˈtɾipɐ,tɾi:.pa,ˈtɾi.pɐ,tɾi:,ˈtɾi,1,1,,tripa,guts,Clements2012[37-41],
Sri Lanka Portuguese,tɾi:pa,CCV.CV,ˈtɾipɐ,tɾi:.pa,ˈtɾi.pɐ,pa,pɐ,2,2,,tripa,guts,Clements2012[37-41],
Sri Lanka Portuguese,kabe:l,CV.CVC,kɐˈbelu,ka.be:l,kɐ.ˈbe.lu,ka,kɐ,1,1,,cabelo,hair,Clements2012[37-41],
Sri Lanka Portuguese,kabe:l,CV.CVC,kɐˈbelu,ka.be:l,kɐ.ˈbe.lu,-,ˈbe,-,2,,cabelo,hair,Clements2012[37-41],
Sri Lanka Portuguese,kabe:l,CV.CVC,kɐˈbelu,ka.be:l,kɐ.ˈbe.lu,be:l,lu,2,3,,cabelo,hair,Clements2012[37-41],
Sri Lanka Portuguese,ma:m,CVC,ˈmɐ̃w̃,ma:m,ˈmɐ̃w̃,ma:m,ˈmɐ̃w̃,1,1,,mão,hand,Clements2012[37-41],
Sri Lanka Portuguese,eli,VCV,ˈeɫɨ,e.li,ˈe.ɫɨ,e,ˈe,1,1,,ele,he,Clements2012[37-41],
Sri Lanka Portuguese,eli,VCV,ˈeɫɨ,e.li,ˈe.ɫɨ,li,ɫɨ,2,2,,ele,he,Clements2012[37-41],
Sri Lanka Portuguese,kabe:sa,CV.CV.CV,kɐˈbesɐ,ka.be:.sa,kɐ.ˈbe.sɐ,ka,kɐˈ,1,1,,cabeça,head,Clements2012[37-41],
Sri Lanka Portuguese,kabe:sa,CV.CV.CV,kɐˈbesɐ,ka.be:.sa,kɐ.ˈbe.sɐ,be:,ˈbe,2,2,,cabeça,head,Clements2012[37-41],
Sri Lanka Portuguese,kabe:sa,CV.CV.CV,kɐˈbesɐ,ka.be:.sa,kɐ.ˈbe.sɐ,sa,sɐ,3,3,,cabeça,head,Clements2012[37-41],
Sri Lanka Portuguese,kaʋasa,CV.CV.CV,kɐˈbesɐ,ka.ʋa.sa,kɐˈ.be.sɐ,ka,kɐˈ,1,1,,cabeça,head,Clements2012[37-41],
Sri Lanka Portuguese,kaʋasa,CV.CV.CV,kɐˈbesɐ,ka.ʋa.sa,kɐˈ.be.sɐ,ʋa,ˈbe,2,2,,cabeça,head,Clements2012[37-41],
Sri Lanka Portuguese,kaʋasa,CV.CV.CV,kɐˈbesɐ,ka.ʋa.sa,kɐˈ.be.sɐ,sa,sɐ,3,3,,cabeça,head,Clements2012[37-41],
Sri Lanka Portuguese,oʋi:,VCV,oˈviɾ,o.ʋi:,o.ˈviɾ,o,oˈ,1,1,,ouvir,hear,Clements2012[37-41],
Sri Lanka Portuguese,oʋi:,VCV,oˈviɾ,o.ʋi:,o.ˈviɾ,ʋi:,viɾ,2,2,,ouvir,hear,Clements2012[37-41],
Sri Lanka Portuguese,koɾsa:m,CVC.CVC,kuɾɐˈsɐ̃w̃,koɾ.sa:m,ku.ɾɐ.ˈsɐ̃w̃,koɾ,ku,1,1,metathesis,coração,heart,Clements2012[37-41],
Sri Lanka Portuguese,koɾsa:m,CVC.CVC,kuɾɐˈsɐ̃w̃,koɾ.sa:m,ku.ɾɐ.ˈsɐ̃w̃,-,ɾɐ,-,2,,coração,heart,Clements2012[37-41],
Sri Lanka Portuguese,koɾsa:m,CVC.CVC,kuɾɐˈsɐ̃w̃,koɾ.sa:m,ku.ɾɐ.ˈsɐ̃w̃,sa:m,ˈsɐ̃w̃,2,3,,coração,heart,Clements2012[37-41],
Sri Lanka Portuguese,peza:du,CV.CV.CV,pɨˈzadu,pe.za:.du,pɨ.ˈza.du,pe,pɨ,1,1,,pesado,heavy,Clements2012[37-41],
Sri Lanka Portuguese,peza:du,CV.CV.CV,pɨˈzadu,pe.za:.du,pɨ.ˈza.du,za:,ˈza,2,2,,pesado,heavy,Clements2012[37-41],
Sri Lanka Portuguese,peza:du,CV.CV.CV,pɨˈzadu,pe.za:.du,pɨ.ˈza.du,du,du,3,3,,pesado,heavy,Clements2012[37-41],
Sri Lanka Portuguese,aki:,VCV,ɐˈki,a.ki:,ɐ.ˈki,a,ɐˈ,1,1,,aqui,here,Clements2012[37-41],
Sri Lanka Portuguese,aki:,VCV,ɐˈki,a.ki:,ɐ.ˈki,ki:,ˈki,2,2,,aqui,here,Clements2012[37-41],
Sri Lanka Portuguese,toma:,CV.CV,tuˈmaɾ,to.ma:,tu.ˈmaɾ,to,tu,1,1,,tomar,hold (take),Clements2012[37-41],
Sri Lanka Portuguese,toma:,CV.CV,tuˈmaɾ,to.ma:,tu.ˈmaɾ,ma:,ˈmaɾ,2,2,,tomar,hold (take),Clements2012[37-41],
Sri Lanka Portuguese,ko:mu,CV.CV,ˈkoɾnu,ko.:mu,ˈkoɾ.nu,ko:,ˈkoɾ,1,1,,corno,horn,Clements2012[37-41],
Sri Lanka Portuguese,ko:mu,CV.CV,ˈkoɾnu,ko.:mu,ˈkoɾ.nu,mu,nu,2,2,,corno,horn,Clements2012[37-41],
Sri Lanka Portuguese,kila:j,CV.CVC,kɨ ˈɫajɐ,ki.la:j,kɨ ˈɫaj.ɐ,ki,kɨ ,1,1,,que laia,how,Clements2012[37-41],
Sri Lanka Portuguese,kila:j,CV.CVC,kɨ ˈɫajɐ,ki.la:j,kɨ ˈɫaj.ɐ,-,ˈɫaj,-,2,,que laia,how,Clements2012[37-41],
Sri Lanka Portuguese,kila:j,CV.CVC,kɨ ˈɫajɐ,ki.la:j,kɨ ˈɫaj.ɐ,la:j,ɐ,2,3,,que laia,how,Clements2012[37-41],
Sri Lanka Portuguese,maɾi:du,CV.CV.CV,mɐˈɾidu,ma.ɾi:.du,mɐ.ˈɾi.du,ma,mɐ,1,1,,marido,husband,Clements2012[37-41],
Sri Lanka Portuguese,maɾi:du,CV.CV.CV,mɐˈɾidu,ma.ɾi:.du,mɐ.ˈɾi.du,ɾi:,ˈɾi,2,2,,marido,husband,Clements2012[37-41],
Sri Lanka Portuguese,maɾi:du,CV.CV.CV,mɐˈɾidu,ma.ɾi:.du,mɐ.ˈɾi.du,du,du,3,3,,marido,husband,Clements2012[37-41],
Sri Lanka Portuguese,e:ʋ,VC,ˈew,e:ʋ,ˈew,e:ʋ,ˈew,1,1,,eu,I,Clements2012[37-41],
Sri Lanka Portuguese,se:,CV,sɨ,se:,sɨ,se:,sɨ,1,1,,se,if,Clements2012[37-41],
Sri Lanka Portuguese,ntu,CCV,ˈdẽtɾu,ntu,ˈdẽ.tɾu,ntu,ˈdẽ,1,1,,dentro,inside,Clements2012[37-41],
Sri Lanka Portuguese,ntu,CCV,ˈdẽtɾu,ntu,ˈdẽ.tɾu,-,tɾu,-,2,,dentro,inside,Clements2012[37-41],
Sri Lanka Portuguese,mata:,CV.CV,mɐˈtaɾ,mata:,mɐ.ˈtaɾ,ma,mɐ,1,1,,matar,kill,Clements2012[37-41],
Sri Lanka Portuguese,mata:,CV.CV,mɐˈtaɾ,mata:,mɐ.ˈtaɾ,ta:,ˈtaɾ,2,2,,matar,kill,Clements2012[37-41],
Sri Lanka Portuguese,ind̠ʒuʋej,VC.CV.CVC,ʒuˈeʎu,in.d̠ʒu.ʋej,ʒu.ˈe.ʎu,in,ʒu,1,1,,joelho,knee,Clements2012[37-41],
Sri Lanka Portuguese,ind̠ʒuʋej,VC.CV.CVC,ʒuˈeʎu,in.d̠ʒu.ʋej,ʒu.ˈe.ʎu,d̠ʒu,ˈe,2,2,,joelho,knee,Clements2012[37-41],
Sri Lanka Portuguese,ind̠ʒuʋej,VC.CV.CVC,ʒuˈeʎu,in.d̠ʒu.ʋej,ʒu.ˈe.ʎu,ʋej,ʎu,3,3,,joelho,knee,Clements2012[37-41],
Sri Lanka Portuguese,kunsa,CVC.CV,kuɲɨˈseɾ,kun.sa,ku.ɲɨ.ˈseɾ,kun,ku,1,1,,conhecer,know,Clements2012[37-41],
Sri Lanka Portuguese,kunsa,CVC.CV,kuɲɨˈseɾ,kun.sa,ku.ɲɨ.ˈseɾ,-,ɲɨ,-,2,,conhecer,know,Clements2012[37-41],
Sri Lanka Portuguese,kunsa,CVC.CV,kuɲɨˈseɾ,kun.sa,ku.ɲɨ.ˈseɾ,sa,ˈseɾ,2,3,,conhecer,know,Clements2012[37-41],
Sri Lanka Portuguese,sava,CV.CV,sɐˈbeɾ,sa.va,sɐ.ˈbeɾ,sa,sɐ,1,1,,saber,know,Clements2012[37-41],
Sri Lanka Portuguese,sava,CV.CV,sɐˈbeɾ,sa.va,sɐ.ˈbeɾ,va,ˈbeɾ,2,2,,saber,know,Clements2012[37-41],
Sri Lanka Portuguese,ta:nki,CVC.CV,ˈtɐ̃kɨ,ta:n.ki,ˈtɐ̃.kɨ,ta:n,ˈtɐ̃,1,1,,tanque,lake,Clements2012[37-41],
Sri Lanka Portuguese,ta:nki,CVC.CV,ˈtɐ̃kɨ,ta:n.ki,ˈtɐ̃.kɨ,ki,kɨ,2,2,,tanque,lake,Clements2012[37-41],
Sri Lanka Portuguese,ɾi:,CV,ˈʀiɾ,ɾi:,ˈʀiɾ,ɾi:,ˈʀiɾ,1,1,,rir,laugh,Clements2012[37-41],
Sri Lanka Portuguese,fɔ:ja,CV.CV,ˈfoʎɐ,fɔ.:ja,ˈfo.ʎɐ,fɔ:,ˈfo,1,1,,folha,leaf,Clements2012[37-41],
Sri Lanka Portuguese,fɔ:ja,CV.CV,ˈfoʎɐ,fɔ.:ja,ˈfo.ʎɐ,ja,ʎɐ,2,2,dissimilation,folha,leaf,Clements2012[37-41],
Sri Lanka Portuguese,majska:ɾda,CVCC.CVC.CV,ˈmɐ̃w ʃˈkeɾdɐ,majs.ka:ɾ.da,ˈmɐ̃w.ʃ.ˈkeɾ.dɐ,-,ˈmɐ̃w,1,1,,à esquerda,leftside,Clements2012[37-41],
Sri Lanka Portuguese,majska:ɾda,CVCC.CVC.CV,ˈmɐ̃w ʃˈkeɾdɐ,majs.ka:ɾ.da,ˈmɐ̃w.ʃ.ˈkeɾ.dɐ,majs,ʃ,2,2,,à esquerda,leftside,Clements2012[37-41],
Sri Lanka Portuguese,majska:ɾda,CVCC.CVC.CV,ˈmɐ̃w ʃˈkeɾdɐ,majs.ka:ɾ.da,ˈmɐ̃w.ʃ.ˈkeɾ.dɐ,ka:ɾ,ˈkeɾ,3,3,,à esquerda,leftside,Clements2012[37-41],
Sri Lanka Portuguese,majska:ɾda,CVCC.CVC.CV,ˈmɐ̃w ʃˈkeɾdɐ,majs.ka:ɾ.da,ˈmɐ̃w.ʃ.ˈkeɾ.dɐ,da,dɐ,-,4,,à esquerda,leftside,Clements2012[37-41],
Sri Lanka Portuguese,pe:,CV,ˈpeɾnɐ,pe:,ˈpeɾ.nɐ,pe:,ˈpeɾ,1,1,,perna,leg,Clements2012[37-41],
Sri Lanka Portuguese,pe:,CV,ˈpeɾnɐ,pe:,ˈpeɾ.nɐ,-,nɐ,-,2,,perna,leg,Clements2012[37-41],
Sri Lanka Portuguese,deta:,CV.CV,dɐjˈtaɾ,de.ta:,dɐj.ˈtaɾ,de,dɐj,1,1,,estar deitado,lie,Clements2012[37-41],
Sri Lanka Portuguese,deta:,CV.CV,dɐjˈtaɾ,de.ta:,dɐj.ˈtaɾ,ta:,ˈtaɾ,2,2,,estar deitado,lie,Clements2012[37-41],
Sri Lanka Portuguese,moɾa,CV.CV,muˈɾaɾ,mo.ɾa,mu.ˈɾaɾ,mo,mu,1,1,,morar,live,Clements2012[37-41],
Sri Lanka Portuguese,moɾa,CV.CV,muˈɾaɾ,mo.ɾa,mu.ˈɾaɾ,ɾa,ˈɾaɾ,2,2,,morar,live,Clements2012[37-41],
Sri Lanka Portuguese,paɾa,CV.CV,pɐˈɾaɾ,pa.ɾa,pɐ.ˈɾaɾ,pa,pɐ,1,1,,parar,live,Clements2012[37-41],
Sri Lanka Portuguese,paɾa,CV.CV,pɐˈɾaɾ,pa.ɾa,pɐ.ˈɾaɾ,ɾa,ˈɾaɾ,2,2,,parar,live,Clements2012[37-41],
Sri Lanka Portuguese,fi:ʋdu,CVC.CV,ˈfiɡɐdu,fi:ʋ.du,ˈfi.ɡɐ.du,fi:ʋ,ˈfi,1,1,,figado,liver,Clements2012[37-41],
Sri Lanka Portuguese,fi:ʋdu,CVC.CV,ˈfiɡɐdu,fi:ʋ.du,ˈfi.ɡɐ.du,-,ɡɐ,-,2,,figado,liver,Clements2012[37-41],
Sri Lanka Portuguese,fi:ʋdu,CVC.CV,ˈfiɡɐdu,fi:ʋ.du,ˈfi.ɡɐ.du,du,du,2,3,,figado,liver,Clements2012[37-41],
Sri Lanka Portuguese,kumpɾi:du,CVC.CCV.CV,kõˈpɾidu,kum.pɾi:.du,kõ.ˈpɾi.du,kum,kõ,1,1,,comprido,long,Clements2012[37-41],
Sri Lanka Portuguese,kumpɾi:du,CVC.CCV.CV,kõˈpɾidu,kum.pɾi:.du,kõ.ˈpɾi.du,pɾi:,ˈpɾi,2,2,,comprido,long,Clements2012[37-41],
Sri Lanka Portuguese,kumpɾi:du,CVC.CCV.CV,kõˈpɾidu,kum.pɾi:.du,kõ.ˈpɾi.du,du,du,3,3,,comprido,long,Clements2012[37-41],
Sri Lanka Portuguese,pijo:j,CV.CVC,piˈoʎu,pi.jo:j,pi.ˈo.ʎu,pi,pi,1,1,,piolho,louse,Clements2012[37-41],
Sri Lanka Portuguese,pijo:j,CV.CVC,piˈoʎu,pi.jo:j,pi.ˈo.ʎu,-,ˈo,-,2,,piolho,louse,Clements2012[37-41],
Sri Lanka Portuguese,pijo:j,CV.CVC,piˈoʎu,pi.jo:j,pi.ˈo.ʎu,jo:j,ʎu,2,3,,piolho,louse,Clements2012[37-41],
Sri Lanka Portuguese,ɔ:mi,V.CV,ˈomɐ̃j,ɔ.:mi,ˈo.mɐ̃j,ɔ:,ˈo,1,1,,homem,man,Clements2012[37-41],
Sri Lanka Portuguese,ɔ:mi,V.CV,ˈomɐ̃j,ɔ.:mi,ˈo.mɐ̃j,mi,mɐ̃j,2,2,,homem,man,Clements2012[37-41],
Sri Lanka Portuguese,mujtu,CVC.CV,ˈmũjtuʃ,muj.tu,ˈmũj.tuʃ,muj,ˈmũj,1,1,,muitos,many,Clements2012[37-41],
Sri Lanka Portuguese,mujtu,CVC.CV,ˈmũjtuʃ,muj.tu,ˈmũj.tuʃ,tu,tuʃ,2,2,,muitos,many,Clements2012[37-41],
Sri Lanka Portuguese,bastantə,CVC.CVC.CV,bɐʃˈtɐ̃tɨ,bas.tan.tə,bɐʃ.ˈtɐ̃.tɨ,bas,bɐʃ,1,1,,muitos,many,Clements2012[37-41],
Sri Lanka Portuguese,bastantə,CVC.CVC.CV,bɐʃˈtɐ̃tɨ,bas.tan.tə,bɐʃ.ˈtɐ̃.tɨ,tan,ˈtɐ̃,2,2,,muitos,many,Clements2012[37-41],
Sri Lanka Portuguese,bastantə,CVC.CVC.CV,bɐʃˈtɐ̃tɨ,bas.tan.tə,bɐʃ.ˈtɐ̃.tɨ,tə,tɨ,3,3,,muitos,many,Clements2012[37-41],
Sri Lanka Portuguese,ka:ɾni,CVC.CV,ˈkaɾnɨ,ka:ɾ.ni,ˈkaɾ.nɨ,ka:ɾ,ˈkaɾ,1,1,,carne,meat,Clements2012[37-41],
Sri Lanka Portuguese,ka:ɾni,CVC.CV,ˈkaɾnɨ,ka:ɾ.ni,ˈkaɾ.nɨ,ni,nɨ,2,2,,carne,meat,Clements2012[37-41],
Sri Lanka Portuguese,luma:ɾa,CV.CV.CV,luˈaɾ,lu.ma:.ɾa,lu.ˈaɾ,lu,lu,1,1,,luar,moonlight,Clements2012[37-41],
Sri Lanka Portuguese,luma:ɾa,CV.CV.CV,luˈaɾ,lu.ma:.ɾa,lu.ˈaɾ,ma:,-,2,-,,luar,moonlight,Clements2012[37-41],
Sri Lanka Portuguese,luma:ɾa,CV.CV.CV,luˈaɾ,lu.ma:.ɾa,lu.ˈaɾ,ɾa,ˈaɾ,3,2,metathesis,luar,moonlight,Clements2012[37-41],
Sri Lanka Portuguese,ma:j,CVC,ˈmɐ̃j̃,ma:j,ˈmɐ̃j̃,ma:j,ˈmɐ̃j̃,1,1,,mãe,mother,Clements2012[37-41],
Sri Lanka Portuguese,monta:ɲa,CVC.CV.CV,mõˈtɐɲɐ,mon.ta:.ɲa,mõ.ˈtɐ.ɲɐ,mon,mõˈ,1,1,,montanha,mountain,Clements2012[37-41],
Sri Lanka Portuguese,monta:ɲa,CVC.CV.CV,mõˈtɐɲɐ,mon.ta:.ɲa,mõ.ˈtɐ.ɲɐ,ta:,ˈtɐ,2,2,,montanha,mountain,Clements2012[37-41],
Sri Lanka Portuguese,monta:ɲa,CVC.CV.CV,mõˈtɐɲɐ,mon.ta:.ɲa,mõ.ˈtɐ.ɲɐ,ɲa,ɲɐ,3,3,,montanha,mountain,Clements2012[37-41],
Sri Lanka Portuguese,bo:ka,CV.CV,ˈbokɐ,bo:.ka,ˈbo.kɐ,bo:,ˈbo,1,1,,boca,mouth,Clements2012[37-41],
Sri Lanka Portuguese,bo:ka,CV.CV,ˈbokɐ,bo:.ka,ˈbo.kɐ,ka,kɐ,2,2,,boca,mouth,Clements2012[37-41],
Sri Lanka Portuguese,nɔ:mi,CV.CV,ˈnomɨ,nɔ:.mi,ˈno.mɨ,nɔ:,ˈno,1,1,,nome,name,Clements2012[37-41],
Sri Lanka Portuguese,nɔ:mi,CV.CV,ˈnomɨ,nɔ:.mi,ˈno.mɨ,mi,mɨ,2,2,,nome,name,Clements2012[37-41],
Sri Lanka Portuguese,istɾe:tu,VC.CCV.CV,ʃˈtɾɐjtu,is.tɾe.:tu,ʃ.ˈtɾɐj.tu,is,ʃ,1,1,,estreito,narrow,Clements2012[37-41],
Sri Lanka Portuguese,istɾe:tu,VC.CCV.CV,ʃˈtɾɐjtu,is.tɾe.:tu,ʃ.ˈtɾɐj.tu,tɾe:,tɾɐj,2,2,,estreito,narrow,Clements2012[37-41],
Sri Lanka Portuguese,istɾe:tu,VC.CCV.CV,ʃˈtɾɐjtu,is.tɾe.:tu,ʃ.ˈtɾɐj.tu,tu,tu,3,3,,estreito,narrow,Clements2012[37-41],
Sri Lanka Portuguese,pɛ:ɾtu,CVC.CV,ˈpɛɾtu,pɛ:ɾ.tu,ˈpɛɾ.tu,pɛ:ɾ,pɛɾ,1,1,,perto,near,Clements2012[37-41],
Sri Lanka Portuguese,pɛ:ɾtu,CVC.CV,ˈpɛɾtu,pɛ:ɾ.tu,ˈpɛɾ.tu,tu,tu,2,2,,perto,near,Clements2012[37-41],
Sri Lanka Portuguese,gaɾga:ntu,CVC.CVC.CV,gɐɾˈgãtɐ,gaɾ.ga:n.tu,gɐɾ.ˈgã.tɐ,gaɾ,gɐɾ,1,1,,garganta,throat,Clements2012[37-41],
Sri Lanka Portuguese,gaɾga:ntu,CVC.CVC.CV,gɐɾˈgãtɐ,gaɾ.ga:n.tu,gɐɾ.ˈgã.tɐ,ga:n,gã,2,2,,garganta,throat,Clements2012[37-41],
Sri Lanka Portuguese,gaɾga:ntu,CVC.CVC.CV,gɐɾˈgãtɐ,gaɾ.ga:n.tu,gɐɾ.ˈgã.tɐ,tu,tɐ,3,3,,garganta,throat,Clements2012[37-41],
Sri Lanka Portuguese,gɔɾgal,CVC.CVC,gɐɾˈgalu,gɔɾ.gal,gɐɾ.ˈga.lu,gɔɾ,gɐɾ,1,1,dissimilation,gargalo,throat,Clements2012[37-41],
Sri Lanka Portuguese,gɔɾgal,CVC.CVC,gɐɾˈgalu,gɔɾ.gal,gɐɾ.ˈga.lu,-,ˈga,-,2,,gargalo,throat,Clements2012[37-41],
Sri Lanka Portuguese,gɔɾgal,CVC.CVC,gɐɾˈgalu,gɔɾ.gal,gɐɾ.ˈga.lu,gal,lu,2,3,,gargalo,throat,Clements2012[37-41],
Sri Lanka Portuguese,no:ʋ,CVC,ˈnovu,no:ʋ,ˈno.vu,no:ʋ,ˈno,1,1,,novo,new,Clements2012[37-41],
Sri Lanka Portuguese,no:ʋ,CVC,ˈnovu,no:ʋ,ˈno.vu,-,vu,-,2,,novo,new,Clements2012[37-41],
Sri Lanka Portuguese,ano:ti,V.CV.CV,ˈnojtɨ,a.no:.ti,ˈnoj.tɨ,a,ˈnoj,1,1,,noite,night,Clements2012[37-41],
Sri Lanka Portuguese,ano:ti,V.CV.CV,ˈnojtɨ,a.no:.ti,ˈnoj.tɨ,no:,-,2,-,,noite,night,Clements2012[37-41],
Sri Lanka Portuguese,ano:ti,V.CV.CV,ˈnojtɨ,a.no:.ti,ˈnoj.tɨ,ti,tɨ,3,2,,noite,night,Clements2012[37-41],
Sri Lanka Portuguese,na:ɾis,CV.CVC,nɐˈɾiʃ,na:.ɾis,nɐ.ˈɾiʃ,na:,nɐ,1,1,,nariz,nose,Clements2012[37-41],
Sri Lanka Portuguese,na:ɾis,CV.CVC,nɐˈɾiʃ,na:.ɾis,nɐ.ˈɾiʃ,ɾis,ˈɾiʃ,2,2,,nariz,nose,Clements2012[37-41],
Sri Lanka Portuguese,na:,CV,ˈnɐ̃w,na:,ˈnɐ̃w,na:,ˈnɐ̃w,1,1,,não,not,Clements2012[37-41],
Sri Lanka Portuguese,nun,CVC,ˈnɐ̃w,nun,ˈnɐ̃w,nun,ˈnɐ̃w,1,1,,não,not,Clements2012[37-41],
Sri Lanka Portuguese,ʋɛ:j,CVC,ˈveʎu,ʋɛ:j,ˈve.ʎu,ʋɛ:j,ˈve,1,1,,velho,old,Clements2012[37-41],
Sri Lanka Portuguese,ʋɛ:j,CVC,ˈveʎu,ʋɛ:j,ˈve.ʎu,-,ʎu,-,2,,velho,old,Clements2012[37-41],
Sri Lanka Portuguese,uŋa,VCV,ˈumɐ,u.ŋa,ˈu.mɐ,u,ˈu,1,1,,uma,one,Clements2012[37-41],
Sri Lanka Portuguese,uŋa,VCV,ˈumɐ,u.ŋa,ˈu.mɐ,ŋa,mɐ,2,2,,uma,one,Clements2012[37-41],
Sri Lanka Portuguese,o:tɾu,V.CCV,ˈotɾu,o:.tɾu,ˈo.tɾu,o:,ˈo,1,1,,outro,other,Clements2012[37-41],
Sri Lanka Portuguese,o:tɾu,V.CCV,ˈotɾu,o:.tɾu,ˈo.tɾu,tɾu,tɾu,2,2,,outro,other,Clements2012[37-41],
Sri Lanka Portuguese,pesa:m,CV.CVC,pɨˈsoɐ,pe.sa:m,pɨ.ˈso.ɐ,pe,pɨ,1,1,,pessoa,person,Clements2012[37-41],
Sri Lanka Portuguese,pesa:m,CV.CVC,pɨˈsoɐ,pe.sa:m,pɨ.ˈso.ɐ,-,ˈso,-,2,,pessoa,person,Clements2012[37-41],
Sri Lanka Portuguese,pesa:m,CV.CVC,pɨˈsoɐ,pe.sa:m,pɨ.ˈso.ɐ,sa:m,ɐ,2,3,,pessoa,person,Clements2012[37-41],
Sri Lanka Portuguese,bɾinka:,CCVC.CV,bɾĩˈkaɾ,bɾin.ka:,bɾĩ.ˈkaɾ,bɾin,bɾĩ,1,1,,brincar,play,Clements2012[37-41],
Sri Lanka Portuguese,bɾinka:,CCVC.CV,bɾĩˈkaɾ,bɾin.ka:,bɾĩ.ˈkaɾ,ka:,ˈkaɾ,2,2,,brincar,play,Clements2012[37-41],
Sri Lanka Portuguese,pusa:,CV.CV ,puˈʃaɾ,pu.sa:,pu.ˈʃaɾ,pu,pu,1,1,,puxar,pull,Clements2012[37-41],
Sri Lanka Portuguese,pusa:,CV.CV ,puˈʃaɾ,pu.sa:,pu.ˈʃaɾ,sa:,ˈʃaɾ,2,2,,puxar,pull,Clements2012[37-41],
Sri Lanka Portuguese,taɭɭi,,,ta.ɭɭi,,,,,,,empurrar,push,Clements2012[37-41],Not of Portuguese origin
Sri Lanka Portuguese,t̠ʃu:ʋa,CV.CV,ˈʃuvɐ,t̠ʃu:.ʋa,ˈʃu.vɐ,t̠ʃu:,ˈʃu,1,1,,chuva,rain,Clements2012[37-41],
Sri Lanka Portuguese,t̠ʃu:ʋa,CV.CV,ˈʃuvɐ,t̠ʃu:.ʋa,ˈʃu.vɐ,ʋa,vɐ,2,2,,chuva,rain,Clements2012[37-41],
Sri Lanka Portuguese,bɾuma:j,CCV.CVC,vɨɾˈmɐʎu,bɾu.ma:j,vɨɾ.ˈmɐ.ʎu,bɾu,vɨɾ,1,1,,vermelho,red,Clements2012[37-41],
Sri Lanka Portuguese,bɾuma:j,CCV.CVC,vɨɾˈmɐʎu,bɾu.ma:j,vɨɾ.ˈmɐ.ʎu,-,ˈmɐ,-,2,,vermelho,red,Clements2012[37-41],
Sri Lanka Portuguese,bɾuma:j,CCV.CVC,vɨɾˈmɐʎu,bɾu.ma:j,vɨɾ.ˈmɐ.ʎu,ma:j,ʎu,2,3,,vermelho,red,Clements2012[37-41],
Sri Lanka Portuguese,dɾe:tu,CCV.CV,diˈɾɐjtu,dɾe:.tu,di.ˈɾɐj.tu,dɾe:,di,1,1,,direito,right/correct,Clements2012[37-41],
Sri Lanka Portuguese,dɾe:tu,CCV.CV,diˈɾɐjtu,dɾe:.tu,di.ˈɾɐj.tu,-,ˈɾɐj,-,2,,direito,right/correct,Clements2012[37-41],
Sri Lanka Portuguese,dɾe:tu,CCV.CV,diˈɾɐjtu,dɾe:.tu,di.ˈɾɐj.tu,tu,tu,2,3,,direito,right/correct,Clements2012[37-41],
Sri Lanka Portuguese,d̠ʒu:stu,CV.CCV,ˈʒuʃtu,d̠ʒu.:stu,ˈʒuʃ.tu,d̠ʒu:,ˈʒuʃ,1,1,,justo,correct,Clements2012[37-41],
Sri Lanka Portuguese,d̠ʒu:stu,CV.CCV,ˈʒuʃtu,d̠ʒu.:stu,ˈʒuʃ.tu,stu,tu,2,2,,justo,correct,Clements2012[37-41],
Sri Lanka Portuguese,mandɾe:tu,CVC.CCV.CV,ˈmɐ̃w diˈɾɐjtɐ,man.dɾe:.tu,ˈmɐ̃w.di.ˈɾɐj.tɐ,man,ˈmɐ̃w,1,1,,à direita,rightside,Clements2012[37-41],
Sri Lanka Portuguese,mandɾe:tu,CVC.CCV.CV,ˈmɐ̃w diˈɾɐjtɐ,man.dɾe:.tu,ˈmɐ̃w.di.ˈɾɐj.tɐ,dɾe:,diˈ,2,2,,à direita,rightside,Clements2012[37-41],
Sri Lanka Portuguese,mandɾe:tu,CVC.CCV.CV,ˈmɐ̃w diˈɾɐjtɐ,man.dɾe:.tu,ˈmɐ̃w.di.ˈɾɐj.tɐ,tu,ˈɾɐj,3,3,,à direita,rightside,Clements2012[37-41],
Sri Lanka Portuguese,mandɾe:tu,CVC.CCV.CV,ˈmɐ̃w diˈɾɐjtɐ,man.dɾe:.tu,ˈmɐ̃w.di.ˈɾɐj.tɐ,-,tɐ,-,4,,à direita,rightside,Clements2012[37-41],
Sri Lanka Portuguese,ɾi:ʋ,CVC ,ˈʀiu,ɾi.:ʋ,ˈʀi.u,ɾi:ʋ,ˈʀi,1,1,,rio,river,Clements2012[37-41],
Sri Lanka Portuguese,ɾi:ʋ,CVC ,ˈʀiu,ɾi.:ʋ,ˈʀi.u,-,u,-,2,,rio,river,Clements2012[37-41],
Sri Lanka Portuguese,kami:m,CV.CVC,kɐˈmiɲu,ka.mi:m,kɐ.ˈmi.ɲu,ka,kɐ,1,1,,caminho,road,Clements2012[37-41],
Sri Lanka Portuguese,kami:m,CV.CVC,kɐˈmiɲu,ka.mi:m,kɐ.ˈmi.ɲu,-,ˈmi,-,2,,caminho,road,Clements2012[37-41],
Sri Lanka Portuguese,kami:m,CV.CVC,kɐˈmiɲu,ka.mi:m,kɐ.ˈmi.ɲu,mi:m,ɲu,2,3,,caminho,road,Clements2012[37-41],
Sri Lanka Portuguese,ɾɛzə,CV.CV,ʀɐˈiʃ,ɾɛ.zə,ʀɐ.ˈiʃ,ɾɛ,ʀɐ,1,1,,raiz,root,Clements2012[37-41],
Sri Lanka Portuguese,ɾɛzə,CV.CV,ʀɐˈiʃ,ɾɛ.zə,ʀɐ.ˈiʃ,zə,ˈiʃ,2,2,,raiz,root,Clements2012[37-41],
Sri Lanka Portuguese,kɔ:ɾda,CVC.CV,ˈkɔɾdɐ,kɔ:ɾ.da,ˈkɔɾ.dɐ,kɔ:ɾ,ˈkɔɾ,1,1,,corda,rope,Clements2012[37-41],
Sri Lanka Portuguese,kɔ:ɾda,CVC.CV,ˈkɔɾdɐ,kɔ:ɾ.da,ˈkɔɾ.dɐ,da,dɐ,2,2,,corda,rope,Clements2012[37-41],
Sri Lanka Portuguese,po:dɾi,CV.CCV,ˈpodɾɨ,po:.dɾi,ˈpo.dɾɨ,po:,ˈpo,1,1,,podre,rotten,Clements2012[37-41],
Sri Lanka Portuguese,po:dɾi,CV.CCV,ˈpodɾɨ,po:.dɾi,ˈpo.dɾɨ,dɾi,dɾɨ,2,2,,podre,rotten,Clements2012[37-41],
Sri Lanka Portuguese,ɾoti:du,CV.CV.CV,puˈdɾidu,ɾo.ti:du,pu.ˈdɾi.du,ɾo,pu,1,1,,podre,rotten,Clements2012[37-41],
Sri Lanka Portuguese,ɾoti:du,CV.CV.CV,puˈdɾidu,ɾo.ti:du,pu.ˈdɾi.du,ti:,ˈdɾi,2,2,,podre,rotten,Clements2012[37-41],
Sri Lanka Portuguese,ɾoti:du,CV.CV.CV,puˈdɾidu,ɾo.ti:du,pu.ˈdɾi.du,du,du,3,3,,podre,rotten,Clements2012[37-41],
Sri Lanka Portuguese,ɾɔnt,,,ɾɔnt,,ɾɔnt,,,,,redondo,round,Clements2012[37-41],Not of Portuguese origin
Sri Lanka Portuguese,ɾusa:,CV.CV,ʀuˈsaɾ,ɾu.sa:,ʀu.ˈsaɾ,ɾu,ʀu,1,1,,esfregar,rub,Clements2012[37-41],
Sri Lanka Portuguese,ɾusa:,CV.CV,ʀuˈsaɾ,ɾu.sa:,ʀu.ˈsaɾ,sa:,ˈsaɾ,2,2,,esfregar,rub,Clements2012[37-41],
Sri Lanka Portuguese,sa:l,CVC,ˈsal,sa:l,ˈsal,sa:l,ˈsal,1,1,,sal,salt,Clements2012[37-41],
Sri Lanka Portuguese,aɾi:ja,V.CV.CV,ɐˈɾɐjɐ,a.ɾi.:ja,ɐ.ˈɾɐj.ɐ,a,ɐ,1,1,,areia,sand,Clements2012[37-41],
Sri Lanka Portuguese,aɾi:ja,V.CV.CV,ɐˈɾɐjɐ,a.ɾi.:ja,ɐ.ˈɾɐj.ɐ,ɾi:,ˈɾɐj,2,2,,areia,sand,Clements2012[37-41],
Sri Lanka Portuguese,aɾi:ja,V.CV.CV,ɐˈɾɐjɐ,a.ɾi.:ja,ɐ.ˈɾɐj.ɐ,ja,ɐ,3,3,,areia,sand,Clements2012[37-41],
Sri Lanka Portuguese,fala:,CV.CV,fɐˈlaɾ,fa.la:,fɐ.ˈlaɾ,fa,fɐ,1,1,,falar,say,Clements2012[37-41],
Sri Lanka Portuguese,fala:,CV.CV,fɐˈlaɾ,fa.la:,fɐ.ˈlaɾ,la:,ˈlaɾ,2,2,,falar,say,Clements2012[37-41],
Sri Lanka Portuguese,ma:ɾa,CV.CV,ˈmaɾ,ma.:ɾa,ˈmaɾ,ma:,ˈmaɾ,1,1,,mar,sea,Clements2012[37-41],
Sri Lanka Portuguese,ma:ɾa,CV.CV,ˈmaɾ,ma.:ɾa,ˈmaɾ,ɾa,-,2,-,,mar,sea,Clements2012[37-41],
Sri Lanka Portuguese,paɾsa,CVC.CV,pɐɾɨˈseɾ,paɾ.sa,pɐ.ɾɨ.ˈseɾ,paɾ,pɐ,1,1,,parecer,see,Clements2012[37-41],
Sri Lanka Portuguese,paɾsa,CVC.CV,pɐɾɨˈseɾ,paɾ.sa,pɐ.ɾɨ.ˈseɾ,-,ɾɨ,-,2,,parecer,see,Clements2012[37-41],
Sri Lanka Portuguese,paɾsa,CVC.CV,pɐɾɨˈseɾ,paɾ.sa,pɐ.ɾɨ.ˈseɾ,sa,ˈseɾ,2,3,,parecer,see,Clements2012[37-41],
Sri Lanka Portuguese,kuza,CV.CV,kuˈzeɾ,ku.za,ku.ˈzeɾ,ku,ku,1,1,,coser,sew,Clements2012[37-41],
Sri Lanka Portuguese,kuza,CV.CV,kuˈzeɾ,ku.za,ku.ˈzeɾ,za,ˈzeɾ,2,2,,coser,sew,Clements2012[37-41],
Sri Lanka Portuguese,aʋdu,VC.CV,ɐˈgudu,aʋ.du,ɐ.ˈgu.du,aʋ,ɐ,1,1,,agudo,sharp,Clements2012[37-41],
Sri Lanka Portuguese,aʋdu,VC.CV,ɐˈgudu,aʋ.du,ɐ.ˈgu.du,-,ˈgu,-,2,,agudo,sharp,Clements2012[37-41],
Sri Lanka Portuguese,aʋdu,VC.CV,ɐˈgudu,aʋ.du,ɐ.ˈgu.du,du,du,2,3,,agudo,sharp,Clements2012[37-41],
Sri Lanka Portuguese,ku:ɾtu,CVC.CV,ˈkuɾtu,ku:ɾ.tu,ˈkuɾ.tu,ku:ɾ,ˈkuɾ,1,1,,curto,short,Clements2012[37-41],
Sri Lanka Portuguese,ku:ɾtu,CVC.CV,ˈkuɾtu,ku:ɾ.tu,ˈkuɾ.tu,tu,tu,2,2,,curto,short,Clements2012[37-41],
Sri Lanka Portuguese,kanta:,CVC.CV,kɐ̃ˈtaɾ,kan.ta:,kɐ̃.ˈtaɾ,kan,kɐ̃,1,1,,cantar,sing,Clements2012[37-41],
Sri Lanka Portuguese,kanta:,CVC.CV,kɐ̃ˈtaɾ,kan.ta:,kɐ̃.ˈtaɾ,ta:,taɾ,2,2,,cantar,sing,Clements2012[37-41],
Sri Lanka Portuguese,santa:,CVC.CV,sẽˈtaɾ,san.ta:,sẽ.ˈtaɾ,san,sẽ,1,1,,sentar,sit,Clements2012[37-41],
Sri Lanka Portuguese,santa:,CVC.CV,sẽˈtaɾ,san.ta:,sẽ.ˈtaɾ,ta:,ˈtaɾ,2,2,,sentar,sit,Clements2012[37-41],
Sri Lanka Portuguese,pɛ:li,CV.CV,ˈpɛlɨ,pɛ:.li,ˈpɛ.lɨ,pɛ:,ˈpɛ,1,1,,pele,skin,Clements2012[37-41],
Sri Lanka Portuguese,pɛ:li,CV.CV,ˈpɛlɨ,pɛ:.li,ˈpɛ.lɨ,li,lɨ,2,2,,pele,skin,Clements2012[37-41],
Sri Lanka Portuguese,sɛ:ʋ,CVC,ˈsɛw,sɛ.:ʋ,ˈsɛw,sɛ:ʋ,ˈsɛw,1,1,,céu,sky,Clements2012[37-41],
Sri Lanka Portuguese,dɾumi:,CCV.CV,duɾˈmiɾ,dɾu.mi:,duɾ.ˈmiɾ,dɾu,duɾ,1,1,metathesis,dormir,sleep,Clements2012[37-41],
Sri Lanka Portuguese,dɾumi:,CCV.CV,duɾˈmiɾ,dɾu.mi:,duɾ.ˈmiɾ,mi:,ˈmiɾ,2,2,,dormir,sleep,Clements2012[37-41],
Sri Lanka Portuguese,pikini:m,CV.CV.CVC,pɨˈkenu,pi.ki.ni:m,pɨ.ˈke.nu,pi,pɨ,1,1,,pequeno,small,Clements2012[37-41],
Sri Lanka Portuguese,pikini:m,CV.CV.CVC,pɨˈkenu,pi.ki.ni:m,pɨ.ˈke.nu,ki,ˈke,2,2,dissimilation,pequeno,small,Clements2012[37-41],
Sri Lanka Portuguese,pikini:m,CV.CV.CVC,pɨˈkenu,pi.ki.ni:m,pɨ.ˈke.nu,ni:m,nu,3,3,,pequeno,small,Clements2012[37-41],
Sri Lanka Portuguese,t̠ʃeɾa:,CV.CV,ʃɐjˈɾaɾ,t̠ʃe.ɾa:,ʃɐj.ˈɾaɾ,t̠ʃe,ʃɐj,1,1,,cheirar,smell,Clements2012[37-41],
Sri Lanka Portuguese,t̠ʃeɾa:,CV.CV,ʃɐjˈɾaɾ,t̠ʃe.ɾa:,ʃɐj.ˈɾaɾ,ɾa:,ˈɾaɾ,2,2,,cheirar,smell,Clements2012[37-41],
Sri Lanka Portuguese,fu:mu,CV.CV,ˈfumu,fu:.mu,ˈfu.mu,fu:,ˈfu,1,1,,fumo,smoke,Clements2012[37-41],
Sri Lanka Portuguese,fu:mu,CV.CV,ˈfumu,fu:.mu,ˈfu.mu,mu,mu,2,2,,fumo,smoke,Clements2012[37-41],
Sri Lanka Portuguese,lit̠ʃi:n,CV.CVC,ˈlizu,li.t̠ʃi:n,ˈli.zu,li,ˈli,1,1,,liso,smooth,Clements2012[37-41],
Sri Lanka Portuguese,lit̠ʃi:n,CV.CVC,ˈlizu,li.t̠ʃi:n,ˈli.zu,t̠ʃi:n,zu,2,2,,liso,smooth,Clements2012[37-41],
Sri Lanka Portuguese,aluŋ,V.CVC,aɫˈgũ,a.luŋ,aɫ.ˈgũ,a,aɫ,1,1,,algum,some,Clements2012[37-41],
Sri Lanka Portuguese,aluŋ,V.CVC,aɫˈgũ,a.luŋ,aɫ.ˈgũ,luŋ,ˈgũ,2,2,,algum,some,Clements2012[37-41],
Sri Lanka Portuguese,kuspi:,CVC.CV,kuʃˈpiɾ,kus.pi:,kuʃ.ˈpiɾ,kus,kuʃ,1,1,,cuspir,spit,Clements2012[37-41],
Sri Lanka Portuguese,kuspi:,CVC.CV,kuʃˈpiɾ,kus.pi:,kuʃ.ˈpiɾ,pi:,ˈpiɾ,2,2,,cuspir,spit,Clements2012[37-41],
Sri Lanka Portuguese,fenda,CVC.CV,fẽˈdeɾ,fen.da,fẽ.ˈdeɾ,fen,fẽ,1,1,,fender,split,Clements2012[37-41],
Sri Lanka Portuguese,fenda,CVC.CV,fẽˈdeɾ,fen.da,fẽ.ˈdeɾ,da,ˈdeɾ,2,2,,fender,split,Clements2012[37-41],
Sri Lanka Portuguese,masa:,CV.CV,ɐpɨɾˈtaɾ,ma.sa:,ɐ.pɨɾ.ˈtaɾ,ma,ɐ,1,1,,apertar,squeeze,Clements2012[37-41],
Sri Lanka Portuguese,masa:,CV.CV,ɐpɨɾˈtaɾ,ma.sa:,ɐ.pɨɾ.ˈtaɾ,-,pɨɾ,-,2,,apertar,squeeze,Clements2012[37-41],
Sri Lanka Portuguese,masa:,CV.CV,ɐpɨɾˈtaɾ,ma.sa:,ɐ.pɨɾ.ˈtaɾ,sa:,ˈtaɾ,2,3,,apertar,squeeze,Clements2012[37-41],
Sri Lanka Portuguese,fiɾi:,CV.CV,fɨˈɾiɾ,fi.ɾi:,fɨ.ˈɾiɾ,fi,fɨ,1,1,,furar,pierce,Clements2012[37-41],
Sri Lanka Portuguese,fiɾi:,CV.CV,fɨˈɾiɾ,fi.ɾi:,fɨ.ˈɾiɾ,ɾi:,ˈɾiɾ,2,2,,furar,pierce,Clements2012[37-41],
Sri Lanka Portuguese,impɛ,VC.CV,ɐ̃j ˈpɛ,im.pɛ,ɐ̃j.ˈpɛ,im,ɐ̃j ,1,1,,estar em pé,stand,Clements2012[37-41],
Sri Lanka Portuguese,impɛ,VC.CV,ɐ̃j ˈpɛ,im.pɛ,ɐ̃j.ˈpɛ,pɛ:,ˈpɛ,2,2,,estar em pé,stand,Clements2012[37-41],
Sri Lanka Portuguese,iɾigi,V.CV.CV,iɾˈgeɾ,i.ɾi.gi,iɾ.ˈgeɾ,i,iɾ,1,1,,erguer,stand,Clements2012[37-41],
Sri Lanka Portuguese,iɾigi,V.CV.CV,iɾˈgeɾ,i.ɾi.gi,iɾ.ˈgeɾ,ɾi,-,2,-,,erguer,stand,Clements2012[37-41],
Sri Lanka Portuguese,iɾigi,V.CV.CV,iɾˈgeɾ,i.ɾi.gi,iɾ.ˈgeɾ,gi,ˈgeɾ,3,2,,erguer,stand,Clements2012[37-41],
Sri Lanka Portuguese,istɾɛ:la,VC.CCV.CV,ʃˈtɾelɐ,is.tɾɛ:.la,ʃ.ˈtɾe.lɐ,is,ʃ,1,1,,estrela,star,Clements2012[37-41],
Sri Lanka Portuguese,istɾɛ:la,VC.CCV.CV,ʃˈtɾelɐ,is.tɾɛ:.la,ʃ.ˈtɾe.lɐ,tɾɛ:,ˈtɾe,2,2,,estrela,star,Clements2012[37-41],
Sri Lanka Portuguese,istɾɛ:la,VC.CCV.CV,ʃˈtɾelɐ,is.tɾɛ:.la,ʃ.ˈtɾe.lɐ,la,lɐ,3,3,,estrela,star,Clements2012[37-41],
Sri Lanka Portuguese,pa:ʋ,CVC,ˈpaw,pa:ʋ,ˈpaw,pa:ʋ,ˈpaw,1,1,,pau,stick,Clements2012[37-41],
Sri Lanka Portuguese,pɛ:dɾa,CV.CCV,ˈpɛdɾɐ,pɛ:.dɾa,ˈpɛ.dɾɐ,pɛ:,ˈpɛ,1,1,,pedra,stone,Clements2012[37-41],
Sri Lanka Portuguese,pɛ:dɾa,CV.CCV,ˈpɛdɾɐ,pɛ:.dɾa,ˈpɛ.dɾɐ,dɾa,dɾɐ,2,2,,pedra,stone,Clements2012[37-41],
Sri Lanka Portuguese,iiɾti,V.VC.CV,ˈiɾtu,i.iɾ.ti,ˈiɾ.tu,i,ˈiɾ,1,1,,irto,straight,Clements2012[37-41],
Sri Lanka Portuguese,iiɾti,V.VC.CV,ˈiɾtu,i.iɾ.ti,ˈiɾ.tu,ir,-,2,-,,irto,straight,Clements2012[37-41],
Sri Lanka Portuguese,iiɾti,V.VC.CV,ˈiɾtu,i.iɾ.ti,ˈiɾ.tu,ti,tu,3,2,,irto,straight,Clements2012[37-41],
Sri Lanka Portuguese,t̠ʃupa:,CV.CV,ʃuˈpaɾ,t̠ʃu.pa:,ʃu.ˈpaɾ,t̠ʃu,ʃu,1,1,,chupar,suck,Clements2012[37-41],
Sri Lanka Portuguese,t̠ʃupa:,CV.CV,ʃuˈpaɾ,t̠ʃu.pa:,ʃu.ˈpaɾ,tpa:,ˈpaɾ,2,2,,chupar,suck,Clements2012[37-41],
Sri Lanka Portuguese,sɔ:l,CVC,ˈsɔl,sɔ:l,ˈsɔl,sɔ:l,ˈsɔl,1,1,,sol,sun,Clements2012[37-41],
Sri Lanka Portuguese,intʃa:,VC.CV,ĩˈʃaɾ,in.t̠ʃa:,ĩ.ˈʃaɾ,in,ĩ,1,1,,inchar,swell,Clements2012[37-41],
Sri Lanka Portuguese,intʃa:,VC.CV,ĩˈʃaɾ,in.t̠ʃa:,ĩ.ˈʃaɾ,tʃa:,ˈʃaɾ,2,2,,inchar,swell,Clements2012[37-41],
Sri Lanka Portuguese,ɾa:ʋ,CVC,ˈʀabu,ɾa:ʋ,ˈʀa.bu,ɾa:ʋ,ˈʀa,1,1,,rabo,tail,Clements2012[37-41],
Sri Lanka Portuguese,ɾa:ʋ,CVC,ˈʀabu,ɾa:ʋ,ˈʀa.bu,-,bu,-,2,,rabo,tail,Clements2012[37-41],
Sri Lanka Portuguese,aka,VCV,ɐˈkilu,a.ka,ɐ.ˈki.lu,a,ɐ,1,1,,aquilo,that,Clements2012[37-41],
Sri Lanka Portuguese,aka,VCV,ɐˈkilu,a.ka,ɐ.ˈki.lu,-,ˈki,-,2,,aquilo,that,Clements2012[37-41],
Sri Lanka Portuguese,aka,VCV,ɐˈkilu,a.ka,ɐ.ˈki.lu,ka,lu,2,3,,aquilo,that,Clements2012[37-41],
Sri Lanka Portuguese,ala:,VCV,ɐˈli,a.la:,ɐ.ˈli,a,ɐ,1,1,,ali,there,Clements2012[37-41],
Sri Lanka Portuguese,ala:,VCV,ɐˈli,a.la:,ɐ.ˈli,la:,ˈli,2,2,,ali,there,Clements2012[37-41],
Sri Lanka Portuguese,etus,V.CVC,ˈelɨʃ,e.tus,ˈe.lɨʃ,e,ˈe,1,1,,eles,they,Clements2012[37-41],
Sri Lanka Portuguese,etus,V.CVC,ˈelɨʃ,e.tus,ˈe.lɨʃ,tus,lɨʃ,2,2,,eles,they,Clements2012[37-41],
Sri Lanka Portuguese,gɾo:su,CCV.CV,ˈgɾosu,gɾo:.su,ˈgɾo.su,gɾo:,ˈgɾo,1,1,,grosso,thick,Clements2012[37-41],
Sri Lanka Portuguese,gɾo:su,CCV.CV,ˈgɾosu,gɾo:.su,ˈgɾo.su,su,su,2,2,,grosso,thick,Clements2012[37-41],
Sri Lanka Portuguese,ma:gɾu,CV.CCV,ˈmagɾu,ma:.gɾu,ˈma.gɾu,ma:,ˈma,1,1,,magro,thin,Clements2012[37-41],
Sri Lanka Portuguese,ma:gɾu,CV.CCV,ˈmagɾu,ma:.gɾu,ˈma.gɾu,gɾu,gɾu,2,2,,magro,thin,Clements2012[37-41],
Sri Lanka Portuguese,fi:nu,CV.CV,ˈfinu,fi:.nu,ˈfi.nu,fi:,ˈfi,1,1,,fino,thin,Clements2012[37-41],
Sri Lanka Portuguese,fi:nu,CV.CV,ˈfinu,fi:.nu,ˈfi.nu,nu,nu,2,2,,fino,thin,Clements2012[37-41],
Sri Lanka Portuguese,lembɾa:,CVC.CCV,lẽˈbɾaɾ,lem.bɾa:,lẽ.ˈbɾaɾ,lem,lẽ,1,1,,lembrar,think,Clements2012[37-41],
Sri Lanka Portuguese,lembɾa:,CVC.CCV,lẽˈbɾaɾ,lem.bɾa:,lẽ.ˈbɾaɾ,bɾa:,ˈbɾaɾ,2,2,,lembrar,think,Clements2012[37-41],
Sri Lanka Portuguese,isti,VC.CV,ˈeʃtɨ,is.ti,ˈeʃ.tɨ,is,ˈeʃ,1,1,,este,this,Clements2012[37-41],
Sri Lanka Portuguese,isti,VC.CV,ˈeʃtɨ,is.ti,ˈeʃ.tɨ,ti,tɨ,2,2,,este,this,Clements2012[37-41],
Sri Lanka Portuguese,bo:s,CVC,ˈvɔʃ,bo:s,ˈvɔʃ,bo:s,ˈvɔʃ,1,1,,vós,thou,Clements2012[37-41],
Sri Lanka Portuguese,tɾe:s,CCVC,ˈtɾeʃ,tɾe:s,ˈtɾeʃ,tɾe:s,ˈtɾeʃ,1,1,,três,three,Clements2012[37-41],
Sri Lanka Portuguese,pint̠ʃa:,CVC.CV,pĩˈʃaɾ,pin.t̠ʃa:,pĩ.ˈʃaɾ,pin,pĩ,1,1,,pinchar,throw,Clements2012[37-41],
Sri Lanka Portuguese,pint̠ʃa:,CVC.CV,pĩˈʃaɾ,pin.t̠ʃa:,pĩ.ˈʃaɾ,t̠ʃa:,ˈʃaɾ,2,2,,pinchar,throw,Clements2012[37-41],
Sri Lanka Portuguese,maɾa:,CV.CV,ɐmɐˈʀaɾ,ma.ɾa:,ɐ.mɐ.ˈʀaɾ,ma,ɐ,1,1,,amarrar,tie,Clements2012[37-41],
Sri Lanka Portuguese,maɾa:,CV.CV,ɐmɐˈʀaɾ,ma.ɾa:,ɐ.mɐ.ˈʀaɾ,-,mɐ,-,2,,amarrar,tie,Clements2012[37-41],
Sri Lanka Portuguese,maɾa:,CV.CV,ɐmɐˈʀaɾ,ma.ɾa:,ɐ.ma.ˈʀaɾ,ɾa:,ˈʀaɾ,2,3,,amarrar,tie,Clements2012[37-41],
Sri Lanka Portuguese,li:ngu,CVC.CV,ˈlĩgwɐ,li:n.gu,ˈlĩ.gwɐ,li:n,ˈlĩ,1,1,,língua,tongue,Clements2012[37-41],
Sri Lanka Portuguese,li:ngu,CVC.CV,ˈlĩgwɐ,li:n.gu,ˈlĩ.gwɐ,gu,gwɐ,2,2,,língua,tongue,Clements2012[37-41],
Sri Lanka Portuguese,de:nti,CVC.CV,ˈdẽtɨ,de:n.ti,ˈdẽ.tɨ,de:n,ˈdẽ,1,1,,dente,tooth,Clements2012[37-41],
Sri Lanka Portuguese,de:nti,CVC.CV,ˈdẽtɨ,de:n.ti,ˈdẽ.tɨ,ti,tɨ,2,2,,dente,tooth,Clements2012[37-41],
Sri Lanka Portuguese,a:lʋɾi,VC.CCV ,ˈaɾvuɾɨ,a:l.ʋɾi,ˈaɾ.vu.ɾɨ,a:l,ˈaɾ,1,1,,árvore,tree,Clements2012[37-41],
Sri Lanka Portuguese,a:lʋɾi,VC.CCV ,ˈaɾvuɾɨ,a:l.ʋɾi,ˈaɾ.vu.ɾɨ,-,vu,-,2,,árvore,tree,Clements2012[37-41],
Sri Lanka Portuguese,a:lʋɾi,VC.CCV ,ˈaɾvuɾɨ,a:l.ʋɾi,ˈaɾ.vu.ɾɨ,ʋɾi,ɾɨ,2,3,,árvore,tree,Clements2012[37-41],
Sri Lanka Portuguese,ʋiɾa:,CV.CV,viˈɾaɾ,ʋi.ɾa:,vi.ˈɾaɾ,ʋi,vi,1,1,,virar,turn,Clements2012[37-41],
Sri Lanka Portuguese,ʋiɾa:,CV.CV,viˈɾaɾ,ʋi.ɾa:,vi.ˈɾaɾ,ɾa:,ˈɾaɾ,2,2,,virar,turn,Clements2012[37-41],
Sri Lanka Portuguese,do:s,CVC,ˈdojʃ,do:s,ˈdojʃ,do:s,ˈdojʃ,1,1,,dois,two,Clements2012[37-41],
Sri Lanka Portuguese,gumita:,CV.CV.CV ,vumiˈtaɾ,gu.mi.ta:,vu.mi.ˈtaɾ,gu,vu,1,1,dissimilation,vomitar,throw up,Clements2012[37-41],
Sri Lanka Portuguese,gumita:,CV.CV.CV ,vumiˈtaɾ,gu.mi.ta:,vu.mi.ˈtaɾ,mi,mi,2,2,,vomitar,throw up,Clements2012[37-41],
Sri Lanka Portuguese,gumita:,CV.CV.CV ,vumiˈtaɾ,gu.mi.ta:,vu.mi.ˈtaɾ,ta:,ˈtaɾ,3,3,,vomitar,throw up,Clements2012[37-41],
Sri Lanka Portuguese,mat̠ʃa:,CV.CV,mɐɾˈʃaɾ,ma.t̠ʃa:,mɐɾ.ˈʃaɾ,ma,mɐɾ,1,1,,marchar,walk,Clements2012[37-41],
Sri Lanka Portuguese,mat̠ʃa:,CV.CV,mɐɾˈʃaɾ,ma.t̠ʃa:,mɐɾ.ˈʃaɾ,t̠ʃa:,ˈʃaɾ,2,2,,marchar,walk,Clements2012[37-41],
Sri Lanka Portuguese,ke:nti,CVC.CV,ˈkẽtɨ,ke:n.ti,ˈkẽ.tɨ,ke:n,ˈkẽ,1,1,,quente,warm,Clements2012[37-41],
Sri Lanka Portuguese,ke:nti,CVC.CV,ˈkẽtɨ,ke:n.ti,ˈkẽ.tɨ,ti,tɨ,2,2,,quente,warm,Clements2012[37-41],
Sri Lanka Portuguese,laʋa:,CV.CV,lɐˈvaɾ,la.ʋa:,lɐ.ˈvaɾ,la,lɐ,1,1,,lavar,wash,Clements2012[37-41],
Sri Lanka Portuguese,laʋa:,CV.CV,lɐˈvaɾ,la.ʋa:,lɐ.ˈvaɾ,ʋa:,ˈvaɾ,2,2,,lavar,wash,Clements2012[37-41],
Sri Lanka Portuguese,a:ʋ,CV,ˈagwɐ   ,a:ʋ,ˈa.gwɐ   ,a:ʋ,ˈa,1,1,,água,water,Clements2012[37-41],
Sri Lanka Portuguese,a:ʋ,CV,ˈagwɐ   ,a:ʋ,ˈa.gwɐ   ,-,gwɐ   ,-,2,,água,water,Clements2012[37-41],
Sri Lanka Portuguese,no:s,CVC,ˈnɔʃ,no:s,ˈnɔʃ,no:s,ˈnɔʃ,1,1,,nós,we,Clements2012[37-41],
Sri Lanka Portuguese,muja:du,CV.CV.CV,muˈʎadu,mu.ja:.du,mu.ˈʎa.du,mu,mu,1,1,,molhado,wet,Clements2012[37-41],
Sri Lanka Portuguese,muja:du,CV.CV.CV,muˈʎadu,mu.ja:.du,mu.ˈʎa.du,ja:,ˈʎa,2,2,,molhado,wet,Clements2012[37-41],
Sri Lanka Portuguese,muja:du,CV.CV.CV,muˈʎadu,mu.ja:.du,mu.ˈʎa.du,du,du,3,3,,molhado,wet,Clements2012[37-41],
Sri Lanka Portuguese,ki:,CV,kɨ,ki:,kɨ,ki:,kɨ,1,1,,que,what,Clements2012[37-41],
Sri Lanka Portuguese,kijɔ:ɾa,CV.CV.CV,ˈkwɐ̃du,ki.jɔ:.ɾa,ˈkwɐ̃.du,ki,ˈkwɐ̃,1,1,,quando,when,Clements2012[37-41],
Sri Lanka Portuguese,kijɔ:ɾa,CV.CV.CV,ˈkwɐ̃du,ki.jɔ:.ɾa,ˈkwɐ̃.du,jɔ:,-,2,-,,quando,when,Clements2012[37-41],
Sri Lanka Portuguese,kijɔ:ɾa,CV.CV.CV,ˈkwɐ̃du,ki.jɔ:.ɾa,ˈkwɐ̃.du,ɾa,du,3,2,,quando,when,Clements2012[37-41],
Sri Lanka Portuguese,o:ndi,VC.CV,ˈõdɨ,o:n.di,ˈõ.dɨ,o:n,ˈõ,1,1,,onde,where,Clements2012[37-41],
Sri Lanka Portuguese,o:ndi,VC.CV,ˈõdɨ,o:n.di,ˈõ.dɨ,di,dɨ,2,2,,onde,where,Clements2012[37-41],
Sri Lanka Portuguese,bɾa:nku,CCVC.CV,ˈbɾɐ̃ku,bɾa:n.ku,ˈbɾɐ̃.ku,bɾa:n,ˈbɾɐ̃,1,1,,branco,white,Clements2012[37-41],
Sri Lanka Portuguese,bɾa:nku,CCVC.CV,ˈbɾɐ̃ku,bɾa:n.ku,ˈbɾɐ̃.ku,ku,ku,2,2,,branco,white,Clements2012[37-41],
Sri Lanka Portuguese,ke:m,CVC,kɐ̃j,ke:m,kɐ̃j,ke:m,kɐ̃j,1,1,,quem,who,Clements2012[37-41],
Sri Lanka Portuguese,muje:ɾa,CV.CV.CV,muˈʎeɾ,mu.je.:ɾa,mu.ˈʎeɾ,mu,mu,1,1,,mulher,wife,Clements2012[37-41],
Sri Lanka Portuguese,muje:ɾa,CV.CV.CV,muˈʎeɾ,mu.je.:ɾa,mu.ˈʎeɾ,je:,-,2,-,,mulher,wife,Clements2012[37-41],
Sri Lanka Portuguese,muje:ɾa,CV.CV.CV,muˈʎeɾ,mu.je.:ɾa,mu.ˈʎeɾ,ɾa,ˈʎeɾ,3,2,,mulher,wife,Clements2012[37-41],
Sri Lanka Portuguese,ʋɛ:ntu,CVC.CV,ˈvẽtu,ʋɛ:n.tu,ˈvẽ.tu,ʋɛ:n,ˈvẽ,1,1,,vento,wind,Clements2012[37-41],
Sri Lanka Portuguese,ʋɛ:ntu,CVC.CV,ˈvẽtu,ʋɛ:n.tu,ˈvẽ.tu,tu,tu,2,2,,vento,wind,Clements2012[37-41],
Sri Lanka Portuguese,a:sa,VCV,ˈazɐ,a.:sa,ˈa.zɐ,a:,ˈa,1,1,,asa,wing,Clements2012[37-41],
Sri Lanka Portuguese,a:sa,VCV,ˈazɐ,a.:sa,ˈa.zɐ,sa,zɐ,2,2,,asa,wing,Clements2012[37-41],
Sri Lanka Portuguese,limpa:,CVC.CV,lĩˈpaɾ,lim.pa:,lĩ.ˈpaɾ,lim,lĩ,1,1,,limpar,wipe,Clements2012[37-41],
Sri Lanka Portuguese,limpa:,CVC.CV,lĩˈpaɾ,lim.pa:,lĩ.ˈpaɾ,pa:,ˈpaɾ,2,2,,limpar,wipe,Clements2012[37-41],
Sri Lanka Portuguese,ju:ntu,CVC.CV,ˈʒũtu,ju:n.tu,ˈʒũ.tu,ju:n,ˈʒũ,1,1,,junto,together,Clements2012[37-41],
Sri Lanka Portuguese,ju:ntu,CVC.CV,ˈʒũtu,ju:n.tu,ˈʒũ.tu,tu,tu,2,2,,junto,together,Clements2012[37-41],
Sri Lanka Portuguese,ma:tu,CV.CV,ˈmatu,ma:.tu,ˈma.tu,ma:,ˈma,1,1,,mato,woods,Clements2012[37-41],
Sri Lanka Portuguese,ma:tu,CV.CV,ˈmatu,ma:.tu,ˈma.tu,tu,tu,2,2,,mato,woods,Clements2012[37-41],
Sri Lanka Portuguese,bi:tʃi,CV.CV,ˈbiʃu,bi:.tʃi,ˈbi.ʃu,bi:,ˈbi,1,1,,bicho,worm,Clements2012[37-41],
Sri Lanka Portuguese,bi:tʃi,CV.CV,ˈbiʃu,bi:.tʃi,ˈbi.ʃu,t̠ʃi,ʃu,2,2,,bicho,worm,Clements2012[37-41],
Sri Lanka Portuguese,botus,CV.CVC,vɔˈse,bo.tus,vɔ.ˈse,bo,vɔ,1,1,,você,you,Clements2012[37-41],
Sri Lanka Portuguese,botus,CV.CVC,vɔˈse,bo.tus,vɔ.ˈse,tus,ˈse,2,2,,você,you,Clements2012[37-41],
Sri Lanka Portuguese,a:nu,V.CV,ˈɐnu,a.:nu,ˈɐ.nu,a:,ˈɐ,1,1,,ano,year,Clements2012[37-41],
Sri Lanka Portuguese,a:nu,V.CV,ˈɐnu,a.:nu,ˈɐ.nu,nu,nu,2,2,,ano,year,Clements2012[37-41],
Sri Lanka Portuguese,safɾa:m,CV.CCVC,ɐsɐˈfɾɐ̃w,sa.fɾa:m,ɐ.sɐ.ˈfɾɐ̃w,sa,ɐ,1,1,,açafrão,yellow,Clements2012[37-41],
Sri Lanka Portuguese,safɾa:m,CV.CCVC,ɐsɐˈfɾɐ̃w,sa.fɾa:m,ɐ.sɐ.ˈfɾɐ̃w,-,sɐ,-,2,,açafrão,yellow,Clements2012[37-41],
Sri Lanka Portuguese,safɾa:m,CV.CCVC,ɐsɐˈfɾɐ̃w,sa.fɾa:m,ɐ.sɐ.ˈfɾɐ̃w,fɾa:m,ˈfɾɐ̃w,2,3,,açafrão,yellow,Clements2012[37-41],