Language;SourceWord;TargetWord;SourceWord Syl;TargetWord Syl;NumberSylsource;NumberSylTarget;SourceSyllable;TargetSyllable;PositionSource;PositionTarget;Simple PositionSource;Simple PositionTarget;process;TargetOrthography;Translation;Reference;Notes
Korlai;tud;ˈtudu;tud;ˈtu.du;1;2;tud;tu;1;1;Initial;Initial;;tudo;all;Clements2012[37-41];
Korlai;tud;ˈtudu;tud;ˈtu.du;1;2;tud;du;-;2;-;Medial;;tudo;all;Clements2012[37-42];
Korlai;ani;i;a.ni;i;2;1;a;i;1;1;Initial;Initial;;e;and;Clements2012[37-43];
Korlai;ani;i;a.ni;i;2;1;ni;-;2;-;Medial;-;;e;and;Clements2012[37-44];
Korlai;sints;ˈsĩzɐ;sints;ˈsĩ.zɐ;1;2;sints;ˈsĩ;1;1;Initial;Initial;;cinza;ashes;Clements2012[37-45];
Korlai;sints;ˈsĩzɐ;sints;ˈsĩ.zɐ;1;2;-;zɐ;-;2;-;Medial;;cinza;ashes;Clements2012[37-46];
Korlai;su pɛɾt;ɐj̃;su.pɛɾt;ɐj̃;1;2;su;ɐj̃;1;1;Initial;Initial;;em;at;Clements2012[37-47];
Korlai;su pɛɾt;ɐj̃;su.pɛɾt;ɐj̃;1;2;pɛɾt;-;2;-;Medial;-;;em;at;Clements2012[37-48];
Korlai;nə;ɐj̃;nə;ɐj̃;1;1;nə;ɐj̃;1;1;Initial;Initial;;em;at;Clements2012[37-49];
Korlai;kɔs;ˈkɔʃtɐ;kɔs;ˈkɔʃ.tɐ;1;2;kɔs;kɔʃ;1;1;Initial;Initial;;costa;back;Clements2012[37-50];
Korlai;kɔs;ˈkɔʃtɐ;kɔs;ˈkɔʃ.tɐ;1;2;-;tɐ;-;2;-;Medial;;costa;back;Clements2012[37-51];
Korlai;bʰaɾig;bɐˈʀigɐ;bʰa.ɾig;bɐˈ.ʀi.gɐ;2;3;bʰa;bɐ;1;1;Initial;Initial;;barriga;belly;Clements2012[37-52];
Korlai;bʰaɾig;bɐˈʀigɐ;bʰa.ɾig;bɐˈ.ʀi.gɐ;2;3;-;ʀi;-;2;-;Medial;;barriga;belly;Clements2012[37-53];
Korlai;bʰaɾig;bɐˈʀigɐ;bʰa.ɾig;bɐˈ.ʀi.gɐ;2;3;ɾig;gɐ;2;3;Medial;Medial;;barriga;belly;Clements2012[37-54];
Korlai;gɾan;ˈɡɾɐ̃dɨ;gɾan;ˈɡɾɐ̃.dɨ;1;2;gɾan;ɡɾɐ̃;1;1;Initial;Initial;;grande;big;Clements2012[37-55];
Korlai;gɾan;ˈɡɾɐ̃dɨ;gɾan;ˈɡɾɐ̃.dɨ;1;2;-;dɨ;-;2;-;Medial;;grande;big;Clements2012[37-56];
Korlai;pas;ˈpasɐɾu;pas;ˈpa.sɐ.ɾu;1;3;pas;pa;1;1;Initial;Initial;;pássaro;bird;Clements2012[37-57];
Korlai;pas;ˈpasɐɾu;pas;ˈpa.sɐ.ɾu;1;3;-;sɐ;-;2;-;Medial;;pássaro;bird;Clements2012[37-58];
Korlai;pas;ˈpasɐɾu;pas;ˈpa.sɐ.ɾu;1;3;-;ɾu;-;3;-;Medial;;pássaro;bird;Clements2012[37-59];
Korlai;supɾa;suˈpɾaɾ;su.pɾa;su.ˈpɾaɾ;2;2;su;su;1;1;Initial;Initial;;soprar;blow;Clements2012[37-60];
Korlai;supɾa;suˈpɾaɾ;su.pɾa;su.ˈpɾaɾ;2;2;pra;pɾaɾ;2;2;Medial;Medial;;soprar;blow;Clements2012[37-61];
Korlai;kima;kejˈmaɾ;ki.ma;kej.ˈmaɾ;2;2;ki;kej;1;1;Initial;Initial;;queimar;burn;Clements2012[37-62];
Korlai;kima;kejˈmaɾ;ki.ma;kej.ˈmaɾ;2;2;ma;maɾ;2;2;Medial;Medial;;queimar;burn;Clements2012[37-63];
Korlai;kɾijãs;kɾiˈɐ̃sɐ;kɾi.jãs;kɾi.ˈɐ̃.sɐ;2;3;kɾi;kɾi;1;1;Initial;Initial;;criança;child;Clements2012[37-64];
Korlai;kɾijãs;kɾiˈɐ̃sɐ;kɾijãs;kɾi.ˈɐ̃.sɐ;2;3;-;ɐ̃;-;2;-;Medial;;criança;child;Clements2012[37-65];
Korlai;kɾijãs;kɾiˈɐ̃sɐ;kɾijãs;kɾi.ˈɐ̃.sɐ;2;3;jãs;sɐ;2;3;Medial;Medial;;criança;child;Clements2012[37-66];
Korlai;fɾiw;ˈfɾiu;fɾiw;ˈfɾiu;1;1;fɾiw;ˈfɾiu;1;1;Initial;Initial;;frio;cold;Clements2012[37-67];
Korlai;ʋi;ˈviɾ;ʋi;ˈviɾ;1;1;ʋi;viɾ;1;1;Initial;Initial;;vir;come;Clements2012[37-68];
Korlai;kota;kõtaɾ;ko.ta;kõ.taɾ;2;2;ko;kõ;1;1;Initial;Initial;;contar;count;Clements2012[37-69];
Korlai;kota;kõtaɾ;ko.ta;kõ.taɾ;2;2;ta;taɾ;2;2;Medial;Medial;;contar;count;Clements2012[37-70];
Korlai;koɾta;kuɾˈtaɾ;koɾ.ta;kuɾ.ˈtaɾ;2;2;koɾ;kuɾ;1;1;Initial;Initial;;cortar;cut;Clements2012[37-71];
Korlai;koɾta;kuɾˈtaɾ;koɾ.ta;kuɾ.ˈtaɾ;2;2;ta;taɾ;2;2;Medial;Medial;;cortar;cut;Clements2012[37-72];
Korlai;kaʋa;kɐˈvaɾ;ka.ʋa;kɐ.ˈvaɾ;2;2;ka;kɐ;1;1;Initial;Initial;;cavar;dig;Clements2012[37-73];
Korlai;kaʋa;kɐˈvaɾ;ka.ʋa;kɐ.ˈvaɾ;2;2;ʋa;vaɾ;2;2;Medial;Medial;;cavar;dig;Clements2012[37-74];
Korlai;sud̠ʒ;ˈsuʒu;sud̠ʒ;ˈsu.ʒu;1;2;sud̠ʒ;su;1;1;Initial;Initial;;sujo;dirty;Clements2012[37-75];
Korlai;sud̠ʒ;ˈsuʒu;sud̠ʒ;ˈsu.ʒu;1;2;-;ʒu;-;2;-;Medial;;sujo;dirty;Clements2012[37-76];
Korlai;kãw;ˈkɐ̃w̃;kãw;ˈkɐ̃w̃;1;1;kãw;ˈkɐ̃w̃;1;1;Initial;Initial;;cão;dog;Clements2012[37-77];
Korlai;sek;ˈseku;sek;ˈse.ku;1;2;sek;se;1;1;Initial;Initial;;seco;dry;Clements2012[37-78];
Korlai;sek;ˈseku;sek;ˈse.ku;1;2;-;ku;-;2;-;Medial;;seco;dry;Clements2012[37-79];
Korlai;bʰoʈəl;ˈbotu;bʰo.ʈəl;ˈbo.tu;2;2;bʰo;bo;1;1;Initial;Initial;;boto;dull;Clements2012[37-80];
Korlai;bʰoʈəl;ˈbotu;bʰo.ʈəl;ˈbo.tu;2;2;ʈəl;tu;2;2;Medial;Medial;;boto;dull;Clements2012[37-81];
Korlai;kume;kuˈmeɾ;ku.me;ku.ˈmeɾ;2;2;ku;ku;1;1;Initial;Initial;;comer;eat;Clements2012[37-82];
Korlai;kume;kuˈmeɾ;ku.me;ku.ˈmeɾ;2;2;me;meɾ;2;2;Medial;Medial;;comer;eat;Clements2012[37-83];
Korlai;kai;kɐˈiɾ;kai;kɐ.ˈiɾ;1;2;kai;kɐ;1;1;Initial;Initial;;cair;fall;Clements2012[37-84];
Korlai;kai;kɐˈiɾ;kai;kɐ.ˈiɾ;1;2;-;iɾ;-;2;-;Medial;;cair;fall;Clements2012[37-85];
Korlai;pɛn;ˈpenɐ;pɛn;ˈpe.nɐ;1;2;pɛn;pe;1;1;Initial;Initial;;pena;feather;Clements2012[37-86];
Korlai;pɛn;ˈpenɐ;pɛn;ˈpe.nɐ;1;2;-;nɐ;-;2;-;Medial;;pena;feather;Clements2012[37-87];
Korlai;pok;ˈpoku;pok;ˈpo.ku;1;2;pok;po;1;1;Initial;Initial;;pouco;few;Clements2012[37-88];
Korlai;pok;ˈpoku;pok;ˈpo.ku;1;2;-;ku;-;2;-;Medial;;pouco;few;Clements2012[37-89];
Korlai;luta;luˈtaɾ;lu.ta;lu.ˈtaɾ;2;2;lu;lu;1;1;Initial;Initial;;lutar;fight;Clements2012[37-90];
Korlai;luta;luˈtaɾ;lu.ta;lu.ˈtaɾ;2;2;ta;taɾ;2;2;Medial;Medial;;lutar;fight;Clements2012[37-91];
Korlai;fog;ˈfoɡu;fog;ˈfo.ɡu;1;2;fog;fo;1;1;Initial;Initial;;fogo;fire;Clements2012[37-92];
Korlai;fog;ˈfoɡu;fog;ˈfo.ɡu;1;2;-;gu;-;2;-;Medial;;fogo;fire;Clements2012[37-93];
Korlai;peʃ;ˈpejʃɨ;peʃ;ˈpej.ʃɨ;1;2;peʃ;pej;1;1;Initial;Initial;;peixe;fish;Clements2012[37-94];
Korlai;sink;ˈsĩku;sink;ˈsĩ.ku;1;2;sink;sĩ;1;1;Initial;Initial;;cinco;five;Clements2012[37-95];
Korlai;sink;ˈsĩku;sink;ˈsĩ.ku;1;2;-;ku;-;2;-;Medial;;;;Clements2012[37-96];
Korlai;ful;ˈfloɾ;ful;ˈfloɾ;1;1;ful;ˈfloɾ;1;1;Initial;Initial;;flor;flower;Clements2012[37-97];
Korlai;awga;vuˈaɾ;aw.ga;vu.ˈaɾ;2;2;aw;vu;1;1;Initial;Initial;;voar;fly;Clements2012[37-98];
Korlai;awga;vuˈaɾ;aw.ga;vu.ˈaɾ;2;2;ga;aɾ;2;2;Medial;Medial;;voar;fly;Clements2012[37-99];
Korlai;ʋɛɾd;ˈveɾdɨ;ʋɛɾd;ˈveɾ.dɨ;1;2;ʋɛɾd;veɾ;1;1;Initial;Initial;;verde;green;Clements2012[37-100];
Korlai;ʋɛɾd;ˈveɾdɨ;ʋɛɾd;ˈveɾ.dɨ;1;2;-;dɨ;-;2;-;Medial;;verde;green;Clements2012[37-101];
Korlai;tɾip;ˈtɾipɐ;tɾip;ˈtɾi.pɐ;1;2;tɾip;tri;1;1;Initial;Initial;;tripa;guts;Clements2012[37-102];
Korlai;tɾip;ˈtɾipɐ;tɾip;ˈtɾi.pɐ;1;2;-;pɐ;-;2;-;Medial;;tripa;guts;Clements2012[37-103];
Korlai;kabel;kɐˈbelu;ka.bel;kɐˈ.be.lu;1;3;ka;kɐ;1;1;Initial;Initial;;cabelo;hair;Clements2012[37-104];
Korlai;kabel;kɐˈbelu;ka.bel;kɐˈ.be.lu;1;3;-;be;-;2;-;Medial;;cabelo;hair;Clements2012[37-105];
Korlai;kabel;kɐˈbelu;ka.bel;kɐˈ.be.lu;1;3;bel;lu;2;3;Medial;Medial;;cabelo;hair;Clements2012[37-106];
Korlai;kabes;kɐˈbesɐ;ka.bes;kɐ.ˈbe.sɐ;2;3;ka;kɐ;1;1;Initial;Initial;;cabeça;head;Clements2012[37-107];
Korlai;kabes;kɐˈbesɐ;ka.bes;kɐ.ˈbe.sɐ;2;3;-;be;-;2;-;Medial;;cabeça;head;Clements2012[37-108];
Korlai;kabes;kɐˈbesɐ;ka.bes;kɐ.ˈbe.sɐ;2;3;bes;sɐ;2;3;Medial;Medial;;cabeça;head;Clements2012[37-109];
Korlai;koɾsãw;kuɾɐˈsɐ̃w̃;koɾ.sãw;ku.ɾɐ.ˈsɐ̃w̃;2;3;koɾ;ku;1;1;Initial;Initial;;coração;heart;Clements2012[37-110];
Korlai;ʃiŋ;ˈʃifɾɨ;ʃiŋ;ˈʃi.fɾɨ;1;2;ʃiŋ;ʃi;1;1;Initial;Initial;;chifre;horn;Clements2012[37-111];
Korlai;ʃiŋ;ˈʃifɾɨ;ʃiŋ;ˈʃi.fɾɨ;1;2;-;fɾɨ;-;2;-;Medial;;chifre;horn;Clements2012[37-112];
Korlai;maɾid;mɐˈɾidu;ma.ɾid;mɐ.ˈɾi.du;2;3;ma;mɐ;1;1;Initial;Initial;;marido;husband;Clements2012[37-113];
Korlai;maɾid;mɐˈɾidu;ma.ɾid;mɐ.ˈɾi.du;2;3;-;ri;-;2;-;Medial;;marido;husband;Clements2012[37-114];
Korlai;maɾid;mɐˈɾidu;ma.ɾid;mɐ.ˈɾi.du;2;3;ɾid;du;2;3;Medial;Medial;;marido;husband;Clements2012[37-115];
Korlai;mata;mɐˈtaɾ;ma.ta;mɐ.ˈtaɾ;2;2;ma;mɐ;1;1;Initial;Initial;;matar;kill;Clements2012[37-116];
Korlai;mata;mɐˈtaɾ;ma.ta;mɐ.ˈtaɾ;2;2;ta;taɾ;2;2;Medial;Medial;;matar;kill;Clements2012[37-117];
Korlai;kwise;kuɲɨˈseɾ;kwi.se;ku.ɲɨ.ˈseɾ;2;3;kwi;ku;1;1;Initial;Initial;;conhecer;know;Clements2012[37-118];
Korlai;kwise;kuɲɨˈseɾ;kwi.se;ku.ɲɨ.ˈseɾ;2;3;-;ɲɨ;-;2;-;Medial;;conhecer;know;Clements2012[37-119];
Korlai;kwise;kuɲɨˈseɾ;kwi.se;ku.ɲɨ.ˈseɾ;2;3;se;seɾ;2;3;Medial;Medial;;conhecer;know;Clements2012[37-120];
Korlai;sabe;sɐˈbeɾ;sa.be;sɐ.ˈbeɾ;2;2;sa;sɐ;1;1;Initial;Initial;;saber;know;Clements2012[37-121];
Korlai;sabe;sɐˈbeɾ;sa.be;sɐ.ˈbeɾ;2;2;be;ber;2;2;Medial;Medial;;saber;know;Clements2012[37-122];
Korlai;fol;ˈfoʎɐ;fol;ˈfo.ʎɐ;1;2;fol;fo;1;1;Initial;Initial;;folha;leaf;Clements2012[37-123];
Korlai;fol;ˈfoʎɐ;fol;ˈfo.ʎɐ;1;2;-;ʎɐ;-;2;-;Medial;;folha;leaf;Clements2012[37-124];
Korlai;hika;fiˈkaɾ;hi.ka;fi.ˈkaɾ;2;2;hi;fi;1;1;Initial;Initial;;ficar;live;Clements2012[37-125];
Korlai;hika;fiˈkaɾ;hi.ka;fi.ˈkaɾ;2;2;ka;kaɾ;2;2;Medial;Medial;;ficar;live;Clements2012[37-126];
Korlai;fig;ˈfiɡɐdu;fig;ˈfi.ɡɐ.du;1;3;fig;fi;1;1;Initial;Initial;;figado;liver;Clements2012[37-127];
Korlai;fig;ˈfiɡɐdu;fig;ˈfi.ɡɐ.du;1;3;-;ɡɐ;-;2;-;Medial;;figado;liver;Clements2012[37-128];
Korlai;fig;ˈfiɡɐdu;fig;ˈfi.ɡɐ.du;1;3;-;du;-;3;-;Medial;;figado;liver;Clements2012[37-129];
Korlai;kopɾid;kõˈpɾidu;kop.ɾid;kõ.ˈpɾi.du;2;3;kop;kõ;1;1;Initial;Initial;;comprido;long;Clements2012[37-130];
Korlai;kopɾid;kõˈpɾidu;kop.ɾid;kõ.ˈpɾi.du;2;3;-;pɾi;-;2;-;Medial;;comprido;long;Clements2012[37-131];
Korlai;kopɾid;kõˈpɾidu;kop.ɾid;kõ.ˈpɾi.du;2;3;ɾid;du;2;3;Medial;Medial;;comprido;long;Clements2012[37-132];
Korlai;kʰaɾm;ˈkaɾnɨ;kʰaɾm;ˈkaɾ.nɨ;1;2;kʰaɾm;kaɾ;1;1;Initial;Initial;;carne;meat;Clements2012[37-133];
Korlai;kʰaɾm;ˈkaɾnɨ;kʰaɾm;ˈkaɾ.nɨ;1;2;-;nɨ;-;2;-;Medial;;carne;meat;Clements2012[37-134];
Korlai;luʋaɾ;luˈaɾ;lu.ʋaɾ;lu.ˈaɾ;2;2;lu;lu;1;1;Initial;Initial;;luar;moonlight;Clements2012[37-135];
Korlai;luʋaɾ;luˈaɾ;lu.ʋaɾ;lu.ˈaɾ;2;2;ʋaɾ;aɾ;2;2;Medial;Medial;;luar;moonlight;Clements2012[37-136];
Korlai;sɛɾ;ˈsɛʀɐ;sɛɾ;ˈsɛ.ʀɐ;1;2;sɛɾ;sɛ;1;1;Initial;Initial;;serra;mountain;Clements2012[37-137];
Korlai;sɛɾ;ˈsɛʀɐ;sɛɾ;ˈsɛ.ʀɐ;1;2;-;ʀɐ;2;2;Medial;Medial;;serra;mountain;Clements2012[37-138];
Korlai;ʋɛl;ˈveʎu;ʋɛl;ˈve.ʎu;1;2;ʋɛl;ve;1;1;Initial;Initial;;velho;old;Clements2012[37-139];
Korlai;ʋɛl;ˈveʎu;ʋɛl;ˈve.ʎu;1;2;-;ʎu;-;2;-;Medial;;velho;old;Clements2012[37-140];
Korlai;t̠ʃu;ˈʃuvɐ;t̠ʃu;ˈʃu.vɐ;1;2;t̠ʃu;ʃu;1;1;Initial;Initial;;chuva;rain;Clements2012[37-141];
Korlai;t̠ʃu;ˈʃuvɐ;t̠ʃu;ˈʃu.vɐ;1;2;-;vɐ;-;2;-;Medial;;chuva;rain;Clements2012[37-142];
Korlai;d̠ʒus;ˈʒuʃtu;d̠ʒus;ˈʒuʃ.tu;1;2;d̠ʒus;ʒuʃ;1;1;Initial;Initial;;justo;correct;Clements2012[37-143];
Korlai;d̠ʒus;ˈʒuʃtu;d̠ʒus;ˈʒuʃ.tu;1;2;-;tu;-;2;-;Medial;;justo;correct;Clements2012[37-144];
Korlai;kami;kɐˈmiɲu;ka.mi;kɐˈmi.ɲu;2;3;ka;kɐ;1;1;Initial;Initial;;caminho;road;Clements2012[37-145];
Korlai;kami;kɐˈmiɲu;ka.mi;kɐˈmi.ɲu;2;3;-;mi;-;2;-;Medial;;caminho;road;Clements2012[37-146];
Korlai;kami;kɐˈmiɲu;ka.mi;kɐˈmi.ɲu;2;3;mi;ɲu;2;3;Medial;Medial;;caminho;road;Clements2012[37-147];
Korlai;kɔɾd;ˈkɔɾdɐ;kɔɾd;ˈkɔɾ.dɐ;1;2;kɔɾd;kɔɾ;1;1;Initial;Initial;;corda;rope;Clements2012[37-148];
Korlai;kɔɾd;ˈkɔɾdɐ;kɔɾd;ˈkɔɾ.dɐ;1;2;-;dɐ;-;2;-;Medial;;corda;rope;Clements2012[37-149];
Korlai;sal;ˈsal;sal;ˈsal;1;1;sal;sal;1;1;Initial;Initial;;sal;salt;Clements2012[37-150];
Korlai;hala;fɐˈlaɾ;ha.la;fɐ.ˈlaɾ;2;2;ha;fɐ;1;1;Initial;Initial;;falar;say;Clements2012[37-151];
Korlai;hala;fɐˈlaɾ;ha.la;fɐ.ˈlaɾ;2;2;la;laɾ;2;2;Medial;Medial;;falar;say;Clements2012[37-152];
Korlai;maɾ;ˈmaɾ;maɾ;ˈmaɾ;1;1;maɾ;ˈmaɾ;1;1;Initial;Initial;;mar;sea;Clements2012[37-153];
Korlai;paɾse;pɐɾɨˈseɾ;paɾ.se;pɐ.ɾɨ.ˈseɾ;2;3;paɾ;pɐ;1;1;Initial;Initial;;parecer;see;Clements2012[37-154];
Korlai;paɾse;pɐɾɨˈseɾ;paɾ.se;pɐ.ɾɨ.ˈseɾ;2;3;-;ɾɨ;-;2;-;Medial;;parecer;see;Clements2012[37-155];
Korlai;paɾse;pɐɾɨˈseɾ;paɾ.se;pɐ.ɾɨ.ˈseɾ;2;3;se;seɾ;2;3;Medial;Medial;;parecer;see;Clements2012[37-156];
Korlai;simɛt;sɨˈmẽtɨ;si.mɛt;sɨ.ˈmẽ.tɨ;2;3;si;sɨ;1;1;Initial;Initial;;semente;seed;Clements2012[37-157];
Korlai;simɛt;sɨˈmẽtɨ;si.mɛt;sɨ.ˈmẽ.tɨ;2;3;-;mẽ;-;2;-;Medial;;semente;seed;Clements2012[37-158];
Korlai;simɛt;sɨˈmẽtɨ;si.mɛt;sɨ.ˈmẽ.tɨ;2;3;mɛt;tɨ;2;3;Medial;Medial;;semente;seed;Clements2012[37-159];
Korlai;kudze;kuˈzeɾ;kud.ze;ku.ˈzeɾ;2;2;kud;ku;1;1;Initial;Initial;;coser;sew;Clements2012[37-160];
Korlai;kudze;kuˈzeɾ;kud.ze;ku.ˈzeɾ;2;2;ze;zeɾ;2;2;Medial;Medial;;coser;sew;Clements2012[37-161];
Korlai;kuɾt;ˈkuɾtu;kuɾt;ˈkuɾ.tu;1;2;kuɾt;kuɾ;1;1;Initial;Initial;;curto;short;Clements2012[37-162];
Korlai;kuɾt;ˈkuɾtu;kuɾt;ˈkuɾ.tu;1;2;-;tu;-;2;-;Medial;;curto;short;Clements2012[37-163];
Korlai;kata;kɐ̃ˈtaɾ;ka.ta;kɐ̃.ˈtaɾ;2;2;ka;kɐ̃;1;1;Initial;Initial;;cantar;sing;Clements2012[37-164];
Korlai;kata;kɐ̃ˈtaɾ;ka.ta;kɐ̃.ˈtaɾ;2;2;ta;taɾ;2;2;Medial;Medial;;cantar;sing;Clements2012[37-165];
Korlai;sata;sẽˈtaɾ;sa.ta;sẽ.ˈtaɾ;2;2;sa;sẽ;1;1;Initial;Initial;;sentar;sit;Clements2012[37-166];
Korlai;sata;sẽˈtaɾ;sa.ta;sẽ.ˈtaɾ;2;2;ta;taɾ;2;2;Medial;Medial;;sentar;sit;Clements2012[37-167];
Korlai;fum;ˈfumu;fum;ˈfu.mu;1;2;fum;fu;1;1;Initial;Initial;;fumo;smoke;Clements2012[37-168];
Korlai;fum;ˈfumu;fum;ˈfu.mu;1;2;-;mu;-;2;-;Medial;;fumo;smoke;Clements2012[37-169];
Korlai;liʣ;ˈlizu;liʣ;ˈli.zu;1;2;liʣ;li;1;1;Initial;Initial;;liso;smooth;Clements2012[37-170];
Korlai;liʣ;ˈlizu;liʣ;ˈli.zu;1;2;-;zu;-;2;-;Medial;;liso;smooth;Clements2012[37-171];
Korlai;kɔb;ˈkɔbɾɐ;kɔb;ˈkɔ.bɾɐ;1;2;kɔb;kɔ;1;1;Initial;Initial;;cobra;snake;Clements2012[37-172];
Korlai;kɔb;ˈkɔbɾɐ;kɔb;ˈkɔ.bɾɐ;1;2;-;bɾɐ;-;2;-;Medial;;cobra;snake;Clements2012[37-173];
Korlai;kuspi;kuʃˈpiɾ;kus.pi;kuʃ.ˈpiɾ;2;2;kus;kuʃ;1;1;Initial;Initial;;cuspir;spit;Clements2012[37-174];
Korlai;kuspi;kuʃˈpiɾ;kus.pi;kuʃ.ˈpiɾ;2;2;pi;piɾ;2;2;Medial;Medial;;cuspir;spit;Clements2012[37-175];
Korlai;fuɾa;fuˈɾaɾ;fu.ɾa;fu.ˈɾaɾ;2;2;fu;fu;1;1;Initial;Initial;;furar;pierce;Clements2012[37-176];
Korlai;fuɾa;fuˈɾaɾ;fu.ɾa;fu.ˈɾaɾ;2;2;ra;rar;2;2;Medial;Medial;;furar;pierce;Clements2012[37-177];
Korlai;sɔl;ˈsɔl;sɔl;ˈsɔl;1;1;sɔl;sɔl;1;1;Initial;Initial;;sol;sun;Clements2012[37-178];
Korlai;gɾos;ˈgɾosu;gɾos;ˈgɾo.su;1;2;gɾos;gro;1;1;Initial;Initial;;grosso;thick;Clements2012[37-179];
Korlai;gɾos;ˈgɾosu;gɾos;ˈgɾo.su;1;2;-;su;-;2;-;Medial;;grosso;thick;Clements2012[37-180];
Korlai;fɾak;ˈfɾaku;fɾak;ˈfɾa.ku;1;2;fɾak;fra;1;1;Initial;Initial;;fraco;thin;Clements2012[37-181];
Korlai;fɾak;ˈfɾaku;fɾak;ˈfɾa.ku;1;2;-;ku;-;2;-;Medial;;fraco;thin;Clements2012[37-182];
Korlai;fin;ˈfinu;fin;ˈfi.nu;1;2;fin;fi;1;1;Initial;Initial;;fino;thin;Clements2012[37-183];
Korlai;fin;ˈfinu;fin;ˈfi.nu;1;2;-;nu;-;2;-;Medial;;fino;thin;Clements2012[37-184];
Korlai;wɔ;ˈvɔʃ;wɔ;ˈvɔʃ;1;1;wɔ;ˈvɔʃ;1;1;Initial;Initial;;vós;thou;Clements2012[37-185];
Korlai;liŋ;ˈlĩɡuɐ;liŋ;ˈlĩ.ɡuɐ;1;2;liŋ;lĩ;1;1;Initial;Initial;;língua;tongue;Clements2012[37-186];
Korlai;liŋ;ˈlĩɡuɐ;liŋ;ˈlĩ.ɡuɐ;1;2;-;ɡuɐ;-;2;-;Medial;;língua;tongue;Clements2012[37-187];
Korlai;gumita;vumiˈtaɾ;gu.mi.ta;vu.mi.ˈtaɾ;3;3;gu;vu;1;1;Initial;Initial;;vomitar;throw up;Clements2012[37-188];
Korlai;gumita;vumiˈtaɾ;gu.mi.ta;vu.mi.ˈtaɾ;3;3;mi;mu;2;2;Medial;Medial;;vomitar;throw up;Clements2012[37-189];
Korlai;gumita;vumiˈtaɾ;gu.mi.ta;vu.mi.ˈtaɾ;3;3;ta;tar;3;3;Medial;Medial;;vomitar;throw up;Clements2012[37-190];
Korlai;maɾt̠ʃa;mɐɾˈʃaɾ;maɾ.t̠ʃa;mɐɾ.ˈʃaɾ;2;2;maɾ;mɐɾ;1;1;Initial;Initial;;marchar;walk;Clements2012[37-191];
Korlai;maɾt̠ʃa;mɐɾˈʃaɾ;maɾ.t̠ʃa;mɐɾ.ˈʃaɾ;2;2;t̠ʃa;ʃaɾ;2;2;Medial;Medial;;marchar;walk;Clements2012[37-192];
Korlai;laʋa;lɐˈvaɾ;la.ʋa;lɐ.ˈvaɾ;2;2;la;lɐ;1;1;Initial;Initial;;lavar;wash;Clements2012[37-193];
Korlai;laʋa;lɐˈvaɾ;la.ʋa;lɐ.ˈvaɾ;2;2;ʋa;vaɾ;2;2;Medial;Medial;;lavar;wash;Clements2012[37-194];
Korlai;ag;aguɐ;ag;a.guɐ;1;2;ag;a;1;1;Initial;Initial;;água;water;Clements2012[37-195];
Korlai;ag;aguɐ;ag;a.guɐ;1;2;-;guɐ;-;2;-;Medial;;água;water;Clements2012[37-196];
Korlai;laɾg;ˈlaɾɡu;laɾg;ˈlaɾ.ɡu;1;2;laɾg;lar;1;1;Initial;Initial;;largo;wide;Clements2012[37-197];
Korlai;laɾg;ˈlaɾɡu;laɾg;ˈlaɾ.ɡu;1;2;-;gu;-;2;-;Medial;;largo;wide;Clements2012[37-198];
Korlai;ʋɛ̃t;ˈvẽtu;ʋɛ̃t;ˈvẽ.tu;1;2;ʋɛ̃t;vẽ;1;1;Initial;Initial;;vento;wind;Clements2012[37-199];
Korlai;ʋɛ̃t;ˈvẽtu;ʋɛ̃t;ˈvẽ.tu;1;2;-;tu;-;2;-;Medial;;vento;wind;Clements2012[37-200];
Korlai;mat;ˈmatu;mat;ˈma.tu;1;2;mat;ma;1;1;Initial;Initial;;mato;woods;Clements2012[37-201];
Korlai;mat;ˈmatu;mat;ˈma.tu;2;2;-;tu;-;2;-;Medial;;mato;woods;Clements2012[37-202];
Korlai;use;vɔˈse;u.se;vɔ.ˈse;2;2;u;vɔ;1;1;Initial;Initial;;você;you;Clements2012[37-203];
Korlai;use;vɔˈse;u.se;vɔ.ˈse;1;2;se;se;2;2;Medial;Medial;;você;you;Clements2012[37-204];
Korlai;ʃi;sɨ;ʃi;sɨ;1;1;ʃi;sɨ;1;1;Initial;Initial;;se;if;Clements2012[37-205];
Korlai;maw;ˈmal;maw;ˈmal;1;1;maw;mal;1;1;Initial;Initial;;mal;bad;Clements2012[37-206];
Korlai;sajŋ;ˈsɐ̃ɡɨ;sajŋ;ˈsɐ̃.ɡɨ;1;2;sajŋ;sɐ̃;1;1;Initial;Initial;;sangue;blood;Clements2012[37-207];
Korlai;sajŋ;ˈsɐ̃ɡɨ;sajŋ;ˈsɐ̃.ɡɨ;1;2;-;ɡɨ;-;2;-;Medial;;sangue;blood;Clements2012[37-208];
Korlai;pejt;ˈpejtu;pejt;ˈpej.tu;1;2;pejt;pej;1;1;Initial;Initial;;peito;breast;Clements2012[37-209];
Korlai;pejt;ˈpejtu;pejt;ˈpej.tu;1;2;-;tu;-;2;-;Medial;;peito;breast;Clements2012[37-210];
Korlai;di;ˈdiɐ;di;ˈdiɐ;1;1;di;diɐ;1;1;Initial;Initial;;dia;day;Clements2012[37-211];
Korlai;lɔ̃j;ˈlõʒɨ;lɔ̃j;ˈlõ.ʒɨ;1;1;lɔ̃j;lõ;1;1;Initial;Initial;;longe;far;Clements2012[37-212];
Korlai;lɔ̃j;ˈlõʒɨ;lɔ̃j;ˈlõ.ʒɨ;1;2;-;ʒɨ;-;2;-;Medial;;longe;far;Clements2012[37-213];
Korlai;manteg;ˈmɐ̃tɐjgɐ;man.teg;ˈmɐ̃.tɐj.gɐ;2;3;man;mɐ̃;1;1;Initial;Initial;;manteiga;ghee;Clements2012[37-214];
Korlai;manteg;ˈmɐ̃tɐjgɐ;man.teg;ˈmɐ̃.tɐj.gɐ;2;3;-;tɐj;-;2;-;Medial;;manteiga;ghee;Clements2012[37-215];
Korlai;manteg;ˈmɐ̃tɐjgɐ;man.teg;ˈmɐ̃.tɐj.gɐ;2;3;teg;gɐ;2;3;Medial;Medial;;manteiga;ghee;Clements2012[37-216];
Korlai;paj;paj;paj;paj;1;1;paj;paj;1;1;Initial;Initial;;pai;father;Clements2012[37-217];
Korlai;peʃ;ˈpejʃɨ;peʃ;ˈpej.ʃɨ;1;2;-;ʃɨ;-;2;-;Medial;;pai;father;Clements2012[37-218];
Korlai;fɾujt;ˈfɾutɐ;fɾujt;ˈfɾu.tɐ;1;2;fɾujt;fɾu;1;1;Initial;Initial;;fruta;fruit;Clements2012[37-219];
Korlai;fɾujt;ˈfɾutɐ;fɾujt;ˈfɾu.tɐ;1;2;-;tɐ;-;2;-;Medial;;fruta;fruit;Clements2012[37-220];
Korlai;mãw;ˈmɐ̃w̃;mãw;ˈmɐ̃w̃;1;1;mãw;ˈmɐ̃w̃;1;1;Initial;Initial;;mão;hand;Clements2012[37-221];
Korlai;maj;ˈmɐ̃j̃;maj;ˈmɐ̃j̃;1;1;maj;ˈmɐ̃j̃;1;1;Initial;Initial;;mãe;mother;Clements2012[37-222];
Korlai;biɾmel;vɨɾˈmɐjʎu;biɾ.mel;vɨɾ.ˈmɐj.ʎu;2;3;biɾ;vɨɾ;1;1;Initial;Initial;;vermelho;red;Clements2012[37-223];
Korlai;biɾmel;vɨɾˈmɐjʎu;biɾ.mel;vɨɾ.ˈmɐj.ʎu;2;3;-;mɐj;-;2;-;Medial;;vermelho;red;Clements2012[37-224];
Korlai;biɾmel;vɨɾˈmɐjʎu;biɾ.mel;vɨɾ.ˈmɐj.ʎu;2;3;mel;ʎu;2;3;Medial;Medial;;vermelho;red;Clements2012[37-225];
Korlai;sews;ˈsɛw;sews;ˈsɛw;1;1;sews;sɛw;1;1;Initial;Initial;;céus;sky;Clements2012[37-226];
Korlai;peʣad;peˈzadu;pe.ʣad;pe.ˈza.du;2;3;pe;pe;1;1;Initial;Initial;;pesado;heavy;Clements2012[37-227];
Korlai;peʣad;peˈzadu;pe.ʣad;pe.ˈza.du;2;3;-;za;-;2;-;Medial;;pesado;heavy;Clements2012[37-228];
Korlai;peʣad;peˈzadu;pe.ʣad;pe.ˈza.du;2;3;ʣad;du;2;3;Medial;Medial;;pesado;heavy;Clements2012[37-229];
Korlai;bəɾəf;ˈʒɛlu;bə.ɾəf;ˈʒɛ.lu;2;2;bə;ʒɛ;1;1;Initial;Initial;;gelo;ice;Clements2012[37-230];
Korlai;bəɾəf;ˈʒɛlu;bə.ɾəf;ˈʒɛ.lu;2;2;ɾəf;lu;2;2;Medial;Medial;;gelo;ice;Clements2012[37-231];
Korlai;istɾel;iʃˈtɾɛlɐ;is.tɾel;iʃˈ.tɾɛ.lɐ;2;3;is;iʃˈ;1;1;Initial;Initial;;estrela;star;Clements2012[37-232];
Korlai;istɾel;iʃˈtɾɛlɐ;is.tɾel;iʃˈ.tɾɛ.lɐ;2;3;-;tɾɛ;-;2;-;Medial;;estrela;star;Clements2012[37-233];
Korlai;istɾel;iʃˈtɾɛlɐ;is.tɾel;iʃˈ.tɾɛ.lɐ;2;3;tɾel;lɐ;2;3;Medial;Medial;;estrela;star;Clements2012[37-234];
Korlai;kɛ̃t;ˈkẽtɨ;kɛ̃t;ˈkẽ.tɨ;1;2;kɛ̃t;kẽ;1;1;Initial;Initial;;quente;warm;Clements2012[37-235];
Korlai;kɛ̃t;ˈkẽtɨ;kɛ̃t;ˈkẽ.tɨ;1;2;-;tɨ;-;2;-;Medial;;quente;warm;Clements2012[37-236];
Korlai;os;ˈɔsu;os;ˈɔ.su;1;2;os;ɔ;1;1;Initial;Initial;;osso;bone;Clements2012[37-237];
Korlai;os;ˈɔsu;os;ˈɔ.su;1;2;-;su;-;2;-;Medial;;osso;bone;Clements2012[37-238];
Korlai;animal;ɐniˈmaw;a.ni.mal;ɐ.ni.ˈmaw;3;3;a;ɐ.;1;1;Initial;Initial;;animal;animal;Clements2012[37-239];
Korlai;animal;ɐniˈmaw;a.ni.mal;ɐ.ni.ˈmaw;3;3;ni;ni;2;2;Medial;Medial;;animal;animal;Clements2012[37-240];
Korlai;animal;ɐniˈmaw;a.ni.mal;ɐ.ni.ˈmaw;3;3;mal;maw;3;3;Medial;Medial;;animal;animal;Clements2012[37-241];
Korlai;hubja;ujˈvaʁ;hub.ja;uj.ˈvaʁ;2;2;hub;uj;1;1;Initial;Initial;;uivar;bark;Clements2012[37-242];
Korlai;hubja;ujˈvaʁ;hub.ja;uj.ˈvaʁ;2;2;ja;vaʁ;2;2;Medial;Medial;;uivar;bark;Clements2012[37-243];
Korlai;kaɾən;puʁki;ka.ɾən;puʁ.ki;2;2;ka;puʁ;1;1;Initial;Initial;;porque;because;Clements2012[37-244];
Korlai;kaɾən;puʁki;ka.ɾən;puʁ.ki;2;2;ɾən;ki;2;2;Medial;Medial;;porque;because;Clements2012[37-245];
Korlai;muɾde;moʁˈdeʁ;muɾ.de;moʁ.ˈdeʁ;2;2;muɾ;moʁ;1;1;Initial;Initial;;morder;bite;Clements2012[37-246];
Korlai;muɾde;moʁˈdeʁ;muɾ.de;moʁ.ˈdeʁ;2;2;de;deʁ;2;2;Medial;Medial;;morder;bite;Clements2012[37-247];
Korlai;pɾet;ˈpɾɛtu;pɾet;ˈpɾɛ.tu;1;2;pɾet;pɾɛ;1;1;Initial;Initial;;preto;black;Clements2012[37-248];
Korlai;pɾet;ˈpɾɛtu;pɾet;ˈpɾɛ.tu;1;2;-;tu;-;2;-;Medial;;preto;black;Clements2012[37-249];
;;;;;;;;;;;;;;;;;
