Language,SourceWord,TargetWord,SourceWordSyl,TargetWordSyl,SourceSyllable,TargetSyllable,SourceWordSyl,TargetWordSylLength,PositionSource,Position Target,Simple PositionSource,Simple PositionTarget,Previous source,Next source,Previous target,Next target,Process,TargetOrthography,Translation,Reference,Notes
Angolar,ˈawɐ,agwɐ,ˈa.wɐ,a.gwɐ,ˈa,ˈa,2,2,1,1,Initial,Initial,0,wɐ,0,gwɐ,,água,Water,Bandeira2017[366-412],
Angolar,ˈawɐ,agwɐ,ˈa.wɐ,a.gwɐ,wɐ,gwɐ,2,2,2,2,Final,Final,ˈa,2,ˈa,2,,água,Water,Bandeira2017[366-412],
Angolar,faˈɲa,fɐˈɾiɲɐ,fa.ˈɲa,fɐ.ˈɾi.ɲɐ,fa,fɐ,2,3,1,1,Initial,Initial,0,-,0,ˈɾi,,farinha,flour,Bandeira2017[366-412],
Angolar,faˈɲa,fɐˈɾiɲɐ,fa.ˈɲa,fɐ.ˈɾi.ɲɐ,-,ˈɾi,2,3,-,2,-,Medial,fa,ˈɲa,fɐ,ɲɐ,,farinha,flour,Bandeira2017[366-412],
Angolar,faˈɲa,fɐˈɾiɲɐ,fa.ˈɲa,fɐ.ˈɾi.ɲɐ,ˈɲa,ɲɐ,2,3,2,3,Final,Final,-,2,ˈɾi,3,,farinha,flour,Bandeira2017[366-412],
Angolar,fɛˈðɔ̃,fejˈʒɐ̃w̃,fɛ.ˈðɔ̃,fej.ˈʒɐ̃w̃,fɛ,fej,2,2,1,1,Initial,Initial,0,ˈðɔ̃,0,ˈʒɐ̃w̃,,feijão,bean,Bandeira2017[366-412],
Angolar,fɛˈðɔ̃,fejˈʒɐ̃w̃,fɛ.ˈðɔ̃,fej.ˈʒɐ̃w̃,ˈðɔ̃,ˈʒɐ̃w̃,2,2,2,2,Final,Final,fɛ,2,fej,2,,feijão,bean,Bandeira2017[366-412],
Angolar,goˈdulɐ,ɡuɾˈduɾɐ,go.ˈdu.lɐ,ɡuɾ.ˈdu.ɾɐ,go,ɡuɾ,3,3,1,1,Initial,Initial,0,ˈdu,0,ˈdu,,gordura,fat,Bandeira2017[366-412],
Angolar,goˈdulɐ,ɡuɾˈduɾɐ,go.ˈdu.lɐ,ɡuɾ.ˈdu.ɾɐ,ˈdu,ˈdu,3,3,2,2,Medial,Medial,go,lɐ,ɡuɾ,ɾɐ,,gordura,fat,Bandeira2017[366-412],
Angolar,goˈdulɐ,ɡuɾˈduɾɐ,go.ˈdu.lɐ,ɡuɾ.ˈdu.ɾɐ,lɐ,ɾɐ,3,3,3,3,Final,Final,ˈdu,3,ˈdu,3,,gordura,fat,Bandeira2017[366-412],
Angolar,kadɛˈladɐ,kaldejˈɾadɐ,ka.dɛ.ˈla.dɐ,kal.dej.ˈɾa.dɐ,ka,kal,4,4,1,1,Initial,Initial,0,dɛ,0,dej,,caldeirada,fish stew,Bandeira2017[366-412],
Angolar,kadɛˈladɐ,kaldejˈɾadɐ,ka.dɛ.ˈla.dɐ,kal.dej.ˈɾa.dɐ,dɛ,dej,4,4,2,2,Medial,Medial,ka,ˈla,kal,ˈɾa,,caldeirada,fish stew,Bandeira2017[366-412],
Angolar,kadɛˈladɐ,kaldejˈɾadɐ,ka.dɛ.ˈla.dɐ,kal.dej.ˈɾa.dɐ,ˈla,ˈɾa,4,4,3,3,Medial,Medial,dɛ,dɐ,dej,dɐ,,caldeirada,fish stew,Bandeira2017[366-412],
Angolar,kadɛˈladɐ,kaldejˈɾadɐ,ka.dɛ.ˈla.dɐ,kal.dej.ˈɾa.dɐ,dɐ,dɐ,4,4,4,4,Final,Final,ˈla,4,ˈɾa,4,,caldeirada,fish stew,Bandeira2017[366-412],
Angolar,kaˈnɐ,ˈkɐnɐ,ka.ˈnɐ,ˈkɐ.nɐ,ka,ˈkɐ,2,2,1,1,Initial,Initial,0,ˈnɐ,0,nɐ,,cana,sugarcane,Bandeira2017[366-412],
Angolar,kaˈnɐ,ˈkɐnɐ,ka.ˈnɐ,ˈkɐ.nɐ,ˈnɐ,nɐ,2,2,2,2,Final,Final,ka,2,ˈkɐ,2,,cana,sugarcane,Bandeira2017[366-412],
Angolar,ˈkani,ˈkaɾnɨ,ˈka.ni,ˈkaɾ.nɨ,ˈka,ˈkaɾ,2,2,1,1,Initial,Initial,0,ni,0,nɨ,,carne,meat,Bandeira2017[366-412],
Angolar,ˈkani,ˈkaɾnɨ,ˈka.ni,ˈkaɾ.nɨ,ni,nɨ,2,2,2,2,Final,Final,ˈka,2,ˈkaɾ,2,,carne,meat,Bandeira2017[366-412],
Angolar,ˈlete,ˈlɐjtɨ,ˈle.te,ˈlɐj.tɨ,ˈle,ˈlɐj,2,2,1,1,Initial,Initial,0,te,0,tɨ,,leite,milk,Bandeira2017[366-412],
Angolar,ˈlete,ˈlɐjtɨ,ˈle.te,ˈlɐj.tɨ,te,tɨ,2,2,2,2,Final,Final,ˈle,2,ˈlɐj,2,,leite,milk,Bandeira2017[366-412],
Angolar,maˈmõ,mɐˈmɐ̃w̃,ma.ˈmõ,mɐ.ˈmɐ̃w̃,ma,mɐ,2,2,1,1,Initial,Initial,0,ˈmõ,0,ˈmɐ̃w̃,,mamão,papaya,Bandeira2017[366-412],
Angolar,maˈmõ,mɐˈmɐ̃w̃,ma.ˈmõ,mɐ.ˈmɐ̃w̃,ˈmõ,ˈmɐ̃w̃,2,2,2,2,Final,Final,ma,2,mɐ,2,,mamão,papaya,Bandeira2017[366-412],
Angolar,mɐ̃ˈdjɔkɐ,mɐ̃diˈɔkɐ,mɐ̃.ˈdjɔ.kɐ,mɐ̃.di.ˈɔ.kɐ,mɐ̃,mɐ̃,3,4,1,1,Initial,Initial,0,ˈdjɔ,0,di,,mandioca,manjoka,Bandeira2017[366-412],
Angolar,mɐ̃ˈdjɔkɐ,mɐ̃diˈɔkɐ,mɐ̃.ˈdjɔ.kɐ,mɐ̃.di.ˈɔ.kɐ,ˈdjɔ,di,3,4,2,2,Medial,Medial,mɐ̃,-,mɐ̃,ˈɔ,,mandioca,manjoka,Bandeira2017[366-412],
Angolar,mɐ̃ˈdjɔkɐ,mɐ̃diˈɔkɐ,mɐ̃.ˈdjɔ.kɐ,mɐ̃.di.ˈɔ.kɐ,-,ˈɔ,3,4,-,3,-,Medial,ˈdjɔ,kɐ,di,kɐ,Metathesis,mandioca,manjoka,Bandeira2017[366-412],
Angolar,mɐ̃ˈdjɔkɐ,mɐ̃diˈɔkɐ,mɐ̃.ˈdjɔ.kɐ,mɐ̃.di.ˈɔ.kɐ,kɐ,kɐ,3,4,3,4,Final,Final,-,3,ˈɔ,4,,mandioca,manjoka,Bandeira2017[366-412],
Angolar,mɐ̃ˈsõ,mɐˈsɐ̃,mɐ̃.ˈsõ,mɐ.ˈsɐ̃,mɐ̃,mɐ,2,2,1,1,Initial,Initial,0,ˈsõ,0,ˈsɐ̃,,maçã,apple,Bandeira2017[366-412],
Angolar,mɐ̃ˈsõ,mɐˈsɐ̃,mɐ̃.ˈsõ,mɐ.ˈsɐ̃,ˈsõ,ˈsɐ̃,2,2,2,2,Final,Final,mɐ̃,2,mɐ,2,,maçã,apple,Bandeira2017[366-412],
Angolar,mɐ̃ˈtɛgɐ,mɐ̃ˈtɐjgɐ,mɐ̃.ˈtɛ.gɐ,mɐ̃.ˈtɐj.gɐ,mɐ̃,mɐ̃,3,3,1,1,Initial,Initial,0,ˈtɛ,0,ˈtɐj,,manteiga,butter,Bandeira2017[366-412],
Angolar,mɐ̃ˈtɛgɐ,mɐ̃ˈtɐjgɐ,mɐ̃.ˈtɛ.gɐ,mɐ̃.ˈtɐj.gɐ,ˈtɛ,ˈtɐj,3,3,2,2,Medial,Medial,mɐ̃,gɐ,mɐ̃,gɐ,,manteiga,butter,Bandeira2017[366-412],
Angolar,mɐ̃ˈtɛgɐ,mɐ̃ˈtɐjgɐ,mɐ̃.ˈtɛ.gɐ,mɐ̃.ˈtɐj.gɐ,gɐ,gɐ,3,3,3,3,Final,Final,ˈtɛ,3,ˈtɐj,3,,manteiga,butter,Bandeira2017[366-412],
Angolar,ˈθalu,ˈsal,ˈθa.lu,ˈsal,ˈθa,ˈsal,2,1,1,1,Initial,Final,0,lu,0,-,,sal,salt,Bandeira2017[366-412],
Angolar,ˈθalu,ˈsal,ˈθa.lu,ˈsal,lu,-,2,1,2,-,Final,-,ˈθa,2,ˈsal,-,,sal,salt,Bandeira2017[366-412],
Angolar,ˈsopɐ,ˈsopɐ,ˈso.pɐ,ˈso.pɐ,ˈso,ˈso,2,2,1,1,Initial,Initial,0,pɐ,0,pɐ,,sopa,soup,Bandeira2017[366-412],
Angolar,ˈsopɐ,ˈsopɐ,ˈso.pɐ,ˈso.pɐ,pɐ,pɐ,2,2,2,2,Final,Final,ˈso,2,ˈso,2,,sopa,soup,Bandeira2017[366-412],
Angolar,viˈnagi,viˈnagɾɨ,viˈ.na.gi,viˈ.na.gɾɨ,viˈ,viˈ,3,3,1,1,Initial,Initial,0,na,0,na,,vinagre,vinegar,Bandeira2017[366-412],
Angolar,viˈnagi,viˈnagɾɨ,viˈ.na.gi,viˈ.na.gɾɨ,na,na,3,3,2,2,Medial,Medial,viˈ,gi,viˈ,gɾɨ,,vinagre,vinegar,Bandeira2017[366-412],
Angolar,viˈnagi,viˈnagɾɨ,viˈ.na.gi,viˈ.na.gɾɨ,gi,gɾɨ,3,3,3,3,Final,Final,na,3,na,3,,vinagre,vinegar,Bandeira2017[366-412],
Angolar,ˈkɔkɔ,ˈkoɾnu,ˈkɔ.kɔ,ˈkoɾ.nu,ˈkɔ,ˈkoɾ,2,2,1,1,Initial,Initial,0,kɔ,0,nu,,corno,horn,Bandeira2017[366-412],
Angolar,ˈkɔkɔ,ˈkoɾnu,ˈkɔ.kɔ,ˈkoɾ.nu,kɔ,nu,2,2,2,2,Final,Final,ˈkɔ,2,ˈkoɾ,2,,corno,horn,Bandeira2017[366-412],
Angolar,ˈbɛgɐ,bɐˈʀigɐ,ˈbɛ.gɐ,bɐˈ.ʀi.gɐ,ˈbɛ,bɐˈ,2,3,1,1,Initial,Initial,0,-,0,ʀi,,barriga,belly,Bandeira2017[366-412],
Angolar,ˈbɛgɐ,bɐˈʀigɐ,ˈbɛ.gɐ,bɐˈ.ʀi.gɐ,-,ʀi,2,3,-,2,-,Medial,ˈbɛ,gɐ,bɐˈ,gɐ,,barriga,belly,Bandeira2017[366-412],
Angolar,ˈbɛgɐ,bɐˈʀigɐ,ˈbɛ.gɐ,bɐˈ.ʀi.gɐ,gɐ,gɐ,2,3,2,3,Final,Final,-,2,ʀi,3,,barriga,belly,Bandeira2017[366-412],
Angolar,ˈfigadu,ˈfiɡɐdu,ˈfi.ga.du,ˈfi.ɡɐ.du,ˈfi,ˈfi,3,3,1,1,Initial,Initial,0,ga,0,ɡɐ,,fígado,liver,Bandeira2017[366-412],
Angolar,ˈfigadu,ˈfiɡɐdu,ˈfi.ga.du,ˈfi.ɡɐ.du,ga,ɡɐ,3,3,2,2,Medial,Medial,ˈfi,du,ˈfi,du,,fígado,liver,Bandeira2017[366-412],
Angolar,ˈfigadu,ˈfiɡɐdu,ˈfi.ga.du,ˈfi.ɡɐ.du,du,du,3,3,3,3,Final,Final,ga,3,ɡɐ,3,,fígado,liver,Bandeira2017[366-412],
Angolar,kaˈbelu,kɐˈbelu,kaˈ.be.lu,kɐˈ.belu,kaˈ,kɐˈ,3,2,1,1,Initial,Initial,0,be,0,be,,cabelo,hair,Bandeira2017[366-412],
Angolar,kaˈbelu,kɐˈbelu,kaˈ.be.lu,kɐˈ.belu,be,be,3,2,2,2,Medial,Final,kaˈ,lu,kɐˈ,lu,,cabelo,hair,Bandeira2017[366-412],
Angolar,kaˈbelu,kɐˈbelu,kaˈ.be.lu,kɐˈ.belu,lu,lu,3,2,3,3,Final,Medial,be,3,be,3,,cabelo,hair,Bandeira2017[366-412],
Angolar,ˈnte,ˈfɾõtɨ,ˈn.te,ˈfɾõ.tɨ,ˈn,ˈfɾõ,2,2,1,1,Initial,Initial,0,te,0,tɨ,,fronte,head,Bandeira2017[366-412],
Angolar,ˈnte,ˈfɾõtɨ,ˈn.te,ˈfɾõ.tɨ,te,tɨ,2,2,2,2,Final,Final,ˈn,2,ˈfɾõ,2,,fronte,head,Bandeira2017[366-412],
Angolar,kɔˈθɔ,kuɾɐˈsɐ̃w̃,kɔ.ˈθɔ,ku.ɾɐ.ˈsɐ̃w̃,kɔ,ku,2,3,1,1,Initial,Initial,0,-,0,ɾɐ,,coração,heart,Bandeira2017[366-412],
Angolar,kɔˈθɔ,kuɾɐˈsɐ̃w̃,kɔ.ˈθɔ,ku.ɾɐ.ˈsɐ̃w̃,-,ɾɐ,2,3,-,2,-,Medial,kɔ,ˈθɔ,ku,ˈsɐ̃w̃,,coração,heart,Bandeira2017[366-412],
Angolar,kɔˈθɔ,kuɾɐˈsɐ̃w̃,kɔ.ˈθɔ,ku.ɾɐ.ˈsɐ̃w̃,ˈθɔ,ˈsɐ̃w̃,2,3,2,3,Final,Final,-,2,ɾɐ,3,,coração,heart,Bandeira2017[366-412],
Angolar,kuˈpi,ˈkuʃpu,kuˈ.pi,ˈkuʃ.pu,kuˈ,ˈkuʃ,2,2,1,1,Initial,Initial,0,pi,0,pu,,cuspo,spit,Bandeira2017[366-412],
Angolar,kuˈpi,ˈkuʃpu,kuˈ.pi,ˈkuʃ.pu,pi,pu,2,2,2,2,Final,Final,kuˈ,2,ˈkuʃ,2,,cuspo,spit,Bandeira2017[366-412],
Angolar,ˈlũga,ˈlĩɡuɐ,ˈlũ.ga,ˈlĩ.ɡuɐ,ˈlũ,ˈlĩ,2,2,1,1,Initial,Initial,0,ga,0,ɡuɐ,,língua,tongue,Bandeira2017[366-412],
Angolar,ˈlũga,ˈlĩɡuɐ,ˈlũ.ga,ˈlĩ.ɡuɐ,ga,ɡuɐ,2,2,2,2,Final,Final,ˈlũ,2,ˈlĩ,2,,língua,tongue,Bandeira2017[366-412],
Angolar,ˈmo,ˈmɐ̃w̃,ˈmo,ˈmɐ̃w̃,ˈmo,ˈmɐ̃w̃,1,1,1,1,Final,Final,0,1,0,1,,mão,hand,Bandeira2017[366-412],
Angolar,ˈθɐ̃gɪ,ˈsɐ̃ɡɨ,ˈθɐ̃.gɪ,ˈsɐ̃.ɡɨ,ˈθɐ̃,ˈsɐ̃,2,2,1,1,Initial,Initial,0,gɪ,0,ɡɨ,,sangue,blood,Bandeira2017[366-412],
Angolar,ˈθɐ̃gɪ,ˈsɐ̃ɡɨ,ˈθɐ̃.gɪ,ˈsɐ̃.ɡɨ,gɪ,ɡɨ,2,2,2,2,Final,Final,ˈθɐ̃,2,ˈsɐ̃,2,,sangue,blood,Bandeira2017[366-412],
Angolar,kaˈθo,kɐˈʃoʀu,kaˈ.θo,kɐ.ˈʃo.ʀu,kaˈ,kɐ,2,3,1,1,Initial,Initial,0,θo,0,ˈʃo,,cachorro,dog,Bandeira2017[366-412],
Angolar,kaˈθo,kɐˈʃoʀu,kaˈ.θo,kɐ.ˈʃo.ʀu,θo,ˈʃo,2,3,2,2,Final,Medial,kaˈ,-,kɐ,ʀu,,cachorro,dog,Bandeira2017[366-412],
Angolar,kaˈθo,kɐˈʃoʀu,kaˈ.θo,kɐ.ˈʃo.ʀu,-,ʀu,2,3,3,3,Medial,Final,θo,3,ˈʃo,3,,cachorro,dog,Bandeira2017[366-412],
Angolar,ˈkabɐ,ˈkabɾɐ,ˈka.bɐ,ˈka.bɾɐ,ˈka,ˈka,2,2,1,1,Initial,Initial,0,bɐ,0,bɾɐ,,cabra,goat,Bandeira2017[366-412],
Angolar,ˈkabɐ,ˈkabɾɐ,ˈka.bɐ,ˈka.bɾɐ,bɐ,bɾɐ,2,2,2,2,Final,Final,ˈka,2,ˈka,2,,cabra,goat,Bandeira2017[366-412],
Angolar,ma:ˈku,mɐˈkaku,ma:.ˈku,mɐ.ˈka.ku,ma:,mɐ,2,3,1,1,Initial,Initial,0,-,0,ˈka,,macaco,monkey,Bandeira2017[366-412],
Angolar,ma:ˈku,mɐˈkaku,ma:.ˈku,mɐ.ˈka.ku,-,ˈka,2,3,-,2,-,Medial,ma:,ˈku,mɐ,ku,,macaco,monkey,Bandeira2017[366-412],
Angolar,ma:ˈku,mɐˈkaku,ma:.ˈku,mɐ.ˈka.ku,ˈku,ku,2,3,2,3,Final,Final,-,2,ˈka,3,,macaco,monkey,Bandeira2017[366-412],
Angolar,ŋgɐ̃ˈɲa,gɐˈliɲɐ,ŋ.gɐ̃.ˈɲa,gɐ.ˈli.ɲɐ,ŋ,gɐ,3,3,1,-,Initial,-,0,gɐ̃,0,gɐ,,galinha,chicken,Bandeira2017[366-412],
Angolar,ŋgɐ̃ˈɲa,gɐˈliɲɐ,ŋ.gɐ̃.ˈɲa,gɐ.ˈli.ɲɐ,gɐ̃,gɐ,3,3,2,1,Medial,Initial,ŋ,-,gɐ,ˈli,,galinha,chicken,Bandeira2017[366-412],
Angolar,ŋgɐ̃ˈɲa,gɐˈliɲɐ,ŋ.gɐ̃.ˈɲa,gɐ.ˈli.ɲɐ,-,ˈli,3,3,-,2,-,Medial,gɐ̃,ˈɲa,gɐ,ɲɐ,,galinha,chicken,Bandeira2017[366-412],
Angolar,ŋgɐ̃ˈɲa,gɐˈliɲɐ,ŋ.gɐ̃.ˈɲa,gɐ.ˈli.ɲɐ,ˈɲa,ɲɐ,3,3,3,3,Final,Final,-,3,ˈli,3,,galinha,chicken,Bandeira2017[366-412],
Angolar,ŋˈgaθɐ,ˈgaɾsɐ,ŋ.ˈga.θɐ,ˈgaɾ.sɐ,ŋ,ˈgaɾ,3,2,1,1,Initial,Initial,0,ˈga,0,sɐ,,garça,heron,Bandeira2017[366-412],
Angolar,ŋˈgaθɐ,ˈgaɾsɐ,ŋ.ˈga.θɐ,ˈgaɾ.sɐ,ˈga,sɐ,3,2,2,2,Medial,Final,ŋ,θɐ,ˈgaɾ,-,,garça,heron,Bandeira2017[366-412],
Angolar,ŋˈgaθɐ,ˈgaɾsɐ,ŋ.ˈga.θɐ,ˈgaɾ.sɐ,θɐ,-,3,2,3,-,Final,-,ˈga,3,sɐ,-,,garça,heron,Bandeira2017[366-412],
Angolar,ˈgɛlɐ,ˈgɛʀɐ,ˈgɛ.lɐ,ˈgɛ.ʀɐ,ˈgɛ,ˈgɛ,2,2,1,1,Initial,Initial,0,lɐ,0,ʀɐ,,guerra,war,Bandeira2017[366-412],
Angolar,ˈgɛlɐ,ˈgɛʀɐ,ˈgɛ.lɐ,ˈgɛ.ʀɐ,lɐ,ʀɐ,2,2,2,2,Final,Final,ˈgɛ,2,ˈgɛ,2,,guerra,war,Bandeira2017[366-412],
Angolar,maˈdadi,malˈdadɨ,ma.ˈda.di,mal.ˈda.dɨ,ma,mal,3,3,1,1,Initial,Initial,0,ˈda,0,ˈda,,maldade,evil,Bandeira2017[366-412],
Angolar,maˈdadi,malˈdadɨ,ma.ˈda.di,mal.ˈda.dɨ,ˈda,ˈda,3,3,2,2,Medial,Medial,ma,di,mal,dɨ,,maldade,evil,Bandeira2017[366-412],
Angolar,maˈdadi,malˈdadɨ,ma.ˈda.di,mal.ˈda.dɨ,di,dɨ,3,3,3,3,Final,Final,ˈda,3,ˈda,3,,maldade,evil,Bandeira2017[366-412],
Angolar,ˈθedi,ˈsedɨ,ˈθe.di,ˈse.dɨ,ˈθe,ˈse,2,2,1,1,Initial,Initial,0,di,0,dɨ,,sede,thirst,Bandeira2017[366-412],
Angolar,ˈθedi,ˈsedɨ,ˈθe.di,ˈse.dɨ,di,dɨ,2,2,2,2,Final,Final,ˈθe,2,ˈse,2,,sede,thirst,Bandeira2017[366-412],
Angolar,ˈsimi,siˈumɨ,ˈsi.mi,si.ˈu.mɨ,ˈsi,siˈ,2,3,1,1,Initial,Initial,0,-,0,ˈu,,ciúmes,jealousy,Bandeira2017[366-412],
Angolar,ˈsimi,siˈumɨ,ˈsi.mi,si.ˈu.mɨ,-,ˈu,2,3,-,2,-,Medial,ˈsi,mi,siˈ,mɨ,,ciúmes,jealousy,Bandeira2017[366-412],
Angolar,ˈsimi,siˈumɨ,ˈsi.mi,si.ˈu.mɨ,mi,mɨ,2,3,2,3,Final,Final,-,2,ˈu,3,,ciúmes,jealousy,Bandeira2017[366-412],
Angolar,vɛˈgɔɲɐ,vɨɾˈgoɲɐ,vɛ.ˈgɔ.ɲɐ,vɨɾ.ˈgo.ɲɐ,vɛ,vɨɾ,3,3,1,1,Initial,Initial,0,ˈgɔ,0,ˈgo,,vergonha,shame,Bandeira2017[366-412],
Angolar,vɛˈgɔɲɐ,vɨɾˈgoɲɐ,vɛ.ˈgɔ.ɲɐ,vɨɾ.ˈgo.ɲɐ,ˈgɔ,ˈgo,3,3,2,2,Medial,Medial,vɛ,ɲɐ,vɨɾ,ɲɐ,,vergonha,shame,Bandeira2017[366-412],
Angolar,vɛˈgɔɲɐ,vɨɾˈgoɲɐ,vɛ.ˈgɔ.ɲɐ,vɨɾ.ˈgo.ɲɐ,ɲɐ,ɲɐ,3,3,3,3,Final,Final,ˈgɔ,3,ˈgo,3,,vergonha,shame,Bandeira2017[366-412],
Angolar,ˈkolo,ˈkoɾ,ˈko.lo,ˈkoɾ,ˈko,ˈkoɾ,2,1,1,1,Initial,Final,0,lo,0,-,,cor,color,Bandeira2017[366-412],
Angolar,ˈkolo,ˈkoɾ,ˈko.lo,ˈkoɾ,lo,-,2,1,2,-,Final,-,ˈko,2,ˈkoɾ,-,,cor,color,Bandeira2017[366-412],
Angolar,ˈvedi,ˈveɾdɨ,ˈve.di,ˈveɾ.dɨ,ˈve,ˈveɾ,2,2,1,1,Initial,Initial,0,di,0,dɨ,,verde,green,Bandeira2017[366-412],
Angolar,ˈvedi,ˈveɾdɨ,ˈve.di,ˈveɾ.dɨ,di,dɨ,2,2,2,2,Final,Final,ˈve,2,ˈveɾ,2,,verde,green,Bandeira2017[366-412],
Angolar,veˈme,vɨɾˈmɐjʎu,ve.ˈme,vɨɾ.ˈmɐj.ʎu,ve,vɨɾ,2,3,1,,Initial,#N/A,0,ˈme,0,ˈmɐj,,vermelho,red,Bandeira2017[366-412],
Angolar,veˈme,vɨɾˈmɐjʎu,ve.ˈme,vɨɾ.ˈmɐj.ʎu,ˈme,ˈmɐj,2,3,2,2,Final,Medial,ve,-,vɨɾ,ʎu,,vermelho,red,Bandeira2017[366-412],
Angolar,veˈme,vɨɾˈmɐjʎu,ve.ˈme,vɨɾ.ˈmɐj.ʎu,-,ʎu,2,3,-,3,-,Final,ˈme,-,ˈmɐj,3,,vermelho,red,Bandeira2017[366-412],
Angolar,ŋgaˈpo,kɐɾɐˈpaw,ŋ.ga.ˈpo,kɐ.ɾɐ.ˈpaw,ŋ,kɐ,3,3,1,1,Initial,Initial,0,ga,0,ɾɐ,,carapau,scad,Bandeira2017[366-412],
Angolar,ŋgaˈpo,kɐɾɐˈpaw,ŋ.ga.ˈpo,kɐ.ɾɐ.ˈpaw,ga,ɾɐ,3,3,2,2,Medial,Medial,ŋ,ˈpo,kɐ,ˈpaw,,carapau,scad,Bandeira2017[366-412],
Angolar,ŋgaˈpo,kɐɾɐˈpaw,ŋ.ga.ˈpo,kɐ.ɾɐ.ˈpaw,ˈpo,ˈpaw,3,3,3,3,Final,Final,ga,3,ɾɐ,3,,carapau,scad,Bandeira2017[366-412],
Angolar,kikiˈe,ˈpejʃɨ,ki.ki.ˈe,ˈpej.ʃɨ,ki,ˈpej,3,2,1,1,Initial,Initial,0,ki,0,ʃɨ,,peixe,fish,Bandeira2017[366-412],
Angolar,kikiˈe,ˈpejʃɨ,ki.ki.ˈe,ˈpej.ʃɨ,ki,ʃɨ,3,2,2,2,Medial,Final,ki,ˈe,ˈpej,-,,peixe,fish,Bandeira2017[366-412],
Angolar,kikiˈe,ˈpejʃɨ,ki.ki.ˈe,ˈpej.ʃɨ,ˈe,-,3,2,3,-,Final,-,ki,3,ʃɨ,-,,peixe,fish,Bandeira2017[366-412],
Angolar,va:ˈdo,vuɐˈdoɾ,va:.ˈdo,vu.ɐ.ˈdoɾ,va:,vu,2,3,1,1,Initial,Initial,0,ˈdo,0,ɐ,,voador,flying fish,Bandeira2017[366-412],
Angolar,va:ˈdo,vuɐˈdoɾ,va:.ˈdo,vu.ɐ.ˈdoɾ,ˈdo,ɐ,2,3,2,2,Final,Medial,va:,-,vu,ˈdoɾ,,voador,flying fish,Bandeira2017[366-412],
Angolar,va:ˈdo,vuɐˈdoɾ,va:.ˈdo,vu.ɐ.ˈdoɾ,-,ˈdoɾ,2,3,-,3,-,Final,ˈdo,-,ɐ,3,,voador,flying fish,Bandeira2017[366-412],
Angolar,biˈsigɐ,vɐˈɾiulɐ,biˈ.si.gɐ,vɐˈ.ɾiu.lɐ,biˈ,vɐˈ,3,3,1,1,Initial,Initial,0,si,0,ɾiu,,varíola,variola,Bandeira2017[366-412],
Angolar,biˈsigɐ,vɐˈɾiulɐ,biˈ.si.gɐ,vɐˈ.ɾiu.lɐ,si,ɾiu,3,3,2,2,Medial,Medial,biˈ,gɐ,vɐˈ,lɐ,,varíola,variola,Bandeira2017[366-412],
Angolar,biˈsigɐ,vɐˈɾiulɐ,biˈ.si.gɐ,vɐˈ.ɾiu.lɐ,gɐ,lɐ,3,3,3,3,Final,Final,si,3,ɾiu,3,,varíola,variola,Bandeira2017[366-412],
Angolar,ˈfɛbɛ,ˈfɛbɾɨ,ˈfɛ.bɛ,ˈfɛ.bɾɨ,ˈfɛ,ˈfɛ,2,2,1,1,Initial,Initial,0,bɛ,0,bɾɨ,,febre,fever,Bandeira2017[366-412],
Angolar,ˈfɛbɛ,ˈfɛbɾɨ,ˈfɛ.bɛ,ˈfɛ.bɾɨ,bɛ,bɾɨ,2,2,2,2,Final,Final,ˈfɛ,2,ˈfɛ,2,,febre,fever,Bandeira2017[366-412],
Angolar,c,fɨˈɾidɐ,ˈfi:.dɐ,fɨ.ˈɾi.dɐ,ˈfi:,fɨ,7,3,1,1,Initial,Initial,0,1,0,ˈɾi,,ferida,wound,Bandeira2017[366-412],
Angolar,ˈfi:dɐ,fɨˈɾidɐ,ˈfi:.dɐ,fɨ.ˈɾi.dɐ,dɐ,ˈɾi,2,3,2,2,Final,Medial,0,-,fɨ,dɐ,,ferida,wound,Bandeira2017[366-412],
Angolar,ˈfi:dɐ,fɨˈɾidɐ,ˈfi:.dɐ,fɨ.ˈɾi.dɐ,-,dɐ,2,3,-,3,-,Final,dɐ,-,ˈɾi,3,,ferida,wound,Bandeira2017[366-412],
Angolar,ˈlɛpɐ,ˈlɛpɾɐ,ˈlɛ.pɐ,ˈlɛ.pɾɐ,ˈlɛ,ˈlɛ,2,2,1,1,Initial,Initial,0,pɐ,0,pɾɐ,,lepra,leprosy,Bandeira2017[366-412],
Angolar,ˈlɛpɐ,ˈlɛpɾɐ,ˈlɛ.pɐ,ˈlɛ.pɾɐ,pɐ,pɾɐ,2,2,2,2,Final,Final,ˈlɛ,2,ˈlɛ,2,,lepra,leprosy,Bandeira2017[366-412],
Angolar,baˈja,vɐjˈaɾ,ba.ˈja,vɐj.ˈaɾ,ba,vɐj,2,2,1,1,Initial,Initial,0,ˈja,0,ˈaɾ,,vaiar,cast a spell,Bandeira2017[366-412],
Angolar,baˈja,vɐjˈaɾ,ba.ˈja,vɐj.ˈaɾ,ˈja,ˈaɾ,2,2,2,2,Final,Final,ba,2,vɐj,2,,vaiar,cast a spell,Bandeira2017[366-412],
Angolar,baˈli,vɐˈʀeɾ,ba.ˈli,vɐ.ˈʀeɾ,ba,vɐ,2,2,1,1,Initial,Initial,0,ˈli,0,ˈʀeɾ,,varrer,sweep,Bandeira2017[366-412],
Angolar,baˈli,vɐˈʀeɾ,ba.ˈli,vɐ.ˈʀeɾ,ˈli,ˈʀeɾ,2,2,2,2,Final,Final,ba,2,vɐ,2,,varrer,sweep,Bandeira2017[366-412],
Angolar,ˈbe,ˈveɾ,ˈbe,ˈveɾ,ˈbe,ˈveɾ,1,1,1,1,Final,Final,0,1,0,1,,ver,see,Bandeira2017[366-412],
Angolar,ˈbi,ˈviɾ,ˈbi,ˈviɾ,ˈbi,ˈviɾ,1,1,1,1,Final,Final,0,1,0,1,,vir,come,Bandeira2017[366-412],
Angolar,biˈsi,vɨʃˈtiɾ,bi.ˈsi,vɨʃ.ˈtiɾ,bi,vɨʃ,2,2,1,1,Initial,Initial,0,ˈsi,0,ˈtiɾ,,vestir,get dressed,Bandeira2017[366-412],
Angolar,biˈsi,vɨʃˈtiɾ,bi.ˈsi,vɨʃ.ˈtiɾ,ˈsi,ˈtiɾ,2,2,2,2,Final,Final,bi,2,vɨʃ,2,,vestir,get dressed,Bandeira2017[366-412],
Angolar,ˈfa,fɐˈlaɾ,ˈfa,fɐ.ˈlaɾ,ˈfa,fɐ,1,2,1,1,Final,Initial,0,-,0,ˈlaɾ,,falar,say,Bandeira2017[366-412],
Angolar,ˈfa,fɐˈlaɾ,ˈfa,fɐ.ˈlaɾ,-,ˈlaɾ,1,2,-,2,-,Final,ˈfa,-,fɐ,2,,falar,say,Bandeira2017[366-412],
Angolar,faˈta,falˈtaɾ,fa.ˈta,fal.ˈtaɾ,fa,fal,2,2,1,1,Initial,Initial,0,ˈta,0,ˈtaɾ,,faltar,miss,Bandeira2017[366-412],
Angolar,faˈta,falˈtaɾ,fa.ˈta,fal.ˈtaɾ,ˈta,ˈtaɾ,2,2,2,2,Final,Final,fa,2,fal,2,,faltar,miss,Bandeira2017[366-412],
Angolar,ˈũfwa,fɨˈdeɾ,ˈũ.fwa,fɨˈ.deɾ,,,2,2,,,#N/A,#N/A,0,,0,,,feder,stink,Bandeira2017[366-412],Not of Portuguese origin
Angolar,fiˈka,fiˈkaɾ,fi.ˈka,fi.ˈkaɾ,fi,fi,2,2,1,1,Initial,Initial,0,ˈka,0,ˈkaɾ,,ficar,stay,Bandeira2017[366-412],
Angolar,fiˈka,fiˈkaɾ,fi.ˈka,fi.ˈkaɾ,ˈka,ˈkaɾ,2,2,2,2,Final,Final,fi,2,fi,2,,ficar,stay,Bandeira2017[366-412],
Angolar,fɔˈga,fɔlˈgaɾ,fɔ.ˈga,fɔl.ˈgaɾ,fɔ,fɔl,2,2,1,1,Initial,Initial,0,ˈga,0,ˈgaɾ,,folgar,play,Bandeira2017[366-412],
Angolar,fɔˈga,fɔlˈgaɾ,fɔ.ˈga,fɔl.ˈgaɾ,ˈga,ˈgaɾ,2,2,2,2,Final,Final,fɔ,2,fɔl,2,,folgar,play,Bandeira2017[366-412],
Angolar,goˈgo,guʃˈtaɾ,go.ˈgo,guʃ.ˈtaɾ,go,guʃ,2,2,1,1,Initial,Initial,0,ˈgo,0,ˈtaɾ,,gostar,like,Bandeira2017[366-412],Ideophone
Angolar,goˈgo,guʃˈtaɾ,go.ˈgo,guʃ.ˈtaɾ,ˈgo,ˈtaɾ,2,2,2,2,Final,Final,go,2,guʃ,2,,gostar,like,Bandeira2017[366-412],Ideophone
Angolar,kaˈta,kɐ̃ˈtaɾ,ka.ˈta,kɐ̃.ˈtaɾ,ka,kɐ̃,2,2,1,1,Initial,Initial,0,ˈta,0,ˈtaɾ,,cantar,sing,Bandeira2017[366-412],
Angolar,kaˈta,kɐ̃ˈtaɾ,ka.ˈta,kɐ̃.ˈtaɾ,ˈta,ˈtaɾ,2,2,2,2,Final,Final,ka,2,kɐ̃,2,,cantar,sing,Bandeira2017[366-412],
Angolar,kaˈða,kɐˈzaɾ,ka.ˈða,kɐ.ˈzaɾ,ka,kɐ,2,2,1,1,Initial,Initial,0,ˈða,0,ˈzaɾ,,casar,marry,Bandeira2017[366-412],
Angolar,kaˈða,kɐˈzaɾ,ka.ˈða,kɐ.ˈzaɾ,ˈða,ˈzaɾ,2,2,2,2,Final,Final,ka,2,kɐ,2,,casar,marry,Bandeira2017[366-412],
Angolar,keˈle,ˈkɾeɾ,ke.ˈle,ˈkɾeɾ,ke,ˈkɾeɾ,2,1,1,1,Initial,Final,0,ˈle,0,-,,crer,believe,Bandeira2017[366-412],
Angolar,keˈle,ˈkɾeɾ,ke.ˈle,ˈkɾeɾ,ˈle,-,2,1,2,-,Final,-,ke,2,ˈkɾeɾ,-,,crer,believe,Bandeira2017[366-412],
Angolar,kɛˈma,kejˈmaɾ,kɛ.ˈma,kej.ˈmaɾ,kɛ,kej,2,2,1,1,Initial,Initial,0,ˈma,0,ˈmaɾ,,queimar,burn,Bandeira2017[366-412],
Angolar,kɛˈma,kejˈmaɾ,kɛ.ˈma,kej.ˈmaɾ,ˈma,ˈmaɾ,2,2,2,2,Final,Final,kɛ,2,kej,2,,queimar,burn,Bandeira2017[366-412],
Angolar,ˈkje,kɐˈiɾ,ˈkje,kɐ.ˈiɾ,ˈkje,kɐ,1,2,1,1,Final,Initial,0,-,0,ˈiɾ,,cair,fall,Bandeira2017[366-412],
Angolar,ˈkje,kɐˈiɾ,ˈkje,kɐ.ˈiɾ,-,ˈiɾ,1,2,-,2,-,Final,ˈkje,-,kɐ,2,,cair,fall,Bandeira2017[366-412],
Angolar,keˈse,kɾɨʃˈseɾ,ke.ˈse,kɾɨʃ.ˈseɾ,ke,kɾɨʃ,2,2,1,1,Initial,Initial,0,ˈse,0,ˈseɾ,,crescer,grow,Bandeira2017[366-412],
Angolar,keˈse,kɾɨʃˈseɾ,ke.ˈse,kɾɨʃ.ˈseɾ,ˈse,ˈseɾ,2,2,2,2,Final,Final,ke,2,kɾɨʃ,2,,crescer,grow,Bandeira2017[366-412],
Angolar,kuˈje,kuˈʎeɾ,ku.ˈje,ku.ˈʎeɾ,ku,ku,2,2,1,1,Initial,Initial,0,ˈje,0,ˈʎeɾ,,colher,harvest,Bandeira2017[366-412],
Angolar,kuˈje,kuˈʎeɾ,ku.ˈje,ku.ˈʎeɾ,ˈje,ˈʎeɾ,2,2,2,2,Final,Final,ku,2,ku,2,,colher,harvest,Bandeira2017[366-412],
Angolar,koˈle,kuʀeɾ,ko.ˈle,ku.ʀeɾ,ko,ku,2,2,1,1,Initial,Initial,0,ˈle,0,ʀeɾ,,correr,to run,Bandeira2017[366-412],
Angolar,koˈle,kuʀeɾ,ko.ˈle,ku.ʀeɾ,ˈle,ʀeɾ,2,2,2,2,Final,Final,ko,2,ku,2,,correr,to run,Bandeira2017[366-412],
Angolar,kɔˈta,kuɾˈtaɾ,kɔ.ˈta,kuɾ.ˈtaɾ,kɔ,kuɾ,2,2,1,1,Initial,Initial,0,ˈta,0,ˈtaɾ,,cortar,cut,Bandeira2017[366-412],
Angolar,kɔˈta,kuɾˈtaɾ,kɔ.ˈta,kuɾ.ˈtaɾ,ˈta,ˈtaɾ,2,2,2,2,Final,Final,kɔ,2,kuɾ,2,,cortar,cut,Bandeira2017[366-412],
Angolar,kɔˈθa,kuˈsaɾ,kɔ.ˈθa,ku.ˈsaɾ,kɔ,ku,2,2,1,1,Initial,Initial,0,ˈθa,0,ˈsaɾ,,coçar,scratch,Bandeira2017[366-412],
Angolar,kɔˈθa,kuˈsaɾ,kɔ.ˈθa,ku.ˈsaɾ,ˈθa,ˈsaɾ,2,2,2,2,Final,Final,kɔ,2,ku,2,,coçar,scratch,Bandeira2017[366-412],
Angolar,koˈðe,kuˈzeɾ,ko.ˈðe,ku.ˈzeɾ,ko,ku,2,2,1,1,Initial,Initial,0,ˈðe,0,ˈzeɾ,,coser,sew,Bandeira2017[366-412],
Angolar,koˈðe,kuˈzeɾ,ko.ˈðe,ku.ˈzeɾ,ˈðe,ˈzeɾ,2,2,2,2,Final,Final,ko,2,ku,2,,coser,sew,Bandeira2017[366-412],
Angolar,ˈmɛ,kuˈmeɾ,ˈmɛ,ku.ˈmeɾ,ˈmɛ,ku,1,2,1,1,Final,Initial,0,-,0,ˈmeɾ,,comer,to eat,Bandeira2017[366-412],
Angolar,ˈmɛ,kuˈmeɾ,ˈmɛ,ku.ˈmeɾ,-,ˈmeɾ,1,2,-,2,-,Final,ˈmɛ,-,ku,2,,comer,to eat,Bandeira2017[366-412],
Angolar,kuˈzi,kuˈzeɾ,ku.ˈzi,ku.ˈzeɾ,ku,ku,2,2,1,1,Initial,Initial,0,ˈzi,0,ˈzeɾ,,cozer,cook,Bandeira2017[366-412],
Angolar,kuˈzi,kuˈzeɾ,ku.ˈzi,ku.ˈzeɾ,ˈzi,ˈzeɾ,2,2,2,2,Final,Final,ku,2,ku,2,,cozer,cook,Bandeira2017[366-412],
Angolar,kuˈbi,kuˈbɾiɾ,ku.ˈbi,ku.ˈbɾiɾ,ku,ku,2,2,1,1,Initial,Initial,0,ˈbi,0,ˈbɾiɾ,,cobrir,cover,Bandeira2017[366-412],
Angolar,kuˈbi,kuˈbɾiɾ,ku.ˈbi,ku.ˈbɾiɾ,ˈbi,ˈbɾiɾ,2,2,2,2,Final,Final,ku,2,ku,2,,cobrir,cover,Bandeira2017[366-412],
Angolar,kuˈda,kujˈdaɾ,ku.ˈda,kuj.ˈdaɾ,ku,kuj,2,2,1,1,Initial,Initial,0,ˈda,0,ˈdaɾ,,cuidar,care,Bandeira2017[366-412],
Angolar,kuˈda,kujˈdaɾ,ku.ˈda,kuj.ˈdaɾ,ˈda,ˈdaɾ,2,2,2,2,Final,Final,ku,2,kuj,2,,cuidar,care,Bandeira2017[366-412],
Angolar,kuˈpa,kulˈpaɾ,ku.ˈpa,kul.ˈpaɾ,ku,kul,2,2,1,1,Initial,Initial,0,ˈpa,0,ˈpaɾ,,culpar,to blame,Bandeira2017[366-412],
Angolar,kuˈpa,kulˈpaɾ,ku.ˈpa,kul.ˈpaɾ,ˈpa,ˈpaɾ,2,2,2,2,Final,Final,ku,2,kul,2,,culpar,to blame,Bandeira2017[366-412],
Angolar,kuˈpi,kuʃˈpiɾ,ku.ˈpi,kuʃ.ˈpiɾ,ku,kuʃ,2,2,1,1,Initial,Initial,0,ˈpi,0,ˈpiɾ,,cuspir,spit,Bandeira2017[366-412],
Angolar,kuˈpi,kuʃˈpiɾ,ku.ˈpi,kuʃ.ˈpiɾ,ˈpi,ˈpiɾ,2,2,2,2,Final,Final,ku,2,kuʃ,2,,cuspir,spit,Bandeira2017[366-412],
Angolar,kuˈla,kuˈɾaɾ,ku.ˈla,ku.ˈɾaɾ,ku,ku,2,2,1,1,Initial,Initial,0,ˈla,0,ˈɾaɾ,,curar,heal,Bandeira2017[366-412],
Angolar,kuˈla,kuˈɾaɾ,ku.ˈla,ku.ˈɾaɾ,ˈla,ˈɾaɾ,2,2,2,2,Final,Final,ku,2,ku,2,,curar,heal,Bandeira2017[366-412],
Angolar,laˈba,lɐˈvaɾ,la.ˈba,lɐ.ˈvaɾ,la,lɐ,2,2,1,1,Initial,Initial,0,ˈba,0,ˈvaɾ,,lavar,wash,Bandeira2017[366-412],
Angolar,laˈba,lɐˈvaɾ,la.ˈba,lɐ.ˈvaɾ,ˈba,ˈvaɾ,2,2,2,2,Final,Final,la,2,lɐ,2,,lavar,wash,Bandeira2017[366-412],
Angolar,laˈta,lɨvɐ̃ˈtaɾ,la.ˈta,lɨ.vɐ̃.ˈtaɾ,la,lɨ,2,3,1,1,Initial,Initial,0,-,0,vɐ̃,,levantar,get up,Bandeira2017[366-412],
Angolar,laˈta,lɨvɐ̃ˈtaɾ,la.ˈta,lɨ.vɐ̃.ˈtaɾ,-,vɐ̃,2,3,-,2,-,Medial,la,ˈta,lɨ,ˈtaɾ,,levantar,get up,Bandeira2017[366-412],
Angolar,laˈta,lɨvɐ̃ˈtaɾ,la.ˈta,lɨ.vɐ̃.ˈtaɾ,ˈta,ˈtaɾ,2,3,2,3,Final,Final,-,2,vɐ̃,3,,levantar,get up,Bandeira2017[366-412],
Angolar,lɔˈlɔ,lɐ̃ˈbeɾ,lɔ.ˈlɔ,lɐ̃.ˈbeɾ,lɔ,lɐ̃,2,2,1,1,Initial,Initial,0,ˈlɔ,0,ˈbeɾ,,lamber,lick,Bandeira2017[366-412],
Angolar,lɔˈlɔ,lɐ̃ˈbeɾ,lɔ.ˈlɔ,lɐ̃.ˈbeɾ,ˈlɔ,ˈbeɾ,2,2,2,2,Final,Final,lɔ,2,lɐ̃,2,,lamber,lick,Bandeira2017[366-412],
Angolar,luˈzi,luˈziɾ,lu.ˈzi,lu.ˈziɾ,lu,lu,2,2,1,1,Initial,Initial,0,ˈzi,0,ˈziɾ,,luzir,shine,Bandeira2017[366-412],
Angolar,luˈzi,luˈziɾ,luˈzi,lu.ˈziɾ,ˈzi,ˈziɾ,1,2,2,2,Medial,Final,lu,2,lu,2,,luzir,shine,Bandeira2017[366-412],
Angolar,ŋgãˈɲa,gɐˈɲaɾ,ŋ.gã.ˈɲa,gɐ.ˈɲaɾ,ŋ,-,3,2,1,-,Initial,-,0,gã,0,gɐ,,ganhar,to earn,Bandeira2017[366-412],
Angolar,ŋgãˈɲa,gɐˈɲaɾ,ŋ.gã.ˈɲa,gɐ.ˈɲaɾ,gã,gɐ,3,2,2,1,Medial,Initial,ŋ,ˈɲa,-,ˈɲaɾ,,ganhar,to earn,Bandeira2017[366-412],
Angolar,ŋgãˈɲa,gɐˈɲaɾ,ŋ.gã.ˈɲa,gɐ.ˈɲaɾ,ˈɲa,ˈɲaɾ,3,2,3,2,Final,Final,gã,3,gɐ,2,,ganhar,to earn,Bandeira2017[366-412],
Angolar,ŋgumiˈta,vumiˈtaɾ,ŋgu.mi.ˈta,vu.mi.ˈtaɾ,ŋgu,vu,3,3,1,1,Initial,Initial,0,mi,0,mi,,vomitar,to throw up,Bandeira2017[366-412],
Angolar,ŋgumiˈta,vumiˈtaɾ,ŋgu.mi.ˈta,vu.mi.ˈtaɾ,mi,mi,3,3,2,2,Medial,Medial,ŋgu,ˈta,vu,ˈtaɾ,,vomitar,to throw up,Bandeira2017[366-412],
Angolar,ŋgumiˈta,vumiˈtaɾ,ŋgu.mi.ˈta,vu.mi.ˈtaɾ,ˈta,ˈtaɾ,3,3,3,3,Final,Final,mi,3,mi,3,,vomitar,to throw up,Bandeira2017[366-412],
Angolar,θaˈga,salˈgaɾ,θa.ˈga,sal.ˈgaɾ,θa,sal,2,2,1,1,Initial,Initial,0,ˈga,0,ˈgaɾ,,salgar,salt,Bandeira2017[366-412],
Angolar,θaˈga,salˈgaɾ,θa.ˈga,sal.ˈgaɾ,ˈga,ˈgaɾ,2,2,2,2,Final,Final,θa,2,sal,2,,salgar,salt,Bandeira2017[366-412],
Angolar,θaˈta,salˈtaɾ,θa.ˈta,sal.ˈtaɾ,θa,sal,2,2,1,1,Initial,Initial,0,ˈta,0,ˈtaɾ,,saltar,jump,Bandeira2017[366-412],
Angolar,θaˈta,salˈtaɾ,θa.ˈta,sal.ˈtaɾ,ˈta,ˈtaɾ,2,2,2,2,Final,Final,θa,2,sal,2,,saltar,jump,Bandeira2017[366-412],
Angolar,θaˈva,salˈvaɾ,θa.ˈva,sal.ˈvaɾ,θa,sal,2,2,1,1,Initial,Initial,0,ˈva,0,ˈvaɾ,,salvar,save,Bandeira2017[366-412],
Angolar,θaˈva,salˈvaɾ,θa.ˈva,sal.ˈvaɾ,ˈva,ˈvaɾ,2,2,2,2,Final,Final,θa,2,sal,2,,salvar,save,Bandeira2017[366-412],
Angolar,θaˈma,t̠ʃɐˈmaɾ,θa.ˈma,t̠ʃɐ.ˈmaɾ,θa,t̠ʃɐ,2,2,1,1,Initial,Initial,0,ˈma,0,ˈmaɾ,,chamar,call,Bandeira2017[366-412],
Angolar,θaˈma,t̠ʃɐˈmaɾ,θa.ˈma,t̠ʃɐ.ˈmaɾ,ˈma,ˈmaɾ,2,2,2,2,Final,Final,θa,2,t̠ʃɐ,2,,chamar,call,Bandeira2017[366-412],
Angolar,θeˈgwa,sɨɡuˈɾaɾ,θe.ˈgwa,sɨ.ɡu.ˈɾaɾ,θe,sɨ,2,3,1,1,Initial,Initial,0,ˈgwa,0,ɡu,,segurar,hold,Bandeira2017[366-412],
Angolar,θeˈgwa,sɨɡuˈɾaɾ,θe.ˈgwa,sɨ.ɡu.ˈɾaɾ,ˈgwa,ɡu,2,3,2,2,Final,Medial,θe,-,sɨ,ˈɾaɾ,,segurar,hold,Bandeira2017[366-412],
Angolar,θeˈgwa,sɨɡuˈɾaɾ,θe.ˈgwa,sɨ.ɡu.ˈɾaɾ,-,ˈɾaɾ,2,3,-,3,-,Final,ˈgwa,-,ɡu,3,,segurar,hold,Bandeira2017[366-412],
Angolar,θɛˈla,ʃejˈɾaɾ,θɛ.ˈla,ʃej.ˈɾaɾ,θɛ,ʃej,2,2,1,1,Initial,Initial,0,ˈla,0,ˈɾaɾ,,cheirar,smell,Bandeira2017[366-412],
Angolar,θɛˈla,ʃejˈɾaɾ,θɛ.ˈla,ʃej.ˈɾaɾ,ˈla,ˈɾaɾ,2,2,2,2,Final,Final,θɛ,2,ʃej,2,,cheirar,smell,Bandeira2017[366-412],
Angolar,siˈga,ʃɨˈɡaɾ,si.ˈga,ʃɨ.ˈɡaɾ,si,ʃɨ,2,2,1,1,Initial,Initial,0,ˈga,0,ˈɡaɾ,,chegar,arrive,Bandeira2017[366-412],
Angolar,siˈga,ʃɨˈɡaɾ,si.ˈga,ʃɨ.ˈɡaɾ,ˈga,ˈɡaɾ,2,2,2,2,Final,Final,si,2,ʃɨ,2,,chegar,arrive,Bandeira2017[366-412],
Angolar,siˈmja,sɨmiˈaɾ,si.ˈmj.a,sɨ.mi.ˈaɾ,si,sɨ,3,3,1,1,Initial,Initial,0,ˈmj,0,mi,,semear,plant,Bandeira2017[366-412],
Angolar,siˈmja,sɨmiˈaɾ,si.ˈmj.a,sɨ.mi.ˈaɾ,ˈmj,mi,3,3,2,2,Medial,Medial,si,a,sɨ,ˈaɾ,,semear,plant,Bandeira2017[366-412],
Angolar,siˈmja,sɨmiˈaɾ,si.ˈmj.a,sɨ.mi.ˈaɾ,a,ˈaɾ,3,3,3,3,Final,Final,ˈmj,3,mi,3,,semear,plant,Bandeira2017[366-412],
Angolar,θuˈa,ʃuˈɾaɾ,θu.ˈa,ʃu.ˈɾaɾ,θu,ʃu,2,2,1,1,Initial,Initial,0,ˈa,0,ˈɾaɾ,,chorar,cry,Bandeira2017[366-412],
Angolar,θuˈa,ʃuˈɾaɾ,θu.ˈa,ʃu.ˈɾaɾ,ˈa,ˈɾaɾ,2,2,2,2,Final,Final,θu,2,ʃu,2,,chorar,cry,Bandeira2017[366-412],
Angolar,θɔˈpa,suˈpɾaɾ,θɔ.ˈpa,su.ˈpɾaɾ,θɔ,su,2,2,1,1,Initial,Initial,0,ˈpa,0,ˈpɾaɾ,,soprar,to blow,Bandeira2017[366-412],
Angolar,θɔˈpa,suˈpɾaɾ,θɔ.ˈpa,su.ˈpɾaɾ,ˈpa,ˈpɾaɾ,2,2,2,2,Final,Final,θɔ,2,su,2,,soprar,to blow,Bandeira2017[366-412],
Angolar,θuˈbi,suˈbiɾ,θu.ˈbi,su.ˈbiɾ,θu,su,2,2,1,1,Initial,Initial,0,ˈbi,0,ˈbiɾ,,subir,move up,Bandeira2017[366-412],
Angolar,θuˈbi,suˈbiɾ,θu.ˈbi,su.ˈbiɾ,ˈbi,ˈbiɾ,2,2,2,2,Final,Final,θu,2,su,2,,subir,move up,Bandeira2017[366-412],
Angolar,θuˈpa,ʃuˈpaɾ,θu.ˈpa,ʃu.ˈpaɾ,θu,ʃu,2,2,1,1,Initial,Initial,0,ˈpa,0,ˈpaɾ,,chupar,suck,Bandeira2017[366-412],
Angolar,θuˈpa,ʃuˈpaɾ,θu.ˈpa,ʃu.ˈpaɾ,ˈpa,ˈpaɾ,2,2,2,2,Final,Final,θu,2,ʃu,2,,chupar,suck,Bandeira2017[366-412],
Angolar,θuˈa,suˈaɾ,θu.ˈa,su.ˈaɾ,θu,su,2,2,1,1,Initial,Initial,0,ˈa,0,ˈaɾ,,suar,sweat,Bandeira2017[366-412],
Angolar,θuˈa,suˈaɾ,θu.ˈa,su.ˈaɾ,ˈa,ˈaɾ,2,2,2,2,Final,Final,θu,2,su,2,,suar,sweat,Bandeira2017[366-412],
Angolar,foˈmĩgɐ,fuɾˈmigɐ,fo.ˈmĩ.gɐ,fuɾ.ˈmi.gɐ,fo,fuɾ,3,3,1,1,Initial,Initial,0,mĩ,0,ˈmi,,formiga,ant,Bandeira2017[366-412],
Angolar,foˈmĩgɐ,fuɾˈmigɐ,fo.ˈmĩ.gɐ,fuɾ.ˈmi.gɐ,mĩ,ˈmi,3,3,2,2,Medial,Medial,fo,gɐ,fuɾ,gɐ,,formiga,ant,Bandeira2017[366-412],
Angolar,foˈmĩgɐ,fuɾˈmigɐ,fo.ˈmĩ.gɐ,fuɾ.ˈmi.gɐ,gɐ,gɐ,3,3,3,3,Final,Final,mĩ,3,ˈmi,3,,formiga,ant,Bandeira2017[366-412],
Angolar,viˈzjɐ̃,viˈziɲu,vi.ˈzj.ɐ̃,vi.ˈzi.ɲu,ɐ̃,vi,3,3,1,1,Initial,Initial,0,ˈzj,0,ˈzi,,vizinho,neighbor,Bandeira2017[366-412],
Angolar,viˈzjɐ̃,viˈziɲu,vi.ˈzj.ɐ̃,vi.ˈzi.ɲu,ˈzj,ˈzi,3,3,2,2,Medial,Medial,ɐ̃,ɐ̃,vi,ɲu,,vizinho,neighbor,Bandeira2017[366-412],
Angolar,viˈzjɐ̃,viˈziɲu,vi.ˈzj.ɐ̃,vi.ˈzi.ɲu,ɐ̃,ɲu,3,3,3,3,Final,Final,ˈzj,3,ˈzi,3,,vizinho,neighbor,Bandeira2017[366-412],
Angolar,bɔˈdɔ,ˈbɔɾdɐ,bɔ.ˈdɔ,ˈbɔɾ.dɐ,bɔ,bɔɾ,2,2,1,1,Initial,Initial,0,ˈdɔ,0,dɐ,,borda,pier,Bandeira2017[366-412],
Angolar,bɔˈdɔ,ˈbɔɾdɐ,bɔ.ˈdɔ,bɔɾ.dɐ,ˈdɔ,dɐ,2,1,2,2,Final,Medial,bɔ,2,bɔɾ,2,,borda,pier,Bandeira2017[366-412],
Angolar,ˈfɛlɐ,ˈfejɾɐ,ˈfɛ.lɐ,ˈfej.ɾɐ,ˈfɛ,ˈfej,2,2,1,1,Initial,Initial,0,lɐ,0,ɾɐ,,feira,market,Bandeira2017[366-412],
Angolar,ˈfɛlɐ,ˈfejɾɐ,ˈfɛ.lɐ,ˈfej.ɾɐ,lɐ,ɾɐ,2,2,2,2,Final,Final,ˈfɛ,2,ˈfej,2,,feira,market,Bandeira2017[366-412],
Angolar,ˈŋge:ðɐ,iˈgɾɐjʒɐ,ˈŋ.ge:.ðɐ,i.ˈgɾɐj.ʒɐ,ˈŋ,-,3,3,1,1,Initial,Initial,0,-,0,i,,igreja,church,Bandeira2017[366-412],
Angolar,ˈŋge:ðɐ,iˈgɾɐjʒɐ,ˈŋ.ge:.ðɐ,i.ˈgɾɐj.ʒɐ,-,i,3,3,1,1,Initial,Initial,ˈŋ,ge:,-,ˈgɾɐj,,igreja,church,Bandeira2017[366-412],
Angolar,ˈŋge:ðɐ,iˈgɾɐjʒɐ,ˈŋ.ge:.ðɐ,i.ˈgɾɐj.ʒɐ,ge:,ˈgɾɐj,3,3,-,2,-,Medial,-,ðɐ,i,ʒɐ,,igreja,church,Bandeira2017[366-412],
Angolar,ˈŋge:ðɐ,iˈgɾɐjʒɐ,ˈŋ.ge:.ðɐ,i.ˈgɾɐj.ʒɐ,ðɐ,ʒɐ,3,3,2,3,Medial,Final,ge:,2,ˈgɾɐj,3,,igreja,church,Bandeira2017[366-412],
Angolar,ˈkai,ˈkazɐ,ˈkai,ˈka.zɐ,ˈkai,ˈka,1,2,1,1,Final,Initial,0,-,0,zɐ,,casa,house,Bandeira2017[366-412],
Angolar,ˈkai,ˈkazɐ,ˈkai,ˈka.zɐ,-,zɐ,1,2,-,2,-,Final,ˈkai,-,ˈka,2,,casa,house,Bandeira2017[366-412],
Angolar,kuˈzja,kuˈziɲɐ,ku.ˈzj.a,ku.ˈzi.ɲɐ,ku,ku,3,3,1,1,Initial,Initial,0,ˈzj,0,ˈzi,,cozinha,kitchen,Bandeira2017[366-412],
Angolar,kuˈzja,kuˈziɲɐ,ku.ˈzj.a,ku.ˈzi.ɲɐ,ˈzj,ˈzi,3,3,2,2,Medial,Medial,ku,a,ku,ɲɐ,,cozinha,kitchen,Bandeira2017[366-412],
Angolar,kuˈzja,kuˈziɲɐ,ku.ˈzj.a,ku.ˈzi.ɲɐ,a,ɲɐ,3,3,3,3,Final,Final,ˈzj,3,ˈzi,3,,cozinha,kitchen,Bandeira2017[366-412],
Angolar,pɔˈθɔ,ˈpovu,pɔ.ˈθɔ,ˈpo.vu,pɔ,ˈpo,2,2,1,1,Initial,Initial,0,ˈθɔ,0,vu,,povo,city,Bandeira2017[366-412],
Angolar,pɔˈθɔ,ˈpovu,pɔ.ˈθɔ,ˈpo.vu,ˈθɔ,vu,2,2,2,2,Final,Final,pɔ,2,ˈpo,2,,povo,city,Bandeira2017[366-412],
Angolar,ˈpɔtɔŋ,puɾˈtɐ̃w,ˈpɔ.tɔŋ,puɾ.ˈtɐ̃w,ˈpɔ,puɾ,2,2,1,1,Initial,Initial,0,tɔŋ,0,ˈtɐ̃w,,portão,gate,Bandeira2017[366-412],
Angolar,ˈpɔtɔŋ,puɾˈtɐ̃w,ˈpɔ.tɔŋ,puɾ.ˈtɐ̃w,tɔŋ,ˈtɐ̃w,2,2,2,2,Final,Final,ˈpɔ,2,puɾ,2,,portão,gate,Bandeira2017[366-412],
Angolar,θɐ̃ˈðalɐ,sẽˈzalɐ,θɐ̃.ˈða.lɐ,sẽ.ˈza.lɐ,θɐ̃,sẽ,3,3,1,1,Initial,Initial,0,ˈða,0,ˈza,,senzala,slave quarters,Bandeira2017[366-412],
,θɐ̃ˈðalɐ,sẽˈzalɐ,θɐ̃.ˈða.lɐ,sẽ.ˈza.lɐ,ˈða,ˈza,3,3,2,2,Medial,Medial,θɐ̃,lɐ,sẽ,lɐ,,senzala,slave quarters,Bandeira2017[366-412],
Angolar,θɐ̃ˈðalɐ,sẽˈzalɐ,θɐ̃.ˈða.lɐ,sẽ.ˈza.lɐ,lɐ,lɐ,3,3,3,3,Final,Final,ˈða,3,ˈza,3,,senzala,slave quarters,Bandeira2017[366-412],
Angolar,ˈθũbu,ˈʃũbu,ˈθũ.bu,ˈʃũ.bu,ˈθũ,ˈʃũ,2,2,1,1,Initial,Initial,0,bu,0,bu,,chumbo,lead,Bandeira2017[366-412],
Angolar,ˈθũbu,ˈʃũbu,ˈθũ.bu,ˈʃũ.bu,bu,bu,2,2,2,2,Final,Final,ˈθũ,2,ˈʃũ,2,,chumbo,lead,Bandeira2017[366-412],
Angolar,fiˈo,ˈfɾiu,fi.ˈo,ˈfɾi.u,fi,ˈfɾi,2,2,1,1,Initial,Initial,0,ˈo,0,u,,frio,cold,Bandeira2017[366-412],
Angolar,fiˈo,ˈfɾiu,fi.ˈo,ˈfɾi.u,ˈo,u,2,2,2,2,Final,Final,fi,2,ˈfɾi,2,,frio,cold,Bandeira2017[366-412],
Angolar,kɐ̃ˈvɔ,kɐɾˈvɐ̃w̃,kɐ̃.ˈvɔ,kɐɾ.ˈvɐ̃w̃,kɐ̃,kɐɾ,2,2,1,1,Initial,Initial,0,ˈvɔ,0,ˈvɐ̃w̃,,carvão,coal,Bandeira2017[366-412],
Angolar,kɐ̃ˈvɔ,kɐɾˈvɐ̃w̃,kɐ̃.ˈvɔ,kɐɾ.ˈvɐ̃w̃,ˈvɔ,ˈvɐ̃w̃,2,2,2,2,Final,Final,kɐ̃,2,kɐɾ,2,,carvão,coal,Bandeira2017[366-412],
Angolar,ˈmbɔsi,ˈnuvɐ̃j,ˈm.bɔ.si,ˈnu.vɐ̃j,ˈm,ˈnu,3,2,1,1,Initial,Initial,0,bɔ,0,vɐ̃j,,nuvem,cloud,Bandeira2017[366-412],
Angolar,ˈmbɔsi,ˈnuvɐ̃j,ˈm.bɔ.si,ˈnu.vɐ̃j,bɔ,vɐ̃j,3,2,2,2,Medial,Final,ˈm,si,ˈnu,-,,nuvem,cloud,Bandeira2017[366-412],
Angolar,ˈmbɔsi,ˈnuvɐ̃j,ˈm.bɔ.si,ˈnu.vɐ̃j,si,-,3,2,3,-,Final,-,bɔ,3,vɐ̃j,-,,nuvem,cloud,Bandeira2017[366-412],
Angolar,niˈɲa,ˈleɲɐ,ni.ˈɲa,ˈle.ɲɐ,ni,ˈle,2,2,1,1,Initial,Initial,0,ˈɲa,0,ɲɐ,,lenha,wood,Bandeira2017[366-412],
Angolar,niˈɲa,ˈleɲɐ,ni.ˈɲa,ˈle.ɲɐ,ˈɲa,ɲɐ,2,2,2,2,Final,Final,ni,2,ˈle,2,,lenha,wood,Bandeira2017[366-412],
Angolar,miˈõgɐ,ˈmaɾ,mi.ˈõ.gɐ,ˈmaɾ,mi,ˈmaɾ,3,1,1,1,Initial,Final,0,ˈõ,0,-,,mar,sea,Bandeira2017[366-412],
Angolar,miˈõgɐ,ˈmaɾ,mi.ˈõ.gɐ,ˈmaɾ,ˈõ,-,3,1,2,-,Medial,-,mi,gɐ,ˈmaɾ,-,,mar,sea,Bandeira2017[366-412],
Angolar,miˈõgɐ,ˈmaɾ,mi.ˈõ.gɐ,ˈmaɾ,gɐ,-,3,1,3,-,Final,-,ˈõ,3,-,-,,mar,sea,Bandeira2017[366-412],
Angolar,ɔ̃ˈpɔ,ˈpɔ,ɔ̃.ˈpɔ,ˈpɔ,ɔ̃,ˈpɔ,2,1,1,1,Initial,Final,0,ˈpɔ,0,-,,pó,powder,Bandeira2017[366-412],
Angolar,ɔ̃ˈpɔ,ˈpɔ,ɔ̃.ˈpɔ,ˈpɔ,ˈpɔ,-,2,1,2,-,Final,-,ɔ̃,2,ˈpɔ,-,,pó,powder,Bandeira2017[366-412],
Angolar,oˈjo,ˈʁiu,o.ˈjo,ˈʁi.u,o,ˈʁi,2,2,1,1,Initial,Initial,0,ˈjo,0,.u,,rio,river,Bandeira2017[366-412],
Angolar,oˈjo,ˈʁiu,o.ˈjo,ˈʁi.u,ˈjo,.u,2,2,2,2,Final,Final,o,2,ˈʁi,2,,rio,river,Bandeira2017[366-412],
Angolar,ɔˈθɛ,ˈsɛw,ɔ.ˈθɛ,ˈsɛw,ɔ,ˈsɛw,2,1,1,1,Initial,Final,0,ˈθɛ,0,-,,céu,sky,Bandeira2017[366-412],
Angolar,ɔˈθɛ,ˈsɛw,ɔ.ˈθɛ,ˈsɛw,ˈθɛ,-,2,1,2,2,Final,Medial,ɔ,2,ˈsɛw,2,,céu,sky,Bandeira2017[366-412],
Angolar,ˈpiku,ˈpiku,ˈpi.ku,ˈpi.ku,ˈpi,ˈpi,2,2,1,1,Initial,Initial,0,ku,0,ku,,pico,peak,Bandeira2017[366-412],
Angolar,ˈpiku,ˈpiku,ˈpi.ku,ˈpi.ku,ku,ku,2,2,2,2,Final,Final,ˈpi,2,ˈpi,2,,pico,peak,Bandeira2017[366-412],
Angolar,laˈvwe,oɾˈvaʎu,la.ˈvw.e,oɾ.ˈva.ʎu,la,oɾ,3,3,1,1,Initial,Initial,0,ˈvw,0,ˈva,,orvalho,dew,Bandeira2017[366-412],
Angolar,laˈvwe,oɾˈvaʎu,la.ˈvw.e,oɾ.ˈva.ʎu,ˈvw,ˈva,3,3,2,2,Medial,Medial,la,e,oɾ,ʎu,,orvalho,dew,Bandeira2017[366-412],
Angolar,laˈvwe,oɾˈvaʎu,la.ˈvw.e,oɾ.ˈva.ʎu,e,ʎu,3,3,3,3,Final,Final,ˈvw,3,ˈva,3,,orvalho,dew,Bandeira2017[366-412],
Angolar,ˈθɔlɔ,ˈsɔl,ˈθɔ.lɔ,ˈsɔl,ˈθɔ,ˈsɔl,2,1,1,1,Initial,Final,0,lɔ,0,-,,sol,sun,Bandeira2017[366-412],
Angolar,ˈθɔlɔ,ˈsɔl,ˈθɔ.lɔ,ˈsɔl,lɔ,-,2,1,2,-,Final,-,ˈθɔ,2,ˈsɔl,-,,sol,sun,Bandeira2017[366-412],
Angolar,teˈtẽbu,ʃ.ˈtɾe.ɫɐ,te.ˈtẽ.bu,ʃ.ˈtɾe.ɫɐ,te,ʃ,3,1,1,1,Initial,Final,0,ˈtẽ,0,ˈtɾe,,estrela,star,Bandeira2017[366-412],
Angolar,teˈtẽbu,ʃ.ˈtɾe.ɫɐ,te.ˈtẽ.bu,ʃ.ˈtɾe.ɫɐ,ˈtẽ,ˈtɾe,3,1,2,2,Medial,Medial,te,bu,ʃ,ɫɐ,,estrela,star,Bandeira2017[366-412],
Angolar,teˈtẽbu,ʃ.ˈtɾe.ɫɐ,te.ˈtẽ.bu,ʃ.ˈtɾe.ɫɐ,bu,ɫɐ,3,1,3,3,Final,Medial,ˈtẽ,3,ˈtɾe,3,,estrela,star,Bandeira2017[366-412],
Angolar,ˈθubɐ,ˈʃuvɐ,ˈθu.bɐ,ˈʃu.vɐ,ˈθu,ˈʃu,2,2,1,1,Initial,Initial,0,bɐ,0,vɐ,,chuva,rain,Bandeira2017[366-412],
Angolar,ˈθubɐ,ˈʃuvɐ,ˈθu.bɐ,ˈʃu.vɐ,bɐ,vɐ,2,2,2,2,Final,Final,ˈθu,2,ˈʃu,2,,chuva,rain,Bandeira2017[366-412],
Angolar,ˈt̠ʃja,ˈteʁɐ,ˈt̠ʃja,ˈte.ʁɐ,ˈt̠ʃja,ˈte,1,2,1,1,Final,Initial,0,-,0,ʁɐ,,terra,earth,Bandeira2017[366-412],
Angolar,ˈt̠ʃja,ˈteʁɐ,ˈt̠ʃja,ˈte.ʁɐ,-,ʁɐ,1,2,-,2,-,Final,ˈt̠ʃja,-,ˈte,2,,terra,earth,Bandeira2017[366-412],
Angolar,toˈvadɐ,tɾuvuˈadɐ,to.ˈva.dɐ,tɾu.vu.ˈa.dɐ,to,tɾu,3,4,1,1,Initial,Initial,0,ˈva,0,vu,,trovoada,thunderstorm,Bandeira2017[366-412],
Angolar,toˈvadɐ,tɾuvuˈadɐ,to.ˈva.dɐ,tɾu.vu.ˈa.dɐ,ˈva,vu,3,4,2,2,Medial,Medial,to,dɐ,tɾu,ˈa,,trovoada,thunderstorm,Bandeira2017[366-412],
Angolar,toˈvadɐ,tɾuvuˈadɐ,to.ˈva.dɐ,tɾu.vu.ˈa.dɐ,dɐ,ˈa,3,4,3,3,Final,Medial,ˈva,-,vu,dɐ,,trovoada,thunderstorm,Bandeira2017[366-412],
Angolar,toˈvadɐ,tɾuvuˈadɐ,to.ˈva.dɐ,tɾu.vu.ˈa.dɐ,-,dɐ,3,4,-,4,-,Final,dɐ,-,ˈa,4,,trovoada,thunderstorm,Bandeira2017[366-412],
Angolar,ˈvɛ̃tu,ˈvẽtu,ˈvɛ̃.tu,ˈvẽ.tu,ˈvɛ̃,ˈvẽ,2,2,1,1,Initial,Initial,0,tu,0,tu,,vento,wind,Bandeira2017[366-412],
Angolar,ˈvɛ̃tu,ˈvẽtu,ˈvɛ̃.tu,ˈvẽ.tu,tu,tu,2,2,2,2,Final,Final,ˈvɛ̃,2,ˈvẽ,2,,vento,wind,Bandeira2017[366-412],
Angolar,aˈle,ʁej,a.ˈle,ʁej,aˈ,-,2,1,1,1,Initial,Final,0,ˈle,0,ʁej,,rei,king,Bandeira2017[366-412],
Angolar,aˈle,ʁej,a.ˈle,ʁej,ˈle,ʁej,2,1,2,-,Final,-,aˈ,2,-,-,,rei,king,Bandeira2017[366-412],
Angolar,doˈtolo,doˈtoɾ,do.ˈto.lo,do.ˈtoɾ,do,do,3,2,1,1,Initial,Initial,0,ˈto,0,ˈtoɾ,,doutor,doctor,Bandeira2017[366-412],
Angolar,doˈtolo,doˈtoɾ,do.ˈto.lo,do.ˈtoɾ,ˈto,ˈtoɾ,3,2,2,2,Medial,Final,do,lo,do,-,,doutor,doctor,Bandeira2017[366-412],
Angolar,doˈtolo,doˈtoɾ,do.ˈto.lo,do.ˈtoɾ,lo,-,3,2,3,3,Final,Medial,ˈto,3,ˈtoɾ,3,,doutor,doctor,Bandeira2017[366-412],
Angolar,kapiˈtelu,kɐɾpĩˈtejɾu,ka.pi.ˈte.lu,kɐɾ.pĩ.ˈtej.ɾu,ka,kɐɾ,4,4,1,1,Initial,Initial,0,pi,0,pĩ,,carpinteiro,carpenter,Bandeira2017[366-412],
Angolar,kapiˈtelu,kɐɾpĩˈtejɾu,ka.pi.ˈte.lu,kɐɾ.pĩ.ˈtej.ɾu,pi,pĩ,4,4,2,2,Medial,Medial,ka,ˈte,kɐɾ,ˈtej,,carpinteiro,carpenter,Bandeira2017[366-412],
Angolar,kapiˈtelu,kɐɾpĩˈtejɾu,ka.pi.ˈte.lu,kɐɾ.pĩ.ˈtej.ɾu,ˈte,ˈtej,4,4,3,3,Medial,Medial,pi,lu,pĩ,ɾu,,carpinteiro,carpenter,Bandeira2017[366-412],
Angolar,kapiˈtelu,kɐɾpĩˈtejɾu,ka.pi.ˈte.lu,kɐɾ.pĩ.ˈtej.ɾu,lu,ɾu,4,4,4,4,Final,Final,ˈte,4,ˈtej,4,,carpinteiro,carpenter,Bandeira2017[366-412],
Angolar,pisikaˈdo,pɨʃkɐˈdoɾ,pi.si.ka.ˈdo,pɨʃ.kɐ.ˈdoɾ,pi,pɨʃ,4,3,1,1,Initial,Initial,0,si.,0,kɐ,,pescador,fisherman,Bandeira2017[366-412],
Angolar,pisikaˈdo,pɨʃkɐˈdoɾ,pi.si.ka.ˈdo,pɨʃ.kɐ.ˈdoɾ,si.,kɐ,4,3,2,2,Medial,Medial,pi,ka,pɨʃ,ˈdoɾ,,pescador,fisherman,Bandeira2017[366-412],
Angolar,pisikaˈdo,pɨʃkɐˈdoɾ,pi.si.ka.ˈdo,pɨʃ.kɐ.ˈdoɾ,ka,ˈdoɾ,4,3,3,3,Medial,Final,si.,ˈdo,kɐ,-,,pescador,fisherman,Bandeira2017[366-412],
Angolar,pisikaˈdo,pɨʃkɐˈdoɾ,pi.si.ka.ˈdo,pɨʃ.kɐ.ˈdoɾ,ˈdo,-,4,3,4,-,Final,-,ka,4,ˈdoɾ,-,,pescador,fisherman,Bandeira2017[366-412],
Angolar,ˈlɛ̃ɲɐ,ʁɐˈiɲɐ,ˈlɛ̃.ɲɐ,ʁɐ.ˈi.ɲɐ,ˈlɛ̃,ʁɐ,2,3,1,1,Initial,Initial,0,-,0,ˈi,,rainha,queen,Bandeira2017[366-412],
Angolar,ˈlɛ̃ɲɐ,ʁɐˈiɲɐ,ˈlɛ̃.ɲɐ,ʁɐ.ˈi.ɲɐ,-,ˈi,2,3,-,2,-,Medial,ˈlɛ̃,ɲɐ,ʁɐ,ɲɐ,,rainha,queen,Bandeira2017[366-412],
Angolar,ˈlɛ̃ɲɐ,ʁɐˈiɲɐ,ˈlɛ̃.ɲɐ,ʁɐ.ˈi.ɲɐ,ɲɐ,ɲɐ,2,3,2,3,Final,Final,-,2,ˈi,3,,rainha,queen,Bandeira2017[366-412],
Angolar,sapaˈtelu,sɐpɐˈtejɾu,sa.pa.ˈte.lu,sɐ.pɐ.ˈtej.ɾu,sa,sɐ,4,4,1,1,Initial,Initial,0,pa,0,pɐ,,sapateiro,shoemaker,Bandeira2017[366-412],
Angolar,sapaˈtelu,sɐpɐˈtejɾu,sa.pa.ˈte.lu,sɐ.pɐ.ˈtej.ɾu,pa,pɐ,4,4,2,2,Medial,Medial,sa,ˈte,sɐ,ˈtej,,sapateiro,shoemaker,Bandeira2017[366-412],
Angolar,sapaˈtelu,sɐpɐˈtejɾu,sa.pa.ˈte.lu,sɐ.pɐ.ˈtej.ɾu,ˈte,ˈtej,4,4,3,3,Medial,Medial,pa,lu,pɐ,ɾu,,sapateiro,shoemaker,Bandeira2017[366-412],
Angolar,sapaˈtelu,sɐpɐˈtejɾu,sa.pa.ˈte.lu,sɐ.pɐ.ˈtej.ɾu,lu,ɾu,4,4,4,4,Final,Final,ˈte,4,ˈtej,4,,sapateiro,shoemaker,Bandeira2017[366-412],
Angolar,θɔˈdɛ,sɔlˈdadu,θɔ.ˈdɛ,sɔl.ˈda.du,θɔ,sɔl,2,3,1,1,Initial,Initial,0,ˈdɛ,0,ˈda,,soldado,soldier,Bandeira2017[366-412],
Angolar,θɔˈdɛ,sɔlˈdadu,θɔ.ˈdɛ,sɔl.ˈda.du,ˈdɛ,ˈda,2,3,2,2,Final,Medial,θɔ,-,sɔl,du,,soldado,soldier,Bandeira2017[366-412],
Angolar,θɔˈdɛ,sɔlˈdadu,θɔ.ˈdɛ,sɔl.ˈda.du,-,du,2,3,-,3,-,Final,ˈdɛ,-,ˈda,3,,soldado,soldier,Bandeira2017[366-412],
Angolar,biˈdɔnɐ,bizɐˈvɔ,bi.ˈdɔ.nɐ,bi.zɐ.ˈvɔ,bi,bi,3,3,1,1,Initial,Initial,0,ˈdɔ,0,zɐ,,bisavó,great-grandmother,Bandeira2017[366-412],
Angolar,biˈdɔnɐ,bizɐˈvɔ,bi.ˈdɔ.nɐ,bi.zɐ.ˈvɔ,ˈdɔ,zɐ,3,3,2,2,Medial,Medial,bi,nɐ,bi,ˈvɔ,,bisavó,great-grandmother,Bandeira2017[366-412],
Angolar,biˈdɔnɐ,bizɐˈvɔ,bi.ˈdɔ.nɐ,bi.zɐ.ˈvɔ,nɐ,ˈvɔ,3,3,3,3,Final,Final,ˈdɔ,3,zɐ,3,,bisavó,great-grandmother,Bandeira2017[366-412],
Angolar,biˈdɔnu,bizɐˈvo,bi.ˈdɔ.nu,bi.zɐ.ˈvo,bi,bi,3,3,1,1,Initial,Initial,0,ˈdɔ,0,zɐ,,bisavô,great-grandfather,Bandeira2017[366-412],
Angolar,biˈdɔnu,bizɐˈvo,bi.ˈdɔ.nu,bi.zɐ.ˈvo,ˈdɔ,zɐ,3,3,2,2,Medial,Medial,bi,nu,bi,ˈvo,,bisavô,great-grandfather,Bandeira2017[366-412],
Angolar,biˈdɔnu,bizɐˈvo,bi.ˈdɔ.nu,bi.zɐ.ˈvo,nu,ˈvo,3,3,3,3,Final,Final,ˈdɔ,3,zɐ,3,,bisavô,great-grandfather,Bandeira2017[366-412],
Angolar,kuˈɲadɐ,kuˈɲadɐ,ku.ˈɲa.dɐ,ku.ˈɲa.dɐ,ku,ku,3,3,1,1,Initial,Initial,0,ˈɲa,0,ˈɲa,,cunhada,sister-in-law,Bandeira2017[366-412],
Angolar,kuˈɲadɐ,kuˈɲadɐ,ku.ˈɲa.dɐ,ku.ˈɲa.dɐ,ˈɲa,ˈɲa,3,3,2,2,Medial,Medial,ku,dɐ,ku,dɐ,,cunhada,sister-in-law,Bandeira2017[366-412],
Angolar,kuˈɲadɐ,kuˈɲadɐ,ku.ˈɲa.dɐ,ku.ˈɲa.dɐ,dɐ,dɐ,3,3,3,3,Final,Final,ˈɲa,3,ˈɲa,3,,cunhada,sister-in-law,Bandeira2017[366-412],
Angolar,kuˈɲadu,kuˈɲadu,ku.ˈɲa.du,ku.ˈɲa.du,ku,ku,3,3,1,1,Initial,Initial,0,ˈɲa,0,ˈɲa,,cunhado,brother-in-law,Bandeira2017[366-412],
Angolar,kuˈɲadu,kuˈɲadu,ku.ˈɲa.du,ku.ˈɲa.du,ˈɲa,ˈɲa,3,3,2,2,Medial,Medial,ku,du,ku,du,,cunhado,brother-in-law,Bandeira2017[366-412],
Angolar,kuˈɲadu,kuˈɲadu,ku.ˈɲa.du,ku.ˈɲa.du,du,du,3,3,3,3,Final,Final,ˈɲa,3,ˈɲa,3,,cunhado,brother-in-law,Bandeira2017[366-412],
Angolar,maˈma,mɐˈmɐ̃j,ma.ˈma,mɐ.ˈmɐ̃j,ma,mɐ,2,2,1,1,Initial,Initial,0,ˈma,0,ˈmɐ̃j,,mamãe,mother,Bandeira2017[366-412],
Angolar,maˈma,mɐˈmɐ̃j,ma.ˈma,mɐ.ˈmɐ̃j,ˈma,ˈmɐ̃j,2,2,2,2,Final,Final,ma,2,mɐ,2,,mamãe,mother,Bandeira2017[366-412],
Angolar,ˈmanɐ,iɾˈmɐ̃,ˈma.nɐ,iɾ.ˈmɐ̃,ˈma,iɾ,2,2,1,1,Initial,Initial,0,nɐ,0,ˈmɐ̃,,irmã,sister,Bandeira2017[366-412],
Angolar,ˈmanɐ,iɾˈmɐ̃,ˈma.nɐ,iɾ.ˈmɐ̃,nɐ,ˈmɐ̃,2,2,2,2,Final,Final,ˈma,2,iɾ,2,,irmã,sister,Bandeira2017[366-412],
Angolar,ˈmanu,iɾˈmɐ̃w,ˈma.nu,iɾ.ˈmɐ̃w,ˈma,iɾ,2,2,1,1,Initial,Initial,0,nu,0,ˈmɐ̃w,,irmão,brother,Bandeira2017[366-412],
Angolar,ˈmanu,iɾˈmɐ̃w,ˈma.nu,iɾ.ˈmɐ̃w,nu,ˈmɐ̃w,2,2,2,2,Final,Final,ˈma,2,iɾ,2,,irmão,brother,Bandeira2017[366-412],
Angolar,ɔˈmɛ,ˈomɐ̃j,ɔ.ˈmɛ,ˈo.mɐ̃j,ɔ,ˈo,2,2,1,1,Initial,Initial,0,ˈmɛ,0,.mɐ̃j,,homem,husband,Bandeira2017[366-412],
Angolar,ɔˈmɛ,ˈomɐ̃j,ɔ.ˈmɛ,ˈo.mɐ̃j,ˈmɛ,.mɐ̃j,2,2,2,2,Final,Final,ɔ,2,ˈo,2,,homem,husband,Bandeira2017[366-412],
Angolar,mẽˈgai,ʃˈpozɐ,mẽ.ˈgai,ʃ.ˈpo.zɐ,,,2,3,,,#N/A,#N/A,0,,0,,,esposa,wife,Bandeira2017[366-412],Not of portuguese origin
Angolar,ˈtata,paj,ˈta.ta,paj,ˈta,paj,2,1,1,1,Initial,Final,0,ta,0,-,,pai,father,Bandeira2017[366-412],
Angolar,ˈtata,paj,ˈta.ta,paj,ta,-,2,1,2,-,Final,-,ˈta,2,paj,-,,pai,father,Bandeira2017[366-412],
Angolar,ˈpimu,ˈpɾimu,ˈpi.mu,ˈpɾi.mu,ˈpi,ˈpɾi,2,2,1,1,Initial,Initial,0,mu,0,mu,,primo,cousin,Bandeira2017[366-412],
Angolar,ˈpimu,ˈpɾimu,ˈpi.mu,ˈpɾi.mu,mu,mu,2,2,2,2,Final,Final,ˈpi,2,ˈpɾi,2,,primo,cousin,Bandeira2017[366-412],
Angolar,ˈt̠ʃio,ˈtʃiu,ˈt̠ʃi.o,ˈtʃi.u,ˈt̠ʃi,ˈtʃi,2,2,1,1,Initial,Initial,0,o,0,u,,tio,uncle,Bandeira2017[366-412],
Angolar,ˈt̠ʃio,ˈtʃiu,ˈt̠ʃi.o,ˈtʃi.u,o,u,2,2,2,2,Final,Final,ˈt̠ʃi,2,ˈtʃi,2,,tio,uncle,Bandeira2017[366-412],
Angolar,ˈvjuvɐ,viˈuvɐ,ˈvju.vɐ,vi.ˈu.vɐ,ˈvju,vi,2,3,1,1,Initial,Initial,0,-,0,ˈu,,viúva,widow,Bandeira2017[366-412],
Angolar,ˈvjuvɐ,viˈuvɐ,ˈvju.vɐ,vi.ˈu.vɐ,-,ˈu,2,3,-,2,-,Medial,ˈvju,vɐ,vi,vɐ,,viúva,widow,Bandeira2017[366-412],
Angolar,ˈvjuvɐ,viˈuvɐ,ˈvju.vɐ,vi.ˈu.vɐ,vɐ,vɐ,2,3,2,3,Final,Final,-,2,ˈu,3,,viúva,widow,Bandeira2017[366-412],
Angolar,aˈmi,ˈew,a.ˈmi,ˈew,,,2,1,,,#N/A,#N/A,0,,0,,,eu,I,Bandeira2017[366-412],Not of Portuguese origin
Angolar,ˈele,ˈeli,ˈe.le,ˈe.li,ˈe,ˈe,2,2,1,1,Initial,Initial,0,le,0,li,,ele,he/she,Bandeira2017[366-412],
Angolar,ˈele,ˈeli,ˈe.le,ˈe.li,le,li,2,2,2,2,Final,Final,ˈe,2,ˈe,2,,ele,he/she,Bandeira2017[366-412],
Angolar,ˈɛnɛ,ˈeɫɨʃ,ˈɛ.nɛ,ˈe.ɫɨʃ,ˈɛ,ˈe,2,2,1,1,Initial,Initial,0,nɛ,0,ɫɨʃ,,eles,they,Bandeira2017[366-412],
Angolar,ˈɛnɛ,ˈeɫɨʃ,ˈɛ.nɛ,ˈe.ɫɨʃ,nɛ,ɫɨʃ,2,2,2,2,Final,Final,ˈɛ,2,ˈe,2,,eles,they,Bandeira2017[366-412],
Angolar,ˈku,kõ,ˈku,kõ,ˈku,kõ,1,1,1,1,Final,Final,0,1,0,1,,com,with,Bandeira2017[366-412],
Angolar,ˈθɛpɛ,ˈsẽpɾɨ,ˈθɛ.pɛ,ˈsẽ.pɾɨ,ˈθɛ,ˈsẽ,2,2,1,1,Initial,Initial,0,pɛ,0,pɾɨ,,sempre,always,Bandeira2017[366-412],
Angolar,ˈθɛpɛ,ˈsẽpɾɨ,ˈθɛ.pɛ,ˈsẽ.pɾɨ,pɛ,pɾɨ,2,2,2,2,Final,Final,ˈθɛ,2,ˈsẽ,2,,sempre,always,,
Angolar,ˈθũ,sɨˈɲoɾ,ˈθũ,sɨˈ.ɲoɾ,ˈθũ,sɨˈ,1,2,1,1,Final,Initial,0,-,0,ɲoɾ,,senhor,lord,Bandeira2017[366-412],
Angolar,ˈθũ,sɨˈɲoɾ,ˈθũ,sɨˈ.ɲoɾ,-,ɲoɾ,1,2,-,2,-,Final,ˈθũ,-,sɨˈ,2,,senhor,lord,Bandeira2017[366-412],
Angolar,ˈdodo,ˈdojdu,ˈdo.do,ˈdoj.du,ˈdo,ˈdoj,2,2,1,1,Initial,Initial,0,do,0,du,,doido,crazy,Bandeira2017[366-412],
,ˈdodo,ˈdojdu,ˈdo.do,ˈdoj.du,do,du,2,2,2,2,Final,Final,ˈdo,2,ˈdoj,2,,doido,crazy,Bandeira2017[366-412],
Angolar,ˈfwe,feju,ˈfwe,fej.u,ˈfwe,fej,1,2,1,1,Final,Initial,0,-,0,u,,feio,ugly,Bandeira2017[366-412],
Angolar,ˈfwe,feju,ˈfwe,fej.u,-,u,1,2,-,2,-,Final,ˈfwe,-,fej,2,,feio,ugly,Bandeira2017[366-412],
Angolar,ˈfa:ku,ˈfɾaku,ˈfa:.ku,ˈfɾa.ku,ˈfa:,ˈfɾa,2,2,1,1,Initial,Initial,0,ku,0,ku,,fraco,weak,Bandeira2017[366-412],
Angolar,ˈfa:ku,ˈfɾaku,ˈfa:.ku,ˈfɾa.ku,ku,ku,2,2,2,2,Final,Final,ˈfa:,2,ˈfɾa,2,,fraco,weak,Bandeira2017[366-412],
Angolar,ˈfũdu,ˈfũdu,ˈfũ.du,ˈfũ.du,ˈfũ,ˈfũ,2,2,1,1,Initial,Initial,0,du,0,du,,fundo,bottom,Bandeira2017[366-412],
Angolar,ˈfũdu,ˈfũdu,ˈfũ.du,ˈfũ.du,du,du,2,2,2,2,Final,Final,ˈfũ,2,ˈfũ,2,,fundo,bottom,Bandeira2017[366-412],
Angolar,ˈgagu,ˈgagu,ˈga.gu,ˈga.gu,ˈga,ˈga,2,2,1,1,Initial,Initial,0,gu,0,gu,,gago,stutterer,Bandeira2017[366-412],
Angolar,ˈgagu,ˈgagu,ˈga.gu,ˈga.gu,gu,gu,2,2,2,2,Final,Final,ˈga,2,ˈga,2,,gago,stutterer,Bandeira2017[366-412],
Angolar,ˈgodo,ˈɡoɾdu,ˈgo.do,ˈɡoɾ.du,ˈgo,ˈɡoɾ,2,2,1,1,Initial,Initial,0,do,0,ˈdu,,gordo,fat,Bandeira2017[366-412],
Angolar,ˈgodo,ˈɡoɾdu,ˈgo.do,ˈɡoɾ.du,do,ˈdu,2,2,2,2,Final,Final,ˈgo,2,ˈɡoɾ,2,,gordo,fat,Bandeira2017[366-412],
Angolar,ˈgwali,iˈgwaɫ,ˈgwa.li,i.ˈgwaɫ,ˈgwa,i,2,2,1,1,Initial,Initial,0,li,0,ˈgwaɫ,,igual,equal,Bandeira2017[366-412],
Angolar,ˈgwali,iˈgwaɫ,ˈgwa.li,i.ˈgwaɫ,li,ˈgwaɫ,2,2,2,2,Final,Final,ˈgwa,2,i,2,,igual,equal,Bandeira2017[366-412],
Angolar,kaˈĩ,ɐvɐˈɾẽtu,ka.ˈĩ,ɐ.vɐ.ˈɾẽ.tu,ka,ɐ,2,4,1,1,Initial,Initial,0,ˈĩ,0,vɐ,,avarento,miser,Bandeira2017[366-412],
Angolar,kaˈĩ,ɐvɐˈɾẽtu,ka.ˈĩ,ɐ.vɐ.ˈɾẽ.tu,ˈĩ,vɐ,2,4,2,2,Final,Medial,ka,-,ɐ,ˈɾẽ,,avarento,miser,Bandeira2017[366-412],
Angolar,kaˈĩ,ɐvɐˈɾẽtu,ka.ˈĩ,ɐ.vɐ.ˈɾẽ.tu,-,ˈɾẽ,2,4,-,3,-,Medial,ˈĩ,-,vɐ,tu,,avarento,miser,Bandeira2017[366-412],
Angolar,kaˈĩ,ɐvɐˈɾẽtu,ka.ˈĩ,ɐ.vɐ.ˈɾẽ.tu,-,tu,2,4,-,4,-,Final,-,-,ˈɾẽ,4,,avarento,miser,Bandeira2017[366-412],
Angolar,kuˈpadu,kulˈpadu,ku.ˈpa.du,kul.ˈpa.du,ku,kul,3,3,1,1,Initial,Initial,0,ˈpa,0,ˈpa,,culpado,guilty,Bandeira2017[366-412],
Angolar,kuˈpadu,kulˈpadu,ku.ˈpa.du,kulˈpadu,ˈpa,ˈpa,3,1,2,2,Medial,Medial,ku,du,kul,du,,culpado,guilty,Bandeira2017[366-412],
Angolar,kuˈpadu,kulˈpadu,ku.ˈpa.du,kulˈpadu,du,du,3,1,3,3,Final,Medial,ˈpa,3,ˈpa,3,,culpado,guilty,Bandeira2017[366-412],
Angolar,ˈkutu,ˈkuɾtu,ˈku.tu,ˈkuɾ.tu,ˈku,ˈkuɾ,2,2,1,1,Initial,Initial,0,tu,0,tu,,curto,short,Bandeira2017[366-412],
Angolar,ˈkutu,ˈkuɾtu,ˈku.tu,ˈkuɾ.tu,tu,tu,2,2,2,2,Final,Final,ˈku,2,ˈkuɾ,2,,curto,short,Bandeira2017[366-412],
Angolar,kuˈlu,ˈkɾu,ku.ˈlu,ˈkɾu,ku,ˈkɾu,2,1,1,1,Initial,Final,0,ˈlu,0,-,,cru,raw,Bandeira2017[366-412],
Angolar,kuˈlu,ˈkɾu,ku.ˈlu,ˈkɾu,ˈlu,-,2,1,2,-,Final,-,ku,2,ˈkɾu,-,,cru,raw,Bandeira2017[366-412],
Angolar,ˈfɛku,ˈfɾeʃku,ˈfɛ.ku,ˈfɾeʃ.ku,ˈfɛ,ˈfɾeʃ,2,2,1,1,Initial,Initial,0,ku,0,ku,,fresco,fresh,Bandeira2017[366-412],
Angolar,ˈfɛku,ˈfɾeʃku,ˈfɛ.ku,ˈfɾeʃ.ku,ku,ku,2,2,2,2,Final,Final,ˈfɛ,2,ˈfɾeʃ,2,,fresco,fresh,Bandeira2017[366-412],
Angolar,sisiˈma,ʃˈkuɾu,si.si.ˈma,ʃ.ˈku.ɾu,si,ʃ,3,3,1,1,Initial,Initial,0,si,0,ˈku,,escuro,dark,Bandeira2017[366-412],
Angolar,sisiˈma,ʃˈkuɾu,si.si.ˈma,ʃ.ˈku.ɾu,si,ˈku,3,3,2,2,Medial,Medial,si,ˈma,ʃ,ɾu,,escuro,dark,Bandeira2017[366-412],
Angolar,sisiˈma,ʃˈkuɾu,si.si.ˈma,ʃ.ˈku.ɾu,ˈma,ɾu,3,3,3,3,Final,Final,si,3,ˈku,3,,escuro,dark,Bandeira2017[366-412],
Angolar,ˈmɐ̃gu,ˈmagɾu,ˈmɐ̃.gu,ˈma.gɾu,ˈmɐ̃,ˈma,2,2,1,1,Initial,Initial,0,gu,0,gɾu,,magro,thin,Bandeira2017[366-412],
Angolar,ˈmɐ̃gu,ˈmagɾu,ˈmɐ̃.gu,ˈma.gɾu,gu,gɾu,2,2,2,2,Final,Final,ˈmɐ̃,2,ˈma,2,,magro,thin,Bandeira2017[366-412],
Angolar,ˈmɐ̃θu,ˈmɐ̃su,ˈmɐ̃.θu,ˈmɐ̃.su,ˈmɐ̃,ˈmɐ̃,2,2,1,1,Initial,Initial,0,θu,0,su,,manso,meek,Bandeira2017[366-412],
Angolar,ˈmɐ̃θu,ˈmɐ̃su,ˈmɐ̃.θu,ˈmɐ̃.su,θu,su,2,2,2,2,Final,Final,ˈmɐ̃,2,ˈmɐ̃,2,,manso,meek,Bandeira2017[366-412],
Angolar,ˈθɛgu,ˈsɛɡu,ˈθɛ.gu,ˈsɛ.ɡu,ˈθɛ,sɛ,2,2,1,1,Initial,Initial,0,ˈgu,0,ɡu,,cego,blind,Bandeira2017[366-412],
Angolar,ˈθɛgu,ˈsɛɡu,ˈθɛ.gu,sɛ.ɡu,ˈgu,ɡu,2,1,2,2,Final,Medial,ˈθɛ,2,sɛ,2,,cego,blind,Bandeira2017[366-412],
Angolar,ˈsimi,siuˈmẽtu,ˈsi.mi,si.u.ˈmẽ.tu,ˈsi,si,2,4,1,1,Initial,Initial,0,mi,0,u,,ciumento,jealous,Bandeira2017[366-412],
Angolar,ˈsimi,siuˈmẽtu,ˈsi.mi,si.u.ˈmẽ.tu,mi,u,2,4,2,2,Final,Medial,ˈsi,-,si,ˈmẽ,,ciumento,jealous,Bandeira2017[366-412],
Angolar,ˈsimi,siuˈmẽtu,ˈsi.mi,si.u.ˈmẽ.tu,-,ˈmẽ,2,4,-,3,-,Medial,mi,-,u,tu,,ciumento,jealous,Bandeira2017[366-412],
Angolar,ˈsimi,siuˈmẽtu,ˈsi.mi,si.u.ˈmẽ.tu,-,tu,2,4,-,4,-,Final,-,-,ˈmẽ,4,,ciumento,jealous,Bandeira2017[366-412],
Angolar,θuˈpɛtu,ʃˈpeɾtu,θu.ˈpɛ.tu,ʃ.ˈpeɾ.tu,θu,ʃ,3,3,1,1,Initial,Initial,0,ˈpɛ,0,ˈpeɾ,,esperto,clever,Bandeira2017[366-412],
Angolar,θuˈpɛtu,ʃˈpeɾtu,θu.ˈpɛ.tu,ʃ.ˈpeɾ.tu,ˈpɛ,ˈpeɾ,3,3,2,2,Medial,Medial,θu,tu,ʃ,tu,,esperto,clever,Bandeira2017[366-412],
Angolar,θuˈpɛtu,ʃˈpeɾtu,θu.ˈpɛ.tu,ʃ.ˈpeɾ.tu,tu,tu,3,3,3,3,Final,Final,ˈpɛ,3,ˈpeɾ,3,,esperto,clever,Bandeira2017[366-412],
Angolar,ˈvɛ,ˈveʎu,ˈvɛ,ˈve.ʎu,ˈvɛ,ˈve,1,2,1,1,Final,Initial,0,-,0,ʎu,,velho,old,Bandeira2017[366-412],
Angolar,ˈvɛ,ˈveʎu,ˈvɛ,ˈve.ʎu,-,ʎu,1,2,-,2,-,Final,ˈvɛ,-,ˈve,2,,velho,old,Bandeira2017[366-412],
Angolar,ˈðɛdu,ɐˈzedu,ˈðɛ.du,ɐ.ˈze.du,ˈðɛ,ɐ,2,3,1,1,Initial,Initial,0,du,0,ˈze,,azedo,sour,Bandeira2017[366-412],
Angolar,ˈðɛdu,ɐˈzedu,ˈðɛ.du,ɐ.ˈze.du,du,ˈze,2,3,2,2,Final,Medial,ˈðɛ,-,ɐ,du,,azedo,sour,Bandeira2017[366-412],
Angolar,ˈðɛdu,ɐˈzedu,ˈðɛ.du,ɐ.ˈze.du,-,du,2,3,3,3,Medial,Final,du,3,ˈze,3,,azedo,sour,Bandeira2017[366-412],
Angolar,ˈðudɐ,pɨˈsoɐ,ˈðu.dɐ,pɨ.ˈso.ɐ,ˈðu,pɨ,2,3,1,1,Initial,Initial,0,dɐ,0,ˈso,,pessoa,person,Bandeira2017[366-412],
Angolar,ˈðudɐ,pɨˈsoɐ,ˈðu.dɐ,pɨ.ˈso.ɐ,dɐ,ˈso,2,3,2,2,Final,Medial,ˈðu,-,pɨ,ɐ,,pessoa,person,Bandeira2017[366-412],
Angolar,ˈðudɐ,pɨˈsoɐ,ˈðu.dɐ,pɨ.ˈso.ɐ,-,ɐ,2,3,-,3,-,Final,dɐ,-,ˈso,3,,pessoa,person,Bandeira2017[366-412],
Angolar,ˈdosu,ˈdojʃ,ˈdo.su,ˈdojʃ,ˈdo,ˈdojʃ,2,1,1,1,Initial,Final,0,su,0,-,,dois,two,Bandeira2017[366-412],
Angolar,ˈdosu,ˈdojʃ,ˈdo.su,ˈdojʃ,su,-,2,1,2,-,Final,-,ˈdo,2,ˈdojʃ,-,,dois,two,Bandeira2017[366-412],
Angolar,ˈkwanɐ,ˈkwatɾu,ˈkwa.nɐ,ˈkwa.tɾu,ˈkwa,ˈkwa,2,2,1,1,Initial,Initial,0,nɐ,0,tɾu,,quatro,four,Bandeira2017[366-412],
Angolar,ˈkwanɐ,ˈkwatɾu,ˈkwa.nɐ,ˈkwa.tɾu,nɐ,tɾu,2,2,2,2,Final,Final,ˈkwa,2,ˈkwa,2,,quatro,four,Bandeira2017[366-412],
Angolar,ˈlitu,ˈlitɾu,ˈli.tu,ˈli.tɾu,ˈli,ˈli,2,2,1,1,Initial,Initial,0,tu,0,tɾu,,litro,litre,Bandeira2017[366-412],
Angolar,ˈlitu,ˈlitɾu,ˈli.tu,ˈli.tɾu,tu,tɾu,2,2,2,2,Final,Final,ˈli,2,ˈli,2,,litro,litre,Bandeira2017[366-412],
Angolar,ˈmɛ,meˈtadʒi,ˈmɛ,me.ˈta.dʒi,ˈmɛ,me,1,3,1,1,Final,Initial,0,-,0,ˈta,,metade,half,Bandeira2017[366-412],
Angolar,ˈmɛ,meˈtadʒi,ˈmɛ,me.ˈta.dʒi,-,ˈta,1,3,-,2,-,Medial,ˈmɛ,-,me,dʒi,,metade,half,Bandeira2017[366-412],
Angolar,ˈmɛ,meˈtadʒi,ˈmɛ,me.ˈta.dʒi,-,dʒi,1,3,-,3,-,Final,-,-,ˈta,3,,metade,half,Bandeira2017[366-412],
Angolar,ˈuvwɐ,ˈnovɨ,ˈu.vwɐ,ˈno.vɨ,,,2,2,,,#N/A,#N/A,0,,0,,,nove,nine,Bandeira2017[366-412],Not of portuguese origin
Angolar,pũˈbelu,pɾiˈmɐjɾu,pũ.ˈbe.lu,pɾi.ˈmɐj.ɾu,pũ,pɾi,3,3,1,1,Initial,Initial,0,ˈbe,0,ˈmɐj,,primeiro,first,Bandeira2017[366-412],
Angolar,pũˈbelu,pɾiˈmɐjɾu,pũ.ˈbe.lu,pɾi.ˈmɐj.ɾu,ˈbe,ˈmɐj,3,3,2,2,Medial,Medial,pũ,lu,pɾi,ɾu,,primeiro,first,Bandeira2017[366-412],
Angolar,pũˈbelu,pɾiˈmɐjɾu,pũ.ˈbe.lu,pɾi.ˈmɐj.ɾu,lu,ɾu,3,3,3,3,Final,Final,ˈbe,3,ˈmɐj,3,,primeiro,first,Bandeira2017[366-412],
Angolar,ˈθamanu,ˈsejʃ,ˈθa.ma.nu,ˈse.jʃ,ˈθa,ˈse,3,2,1,1,Initial,Initial,0,ma,0,jʃ,,seis,six,Bandeira2017[366-412],
Angolar,ˈθamanu,ˈsejʃ,ˈθa.ma.nu,ˈse.jʃ,ma,jʃ,3,2,2,2,Medial,Final,ˈθa,nu,ˈse,-,,seis,six,Bandeira2017[366-412],
Angolar,ˈθamanu,ˈsejʃ,ˈθa.ma.nu,ˈse.jʃ,nu,-,3,2,3,-,Final,-,ma,3,jʃ,-,,seis,six,Bandeira2017[366-412],
Angolar,ˈθabadi,ˈsɛtɨ,ˈθa.ba.di,ˈse.tɨ,ˈθa,ˈse,3,2,1,1,Initial,Initial,0,ba,0,tɨ,,sete,seven,Bandeira2017[366-412],
Angolar,ˈθabadi,ˈsɛtɨ,ˈθa.ba.di,ˈse.tɨ,ba,tɨ,3,2,2,2,Medial,Final,ˈθa,di,ˈse,-,,sete,seven,Bandeira2017[366-412],
Angolar,ˈθabadi,ˈsɛtɨ,ˈθa.ba.di,ˈse.tɨ,di,-,3,2,3,-,Final,-,ba,3,tɨ,-,,sete,seven,Bandeira2017[366-412],
Angolar,ˈtelu,ĩˈtejɾu,ˈte.lu,ĩ.ˈtej.ɾu,ˈte,ĩ,2,3,1,1,Initial,Initial,0,lu,0,ˈtej,,inteiro,entire,Bandeira2017[366-412],
Angolar,ˈtelu,ĩˈtejɾu,ˈte.lu,ĩ.ˈte.jɾu,lu,ˈtej,2,3,2,2,Final,Medial,ˈte,-,ĩ,ɾu,,inteiro,entire,Bandeira2017[366-412],
Angolar,ˈtelu,ĩˈtejɾu,ˈte.lu,ĩ.ˈte.jɾu,-,ɾu,2,3,-,3,-,Final,lu,-,ˈtej,3,,inteiro,entire,Bandeira2017[366-412],
Angolar,ˈũa,ˈumɐ,ˈũa,ˈu.mɐ,ˈũa,ˈu,1,2,1,1,Final,Initial,0,-,0,mɐ,,uma,one,Bandeira2017[366-412],
Angolar,ˈũa,ˈumɐ,ˈũa,ˈu.mɐ,-,mɐ,1,2,-,2,-,Final,ˈũa,-,ˈu,2,,uma,one,Bandeira2017[366-412],
Angolar,ˈnake,ˈojtu,ˈna.ke,ˈoj.tu,ˈna,ˈoj,2,2,1,1,Initial,Initial,0,ke,0,tu,,oito,eight,Bandeira2017[366-412],
Angolar,ˈnake,ˈojtu,ˈna.ke,ˈoj.tu,ke,tu,2,2,2,2,Final,Final,ˈna,2,ˈoj,2,,oito,eight,Bandeira2017[366-412],
Angolar,aˈbi,aˈbɾiw,a.ˈbi,a.ˈbɾiw,a,a,2,2,1,1,Initial,Initial,0,ˈbi,0,ˈbɾiw,,abril,April,Bandeira2017[366-412],
Angolar,aˈbi,aˈbɾiw,a.ˈbi,a.ˈbɾiw,ˈbi,ˈbɾiw,2,2,2,2,Final,Final,a,2,a,2,,abril,April,Bandeira2017[366-412],
Angolar,aˈgoso,aˈɡɔʃtu,a.ˈgo.so,a.ˈɡɔʃ.tu,a,a,3,3,1,1,Initial,Initial,0,ˈgo,0,ɡɔʃ,,agosto,August,Bandeira2017[366-412],
Angolar,aˈgoso,aˈɡɔʃtu,a.ˈgo.so,a.ˈɡɔʃ.tu,ˈgo,ɡɔʃ,3,3,2,2,Medial,Medial,a,so,a,tu,,agosto,August,Bandeira2017[366-412],
Angolar,aˈgoso,aˈɡɔʃtu,a.ˈgo.so,a.ˈɡɔʃ.tu,so,tu,3,3,3,3,Final,Final,ˈgo,3,ɡɔʃ,3,,agosto,August,Bandeira2017[366-412],
Angolar,mũˈgu,ɐmɐˈɲɐ̃,mũ.ˈgu,ɐ.mɐ.ˈɲɐ̃,mũ,ɐ,2,3,1,1,Initial,Initial,0,ˈgu,0,mɐ,,amanhã,tomorrow,Bandeira2017[366-412],
Angolar,mũˈgu,ɐmɐˈɲɐ̃,mũ.ˈgu,ɐ.mɐ.ˈɲɐ̃,ˈgu,mɐ,2,3,2,2,Final,Medial,mũ,-,ɐ,ˈɲɐ̃,,amanhã,tomorrow,Bandeira2017[366-412],
Angolar,mũˈgu,ɐmɐˈɲɐ̃,mũ.ˈgu,ɐ.mɐ.ˈɲɐ̃,-,ˈɲɐ̃,2,3,-,3,-,Final,ˈgu,-,mɐ,3,,amanhã,tomorrow,Bandeira2017[366-412],
Angolar,maˈðoiˈna,ɐ̃tiˈõtɐ̃j,ma.ˈðoi.ˈna,ɐ̃.ti.ˈõ.tɐ̃j,,,3,4,,,#N/A,#N/A,0,,0,,,anteontem,the day before yesterday,Bandeira2017[366-412],Not of portuguese origin
Angolar,deˈðẽbu,dɘˈzẽbɾu,de.ˈðẽ.bu,dɘ.ˈzẽ.bɾu,de,dɘ,3,3,1,1,Initial,Initial,0,ˈðẽ,0,ˈzẽ,,dezembro,December,Bandeira2017[366-412],
Angolar,deˈðẽbu,dɘˈzẽbɾu,de.ˈðẽ.bu,dɘ.ˈzẽ.bɾu,ˈðẽ,ˈzẽ,3,3,2,2,Medial,Medial,de,bu,dɘ,bɾu,,dezembro,December,Bandeira2017[366-412],
Angolar,deˈðẽbu,dɘˈzẽbɾu,de.ˈðẽ.bu,dɘ.ˈzẽ.bɾu,bu,bɾu,3,3,3,3,Final,Final,ˈðẽ,3,ˈzẽ,3,,dezembro,December,Bandeira2017[366-412],
Angolar,ˈdja,ˈdiɐ,ˈdj.a,ˈdi.ɐ,ˈdj,ˈdi,2,2,1,1,Initial,Initial,0,a,0,ɐ,,dia,day,Bandeira2017[366-412],
Angolar,ˈdja,ˈdiɐ,ˈdj.a,ˈdi.ɐ,a,ɐ,2,2,2,2,Final,Final,ˈdj,2,ˈdi,2,,dia,day,Bandeira2017[366-412],
Angolar,djaˈdĩgu,duˈmĩgu,dja.ˈdĩ.gu,du.ˈmĩ.gu,dja,du,3,3,1,1,Initial,Initial,0,ˈdĩ,0,ˈmĩ,,domingo,sunday,Bandeira2017[366-412],
Angolar,djaˈdĩgu,duˈmĩgu,dja.ˈdĩ.gu,du.ˈmĩ.gu,ˈdĩ,ˈmĩ,3,3,2,2,Medial,Medial,dja,gu,du,gu,,domingo,sunday,Bandeira2017[366-412],
Angolar,djaˈdĩgu,duˈmĩgu,dja.ˈdĩ.gu,du.ˈmĩ.gu,gu,gu,3,3,3,3,Final,Final,ˈdĩ,3,ˈmĩ,3,,domingo,sunday,Bandeira2017[366-412],
Angolar,feveˈlelu,fɨvɨˈɾejɾu,fe.ve.ˈle.lu,fɨ.vɨ.ˈɾej.ɾu,fe,fɨ,4,4,1,1,Initial,Initial,0,ve,0,vɨ,,fevereiro,February,Bandeira2017[366-412],
Angolar,feveˈlelu,fɨvɨˈɾejɾu,fe.ve.ˈle.lu,fɨ.vɨ.ˈɾej.ɾu,ve,vɨ,4,4,2,2,Medial,Medial,fe,ˈle,fɨ,ˈɾej,,fevereiro,February,Bandeira2017[366-412],
Angolar,feveˈlelu,fɨvɨˈɾejɾu,fe.ve.ˈle.lu,fɨ.vɨ.ˈɾej.ɾu,ˈle,ˈɾej,4,4,3,3,Medial,Medial,ve,.lu,vɨ,ɾu,,fevereiro,February,Bandeira2017[366-412],
Angolar,feveˈlelu,fɨvɨˈɾejɾu,fe.ve.ˈle.lu,fɨ.vɨ.ˈɾej.ɾu,.lu,ɾu,4,4,4,4,Final,Final,ˈle,4,ˈɾej,4,,fevereiro,February,Bandeira2017[366-412],
Angolar,ˈθabadu,ˈsabɐdu,ˈθa.ba.du,ˈsa.bɐ.du,du,ˈsa,3,3,1,1,Initial,Initial,0,ba,0,bɐ,,sábado,saturday,Bandeira2017[366-412],
Angolar,ˈθabadu,ˈsabɐdu,ˈθa.ba.du,ˈsa.bɐ.du,ba,bɐ,3,3,2,2,Medial,Medial,du,du,ˈsa,du,,domingo,saturday,Bandeira2017[366-412],
Angolar,ˈθabadu,ˈsabɐdu,ˈθa.ba.du,ˈsa.bɐ.du,du,du,3,3,3,3,Final,Final,ba,3,bɐ,3,,segunda-feira,saturday,Bandeira2017[366-412],
Angolar,ˈθɛdu,ˈsedu,ˈθɛ.du,ˈse.du,ˈθɛ,ˈse,2,2,1,1,Initial,Initial,0,du,0,du,,cedo,early,Bandeira2017[366-412],
Angolar,ˈθɛdu,ˈsedu,ˈθɛ.du,ˈse.du,du,du,2,2,2,2,Final,Final,ˈθɛ,2,ˈse,2,,cedo,early,Bandeira2017[366-412],
Angolar,θɛˈtɛ̃bu,sɨˈtẽbɾu,θɛ.ˈtɛ̃.bu,sɨ.ˈtẽ.bɾu,θɛ,sɨ,3,3,1,1,Initial,Initial,0,ˈtɛ̃,0,ˈtẽ,,setembro,September,Bandeira2017[366-412],
Angolar,θɛˈtɛ̃bu,sɨˈtẽbɾu,θɛ.ˈtɛ̃.bu,sɨ.ˈtẽ.bɾu,ˈtɛ̃,ˈtẽ,3,3,2,2,Medial,Medial,θɛ,bu,sɨ,bɾu,,outubro,September,Bandeira2017[366-412],
Angolar,θɛˈtɛ̃bu,sɨˈtẽbɾu,θɛ.ˈtɛ̃.bu,sɨ.ˈtẽ.bɾu,bu,bɾu,3,3,3,3,Final,Final,ˈtɛ̃,3,ˈtẽ,3,,novembro,September,Bandeira2017[366-412],
Angolar,ðaˈnelu,ʒɐˈnejɾu,ða.ˈne.lu,ʒɐ.ˈnej.ɾu,ða,ʒɐ,3,3,1,1,Initial,Initial,0,ˈne,0,ˈnej,,janeiro,January,Bandeira2017[366-412],
Angolar,ðaˈnelu,ʒɐˈnejɾu,ða.ˈne.lu,ʒɐ.ˈnej.ɾu,ˈne,ˈnej,3,3,2,2,Medial,Medial,ða,lu,ʒɐ,ɾu,,fevereiro,January,Bandeira2017[366-412],
Angolar,ðaˈnelu,ʒɐˈnejɾu,ða.ˈne.lu,ʒɐ.ˈnej.ɾu,lu,ɾu,3,3,3,3,Final,Final,ˈne,3,ˈnej,3,,março,January,Bandeira2017[366-412],
Angolar,ˈðulu,ˈʒuʎu,ˈðu.lu,ˈʒu.ʎu,ˈðu,ˈʒu,2,2,1,1,Initial,Initial,0,lu,0,ʎu,,julho,July,Bandeira2017[366-412],
Angolar,ˈðulu,ˈʒuʎu,ˈðu.lu,ˈʒu.ʎu,lu,ʎu,2,2,2,2,Final,Final,ˈðu,2,ˈʒu,2,,agosto,July,Bandeira2017[366-412],
Angolar,ˈðũɲu,ˈʒuɲu,ˈðũ.ɲu,ˈʒu.ɲu,ˈðũ,ˈʒu,2,2,1,1,Initial,Initial,0,ɲu,0,ɲu,,junho,June,Bandeira2017[366-412],
Angolar,ˈðũɲu,ˈʒuɲu,ˈðũ.ɲu,ˈʒu.ɲu,ɲu,ɲu,2,2,2,2,Final,Final,ˈðũ,2,ˈʒu,2,,julho,June,Bandeira2017[366-412],
Angolar,ˈalimɐ,ˈaɫmɐ,ˈa.li.mɐ,ˈaɫ.mɐ,ˈa,ˈaɫ,3,2,1,1,Initial,Initial,0,li,0,mɐ,,alma,soul,Bandeira2017[366-412],
Angolar,ˈalimɐ,ˈaɫmɐ,ˈa.li.mɐ,ˈaɫ.mɐ,li,mɐ,3,2,2,2,Medial,Final,ˈa,mɐ,ˈaɫ,-,,alma,soul,Bandeira2017[366-412],
Angolar,ˈalimɐ,ˈaɫmɐ,ˈa.li.mɐ,ˈaɫ.mɐ,mɐ,-,3,2,3,-,Final,-,li,3,mɐ,-,,alma,soul,Bandeira2017[366-412],
Angolar,aˈtali,aɫˈtaɾ,a.ˈta.li,aɫ.ˈtaɾ,a,aɫ,3,2,1,1,Initial,Initial,0,ˈta,0,ˈtaɾ,,altar,Altar,Bandeira2017[366-412],
Angolar,aˈtali,aɫˈtaɾ,a.ˈta.li,aɫ.ˈtaɾ,ˈta,ˈtaɾ,3,2,2,2,Medial,Final,a,li,aɫ,-,,altar,Altar,Bandeira2017[366-412],
Angolar,aˈtali,aɫˈtaɾ,a.ˈta.li,aɫ.ˈtaɾ,li,-,3,2,3,-,Final,-,ˈta,3,ˈtaɾ,-,,altar,Altar,Bandeira2017[366-412],
Angolar,ˈdeθu,ˈdewʃ,ˈde.θu,ˈdewʃ,ˈde,ˈdewʃ,2,1,1,1,Initial,Final,0,θu,0,-,,deus,god,Bandeira2017[366-412],
Angolar,ˈdeθu,ˈdewʃ,ˈde.θu,ˈdewʃ,θu,-,2,1,2,-,Final,-,ˈde,2,ˈdewʃ,-,,deus,god,Bandeira2017[366-412],
Angolar,ˈdjabu,djˈabu,ˈdj.a.bu,dj.ˈa.bu,ˈdj,dj,3,3,1,1,Initial,Initial,0,a,0,ˈa,,diabo,devil,Bandeira2017[366-412],
Angolar,ˈdjabu,djˈabu,ˈdj.a.bu,dj.ˈa.bu,a,ˈa,3,3,2,2,Medial,Medial,ˈdj,bu,dj,bu,,diabo,devil,Bandeira2017[366-412],
Angolar,ˈdjabu,djˈabu,ˈdj.a.bu,dj.ˈa.bu,bu,bu,3,3,3,3,Final,Final,a,3,ˈa,3,,diabo,devil,Bandeira2017[366-412],
Angolar,ˈgɔlja,ˈglɔɾiɐ,ˈgɔ.lja,ˈglɔ.ɾi.ɐ,ˈgɔ,ˈglɔ,2,3,1,1,Initial,Initial,0,lja,0,ɾi,,glória,glory,Bandeira2017[366-412],
Angolar,ˈgɔlja,ˈglɔɾiɐ,ˈgɔ.lja,ˈglɔ.ɾi.ɐ,lja,ɾi,2,3,2,2,Final,Medial,ˈgɔ,-,ˈglɔ,ɐ,,glória,glory,Bandeira2017[366-412],
Angolar,ˈgɔlja,ˈglɔɾiɐ,ˈgɔ.lja,ˈglɔ.ɾi.ɐ,-,ɐ,2,3,-,3,-,Final,lja,-,ɾi,3,,glória,glory,Bandeira2017[366-412],
Angolar,ˈku:θu,ˈkɾuʃ,ˈku:.θu,ˈkɾuʃ,ˈku:,ˈkɾuʃ,2,1,1,1,Initial,Final,0,θu,0,-,,cruz,cross,Bandeira2017[366-412],
Angolar,ˈku:θu,ˈkɾuʃ,ˈku:.θu,ˈkɾuʃ,θu,-,2,1,2,-,Final,-,ˈku:,2,ˈkɾuʃ,-,,cruz,cross,Bandeira2017[366-412],
Angolar,miˈlagi,miˈɫagɾɨ,mi.ˈla.gi,mi.ˈɫa.gɾɨ,mi,mi,3,3,1,1,Initial,Initial,0,ˈla,0,ˈɫa,,milagre,miracle,Bandeira2017[366-412],
Angolar,miˈlagi,miˈɫagɾɨ,mi.ˈla.gi,mi.ˈɫa.gɾɨ,ˈla,ˈɫa,3,3,2,2,Medial,Medial,mi,gi,mi,gɾɨ,,milagre,miracle,Bandeira2017[366-412],
Angolar,miˈlagi,miˈɫagɾɨ,mi.ˈla.gi,mi.ˈɫa.gɾɨ,gi,gɾɨ,3,3,3,3,Final,Final,ˈla,3,ˈɫa,3,,milagre,miracle,Bandeira2017[366-412],
Angolar,laˈθo,oɾɐˈsɐ̃w,la.ˈθo,o.ɾɐ.ˈsɐ̃w,-,o,2,3,1,1,Initial,Initial,0,la,0,ɾɐ,,oração,prayer,Bandeira2017[366-412],
Angolar,laˈθo,oɾɐˈsɐ̃w,la.ˈθo,o.ɾɐ.ˈsɐ̃w,la,ɾɐ,2,3,-,2,-,Medial,-,ˈθo,o,ˈsɐ̃w,,oração,prayer,Bandeira2017[366-412],
Angolar,laˈθo,oɾɐˈsɐ̃w,la.ˈθo,o.ɾɐ.ˈsɐ̃w,ˈθo,ˈsɐ̃w,2,3,2,3,Final,Final,la,2,ɾɐ,3,,oração,prayer,Bandeira2017[366-412],
Angolar,ˈsɐ̃tu,ˈsɐ̃tu,ˈsɐ̃.tu,ˈsɐ̃.tu,ˈsɐ̃,ˈsɐ̃,2,2,1,1,Initial,Initial,0,tu,0,tu,,santo,saint,Bandeira2017[366-412],
Angolar,ˈsɐ̃tu,ˈsɐ̃tu,ˈsɐ̃.tu,ˈsɐ̃.tu,tu,tu,2,2,2,2,Final,Final,ˈsɐ̃,2,ˈsɐ̃,2,,santo,saint,Bandeira2017[366-412],
Angolar,ˈiku,ˈeɾvɐ,ˈi.ku,ˈeɾ.vɐ,,,2,2,,,#N/A,#N/A,0,,0,,,erva,grass,Bandeira2017[366-412],Not of Portuguese origin
Angolar,aluguˈdu,awɡoˈdɐ̃w̃,a.lu.gu.ˈdu,aw.ɡo.ˈdɐ̃w̃,a,aw,4,3,1,1,Initial,Initial,0,lu,0,ɡo,,algodão,cotton,Bandeira2017[366-412],
Angolar,aluguˈdu,awɡoˈdɐ̃w̃,a.lu.gu.ˈdu,aw.ɡo.ˈdɐ̃w̃,lu,ɡo,4,3,2,2,Medial,Medial,a,gu,aw,ˈdɐ̃w̃,,algodão,cotton,Bandeira2017[366-412],
Angolar,aluguˈdu,awɡoˈdɐ̃w̃,a.lu.gu.ˈdu,aw.ɡo.ˈdɐ̃w̃,gu,ˈdɐ̃w̃,4,3,3,3,Medial,Final,lu,ˈdu,ɡo,-,,algodão,cotton,Bandeira2017[366-412],
Angolar,aluguˈdu,awɡoˈdɐ̃w̃,a.lu.gu.ˈdu,aw.ɡo.ˈdɐ̃w̃,ˈdu,-,4,3,4,-,Final,-,gu,4,ˈdɐ̃w̃,-,,algodão,cotton,Bandeira2017[366-412],
Angolar,ˈfja,ˈfoʎɐ,ˈfja,ˈfo.ʎɐ,ˈfja,ˈfo,1,2,4,-,Medial,-,ˈfja,ˈfo,ˈfja,ˈfo,,folha,leaf,Bandeira2017[366-412],
Angolar,ˈfja,ˈfoʎɐ,ˈfja,ˈfo.ʎɐ,-,ˈʎɐ,1,2,4,-,Medial,-,-,ˈʎɐ,-,ˈʎɐ,,folha,leaf,Bandeira2017[366-412],
Angolar,ˈfɔli,ˈfloɾ,ˈfɔ.li,ˈfloɾ,ˈfɔ,ˈfloɾ,2,1,1,1,Initial,Final,0,li,0,-,,flor,flower,Bandeira2017[366-412],
Angolar,ˈfɔli,ˈfloɾ,ˈfɔ.li,ˈfloɾ,li,-,2,1,2,-,Final,-,ˈfɔ,2,ˈfloɾ,-,,flor,flower,Bandeira2017[366-412],
Angolar,ˈko:θu,kɐˈɾosu,ˈko:.θu,kɐ.ˈɾo.su,ˈko:,kɐ,2,3,1,1,Initial,Initial,0,.,0,ˈɾo,,caroço,lump,Bandeira2017[366-412],
Angolar,ˈko:θu,kɐˈɾosu,ˈko:.θu,kɐ.ˈɾo.su,.,ˈɾo,2,3,2,2,Final,Medial,ˈko:,θu,kɐ,su,,caroço,lump,Bandeira2017[366-412],
Angolar,ˈko:θu,kɐˈɾosu,ˈko:.θu,kɐ.ˈɾo.su,θu,su,2,3,2,3,Final,Final,.,2,ˈɾo,3,,caroço,lump,Bandeira2017[366-412],
Angolar,ˈpajɐ,ˈpaʎɐ,ˈpaj.ɐ,ˈpa.ʎɐ,ˈpaj,ˈpa,2,2,1,1,Initial,Initial,0,ɐ,0,ʎɐ,,palha,straw,Bandeira2017[366-412],
Angolar,ˈpajɐ,ˈpaʎɐ,ˈpaj.ɐ,ˈpa.ʎɐ,ɐ,ʎɐ,2,2,2,2,Final,Final,ˈpaj,2,ˈpa,2,,palha,straw,Bandeira2017[366-412],
Angolar,ˈpɛmɐ,paɫˈmɐjɾɐ,ˈpɛ.mɐ,paɫ.ˈmɐj.ɾɐ,ˈpɛ,paɫ,2,3,1,1,Initial,Initial,0,mɐ,0,ˈmɐj,,palmeira,palm,Bandeira2017[366-412],
Angolar,ˈpɛmɐ,paɫˈmɐjɾɐ,ˈpɛ.mɐ,paɫ.ˈmɐj.ɾɐ,mɐ,ˈmɐj,2,3,2,2,Final,Medial,ˈpɛ,-,paɫ,ɾɐ,,palmeira,palm,Bandeira2017[366-412],
Angolar,ˈpɛmɐ,paɫˈmɐjɾɐ,ˈpɛ.mɐ,paɫ.ˈmɐj.ɾɐ,-,ɾɐ,2,3,-,3,-,Final,mɐ,-,ˈmɐj,3,,palmeira,palm,Bandeira2017[366-412],
Angolar,paˈmitu,paɫˈmitu,pa.ˈmi.tu,paɫ.ˈmi.tu,pa,paɫ,3,3,1,1,Initial,Initial,0,ˈmi,0,ˈmi,,palmito,palm heart,Bandeira2017[366-412],
Angolar,paˈmitu,paɫˈmitu,pa.ˈmi.tu,paɫ.ˈmi.tu,ˈmi,ˈmi,3,3,2,2,Medial,Medial,pa,tu,paɫ,tu,,palmito,palm heart,Bandeira2017[366-412],
Angolar,paˈmitu,paɫˈmitu,pa.ˈmi.tu,paɫ.ˈmi.tu,tu,tu,3,3,3,3,Final,Final,ˈmi,3,ˈmi,3,,palmito,palm heart,Bandeira2017[366-412],
Angolar,iˈkwe,sɨˈmẽtɨ,i.ˈkwe,sɨ.ˈmẽ.tɨ,,,2,3,,,#N/A,#N/A,0,,0,,,semente,seed,Bandeira2017[366-412],Not of Portuguese origin
Angolar,θuˈpigɐ,ʃˈpigɐ,θu.ˈpi.gɐ,ʃ.ˈpi.gɐ,θu,ʃ,3,3,1,1,Initial,Initial,0,ˈpi,0,ˈpi,,espiga,ear,Bandeira2017[366-412],
Angolar,θuˈpigɐ,ʃˈpigɐ,θu.ˈpi.gɐ,ʃ.ˈpi.gɐ,ˈpi,ˈpi,3,3,2,2,Medial,Medial,θu,gɐ,ʃ,gɐ,,espiga,ear,Bandeira2017[366-412],
Angolar,θuˈpigɐ,ʃˈpigɐ,θu.ˈpi.gɐ,ʃ.ˈpi.gɐ,gɐ,gɐ,3,3,3,3,Final,Final,ˈpi,3,ˈpi,3,,espiga,ear,Bandeira2017[366-412],
Angolar,ˈsĩba,ẽˈbajʃu,ˈsĩ.ba,ẽ.ˈbaj.ʃu,ˈsĩ,ẽ,2,3,1,1,Initial,Initial,0,ba,0,ˈbaj,,embaixo,under,Bandeira2017[366-412],
Angolar,ˈsĩba,ẽˈbajʃu,ˈsĩ.ba,ẽ.ˈbaj.ʃu,ba,ˈbaj,2,3,2,2,Final,Medial,ˈsĩ,-,ẽ,ʃu,,embaixo,under,Bandeira2017[366-412],
Angolar,ˈsĩba,ẽˈbajʃu,ˈsĩ.ba,ẽ.ˈbaj.ʃu,-,ʃu,2,3,-,3,-,Final,ba,-,ˈbaj,3,,embaixo,under,Bandeira2017[366-412],
Angolar,ˈdetu,ˈdẽtɾu,ˈde.tu,ˈdẽ.tɾu,ˈde,ˈdẽ,2,2,1,1,Initial,Initial,0,tu,0,tɾu,,dentro,in,Bandeira2017[366-412],
Angolar,ˈdetu,ˈdẽtɾu,ˈde.tu,ˈdẽ.tɾu,tu,tɾu,2,2,2,2,Final,Final,ˈde,2,ˈdẽ,2,,dentro,in,Bandeira2017[366-412],
Angolar,ˈfɔ,ˈfɔɾɐ,ˈfɔ,ˈfɔ.ɾɐ,ˈfɔ,ˈfɔ,1,2,1,1,Final,Initial,0,-,0,ɾɐ,,fora,outside,Bandeira2017[366-412],
Angolar,ˈfɔ,ˈfɔɾɐ,ˈfɔ,ˈfɔ.ɾɐ,-,ɾɐ,1,2,-,2,-,Final,ˈfɔ,-,ˈfɔ,2,,fora,outside,Bandeira2017[366-412],
Angolar,ˈla,ˈla,ˈla,ˈla,ˈla,ˈla,1,1,1,1,Final,Final,0,1,0,1,,lá,there,Bandeira2017[366-412],
Angolar,ˈlõd̠ʒi,ˈɫõʒɨ,ˈlõ.d̠ʒi,ˈɫõ.ʒɨ,ˈlõ,ˈɫõ,2,2,1,1,Initial,Initial,0,d̠ʒi,0,ʒɨ,,longe,far,Bandeira2017[366-412],
Angolar,ˈlõd̠ʒi,ˈɫõʒɨ,ˈlõ.d̠ʒi,ˈɫõ.ʒɨ,d̠ʒi,ʒɨ,2,2,2,2,Final,Final,ˈlõ,2,ˈɫõ,2,,longe,far,Bandeira2017[366-412],
Angolar,ˈpɛtu,ˈpeɾtu,ˈpɛ.tu,ˈpeɾ.tu,ˈpɛ,ˈpeɾ,2,2,1,1,Initial,Initial,0,tu,0,tu,,perto,near,Bandeira2017[366-412],
Angolar,ˈpɛtu,ˈpeɾtu,ˈpɛ.tu,ˈpeɾ.tu,tu,tu,2,2,2,2,Final,Final,ˈpɛ,2,ˈpeɾ,2,,perto,near,Bandeira2017[366-412],
Angolar,siˈkɛdu,ʃˈkeɾdu,si.ˈkɛ.du,ʃ.ˈkeɾ.du,si,ʃ,3,3,1,1,Initial,Initial,0,ˈkɛ,0,ˈkeɾ,,esquerdo,left,Bandeira2017[366-412],
Angolar,siˈkɛdu,ʃˈkeɾdu,si.ˈkɛ.du,ʃ.ˈkeɾ.du,ˈkɛ,ˈkeɾ,3,3,2,2,Medial,Medial,si,du,ʃ,du,,esquerdo,left,Bandeira2017[366-412],
Angolar,siˈkɛdu,ʃˈkeɾdu,si.ˈkɛ.du,ʃ.ˈkeɾ.du,du,du,3,3,3,3,Final,Final,ˈkɛ,3,ˈkeɾ,3,,esquerdo,left,Bandeira2017[366-412],
Angolar,baˈdɛlɐ,bɐ̃wˈdɐjɾɐ,ba.ˈdɛ.lɐ,bɐ̃w.ˈdɐj.ɾɐ,ba,bɐ̃w,3,3,1,1,Initial,Initial,0,ˈdɛ,0,ˈdɐj,,bandeira,flag,Bandeira2017[366-412],
Angolar,baˈdɛlɐ,bɐ̃wˈdɐjɾɐ,ba.ˈdɛ.lɐ,bɐ̃w.ˈdɐj.ɾɐ,ˈdɛ,ˈdɐj,3,3,2,2,Medial,Medial,ba,lɐ,bɐ̃w,ɾɐ,,bandeira,flag,Bandeira2017[366-412],
Angolar,baˈdɛlɐ,bɐ̃wˈdɐjɾɐ,ba.ˈdɛ.lɐ,bɐ̃w.ˈdɐj.ɾɐ,lɐ,ɾɐ,3,3,3,3,Final,Final,ˈdɛ,3,ˈdɐj,3,,bandeira,flag,Bandeira2017[366-412],
Angolar,baˈθuɐ,vɐˈsoɾɐ,ba.ˈθu.ɐ,vɐ.ˈso.ɾɐ,ba,vɐ,3,3,1,1,Initial,Initial,0,ˈθu,0,ˈso,,vassoura,broom,Bandeira2017[366-412],
Angolar,baˈθuɐ,vɐˈsoɾɐ,ba.ˈθu.ɐ,vɐ.ˈso.ɾɐ,ˈθu,ˈso,3,3,2,2,Medial,Medial,ba,ɐ,vɐ,ɾɐ,,vassoura,broom,Bandeira2017[366-412],
Angolar,baˈθuɐ,vɐˈsoɾɐ,ba.ˈθu.ɐ,vɐ.ˈso.ɾɐ,ɐ,ɾɐ,3,3,3,3,Final,Final,ˈθu,3,ˈso,3,,vassoura,broom,Bandeira2017[366-412],
Angolar,bɔˈtɔ,buˈtɐ̃w,bɔ.ˈtɔ,bu.ˈtɐ̃w,bɔ,bu,2,2,1,1,Initial,Initial,0,ˈtɔ,0,ˈtɐ̃w,,botão,button,Bandeira2017[366-412],
Angolar,bɔˈtɔ,buˈtɐ̃w,bɔ.ˈtɔ,bu.ˈtɐ̃w,ˈtɔ,ˈtɐ̃w,2,2,2,2,Final,Final,bɔ,2,bu,2,,botão,button,Bandeira2017[366-412],
Angolar,afiˈnete,aɫfiˈnetɨ,a.fi.ˈne.te,aɫ.fi.ˈne.tɨ,a,aɫ,4,4,1,1,Initial,Initial,0,fi,0,fi,,alfinete,pin,Bandeira2017[366-412],
Angolar,afiˈnete,aɫfiˈnetɨ,a.fi.ˈne.te,aɫ.fi.ˈne.tɨ,fi,fi,4,4,2,2,Medial,Medial,a,ˈne,aɫ,ˈne,,alfinete,pin,Bandeira2017[366-412],
Angolar,afiˈnete,aɫfiˈnetɨ,a.fi.ˈne.te,aɫ.fi.ˈne.tɨ,ˈne,ˈne,4,4,3,3,Medial,Medial,fi,te,fi,tɨ,,alfinete,pin,Bandeira2017[366-412],
Angolar,afiˈnete,aɫfiˈnetɨ,a.fi.ˈne.te,aɫ.fi.ˈne.tɨ,te,tɨ,4,4,4,4,Final,Final,ˈne,4,ˈne,4,,alfinete,pin,Bandeira2017[366-412],
Angolar,ˈdɔmɐ,ʀɨˈdomɐ,ˈdɔ.mɐ,ʁɨ.ˈdo.mɐ,ˈdɔ,ʁɨ,2,3,1,1,Initial,Initial,0,mɐ,0,ˈdo,,redoma,bottle,Bandeira2017[366-412],
Angolar,ˈdɔmɐ,ʀɨˈdomɐ,ˈdɔ.mɐ,ʁɨ.ˈdo.mɐ,mɐ,ˈdo,2,3,2,2,Final,Medial,ˈdɔ,-,ʁɨ,mɐ,,redoma,bottle,Bandeira2017[366-412],
Angolar,ˈdɔmɐ,ʀɨˈdomɐ,ˈdɔ.mɐ,ʁɨ.ˈdo.mɐ,-,mɐ,2,3,-,3,-,Final,mɐ,-,ˈdo,3,,redoma,bottle,Bandeira2017[366-412],
Angolar,ˈgalufu,ˈgaɾfu,ˈga.lu.fu,ˈgaɾ.fu,ˈga,ˈgaɾ,3,2,1,1,Initial,Initial,0,lu,0,fu,,garfo,fork,Bandeira2017[366-412],
Angolar,ˈgalufu,ˈgaɾfu,ˈga.lu.fu,ˈgaɾ.fu,lu,fu,3,2,2,2,Medial,Final,ˈga,fu,ˈgaɾ,-,,garfo,fork,Bandeira2017[366-412],
Angolar,ˈgalufu,ˈgaɾfu,ˈga.lu.fu,ˈgaɾ.fu,fu,-,3,2,3,-,Final,-,lu,3,fu,-,,garfo,fork,Bandeira2017[366-412],
Angolar,ˈsitakɐ,ʃˈtakɐ,ˈsi.ta.kɐ,ʃ.ˈta.kɐ,ˈsi,ʃ,3,3,1,1,Initial,Initial,0,ta,0,ˈta,,estaca,stake,Bandeira2017[366-412],
Angolar,ˈsitakɐ,ʃˈtakɐ,ˈsi.ta.kɐ,ʃ.ˈta.kɐ,ta,ˈta,3,3,2,2,Medial,Medial,ˈsi,kɐ,ʃ,kɐ,,estaca,stake,Bandeira2017[366-412],
Angolar,ˈsitakɐ,ʃˈtakɐ,ˈsi.ta.kɐ,ʃ.ˈta.kɐ,kɐ,kɐ,3,3,3,3,Final,Final,ta,3,ˈta,3,,estaca,stake,Bandeira2017[366-412],
Angolar,ˈkɔpu,ˈkɔpu,ˈkɔ.pu,ˈkɔ.pu,ˈkɔ,ˈkɔ,2,2,1,1,Initial,Initial,0,pu,0,pu,,copo,glass,Bandeira2017[366-412],
Angolar,ˈkɔpu,ˈkɔpu,ˈkɔ.pu,ˈkɔ.pu,pu,pu,2,2,2,2,Final,Final,ˈkɔ,2,ˈkɔ,2,,copo,glass,Bandeira2017[366-412],
Angolar,ˈkɔdɔ,ˈkɔɾdɐ,ˈkɔ.dɔ,ˈkɔɾ.dɐ,ˈkɔ,ˈkɔɾ,2,2,1,1,Initial,Initial,0,dɔ,0,dɐ,,corda,rope,Bandeira2017[366-412],
Angolar,ˈkɔdɔ,ˈkɔɾdɐ,ˈkɔ.dɔ,ˈkɔɾ.dɐ,dɔ,dɐ,2,2,2,2,Final,Final,ˈkɔ,2,ˈkɔɾ,2,,corda,rope,Bandeira2017[366-412],
Angolar,kwaˈdo,kuɐˈdoɾ,kwa.ˈdo,ku.ɐ.ˈdoɾ,kwa,ku,2,3,1,1,Initial,Initial,0,ˈdo,0,ɐ,,coador,strainer,Bandeira2017[366-412],
Angolar,kwaˈdo,kuɐˈdoɾ,kwa.ˈdo,ku.ɐ.ˈdoɾ,ˈdo,ɐ,2,3,2,2,Final,Medial,kwa,-,ku,.ˈdoɾ,,coador,strainer,Bandeira2017[366-412],
Angolar,kwaˈdo,kuɐˈdoɾ,kwa.ˈdo,ku.ɐ.ˈdoɾ,-,.ˈdoɾ,2,3,-,3,-,Final,ˈdo,-,ɐ,3,,coador,strainer,Bandeira2017[366-412],
Angolar,lãˈpjõ,lɐ̃piˈɐ̃w̃,lã.ˈpjõ,lɐ̃.pi.ˈɐ̃w̃,lã,lɐ̃,2,3,1,1,Initial,Initial,0,ˈpjõ,0,pi,,lampião,lantern,Bandeira2017[366-412],
Angolar,lãˈpjõ,lɐ̃piˈɐ̃w̃,lã.ˈpjõ,lɐ̃.pi.ˈɐ̃w̃,ˈpjõ,pi,2,3,2,2,Final,Medial,lã,-,lɐ̃,ˈɐ̃w̃,,lampião,lantern,Bandeira2017[366-412],
Angolar,lãˈpjõ,lɐ̃piˈɐ̃w̃,lã.ˈpjõ,lɐ̃.pi.ˈɐ̃w̃,-,ˈɐ̃w̃,2,3,-,3,-,Final,ˈpjõ,-,pi,3,,lampião,lantern,Bandeira2017[366-412],
Angolar,ˈlɐ̃sɐ,ˈlɐ̃sɐ,ˈlɐ̃.sɐ,ˈlɐ̃.sɐ,ˈlɐ̃,ˈlɐ̃,2,2,1,1,Initial,Initial,0,sɐ,0,sɐ,,lança,lance,Bandeira2017[366-412],
Angolar,ˈlɐ̃sɐ,ˈlɐ̃sɐ,ˈlɐ̃.sɐ,ˈlɐ̃.sɐ,sɐ,sɐ,2,2,2,2,Final,Final,ˈlɐ̃,2,ˈlɐ̃,2,,lança,lance,Bandeira2017[366-412],
Angolar,maˈtɛlu,maɾˈteɫu,ma.ˈtɛ.lu,maɾ.ˈte.ɫu,ma,maɾ,3,3,1,1,Initial,Initial,0,ˈtɛ,0,ˈte,,martelo,hammer,Bandeira2017[366-412],
Angolar,maˈtɛlu,maɾˈteɫu,ma.ˈtɛ.lu,maɾ.ˈte.ɫu,ˈtɛ,ˈte,3,3,2,2,Medial,Medial,ma,lu,maɾ,ɫu,,martelo,hammer,Bandeira2017[366-412],
Angolar,maˈtɛlu,maɾˈteɫu,ma.ˈtɛ.lu,maɾ.ˈte.ɫu,lu,ɫu,3,3,3,3,Final,Final,ˈtɛ,3,ˈte,3,,martelo,hammer,Bandeira2017[366-412],
Angolar,maˈθadu,mɐˈʃadu,ma.ˈθa.du,mɐ.ˈʃa.du,ma,mɐ,3,3,1,1,Initial,Initial,0,ˈθa,0,ˈʃa,,machado,ax,Bandeira2017[366-412],
Angolar,maˈθadu,mɐˈʃadu,ma.ˈθa.du,mɐ.ˈʃa.du,ˈθa,ˈʃa,3,3,2,2,Medial,Medial,ma,du,mɐ,du,,machado,ax,Bandeira2017[366-412],
Angolar,maˈθadu,mɐˈʃadu,ma.ˈθa.du,mɐ.ˈʃa.du,du,du,3,3,3,3,Final,Final,ˈθa,3,ˈʃa,3,,machado,ax,Bandeira2017[366-412],
Angolar,ˈmwɛdɐ,muˈedɐ,ˈmw.ɛ.dɐ,mu.ˈe.dɐ,ˈmw,mu,3,3,1,1,Initial,Initial,0,ɛ,0,ˈe,,moeda,coin,Bandeira2017[366-412],
Angolar,ˈmwɛdɐ,muˈedɐ,ˈmw.ɛ.dɐ,mu.ˈe.dɐ,ɛ,ˈe,3,3,2,2,Medial,Medial,ˈmw,dɐ,mu,dɐ,,moeda,coin,Bandeira2017[366-412],
Angolar,ˈmwɛdɐ,muˈedɐ,ˈmw.ɛ.dɐ,mu.ˈe.dɐ,dɐ,dɐ,3,3,3,3,Final,Final,ɛ,3,ˈe,3,,moeda,coin,Bandeira2017[366-412],
Angolar,paˈnɛlɐ,pɐˈneɫɐ,pa.ˈnɛ.lɐ,pɐ.ˈne.ɫɐ,pa,pɐ,3,3,1,1,Initial,Initial,0,ˈnɛ,0,ˈne,,panela,pot,Bandeira2017[366-412],
Angolar,paˈnɛlɐ,pɐˈneɫɐ,pa.ˈnɛ.lɐ,pɐ.ˈne.ɫɐ,ˈnɛ,ˈne,3,3,2,2,Medial,Medial,pa,lɐ,pɐ,ɫɐ,,panela,pot,Bandeira2017[366-412],
Angolar,paˈnɛlɐ,pɐˈneɫɐ,pa.ˈnɛ.lɐ,pɐ.ˈne.ɫɐ,lɐ,ɫɐ,3,3,3,3,Final,Final,ˈnɛ,3,ˈne,3,,panela,pot,Bandeira2017[366-412],
Angolar,ˈpẽt̠ʃi,ˈpẽtɨ,ˈpẽ.t̠ʃi,ˈpẽ.tɨ,ˈpẽ,ˈpẽ,2,2,1,1,Initial,Initial,0,t̠ʃi,0,tɨ,,pente,comb,Bandeira2017[366-412],
Angolar,ˈpẽt̠ʃi,ˈpẽtɨ,ˈpẽ.t̠ʃi,ˈpẽ.tɨ,t̠ʃi,tɨ,2,2,2,2,Final,Final,ˈpẽ,2,ˈpẽ,2,,pente,comb,Bandeira2017[366-412],
Angolar,piˈnɛlɐ,pɨˈnɐjɾɐ,pi.ˈnɛ.lɐ,pɨ.ˈnɐj.ɾɐ,pi,pɨ,3,3,1,1,Initial,Initial,0,ˈnɛ,0,nɐj,,peneira,sieve,Bandeira2017[366-412],
Angolar,piˈnɛlɐ,pɨˈnɐjɾɐ,pi.ˈnɛ.lɐ,pɨ.ˈnɐj.ɾɐ,ˈnɛ,nɐj,3,3,2,2,Medial,Medial,pi,lɐ,pɨ,ɾɐ,,peneira,sieve,Bandeira2017[366-412],
Angolar,piˈnɛlɐ,pɨˈnɐjɾɐ,pi.ˈnɛ.lɐ,pɨ.ˈnɐj.ɾɐ,lɐ,ɾɐ,3,3,3,3,Final,Final,ˈnɛ,3,nɐj,3,,peneira,sieve,Bandeira2017[366-412],
Angolar,ˈpa:tu,ˈpɾatu,ˈpa:.tu,ˈpɾa.tu,ˈpa:,ˈpɾa,2,2,1,1,Initial,Initial,0,tu,0,1,,prato,plate,Bandeira2017[366-412],
Angolar,ˈpa:tu,c,ˈpa:.tu,ˈpɾa.tu,tu,tu,2,7,2,2,Final,Medial,ˈpa:,2,0,2,,prato,plate,Bandeira2017[366-412],
Angolar,ˈpɛ:gu,ˈpɾegu,ˈpɛ:.gu,ˈpɾe.gu,ˈpɛ:,ˈpɾe,2,2,1,1,Initial,Initial,0,gu,0,gu,,prego,nail,Bandeira2017[366-412],
Angolar,ˈpɛ:gu,ˈpɾegu,ˈpɛ:.gu,ˈpɾe.gu,gu,gu,2,2,2,2,Final,Final,ˈpɛ:,2,ˈpɾe,2,,prego,nail,Bandeira2017[366-412],
Angolar,ˈlɔdɐ,ˈʁodɐ,ˈlɔ.dɐ,ˈʁo.dɐ,ˈlɔ,ˈʁo,2,2,1,1,Initial,Initial,0,dɐ,0,dɐ,,roda,wheel,Bandeira2017[366-412],
Angolar,ˈlɔdɐ,ˈʁodɐ,ˈlɔ.dɐ,ˈʁo.dɐ,dɐ,dɐ,2,2,2,2,Final,Final,ˈlɔ,2,ˈʁo,2,,roda,wheel,Bandeira2017[366-412],
Angolar,maˈθadu,mɐˈʃadu,ma.ˈθa.du,mɐ.ˈʃa.du,ma,mɐ,3,3,1,1,Initial,Initial,0,ˈθa,0,ˈʃa,,machado,ax,Bandeira2017[366-412],
Angolar,maˈθadu,mɐˈʃadu,ma.ˈθa.du,mɐ.ˈʃa.du,ˈθa,ˈʃa,3,3,2,2,Medial,Medial,ma,du,mɐ,du,,machado,ax,Bandeira2017[366-412],
Angolar,maˈθadu,mɐˈʃadu,ma.ˈθa.du,mɐ.ˈʃa.du,du,du,3,3,3,3,Final,Final,ˈθa,3,ˈʃa,3,,machado,ax,Bandeira2017[366-412],
Angolar,ˈθadɐ,ẽˈʃadɐ,ˈθa.dɐ,ẽ.ˈʃa.dɐ,ˈθa,ẽ,2,3,1,1,Initial,Initial,0,dɐ,0,ˈʃa,,enxada,hoe,Bandeira2017[366-412],
Angolar,ˈθadɐ,ẽˈʃadɐ,ˈθa.dɐ,ẽ.ˈʃa.dɐ,dɐ,ˈʃa,2,3,2,2,Final,Medial,ˈθa,-,ẽ,dɐ,,enxada,hoe,Bandeira2017[366-412],
Angolar,ˈθadɐ,ẽˈʃadɐ,ˈθa.dɐ,ẽ.ˈʃa.dɐ,-,dɐ,2,3,-,3,-,Final,dɐ,-,ˈʃa,3,,enxada,hoe,Bandeira2017[366-412],
Angolar,ˈsinu,ˈsinu,ˈsi.nu,ˈsi.nu,ˈsi,ˈsi,2,2,1,1,Initial,Initial,0,nu,0,nu,,sino,bell,Bandeira2017[366-412],
Angolar,ˈsinu,ˈsinu,ˈsi.nu,ˈsi.nu,nu,nu,2,2,2,2,Final,Final,ˈsi,2,ˈsi,2,,sino,bell,Bandeira2017[366-412],
Angolar,ˈθot̠ʃi,ɐˈsojtɨ,ˈθo.t̠ʃi,ɐ.ˈsoj.tɨ,-,ɐ,2,3,-,1,-,Initial,0,ˈθo,0,ˈsoj,,açoite,scourge,Bandeira2017[366-412],
Angolar,ˈθot̠ʃi,ɐˈsojtɨ,ˈθo.t̠ʃi,ɐ.ˈsoj.tɨ,ˈθo,ˈsoj,2,3,1,2,Initial,Medial,-,t̠ʃi,ɐ,tɨ,,açoite,scourge,Bandeira2017[366-412],
Angolar,ˈθot̠ʃi,ɐˈsojtɨ,ˈθo.t̠ʃi,ɐ.ˈsoj.tɨ,t̠ʃi,tɨ,2,3,2,3,Final,Final,ˈθo,2,ˈsoj,3,,açoite,scourge,Bandeira2017[366-412],
Angolar,θuˈpe,ʃ.ˈpɐ.ʎu,θu.ˈpe,ʃ.ˈpɐ.ʎu,θu,ʃ,2,1,1,1,Initial,Final,0,ˈpe,0,ˈpɐ,,espelho,mirror,Bandeira2017[366-412],
Angolar,θuˈpe,ʃ.ˈpɐ.ʎu,θu.ˈpe,ʃ.ˈpɐ.ʎu,ˈpe,ˈpɐ,2,1,2,2,Final,Medial,θu,-,ʃ,ʎu,,espelho,mirror,Bandeira2017[366-412],
Angolar,θuˈpe,ʃ.ˈpɐ.ʎu,θu.ˈpe,ʃ.ˈpɐ.ʎu,-,ʎu,2,1,-,3,-,Medial,ˈpe,-,ˈpɐ,3,,espelho,mirror,Bandeira2017[366-412],
Angolar,ˈtapɐ,ˈtɐ̃pɐ,ˈta.pɐ,ˈtɐ̃.pɐ,ˈta,ˈtɐ̃,2,2,1,1,Initial,Initial,0,pɐ,0,pɐ,,tampa,cover,Bandeira2017[366-412],
Angolar,ˈtapɐ,ˈtɐ̃pɐ,ˈta.pɐ,ˈtɐ̃.pɐ,pɐ,pɐ,2,2,2,2,Final,Final,ˈta,2,ˈtɐ̃,2,,tampa,cover,Bandeira2017[366-412],
Angolar,ˈtaθu,ˈtaʃu,ˈta.θu,ˈta.ʃu,ˈta,ˈta,2,2,1,1,Initial,Initial,0,θu,0,ʃu,,tacho,pan,Bandeira2017[366-412],
Angolar,ˈtaθu,ˈtaʃu,ˈta.θu,ˈta.ʃu,θu,ʃu,2,2,2,2,Final,Final,ˈta,2,ˈta,2,,tacho,pan,Bandeira2017[366-412],
Angolar,ˈvɛlɐ,ˈvɛlɐ,ˈvɛ.lɐ,ˈvɛ.lɐ,ˈvɛ,ˈvɛ,2,2,1,1,Initial,Initial,0,lɐ,0,lɐ,,vela,candle,Bandeira2017[366-412],
Angolar,ˈvɛlɐ,ˈvɛlɐ,ˈvɛ.lɐ,ˈvɛ.lɐ,lɐ,lɐ,2,2,2,2,Final,Final,ˈvɛ,2,ˈvɛ,2,,vela,candle,Bandeira2017[366-412],
Angolar,ˈðɔlɔ,ɐ̃ˈzɔɫ,ˈðɔ.lɔ,ɐ̃.ˈzɔɫ,ˈðɔ,ɐ̃,2,2,1,1,Initial,Initial,0,lɔ,0,ˈzɔɫ,,anzol,hook,Bandeira2017[366-412],
Angolar,ˈðɔlɔ,ɐ̃ˈzɔɫ,ˈðɔ.lɔ,ɐ̃.ˈzɔɫ,lɔ,ˈzɔɫ,2,2,2,2,Final,Final,ˈðɔ,2,ɐ̃,2,,anzol,hook,Bandeira2017[366-412],
Angolar,biˈsidu,vɨʃˈtidu,bi.ˈsi.du,vɨʃ.ˈti.du,bi,vɨʃ,3,3,1,1,Initial,Initial,0,ˈsi,0,ˈti,,vestido,dress,Bandeira2017[366-412],
Angolar,biˈsidu,vɨʃˈtidu,bi.ˈsi.du,vɨʃ.ˈti.du,ˈsi,ˈti,3,3,2,2,Medial,Medial,bi,du,vɨʃ,du,,vestido,dress,Bandeira2017[366-412],
Angolar,biˈsidu,vɨʃˈtidu,bi.ˈsi.du,vɨʃ.ˈti.du,du,du,3,3,3,3,Final,Final,ˈsi,3,ˈti,3,,vestido,dress,Bandeira2017[366-412],
Angolar,ˈbɔtɐ,ˈbotɐ,ˈbɔ.tɐ,ˈbo.tɐ,ˈbɔ,ˈbo,2,2,1,1,Initial,Initial,0,tɐ,0,tɐ,,bota,boot,Bandeira2017[366-412],
Angolar,ˈbɔtɐ,ˈbotɐ,ˈbɔ.tɐ,ˈbo.tɐ,tɐ,tɐ,2,2,2,2,Final,Final,ˈbɔ,2,ˈbo,2,,bota,boot,Bandeira2017[366-412],
Angolar,kaˈmiðɐ,kɐˈmizɐ,ka.ˈmi.ðɐ,kɐ.ˈmi.zɐ,ka,kɐ,3,3,1,1,Initial,Initial,0,ˈmi,0,ˈmi,,camisa,shirt,Bandeira2017[366-412],
Angolar,kaˈmiðɐ,kɐˈmizɐ,ka.ˈmi.ðɐ,kɐ.ˈmi.zɐ,ˈmi,ˈmi,3,3,2,2,Medial,Medial,ka,ðɐ,kɐ,zɐ,,camisa,shirt,Bandeira2017[366-412],
Angolar,kaˈmiðɐ,kɐˈmizɐ,ka.ˈmi.ðɐ,kɐ.ˈmi.zɐ,ðɐ,zɐ,3,3,3,3,Final,Final,ˈmi,3,ˈmi,3,,camisa,shirt,Bandeira2017[366-412],
Angolar,kaˈθo,kalˈsɐ̃w̃,ka.ˈθo,kal.ˈsɐ̃w̃,ka,kal,2,2,1,1,Initial,Initial,0,ˈθo,0,ˈsɐ̃w̃,,calção,short trousers,Bandeira2017[366-412],
Angolar,kaˈθo,kalˈsɐ̃w̃,ka.ˈθo,kal.ˈsɐ̃w̃,ˈθo,ˈsɐ̃w̃,2,2,2,2,Final,Final,ka,2,kal,2,,calção,short trousers,Bandeira2017[366-412],
Angolar,ˈmejɐ,ˈmejɐ,ˈmejɐ,ˈmej.ɐ,ˈmej,ˈmej,1,2,1,1,Final,Initial,0,ɐ,0,ɐ,,meia,sock,Bandeira2017[366-412],
Angolar,ˈmejɐ,ˈmejɐ,ˈmejɐ,ˈmej.ɐ,ɐ,ɐ,1,2,2,2,Medial,Final,ˈmej,2,ˈmej,2,,meia,sock,Bandeira2017[366-412],
Angolar,ˈθajɐ,ˈsajɐ,ˈθaj.ɐ,ˈsaj.ɐ,ˈθaj,ˈsaj,2,2,1,1,Initial,Initial,0,ɐ,0,ɐ,,saia,skirt,Bandeira2017[366-412],
Angolar,ˈθajɐ,ˈsajɐ,ˈθaj.ɐ,ˈsaj.ɐ,ɐ,ɐ,2,2,2,2,Final,Final,ˈθaj,2,ˈsaj,2,,saia,skirt,Bandeira2017[366-412],
Angolar,ˈtaθu,ˈtaʃu,θa.ˈpe,ʃɐ.ˈpew,θa,ʃɐ,2,3,1,1,Initial,Initial,0,1,0,1,,chapéu,hat,Bandeira2017[366-412],
Angolar,θaˈpe,ʃɐˈpew,θaˈpe,ʃɐ.ˈpew,ˈpe,ˈpew,1,2,2,2,Medial,Final,0,2,0,2,,chapéu,hat,Bandeira2017[366-412],
Angolar,ˈθɛdɐ,ˈsedɐ,ˈθɛ.dɐ,ˈse.dɐ,ˈθɛ,ˈse,2,2,1,1,Initial,Initial,0,dɐ,0,dɐ,,seda,silk,Bandeira2017[366-412],
Angolar,ˈθɛdɐ,ˈsedɐ,ˈθɛ.dɐ,ˈse.dɐ,dɐ,dɐ,2,2,2,2,Final,Final,ˈθɛ,2,ˈse,2,,seda,silk,Bandeira2017[366-412],
Angolar,teˈsidu,tɨˈsidu,te.ˈsi.du,tɨ.ˈsi.du,te,tɨ,3,3,1,1,Initial,Initial,0,ˈsi,0,ˈsi,,tecido,fabric,Bandeira2017[366-412],
Angolar,teˈsidu,tɨˈsidu,te.ˈsi.du,tɨ.ˈsi.du,ˈsi,ˈsi,3,3,2,2,Medial,Medial,te,du,tɨ,du,,tecido,fabric,Bandeira2017[366-412],
Angolar,teˈsidu,tɨˈsidu,te.ˈsi.du,tɨ.ˈsi.du,du,du,3,3,3,3,Final,Final,ˈsi,3,ˈsi,3,,tecido,fabric,Bandeira2017[366-412],
Angolar,ˈafikɐ,ˈafɾikɐ,ˈa.fi.kɐ,ˈa.fɾi.kɐ,ˈa,ˈa,3,3,1,1,Initial,Initial,0,fi,0,fɾi,,África,África,Bandeira2017[366-412],
Angolar,ˈafikɐ,ˈafɾikɐ,ˈa.fi.kɐ,ˈa.fɾi.kɐ,fi,fɾi,3,3,2,2,Medial,Medial,ˈa,ˈkɐ,ˈa,kɐ,,África,África,Bandeira2017[366-412],
Angolar,ˈafikɐ,ˈafɾikɐ,ˈa.fi.kɐ,ˈa.fɾi.kɐ,ˈkɐ,kɐ,3,3,3,3,Final,Final,fi,3,fɾi,3,,África,África,Bandeira2017[366-412],
Angolar,gaˈbõ,gɐˈbɐ̃w̃,ga.ˈbõ,gɐ.ˈbɐ̃w̃,ga,gɐ,2,2,1,1,Initial,Initial,0,ˈbõ,0,ˈbɐ̃w̃,,Gabão,Gabon,Bandeira2017[366-412],
Angolar,gaˈbõ,gɐˈbɐ̃w̃,ga.ˈbõ,gɐ.ˈbɐ̃w̃,ˈbõ,ˈbɐ̃w̃,2,2,2,2,Final,Final,ga,2,gɐ,2,,Gabão,Gabon,Bandeira2017[366-412],
Angolar,iˈa,ˈiʎɐ du ˈpɾĩsɨpɨ,i.ˈa,ˈi.ʎɐ du ˈpɾĩ.sɨ.pɨ,i,ˈi,2,4,1,1,Initial,Initial,0,ˈa,0,ʎɐ,,Ilha do Príncipe,Príncipe,Bandeira2017[366-412],
Angolar,iˈa,ˈiʎɐ du ˈpɾĩsɨpɨ,i.ˈa,ˈi.ʎɐ du ˈpɾĩ.sɨ.pɨ,ˈa,ʎɐ,2,4,2,2,Final,Medial,i,-,ˈi,du,,Ilha do Príncipe,Príncipe,Bandeira2017[366-412],
Angolar,iˈa,ˈiʎɐ du ˈpɾĩsɨpɨ,i.ˈa,ˈi.ʎɐ du ˈpɾĩ.sɨ.pɨ,-,du,2,4,-,3,-,Medial,ˈa,-,ʎɐ,ˈpɾĩ,,Ilha do Príncipe,Príncipe,Bandeira2017[366-412],
Angolar,iˈa,ˈiʎɐ du ˈpɾĩsɨpɨ,i.ˈa,ˈi.ʎɐ du ˈpɾĩ.sɨ.pɨ,-,ˈpɾĩ,2,4,-,4,-,Final,-,-,du,sɨ,,Ilha do Príncipe,Príncipe,Bandeira2017[366-412],
Angolar,iˈa,ˈiʎɐ du ˈpɾĩsɨpɨ,i.ˈa,ˈi.ʎɐ du ˈpɾĩ.sɨ.pɨ,-,sɨ,2,4,-,5,-,Medial,-,-,ˈpɾĩ,pɨ,,Ilha do Príncipe,Príncipe,Bandeira2017[366-412],
Angolar,iˈa,ˈiʎɐ du ˈpɾĩsɨpɨ,i.ˈa,ˈi.ʎɐ du ˈpɾĩ.sɨ.pɨ,-,pɨ,2,4,-,6,-,Medial,-,-,sɨ,6,,Ilha do Príncipe,Príncipe,Bandeira2017[366-412],
Angolar,ˈpisipi,ˈpɾĩsɨpɨ,ˈpisipi,ˈpɾĩ.sɨ.pɨ,ˈpi,ˈpɾĩ,1,3,1,1,Final,Initial,0,si,0,sɨ,,Príncipe,prince,Bandeira2017[366-412],
Angolar,ˈpisipi,ˈpɾĩsɨpɨ,ˈpisipi,ˈpɾĩ.sɨ.pɨ,si,sɨ,1,3,2,2,Medial,Medial,ˈpi,pi,ˈpɾĩ,pɨ,,Príncipe,prince,Bandeira2017[366-412],
Angolar,ˈpisipi,ˈpɾĩsɨpɨ,ˈpisipi,ˈpɾĩ.sɨ.pɨ,pi,pɨ,1,3,3,3,Medial,Final,si,3,sɨ,3,,Príncipe,prince,Bandeira2017[366-412],
Angolar,putuˈga,poʁtuˈɡaw,pu.tu.ˈga,poʁ.tu.ˈɡaw,pu,poʁ,3,3,1,1,Initial,Initial,0,tu,0,tu,,Portugal,Portugal,Bandeira2017[366-412],
Angolar,putuˈga,poʁtuˈɡaw,pu.tu.ˈga,poʁ.tu.ˈɡaw,tu,tu,3,3,2,2,Medial,Medial,pu,ˈga,poʁ,ɡaw,,Portugal,Portugal,Bandeira2017[366-412],
Angolar,putuˈga,poʁtuˈɡaw,pu.tu.ˈga,poʁ.tu.ˈɡaw,ˈga,ɡaw,3,3,3,3,Final,Final,tu,3,tu,3,,Portugal,Portugal,Bandeira2017[366-412],
Angolar,θɐ̃tɔˈmɛ,sɐ̃w̃.tu.ˈmɛ,θɐ̃.tɔ.ˈmɛ,sɐ̃w̃,θɐ̃,sɐ̃w̃,3,-6,1,1,Initial,Initial,0,tɔ,0,tu,,São Tomé,Santome,Bandeira2017[366-412],
Angolar,θɐ̃tɔˈmɛ,sɐ̃w̃.tu.ˈmɛ,θɐ̃.tɔ.ˈmɛ,tu,tɔ,tu,3,-9,2,2,Medial,Medial,θɐ̃,ˈmɛ,sɐ̃w̃,ˈmɛ,,São Tomé,Santome,Bandeira2017[366-412],
Angolar,θɐ̃tɔˈmɛ,sɐ̃w̃.tu.ˈmɛ,θɐ̃.tɔ.ˈmɛ,ˈmɛ,ˈmɛ,ˈmɛ,3,-8,3,3,Final,Medial,tɔ,3,tu,3,,São Tomé,Santome,Bandeira2017[366-412],
Angolar,ˌdeθupaˈga,obɾiˈɡadu,de.θu.pa.ˈga,o.bɾi.ˈɡa.du,de,o,3,4,1,1,Initial,Initial,0,θu,0,bɾi,,obrigado,thanks,Bandeira2017[366-412],
Angolar,ˌdeθupaˈga,obɾiˈɡadu,de.θu.pa.ˈga,o.bɾi.ˈɡa.du,θu,bɾi,3,4,2,2,Medial,Medial,de,pa,o,ˈɡa,,obrigado,thanks,Bandeira2017[366-412],
Angolar,ˌdeθupaˈga,obɾiˈɡadu,de.θu.pa.ˈga,o.bɾi.ˈɡa.du,pa,ˈɡa,3,4,3,3,Final,Medial,θu,ˈga,bɾi,du,,obrigado,thanks,Bandeira2017[366-412],
Angolar,ˌdeθupaˈga,obɾiˈɡadu,de.θu.pa.ˈga,o.bɾi.ˈɡa.du,ˈga,du,3,4,4,4,Medial,Final,pa,4,ˈɡa,4,,obrigado,thanks,Bandeira2017[366-412],
Angolar,ˈdelu,dʒiˈɲejɾu,ˈde.lu,dʒi.ˈɲej.ɾu,ˈde,dʒi,2,3,1,1,Initial,Initial,0,lu,0,ˈɲej,,dinheiro,money,Bandeira2017[366-412],
Angolar,ˈdelu,dʒiˈɲejɾu,ˈde.lu,dʒi.ˈɲej.ɾu,lu,ˈɲej,2,3,2,2,Final,Medial,ˈde,-,dʒi,ɾu,,dinheiro,money,Bandeira2017[366-412],
Angolar,ˈdelu,dʒiˈɲejɾu,ˈde.lu,dʒi.ˈɲej.ɾu,-,ɾu,2,3,3,3,Medial,Final,lu,3,ˈɲej,3,,dinheiro,money,Bandeira2017[366-412],
Angolar,faˈvolo,fɐˈvoɾ,fa.ˈvo.lo,fɐ.ˈvoɾ,fa,fɐ,3,2,1,1,Initial,Initial,0,ˈvo,0,ˈvoɾ,,favor,favor,Bandeira2017[366-412],
Angolar,faˈvolo,fɐˈvoɾ,fa.ˈvo.lo,fɐˈvoɾ,ˈvo,ˈvoɾ,3,1,2,2,Medial,Medial,fa,lo,fɐ,-,,favor,favor,Bandeira2017[366-412],
Angolar,faˈvolo,fɐˈvoɾ,fa.ˈvo.lo,fɐˈvoɾ,lo,-,3,1,3,-,Final,-,ˈvo,3,ˈvoɾ,-,,favor,favor,Bandeira2017[366-412],
Angolar,fuˈtunɐ,foʁˈtunɐ,fu.ˈtu.nɐ,foʁ.ˈtu.nɐ,fu,foʁ,3,3,1,1,Initial,Initial,0,ˈtu,0,ˈtu,,fortuna,luck,Bandeira2017[366-412],
Angolar,fuˈtunɐ,foʁˈtunɐ,fu.ˈtu.nɐ,foʁ.ˈtu.nɐ,ˈtu,ˈtu,3,3,2,2,Medial,Medial,fu,nɐ,foʁ,nɐ,,fortuna,luck,Bandeira2017[366-412],
Angolar,fuˈtunɐ,foʁˈtunɐ,fu.ˈtu.nɐ,foʁ.ˈtu.nɐ,nɐ,nɐ,3,3,3,3,Final,Final,ˈtu,3,ˈtu,3,,fortuna,luck,Bandeira2017[366-412],
Angolar,ˈkatɐ,ˈkaʁ.tɐ,ˈka.tɐ,ˈkaʁ.tɐ,ˈka,ˈkaʁ,2,1,1,1,Initial,Final,0,tɐ,0,tɐ,,carta,letter,Bandeira2017[366-412],
Angolar,ˈkatɐ,ˈkaʁ.tɐ,ˈka.tɐ,ˈkaʁ.tɐ,tɐ,tɐ,2,1,2,2,Final,Medial,ˈka,2,ˈkaʁ,2,,carta,letter,Bandeira2017[366-412],
Angolar,kaðaˈmẽtu,kɐzɐˈmẽtu,ka.ða.ˈmẽ.tu,kɐ.zɐ.ˈmẽ.tu,ka,kɐ,4,4,1,1,Initial,Initial,0,ða,0,zɐ,,casamento,marriage,Bandeira2017[366-412],
Angolar,kaðaˈmẽtu,kɐzɐˈmẽtu,ka.ða.ˈmẽ.tu,kɐ.zɐ.ˈmẽ.tu,ða,zɐ,4,4,2,2,Medial,Medial,ka,ˈmẽ,kɐ,ˈmẽ,,casamento,marriage,Bandeira2017[366-412],
Angolar,kaðaˈmẽtu,kɐzɐˈmẽtu,ka.ða.ˈmẽ.tu,kɐ.zɐ.ˈmẽ.tu,ˈmẽ,ˈmẽ,4,4,3,3,Medial,Medial,ða,tu,zɐ,tu,,casamento,marriage,Bandeira2017[366-412],
Angolar,kaðaˈmẽtu,kɐzɐˈmẽtu,ka.ða.ˈmẽ.tu,kɐ.zɐ.ˈmẽ.tu,tu,tu,4,4,4,4,Final,Final,ˈmẽ,4,ˈmẽ,4,,casamento,marriage,Bandeira2017[366-412],
Angolar,ˈlivu,ˈlivɾu,ˈli.vu,ˈli.vɾu,ˈli,ˈli,2,2,1,1,Initial,Initial,0,vu,0,vɾu,,livro,book,Bandeira2017[366-412],
Angolar,ˈlivu,ˈlivɾu,ˈli.vu,ˈli.vɾu,vu,vɾu,2,2,2,2,Final,Final,ˈli,2,ˈli,2,,livro,book,Bandeira2017[366-412],
Angolar,ˈmɔt̠ʃi,ˈmoɾtɨ,ˈmɔ.t̠ʃi,ˈmoɾ.tɨ,ˈmɔ,ˈmoɾ,2,2,1,1,Initial,Initial,0,t̠ʃi,0,tɨ,,morte,death,Bandeira2017[366-412],
Angolar,ˈmɔt̠ʃi,ˈmoɾtɨ,ˈmɔ.t̠ʃi,ˈmoɾ.tɨ,t̠ʃi,tɨ,2,2,2,2,Final,Final,ˈmɔ,2,ˈmoɾ,2,,morte,death,Bandeira2017[366-412],
Angolar,paˈlavɐ,pɐˈɫavɾɐ,pa.ˈla.vɐ,pɐ.ˈɫa.vɾɐ,pa,pɐ,3,3,1,1,Initial,Initial,0,ˈla,0,ˈɫa,,palavra,word,Bandeira2017[366-412],
Angolar,paˈlavɐ,pɐˈɫavɾɐ,pa.ˈla.vɐ,pɐ.ˈɫa.vɾɐ,ˈla,ˈɫa,3,3,2,2,Medial,Medial,pa,vɐ,pɐ,vɾɐ,,palavra,word,Bandeira2017[366-412],
Angolar,paˈlavɐ,pɐˈɫavɾɐ,pa.ˈla.vɐ,pɐ.ˈɫa.vɾɐ,vɐ,vɾɐ,3,3,3,3,Final,Final,ˈla,3,ˈɫa,3,,palavra,word,Bandeira2017[366-412],
Angolar,pɐ̃ˈkadɐ,pɐ̃ˈkadɐ,pɐ̃.ˈka.dɐ,pɐ̃.ˈka.dɐ,pɐ̃,pɐ̃,3,3,1,1,Initial,Initial,0,ˈka,0,ˈka,,pancada,blow,Bandeira2017[366-412],
Angolar,pɐ̃ˈkadɐ,pɐ̃ˈkadɐ,pɐ̃.ˈka.dɐ,pɐ̃.ˈka.dɐ,ˈka,ˈka,3,3,2,2,Medial,Medial,pɐ̃,dɐ,pɐ̃,dɐ,,pancada,blow,Bandeira2017[366-412],
Angolar,pɐ̃ˈkadɐ,pɐ̃ˈkadɐ,pɐ̃.ˈka.dɐ,pɐ̃.ˈka.dɐ,dɐ,dɐ,3,3,3,3,Final,Final,ˈka,3,ˈka,3,,pancada,blow,Bandeira2017[366-412],
Angolar,paˈpɛlu,pɐˈpɛɫ,pa.ˈpɛ.lu,pɐ.ˈpɛɫ,pa,pɐ,3,2,1,1,Initial,Initial,0,ˈpɛ,0,ˈpɛɫ,,papel,paper,Bandeira2017[366-412],
Angolar,paˈpɛlu,pɐˈpɛɫ,pa.ˈpɛ.lu,pɐ.ˈpɛɫ,ˈpɛ,ˈpɛɫ,3,2,2,2,Medial,Final,pa,lu,pɐ,-,,papel,paper,Bandeira2017[366-412],
Angolar,paˈpɛlu,pɐˈpɛɫ,pa.ˈpɛ.lu,pɐ.ˈpɛɫ,lu,-,3,2,3,-,Final,-,ˈpɛ,3,ˈpɛɫ,-,,papel,paper,Bandeira2017[366-412],
Angolar,ˈpɔtɔ,ˈpoɾtɐ,ˈpɔ.tɔ,ˈpoɾ.tɐ,ˈpɔ,ˈpoɾ,2,2,1,1,Initial,Initial,0,tɔ,0,tɐ,,porta,door,Bandeira2017[366-412],
Angolar,ˈpɔtɔ,ˈpoɾtɐ,ˈpɔ.tɔ,ˈpoɾ.tɐ,tɔ,tɐ,2,2,2,2,Final,Final,ˈpɔ,2,ˈpoɾ,2,,porta,door,Bandeira2017[366-412],
Angolar,liˈθõ,liˈsɐ̃w̃,li.ˈθõ,li.ˈsɐ̃w̃,li,li,2,2,1,1,Initial,Initial,0,ˈθõ,0,ˈsɐ̃w̃,,lição,lesson,Bandeira2017[366-412],
Angolar,liˈθõ,liˈsɐ̃w̃,li.ˈθõ,li.ˈsɐ̃w̃,ˈθõ,ˈsɐ̃w̃,2,2,2,2,Final,Final,li,2,li,2,,lição,lesson,Bandeira2017[366-412],
Angolar,ˈlɛtu,ˈʀɛʃtu,ˈlɛ.tu,ˈʀɛʃ.tu,ˈlɛ,ˈʀɛʃ,2,2,1,1,Initial,Initial,0,tu,0,tu,,resto,leftovers,Bandeira2017[366-412],
Angolar,ˈlɛtu,ˈʀɛʃtu,ˈlɛ.tu,ˈʀɛʃ.tu,tu,tu,2,2,2,2,Final,Final,ˈlɛ,2,ˈʀɛʃ,2,,resto,leftovers,Bandeira2017[366-412],
Angolar,θaˈbɔ,sɐˈbɐ̃w̃,θa.ˈbɔ,sɐ.ˈbɐ̃w̃,θa,sɐ,2,2,1,1,Initial,Initial,0,ˈbɔ,0,ˈbɐ̃w̃,,sabão,soap,Bandeira2017[366-412],
Angolar,θaˈbɔ,sɐˈbɐ̃w̃,θa.ˈbɔ,sɐ.ˈbɐ̃w̃,ˈbɔ,ˈbɐ̃w̃,2,2,2,2,Final,Final,θa,2,sɐ,2,,sabão,soap,Bandeira2017[366-412],
Angolar,ˈθɛlɐ,ˈsɛʀɐ,ˈθɛ.lɐ,ˈsɛ.ʀɐ,ˈθɛ,ˈsɛ,2,2,1,1,Initial,Initial,0,lɐ,0,ʀɐ,,serra,saw,Bandeira2017[366-412],
Angolar,ˈθɛlɐ,ˈsɛʀɐ,ˈθɛ.lɐ,ˈsɛ.ʀɐ,lɐ,ʀɐ,2,2,2,2,Final,Final,ˈθɛ,2,ˈsɛ,2,,serra,saw,Bandeira2017[366-412],
Angolar,ˈt̠ʃĩtɐ,ˈtĩtɐ,ˈt̠ʃĩ.tɐ,ˈtĩ.tɐ,ˈt̠ʃĩ,ˈtĩ,2,2,1,1,Initial,Initial,0,tɐ,0,tɐ,,tinta,ink,Bandeira2017[366-412],
Angolar,ˈt̠ʃĩtɐ,ˈtĩtɐ,ˈt̠ʃĩ.tɐ,ˈtĩ.tɐ,tɐ,tɐ,2,2,2,2,Final,Final,ˈt̠ʃĩ,2,ˈtĩ,2,,tinta,ink,Bandeira2017[366-412],
Angolar,tɔˈmɛ̃tu,toʁ'mẽtu,tɔ.ˈmɛ̃.tu,toʁ.'mẽ.tu,tɔ,toʁ,3,3,1,1,Initial,Initial,0,ˈmɛ̃,0,ˈmẽ,,tormento,"noise, confusion",Bandeira2017[366-412],
Angolar,tɔˈmɛ̃tu,toʁ'mẽtu,tɔ.ˈmɛ̃.tu,toʁ.'mẽ.tu,ˈmɛ̃,ˈmẽ,3,3,2,2,Medial,Medial,tɔ,tu,toʁ,tu,,tormento,"noise, confusion",Bandeira2017[366-412],
Angolar,tɔˈmɛ̃tu,toʁ'mẽtu,tɔ.ˈmɛ̃.tu,toʁ.'mẽ.tu,tu,tu,3,3,3,3,Final,Final,ˈmɛ̃,3,ˈmẽ,3,,tormento,"noise, confusion",Bandeira2017[366-412],
Angolar,uˈtu,ˈmofu,u.ˈtu,ˈmo.fu,u,ˈmo,2,2,1,1,Initial,Initial,0,ˈtu,0,fu,,mofo,mold,Bandeira2017[366-412],
Angolar,uˈtu,ˈmofu,u.ˈtu,ˈmo.fu,ˈtu,fu,2,2,2,2,Final,Final,u,2,ˈmo,2,,mofo,mold,Bandeira2017[366-412],
Angolar,ˈvɛdɛ,vɨɾˈdadɨ,ˈvɛ.dɛ,vɨɾ.ˈda.dɨ,ˈvɛ,vɨɾ,2,3,1,1,Initial,Initial,0,dɛ,0,ˈda,,verdade,truth,Bandeira2017[366-412],
Angolar,ˈvɛdɛ,vɨɾˈdadɨ,ˈvɛ.dɛ,vɨɾ.ˈda.dɨ,dɛ,ˈda,2,3,2,2,Final,Medial,ˈvɛ,-,vɨɾ,dɨ,,verdade,truth,Bandeira2017[366-412],
Angolar,ˈvɛdɛ,vɨɾˈdadɨ,ˈvɛ.dɛ,vɨɾ.ˈda.dɨ,-,dɨ,2,3,-,3,-,Final,dɛ,-,ˈda,3,,verdade,truth,Bandeira2017[366-412],