Language,SourceWord,TargetWord,SourceWordSyl,TargetWordSyl,SourceWordSyllabe,TargetWordSyllabe,PositionSource,PositionTarget,SourceWord Length,TargetWord Length,SourceWordSyl Length,TargetWordSyl Length,Word diff,Word bigger,Syll diff,SylNum bigger
Principense,ˈaju,ˈaʎu,ˈa.ju,ˈa.ʎu,ˈa,ˈa,1,1,3,3,2,2,0,Equal,0,Equal
Principense,oˈroso,aˈʀoʃ,o.’ro.so,a.ˈʀoʃ,o,a,1,1,5,4,3,2,1,Source,1,Source
Principense,ˈawɐ,ˈaguɐ,ˈa.wɐ,ˈa.guɐ,ˈa,ˈa,1,1,3,4,2,2,-1,Target,0,Equal
Principense,ˈawɐˈdẽt̠ʃi,ɐguaɾˈdẽtɨ,ˈawɐ.dẽ.t̠ʃi,ɐ.guaɾ.ˈdẽ.tɨ,ˈawɐ,ɐ,1,1,8,10,2,4,-2,Target,-2,Target
Principense,baˈnɐ,bɐˈnɐnɐ,baˈ.nɐ,bɐ.ˈnɐ.nɐ,ba,bɐ,1,1,4,6,2,3,-2,Target,-1,Target
Principense,ˈbɐ̃ɲɐ,ˈbɐɲɐ,ˈbɐ̃.ɲɐ,ˈbɐ.ɲɐ,ˈbɐ̃,ˈbɐ,1,1,5,4,2,2,1,Source,0,Equal
Principense,ˈfjɐ̃,fɐˈɾiɲɐ,ˈfjɐ̃,fɐ.ˈɾi.ɲɐ,ˈfjɐ̃,fɐ,1,1,4,6,1,3,-2,Target,-2,Target
Principense,fɛˈzɐ̃,fejˈʒɐ̃w̃,fɛ.ˈzɐ̃,fɐj.ˈʒɐ̃w̃,fɛ,fɐj,1,1,5,8,2,2,-3,Target,0,Equal
Principense,guˈdurɐ,ɡuɾˈduɾɐ,gu.ˈdu.rɐ,guɾ.ˈdu.ɾɐ,rɐ,ɾɐ,3,3,6,7,3,3,-1,Target,0,Equal
Principense,kadɛˈradɐ,kaldejˈɾadɐ,ka.dɛ.'ra.dɐ,kal.dɐj.ˈɾa.dɐ,ka,kal,1,1,8,10,4,4,-2,Target,0,Equal
Principense,kaˈnɐ,ˈkɐnɐ,ka.'nɐ,ˈkɐ.nɐ,ka,ˈkɐ,1,1,4,4,2,2,0,Equal,0,Equal
Principense,uˈkani,ˈkaɾnɨ,u.'ka.ni,ˈkaɾ.nɨ,u,ˈkaɾ,1,1,5,5,3,2,0,Equal,1,Source
Principense,uˈkjabu,kiˈabu,u.'kja.bu,ki.ˈa.bu,u,ki,1,1,6,5,3,3,1,Source,0,Equal
Principense,ˈlete,ˈlɐjtɨ,ˈle.te,ˈlɐj.tɨ,te,tɨ,2,2,4,5,2,2,-1,Target,0,Equal
Principense,mɐˈmɐ̃,mɐˈmɐ̃w̃,mɐ.ˈmɐ̃,mɐ.ˈmɐ̃w̃,ˈmɐ̃,ˈmɐ̃w̃,2,2,5,7,2,2,-2,Target,0,Equal
Principense,mɐ̃ˈdjɔkɔ,mɐdiˈɔkɐ,mɐ̃.'djɔ.kɔ,mɐ.di.ˈɔ.kɐ,mɐ̃,mɐ,1,1,8,7,3,4,1,Source,-1,Target
Principense,mɐ̃ˈsɐ̃,mɐˈsɐ̃,mɐ̃.'sɐ̃,mɐ̃.'sɐ̃,mɐ̃,mɐ̃,1,1,6,5,2,3,1,Source,-1,Target
Principense,mɐ̃ˈtɛgɐ,ˈmɐ̃tɐjgɐ,mɐ̃.'tɛ.gɐ,mɐ̃.tɐj.gɐ,mɐ̃,mɐ̃,1,1,7,8,3,2,-1,Target,1,Source
Principense,ˈmɛli,ˈmɛɫ,ˈmɛ.li,ˈmɛɫ,li,-,2,-,4,3,2,1,1,Source,1,Source
Principense,ˈmojo,ˈmoʎu,ˈmo.jo,ˈmo.ʎu,jo,ʎu,2,2,4,4,2,2,0,Equal,0,Equal
Principense,naˈnaʒi,ɐbɐkɐˈʃi,na.ˈna.ʒi,ɐ.bɐ.kɐ.ˈʃi,ʒi,ˈʃi,3,4,6,7,3,4,-1,Target,-1,Target
Principense,ˈɔvu,ˈovu,ˈɔ.vu,ˈo.vu,ˈɔ,ˈo,1,1,3,3,2,2,0,Equal,0,Equal
Principense,oˈpɐ̃,ˈpɐ̃w̃,o.ˈpɐ̃,ˈpɐ̃w̃,ˈpɐ̃,-,2,-,4,5,2,1,-1,Target,1,Source
Principense,piˈmɛ̃tɐ,piˈmẽtɐ,pi.ˈmɛ̃.tɐ,pi.ˈmẽ.tɐ,pi,pi,1,1,7,7,3,3,0,Equal,0,Equal
Principense,uˈsalu,ˈsal,u.ˈsa.lu,sal,lu,-,3,-,5,3,3,0,2,Source,3,Source
Principense,ˈsɔpɐ,ˈsopɐ,ˈsɔ.pɐ,ˈso.pɐ,pɐ,pɐ,2,2,4,4,2,2,0,Equal,0,Equal
Principense,ˈsuke,ɐˈsukaɾ,ˈsu.ke,ɐ.ˈsu.kaɾ,ke,kaɾ,2,3,4,6,2,3,-2,Target,-1,Target
Principense,ˈt̠ʃigu,ˈtɾigu,ˈt̠ʃi.gu,ˈtɾi.gu,ˈt̠ʃi,ˈtɾi,1,1,4,5,2,2,-1,Target,0,Equal
Principense,viˈnãge,viˈnagɾɨ,vi.ˈnã.ge,vi.ˈna.gɾɨ,vi,vi,1,1,6,7,3,3,-1,Target,0,Equal
Principense,iˈzet̠ʃi,ɐˈzɐjtɨ,i.ˈze.t̠ʃi,ɐ.ˈzɐj.tɨ,t̠ʃi,tɨ,3,3,5,6,3,3,-1,Target,0,Equal
Principense,ˈazɐ,ˈazɐ,ˈa.zɐ,ˈa.zɐ,zɐ,zɐ,2,2,3,3,2,2,0,Equal,0,Equal
Principense,ˈkamɐ,ʃˈkɐmɐ dɨ ˈpɐjʃɨ,ˈka.mɐ,ʃ.ˈkɐ.mɐ dɨ ˈpɐj.ʃɨ,mɐ,ʃɨ,2,6,4,14,2,4,-10,Target,-2,Target
Principense,ˈkõni,ˈkoɾnu,ˈkõ.ni,ˈkoɾ.nu,ˈkõ,ˈkoɾ,1,1,4,5,2,2,-1,Target,0,Equal
Principense,ˈpenɐ,ˈpelu,ˈpe.nɐ,ˈpe.lu,nɐ,lu,2,2,4,4,2,2,0,Equal,0,Equal
Principense,uˈrabu,ˈʀabu,u.ˈra.bu,ˈʀa.bu,bu,bu,3,2,5,4,3,2,1,Source,1,Source
Principense,ˈawɐuˈwe,ˈaguɐ dɨ ˈoʎu,ˈa.wɐ u.ˈwe,ˈa.guɐ dɨ ˈo.ʎu,ˈwe,ʎu,4,5,6,11,4,3,-5,Target,1,Source
Principense,ˈbwɛgɐ,bɐˈʀigɐ,ˈb.wɛ.gɐ,bɐ.ˈʀi.gɐ,gɐ,gɐ,3,3,5,6,3,3,-1,Target,0,Equal
Principense,biˈgɔdi,biˈgodɨ,biˈgɔ.di,bi.ˈgo.dɨ,di,dɨ,3,3,6,6,2,3,0,Equal,-1,Target
Principense,uˈba:su,ˈbɾasu,u.ˈba:.su,ˈbɾa.su,su,su,3,2,6,5,3,2,1,Source,1,Source
Principense,uˈbukɐ,ˈbokɐ,u.ˈbu.kɐ,ˈbo.kɐ,kɐ,kɐ,3,2,5,4,3,2,1,Source,1,Source
Principense,iˈdɛ̃t̠ʃɪ,ˈdẽtɨ,i.ˈdɛ̃.t̠ʃɪ,ˈdẽ.tɨ,t̠ʃɪ,tɨ,3,2,6,5,3,2,1,Source,1,Source
Principense,ˈfigadu,ˈfiɡɐdu,ˈfi.ga.du,ˈfi.gɐ.du,du,du,3,3,6,6,3,3,0,Equal,0,Equal
Principense,kaˈbɛlu,kɐˈbelu,ka.ˈbɛ.lu,kɐ.ˈbe.lu,lu,lu,3,3,6,6,3,3,0,Equal,0,Equal
Principense,kaˈbɛsɛ,kɐˈbesɐ,ka.ˈbɛ.sɛ,kɐ.ˈbe.sɐ,sɛ,sɐ,3,3,6,6,3,3,0,Equal,0,Equal
Principense,kaˈdja,ˈnadɨgɐʃ,ka.ˈdja,ˈna.dɨ.gɐʃ,ˈdja,gɐʃ,2,3,5,7,2,3,-2,Target,-1,Target
Principense,koˈko,pɨʃˈkosu,ko.ˈko,pɨʃ.ˈko.su,ˈko,su,2,3,4,7,2,3,-3,Target,-1,Target
Principense,kɔˈsɐ̃,kuɾɐˈsɐ̃w̃,kɔ.ˈsɐ̃,ku.ɾɐ.ˈsɐ̃w̃,ˈsɐ̃,ˈsɐ̃w̃,2,3,5,9,2,3,-4,Target,-1,Target
Principense,kuˈpi,ˈkuʃpu,ku.ˈpi,ˈkuʃ.pu,ˈpi,pu,2,2,4,5,2,2,-1,Target,0,Equal
Principense,ˈlũŋgɛ,ˈlĩɡuɐ,ˈlũŋ.gɛ,ˈlĩ.guɐ,gɛ,guɐ,2,2,6,5,2,3,1,Source,-1,Target
Principense,ˈmamɐ,ˈmɐmɐ,ˈma.mɐ,ˈmɐ.mɐ,mɐ,mɐ,1,2,4,4,2,2,0,Equal,0,Equal
Principense,uˈmɐ̃,ˈmɐ̃w̃,u.ˈmɐ̃,ˈmɐ̃w̃,ˈmɐ̃,-,2,-,4,5,2,1,-1,Target,1,Source
Principense,ˈmbigu,ũˈbigu,ˈmbi.gu,ũ.ˈbi.gu,gu,gu,2,3,5,6,2,3,-1,Target,-1,Target
Principense,ɔˈpɛ,ˈpɛ,ɔ.ˈpɛ,ˈpɛ,ˈpɛ,-,2,-,3,2,2,1,1,Source,1,Source
Principense,uˈrja,oˈɾɐʎɐ,u.ˈrja,o.ˈɾɐ.ʎɐ,ˈrja,ʎɐ,2,3,4,5,2,3,-1,Target,-1,Target
Principense,ˈɔsu,ˈosu,ˈɔ.su,ˈo.su,su,su,2,2,3,3,2,2,0,Equal,0,Equal
Principense,oˈze,ʒuˈɐʎu,o.ˈze,ʒu.ˈɐ.ʎu,ˈze,ʎu,2,3,3,5,2,3,-2,Target,-1,Target
Principense,ˈpɛli,ˈpelɨ,ˈpɛ.li,ˈpe.lɨ,li,lɨ,2,2,4,4,2,2,0,Equal,0,Equal
Principense,ˈpusu,ˈpulsu,ˈpu.su,ˈpul.su,su,su,2,2,4,5,2,2,-1,Target,0,Equal
Principense,puluˈmɐ̃,pulˈmɐ̃w̃,pu.lu.ˈmɐ̃,pul.ˈmɐ̃w̃,ˈmɐ̃,ˈmɐ̃w̃,3,2,7,8,3,2,-1,Target,1,Source
Principense,iˈriʃɪ,nɐˈɾiʃ,i.ˈri.ʃɪ,nɐ.ˈɾiʃ,ʃɪ,ˈɾiʃ,3,2,5,5,3,2,0,Equal,1,Source
Principense,ˈsɐ̃gɪ,ˈsɐ̃ɡɨ,ˈsɐ̃.gɪ,ˈsɐ̃.ɡɨ,gɪ,ɡɨ,2,2,5,5,2,2,0,Equal,0,Equal
Principense,ˈt̠ʃipɐ,ĩtɨʃˈtinu,ˈt̠ʃi.pɐ,ĩ.tɨʃ.ˈti.nu,pɐ,nu,2,4,4,9,2,4,-5,Target,-2,Target
Principense,uˈmuɲɐ,ˈuɲɐ,u.ˈmu.ɲɐ,ˈu.ɲɐ,ɲɐ,ɲɐ,3,2,5,3,3,2,2,Source,1,Source
Principense,ˈwe,ˈoʎu,ˈwe,ˈo.ʎu,-,ʎu,-,2,2,3,1,2,-1,Target,-1,Target
Principense,akaˈʀe,ˈsapu,a.ka.ˈʀe,ˈsa.pu,ˈʀe,pu,3,2,5,4,3,2,1,Source,1,Source
Principense,ˈbisu,ɐniˈmaɫ,ˈbi.su,ɐ.ni.ˈmaɫ,su,ˈmaɫ,2,3,4,6,2,3,-2,Target,-1,Target
Principense,uˈbweɔmi,ˈboj,u.ˈbwe.ɔ.mi,ˈboj,mi,-,4,-,7,3,4,1,4,Source,3,Source
Principense,ˈkabɐ,ˈkabɾɐ,ˈka.bɐ,ˈka.bɾɐ,bɐ,bɾɐ,2,2,4,5,2,2,-1,Target,0,Equal
Principense,kaˈso,kɐˈʃoʀu,ka.ˈso,kɐ.ˈʃo.ʀu,ˈso,ʀu,2,3,4,6,2,3,-2,Target,-1,Target
Principense,ˈkɔbɔ,ˈkɔbɾɐ,ˈkɔ.bɔ,ˈkɔ.bɾɐ,bɔ,bɾɐ,2,2,4,5,2,2,-1,Target,0,Equal
Principense,maˈkaku,mɐˈkaku,ma.ˈka.ku,mɐ.ˈka.ku,ku,ku,3,3,6,6,3,3,0,Equal,0,Equal
Principense,muˈsɛgu,muɾˈsegu,mu.ˈsɛ.gu,muɾ.ˈse.gu,gu,gu,3,3,6,7,3,3,-1,Target,0,Equal
Principense,giˈɲɐ̃,gɐˈliɲɐ,gi.ˈɲɐ̃,gɐ.ˈli.ɲɐ,ˈɲɐ̃,ɲɐ,3,3,5,6,2,3,-1,Target,-1,Target
Principense,ˈgasɐ,ˈgaɾsɐ,ˈga.sɐ,ˈgaɾ.sɐ,sɐ,sɐ,2,2,4,5,2,2,-1,Target,0,Equal
Principense,bẽˈku,taɾtɐˈɾugɐ ɐfɾiˈkɐnɐ,bẽ.ˈku,taɾ.tɐ.ˈɾu.gɐ ɐ.fɾi.ˈkɐ.nɐ,ku,nɐ,2,8,5,18,2,7,-13,Target,-5,Target
Principense,ˈpo:ko,ˈpoɾku,ˈpo:.ko,ˈpoɾ.ku,ko,ku,2,2,5,5,2,2,0,Equal,0,Equal
Principense,teˈtu:gɐ,taɾtɐˈɾugɐ,te.ˈtu:.gɐ,taɾ.tɐ.ˈɾu.gɐ,gɐ,gɐ,4,4,7,9,3,4,-2,Target,-1,Target
Principense,aˈmwe,ɐˈmoɾ,a.ˈmwe,ɐ.ˈmoɾ,ˈmwe,ˈmoɾ,2,2,4,4,2,2,0,Equal,0,Equal
Principense,ˈgɛ,ˈgɛʀɐ,ˈgɛ,ˈgɛ.ʀɐ,-,ʀɐ,-,2,2,4,1,2,-2,Target,-1,Target
Principense,ˈkalimɐ,ˈkalmɐ,ˈka.li.mɐ,ˈkal.mɐ,mɐ,mɐ,3,2,6,5,3,2,1,Source,1,Source
Principense,kɔˈraʒi,kuˈɾaʒɐ̃j̃,kɔ.ˈra.ʒi,ku.ˈɾa.ʒɐ̃j̃,ʒi,ʒɐ̃j̃,3,3,6,9,3,3,-3,Target,0,Equal
Principense,uˈrĩ,ʀuˈĩ,u.ˈrĩ,ʀu.ˈĩ,ˈrĩ,ˈĩ,2,2,4,4,2,2,0,Equal,0,Equal
Principense,madiˈsɐ̃,maldiˈsɐ̃w̃,ma.di.ˈsɐ̃,mal.di.ˈsɐ̃w̃,ˈsɐ̃,ˈsɐ̃w̃,3,3,7,10,3,3,-3,Target,0,Equal
Principense,pɛˈdɐ̃,pɨɾˈdɐ̃w̃,pɛ.ˈdɐ̃,pɨɾ.ˈdɐ̃w̃,ˈdɐ̃,ˈdɐ̃w̃,2,2,5,8,2,2,-3,Target,0,Equal
Principense,piˈgisɐ,pɾɨˈgisɐ,pi.ˈgi.sɐ,pɾɨ.ˈgi.sɐ,sɐ,sɐ,3,3,6,7,3,3,-1,Target,0,Equal
Principense,ˈrɛvɐ,ˈʀajvɐ,ˈrɛ.vɐ,ˈʀaj.vɐ,vɐ,vɐ,2,2,4,5,2,2,-1,Target,0,Equal
Principense,ˈsedɪ,ˈsedɨ,ˈse.dɪ,ˈse.dɨ,dɪ,dɨ,2,2,4,4,2,2,0,Equal,0,Equal
Principense,ˈsumi,siˈumɨʃ,ˈsu.mi,si.ˈu.mɨʃ,mi,mɨʃ,2,3,4,6,2,3,-2,Target,-1,Target
Principense,vɔˈgjɐ̃,vɨɾˈgoɲɐ,vɔ.ˈgjɐ̃,vɨɾ.ˈgo.ɲɐ,ˈgjɐ̃,ɲɐ,2,3,6,7,2,3,-1,Target,-1,Target
Principense,ˈweˈʃja,ĩˈvɐjʒɐ,ˈwe.ˈʃja,ĩ.ˈvɐj.ʒɐ,ˈʃja,ʒɐ,2,3,5,7,2,3,-2,Target,-1,Target
Principense,ˈbɐ̃:ku,ˈbɾɐ̃ku,ˈbɐ̃:.ku,ˈbɾɐ̃.ku,ku,ku,2,2,6,6,2,2,0,Equal,0,Equal
Principense,ˈko,ˈkoɾ,ˈko,ˈkoɾ,ˈko,ˈkoɾ,1,1,2,3,1,1,-1,Target,0,Equal
Principense,maˈrɛlu,ɐmɐˈɾelu,ma.ˈrɛ.lu,ɐ.mɐ.ˈɾe.lu,lu,lu,3,4,6,7,3,4,-1,Target,-1,Target
Principense,ˈpɛ:tu,ˈpɾetu,ˈpɛ:.tu,ˈpɾe.tu,tu,tu,2,2,5,5,2,2,0,Equal,0,Equal
Principense,ˈrɔzɐ,ˈʀozɐ,ˈrɔ.zɐ,ˈʀo.zɐ,zɐ,zɐ,2,2,4,4,2,2,0,Equal,0,Equal
Principense,ˈvede,ˈveɾdɨ,ˈve.de,ˈveɾ.dɨ,de,dɨ,2,2,4,5,2,2,-1,Target,0,Equal
Principense,veˈme,vɨɾˈmɐjʎu,ve.ˈme,vɨɾ.ˈmɐj.ʎu,ˈme,ʎu,2,3,4,8,2,3,-4,Target,-1,Target
Principense,ˈzulu,ɐˈzuɫ,ˈzu.lu,ɐ.ˈzuɫ,lu,ˈzuɫ,2,2,4,4,2,2,0,Equal,0,Equal
Principense,kaˈra,kɐɾɐ̃ˈgejʒu,ka.ˈra,kɐ.ɾɐ̃.ˈgej.ʒu,ka,kɐ,1,1,4,10,2,4,-6,Target,-2,Target
Principense,ˈkisaki,baʀɐˈkudɐ,ˈki.sa.ki,ba.ʀɐ.ˈku.dɐ,ˈki,ba,1,1,6,8,3,4,-2,Target,-1,Target
Principense,uˈgujɐ,ɐˈguʎɐ,u.ˈgu.jɐ,ɐ.ˈgu.ʎɐ,jɐ,ʎɐ,3,3,5,5,3,3,0,Equal,0,Equal
Principense,ˈiʃikɐ,ˈiʃkɐ,ˈiʃ.i.kɐ,ˈiʃ.kɐ,kɐ,kɐ,3,2,5,4,3,2,1,Source,1,Source
Principense,iˈze,kɐmɐˈɾɐ̃w̃,i.ˈze,kɐ.mɐ.ˈɾɐ̃w̃,ˈze,ˈɾɐ̃w̃,2,3,3,9,2,3,-6,Target,-1,Target
Principense,tuˈbɐ̃,tubɐˈɾɐ̃w̃,tu.ˈbɐ̃,tu.bɐ.ˈɾɐ̃w̃,ˈbɐ̃,ˈɾɐ̃w̃,2,3,5,9,2,3,-4,Target,-1,Target
Principense,ˈpeʃi,ˈpejʃɨ,ˈpe.ʃi,ˈpej.ʃɨ,ʃi,ʃɨ,2,2,4,5,2,2,-1,Target,0,Equal
Principense,voaˈdo,vuɐˈdoɾ,vo.a.ˈdo,vu.ɐ.ˈdoɾ,ˈdo,ˈdoɾ,3,3,5,6,3,3,-1,Target,0,Equal
Principense,ˈkusu,diaˈʀɐjɐ,ˈku.su,di.a.ˈʀɐj.ɐ,su,ɐ,2,4,4,7,2,4,-3,Target,-2,Target
Principense,biˈʃigɐ,vɐˈɾiulɐ,bi.ˈʃi.gɐ,vɐ.ˈɾi.u.lɐ,gɐ,lɐ,3,4,6,7,3,4,-1,Target,-1,Target
Principense,ˈdo,ˈdoɾ,ˈdo,ˈdoɾ,ˈdo,ˈdoɾ,1,1,2,3,1,1,-1,Target,0,Equal
Principense,ˈfɛbi,ˈfɛbɾɨ,ˈfɛ.bi,ˈfɛ.bɾɨ,bi,bɾɨ,2,2,4,5,2,2,-1,Target,0,Equal
Principense,ˈfi:dɐ,fɨˈɾidɐ,ˈfi:.dɐ,fɨ.ˈɾi.dɐ,dɐ,dɐ,3,3,5,6,2,3,-1,Target,-1,Target
Principense,ˈgɔmitu,vuˈmitu,ˈgɔ.mi.tu,vu.ˈmi.tu,tu,tu,3,3,6,6,3,3,0,Equal,0,Equal
Principense,ˈkutuˈkutu,sɐˈɾɐ̃pu,ˈku.tu.ˈku.tu,sɐ.ˈɾɐ̃.pu,tu,pu,4,3,8,7,4,3,1,Source,1,Source
Principense,uˈlalu,duˈẽsɐ dɨ ˈpelɨ,u.ˈla.lu,du.ˈẽ.sɐ dɨ ˈpe.lɨ,lu,lɨ,3,6,5,14,3,4,-9,Target,-1,Target
Principense,ˈlɛpɐ,ˈlɛpɾɐ,ˈlɛ.pɐ,ˈlɛ.pɾɐ,pɐ,pɾɐ,2,2,4,5,2,2,-1,Target,0,Equal
Principense,lɔ̃ˈbi:gɐ,lõˈbɾigɐ,lɔ̃.ˈbi:.gɐ,lõ.ˈbɾi.gɐ,gɐ,gɐ,3,3,8,8,3,3,0,Equal,0,Equal
Principense,ˈmaliˈbwɛgɐ,ˈmaɫ dɐ baˈʀigɐ,ˈma.li.ˈbwɛ.gɐ,ˈmaɫ dɐ ba.ˈʀi.gɐ,gɐ,gɐ,4,5,9,13,4,3,-4,Target,1,Source
Principense,ˈkura,ʀɨˈmɛdiu,ˈku.ra,ʀɨ.ˈmɛ.di.u,ra,u,2,4,4,7,2,4,-3,Target,-2,Target
Principense,ˈpɛʃt̠ʃi,ˈpeʃtɨ,ˈpɛʃ.t̠ʃi,ˈpeʃ.tɨ,t̠ʃi,tɨ,2,2,5,5,2,2,0,Equal,0,Equal
Principense,ˈpa:gɐ,ˈpɾagɐ,ˈpa:.gɐ,ˈpɾa.gɐ,gɐ,gɐ,2,2,5,5,2,2,0,Equal,0,Equal
Principense,ˈtɔʃi,ˈtosɨ,ˈtɔ.ʃi,ˈto.sɨ,ʃi,sɨ,2,2,4,4,2,2,0,Equal,0,Equal
Principense,baˈja,vɐjˈaɾ,ba.ˈja,vɐj.ˈaɾ,ˈja,ˈaɾ,2,2,4,5,2,2,-1,Target,0,Equal
Principense,ˈvwɛ,vɐˈʀeɾ,ˈvwɛ,vɐ.ˈʀeɾ,-,ˈʀeɾ,-,2,3,5,1,2,-2,Target,-1,Target
Principense,baˈna,ɐbɐˈnaɾ,ba.ˈna,ɐ.bɐ.ˈnaɾ,ˈna,ˈnaɾ,2,3,4,6,2,3,-2,Target,-1,Target
Principense,bɐ̃dɔˈna,ɐbɐ̃w̃duˈnaɾ,bɐ̃.dɔ.ˈna,ɐ.bɐ̃w̃.du.ˈnaɾ,ˈna,ˈnaɾ,3,4,7,11,3,4,-4,Target,-1,Target
Principense,ba:ˈga,dɨʃfɐˈzeɾ,ba:.ˈga,dɨʃ.fɐ.ˈzeɾ,ˈga,ˈzeɾ,2,3,5,8,2,3,-3,Target,-1,Target
Principense,baˈsa,ɐbajˈʃaɾ,ba.ˈsa,ɐ.baj.ˈʃaɾ,ˈsa,ˈʃaɾ,2,3,4,7,2,3,-3,Target,-1,Target
Principense,baˈte,bɐˈteɾ,ba.ˈte,bɐ.ˈteɾ,ˈte,ˈteɾ,2,2,4,5,2,2,-1,Target,0,Equal
Principense,ˈve,ˈveɾ,ˈve,ˈveɾ,ˈve,ˈveɾ,1,1,2,3,1,1,-1,Target,0,Equal
Principense,beˈbe,bɨˈbeɾ,be.ˈbe,bɨ.ˈbeɾ,ˈbe,ˈbeɾ,2,2,4,5,2,2,-1,Target,0,Equal
Principense,bɛ̃ˈza,bɐjˈʒaɾ,bɛ̃.ˈza,bɐj.ˈʒaɾ,ˈza,ˈʒaɾ,2,2,5,6,2,2,-1,Target,0,Equal
Principense,viˈka,ˈviɾ,vi.ˈka,ˈviɾ,ˈka,-,2,-,4,3,2,1,1,Source,1,Source
Principense,vɔˈta,vɔlˈtaɾ,vɔ.ˈta,vɔl.ˈtaɾ,ˈta,ˈtaɾ,2,2,4,6,2,2,-2,Target,0,Equal
Principense,ˈbi:,ɐˈbɾiɾ,ˈbi:,ɐ.ˈbɾiɾ,-,ˈbɾiɾ,-,2,3,5,1,2,-2,Target,-1,Target
Principense,biˈʃi,vɨʃˈtiɾ,bi.ˈʃi,vɨʃ.ˈtiɾ,ˈʃi,ˈtiɾ,2,2,4,6,2,2,-2,Target,0,Equal
Principense,ˈbje,kuziˈɲaɾ,ˈbje,ku.zi.ˈɲaɾ,-,ˈɲaɾ,-,3,3,7,1,3,-4,Target,-2,Target
Principense,bɔˈja,bojˈaɾ,bɔ.ˈja,boj.ˈaɾ,ˈja,ˈaɾ,2,2,4,5,2,2,-1,Target,0,Equal
Principense,buˈka,buʃˈkaɾ,bu.ˈka,buʃ.ˈkaɾ,ˈka,ˈkaɾ,2,2,4,6,2,2,-2,Target,0,Equal
Principense,buˈrja,ẽbɾuˈʎaɾ,bu.ˈrja,ẽ.bɾu.ˈʎaɾ,ˈrja,ˈʎaɾ,2,3,5,8,2,3,-3,Target,-1,Target
Principense,ˈda,ˈdaɾ,ˈda,ˈdaɾ,ˈda,ˈdaɾ,1,1,2,3,1,1,-1,Target,0,Equal
Principense,dɐ̃ˈsa,dɐ̃ˈsaɾ,dɐ̃.ˈsa,dɐ̃.ˈsaɾ,ˈsa,ˈsaɾ,2,2,5,6,2,2,-1,Target,0,Equal
Principense,de:ˈte,dɨʀɨˈteɾ,de:.ˈte,dɨ.ʀɨ.ˈteɾ,ˈte,ˈteɾ,2,3,5,7,2,3,-2,Target,-1,Target
Principense,diˈmi,duɾˈmiɾ,di.ˈmi,duɾ.ˈmiɾ,ˈmi,ˈmiɾ,2,2,4,6,2,2,-2,Target,0,Equal
Principense,ˈfa:,fɐˈlaɾ,ˈfa:.,fɐ.ˈlaɾ,-,ˈlaɾ,-,2,3,5,2,2,-2,Target,0,Equal
Principense,ˈfaˈlwɐ̃gu,mẽˈtiɾ,ˈfa.ˈlwɐ̃.gu,mẽ.ˈtiɾ,gu,ˈtiɾ,3,2,8,6,3,2,2,Source,1,Source
Principense,faˈta,falˈtaɾ,fa.ˈta,fal.ˈtaɾ,ˈta,ˈtaɾ,2,2,4,6,2,2,-2,Target,0,Equal
Principense,miˈza,uɾiˈnaɾ,mi.ˈza,u.ɾi.ˈnaɾ,ˈza,ˈnaɾ,2,3,4,6,2,3,-2,Target,-1,Target
Principense,fɛˈdɛ,fɨˈdeɾ,fɛ.ˈdɛ,fɨ.ˈdeɾ,ˈdɛ,ˈdeɾ,2,2,4,5,2,2,-1,Target,0,Equal
Principense,fiˈka,fiˈkaɾ,fi.ˈka,fi.ˈkaɾ,ˈka,ˈkaɾ,2,2,4,5,2,2,-1,Target,0,Equal
Principense,fɛˈga,ʃfɾɨˈgaɾ,fɛ.ˈga,ʃ.fɾɨ.ˈgaɾ,ˈga,ˈgaɾ,2,3,4,7,2,3,-3,Target,-1,Target
Principense,fɔˈga,fɔlˈgaɾ,fɔ.ˈga,fɔl.ˈgaɾ,ˈga,ˈgaɾ,2,2,4,6,2,2,-2,Target,0,Equal
Principense,fuˈma,dɨfuˈmaɾ,fu.ˈma,dɨ.fu.ˈmaɾ,ˈma,ˈmaɾ,2,3,4,7,2,3,-3,Target,-1,Target
Principense,fu:ˈta,ʀoˈbaɾ,fu:.ˈta,ʀo.ˈbaɾ,ˈta,ˈbaɾ,2,2,5,5,2,2,0,Equal,0,Equal
Principense,gɔˈgɔ,guʃˈtaɾ,gɔ.ˈgɔ,guʃ.ˈtaɾ,ˈgɔ,ˈtaɾ,2,2,4,6,2,2,-2,Target,0,Equal
Principense,waˈda,ʃpɨˈɾaɾ,wa.ˈda,ʃ.pɨ.ˈɾaɾ,ˈda,ˈɾaɾ,2,3,4,6,2,3,-2,Target,-1,Target
Principense,jɔˈgɔ,mɨʎuˈɾaɾ,jɔ.ˈgɔ,mɨ.ʎu.ˈɾaɾ,ˈgɔ,ˈɾaɾ,2,3,4,7,2,3,-3,Target,-1,Target
Principense,kaˈba,ɐkɐˈbaɾ,ka.ˈba,ɐ.kɐ.ˈbaɾ,ˈba,ˈbaɾ,2,3,4,6,2,3,-2,Target,-1,Target
Principense,koˈseˈpeʃɪ,ʃkɐˈmaɾ,ko.ˈse.ˈpe.ʃɪ,ʃ.kɐ.ˈmaɾ,ʃɪ,ˈmaɾ,4,3,8,6,4,3,2,Source,1,Source
Principense,kɐ̃ˈta,kɐ̃ˈtaɾ,kɐ̃.ˈta,kɐ̃.ˈtaɾ,ˈta,ˈtaɾ,2,2,5,6,2,2,-1,Target,0,Equal
Principense,kaˈza,kɐˈzaɾ,ka.ˈza,kɐ.ˈzaɾ,ˈza,ˈzaɾ,2,2,4,5,2,2,-1,Target,0,Equal
Principense,kɛˈba,kɨˈbɾaɾ,kɛ.ˈba,kɨ.ˈbɾaɾ,ˈba,ˈbɾaɾ,2,2,4,6,2,2,-2,Target,0,Equal
Principense,ˈke:,ˈkɾeɾ,ˈke:,ˈkɾeɾ,ˈke:,ˈkɾeɾ,1,1,3,4,1,1,-1,Target,0,Equal
Principense,kɛˈma,kejˈmaɾ,kɛ.ˈma,kej.ˈmaɾ,ˈma,ˈmaɾ,2,2,4,6,2,2,-2,Target,0,Equal
Principense,kjɛ̃ˈta,ʃkẽˈtaɾ,kjɛ̃.ˈta,ʃ.kẽ.ˈtaɾ,ˈta,ˈtaɾ,2,3,6,7,2,3,-1,Target,-1,Target
Principense,kjẽˈse,ʃkɨˈseɾ,kjẽ.ˈse,ʃ.kɨ.ˈseɾ,ˈse,ˈseɾ,2,3,6,6,2,3,0,Equal,-1,Target
Principense,ˈkje,kɐˈiɾ,ˈkje,kɐ.ˈiɾ,-,ˈiɾ,-,2,3,4,1,2,-1,Target,-1,Target
Principense,kaˈga,kɐʀɨˈgaɾ,ka.ˈga,kɐ.ʀɨ.ˈgaɾ,ˈga,ˈgaɾ,2,3,4,7,2,3,-3,Target,-1,Target
Principense,keˈse,kɾɨʃˈseɾ,ke.ˈse,kɾɨʃ.ˈseɾ,ˈse,ˈseɾ,2,2,4,7,2,2,-3,Target,0,Equal
Principense,koˈko,ʀɐʃˈpaɾ,ko.ˈko,ʀɐʃ.ˈpaɾ,ˈko,ˈpaɾ,2,2,4,6,2,2,-2,Target,0,Equal
Principense,kõˈde,ʃkõˈdeɾ,kõ.ˈde,ʃ.kõ.ˈdeɾ,ˈde,ˈdeɾ,2,3,4,7,2,3,-3,Target,-1,Target
Principense,kɔ̃ˈta,ẽkõˈtɾaɾ,kɔ̃.ˈta,ẽ.kõ.ˈtɾaɾ,ˈta,ˈtɾaɾ,2,3,5,9,2,3,-4,Target,-1,Target
Principense,koˈre,ku'ʀeɾ,ko.ˈre,ku.'ʀeɾ,ˈre,ʀeɾ,2,2,4,6,2,2,-2,Target,0,Equal
Principense,kɔˈta,kuɾˈtaɾ,kɔ.ˈta,kuɾ.ˈtaɾ,ˈta,ˈtaɾ,2,2,4,6,2,2,-2,Target,0,Equal
Principense,kɔˈsa,kuˈsaɾ,kɔ.ˈsa,ku.ˈsaɾ,ˈsa,ˈsaɾ,2,2,4,5,2,2,-1,Target,0,Equal
Principense,koˈze,kuˈzeɾ,ko.ˈze,ku.ˈzeɾ,ˈze,ˈzeɾ,2,2,4,5,2,2,-1,Target,0,Equal
Principense,kuˈbi,kuˈbɾiɾ,ku.ˈbi,ku.ˈbɾiɾ,ˈbi,ˈbɾiɾ,2,2,4,6,2,2,-2,Target,0,Equal
Principense,kuˈda,kujˈdaɾ,ku.ˈda,kuj.ˈdaɾ,ku,kuj,1,1,4,6,2,2,-2,Target,0,Equal
Principense,kuˈdi,ɐkuˈdiɾ,ku.ˈdi,ɐ.ku.ˈdiɾ,ˈdi,ˈdiɾ,2,3,4,6,2,3,-2,Target,-1,Target
Principense,kuˈpa,kulˈpaɾ,ku.ˈpa,kul.ˈpaɾ,ˈpa,ˈpaɾ,2,2,4,6,2,2,-2,Target,0,Equal
Principense,kuˈmɛ,kuˈmeɾ,ku.ˈmɛ,ku.ˈmeɾ,ˈmɛ,ˈmeɾ,2,2,4,5,2,2,-1,Target,0,Equal
Principense,kuˈpi,kuʃˈpiɾ,ku.ˈpi,kuʃ.ˈpiɾ,ˈpi,ˈpiɾ,2,2,4,6,2,2,-2,Target,0,Equal
Principense,kuˈra,kuˈɾaɾ,ku.ˈra,ku.ˈɾaɾ,ˈra,ˈɾaɾ,2,2,4,5,2,2,-1,Target,0,Equal
Principense,kuˈʒi,kuˈzeɾ,ku.ˈʒi,ku.ˈzeɾ,ˈʒi,ˈzeɾ,2,2,4,5,2,2,-1,Target,0,Equal
Principense,laˈva,lɐˈvaɾ,la.ˈva,lɐ.ˈvaɾ,ˈva,ˈvaɾ,2,2,4,5,2,2,-1,Target,0,Equal
Principense,lɐ̃ˈda,nɐˈdaɾ,lɐ̃.ˈda,nɐ.ˈdaɾ,ˈda,ˈdaɾ,2,2,5,5,2,2,0,Equal,0,Equal
Principense,lɐ̃ˈsa,lɐ̃ˈsaɾ,lɐ̃.ˈsa,lɐ̃.ˈsaɾ,ˈsa,ˈsaɾ,2,2,5,6,2,2,-1,Target,0,Equal
Principense,laˈta,lɨvɐ̃ˈtaɾ,la.ˈta,lɨ.vɐ̃.ˈtaɾ,ˈta,ˈtaɾ,2,3,4,8,2,3,-4,Target,-1,Target
Principense,lɔˈlɔ,lɐ̃ˈbeɾ,lɔ.ˈlɔ,lɐ̃.ˈbeɾ,ˈlɔ,ˈbeɾ,2,2,4,6,2,2,-2,Target,0,Equal
Principense,luˈʒi,luˈziɾ,lu.ˈʒi,lu.ˈziɾ,ˈʒi,ˈziɾ,2,2,4,5,2,2,-1,Target,0,Equal
Principense,maˈra,ɐmaˈʀaɾ,ma.ˈra,ɐ.ma.ˈʀaɾ,ˈra,ˈʀaɾ,2,3,4,6,2,3,-2,Target,-1,Target
Principense,ˈmɛ̃du,tɾɨˈmẽdu,ˈmɛ̃.du,tɾɨ.ˈmẽ.du,du,du,2,3,5,8,2,3,-3,Target,-1,Target
Principense,meˈse,mɨɾɨˈseɾ,me.ˈse,mɨ.ɾɨ.ˈseɾ,ˈse,ˈseɾ,2,3,4,7,2,3,-3,Target,-1,Target
Principense,mĩˈgwa,mĩˈgwaɾ,mĩ.ˈgwa,mĩ.ˈgwaɾ,ˈgwa,ˈgwaɾ,2,2,6,7,2,2,-1,Target,0,Equal
Principense,moˈde,muɾˈdeɾ,mo.ˈde,muɾ.ˈdeɾ,ˈde,ˈdeɾ,2,2,4,6,2,2,-2,Target,0,Equal
Principense,ˈgɐ̃,gɐˈɲaɾ,ˈgɐ̃,gɐ.ˈɲaɾ,-,ˈɲaɾ,-,2,3,5,1,2,-2,Target,-1,Target
Principense,ŋgɔˈma,ẽguˈmaɾ,ŋgɔ.ˈma,ẽ.gu.ˈmaɾ,ˈma,ˈmaɾ,2,3,5,7,2,3,-2,Target,-1,Target
Principense,gumiˈta,vumiˈtaɾ,gu.mi.ˈta,vu.mi.ˈtaɾ,ˈta,ˈtaɾ,3,3,6,7,3,3,-1,Target,0,Equal
Principense,ntɛˈra,ẽtɨˈʀaɾ,ntɛ.ˈra,ẽ.tɨ.ˈʀaɾ,ˈra,ˈʀaɾ,2,3,5,7,2,3,-2,Target,-1,Target
Principense,obiˈga,obɾiˈgaɾ,o.bi.ˈga,o.bɾi.ˈgaɾ,ˈga,ˈgaɾ,3,3,5,7,3,3,-2,Target,0,Equal
Principense,paˈga,ɐpɐˈgaɾ,pa.ˈga,ɐ.pɐ.ˈgaɾ,ˈga,ˈgaɾ,2,3,4,6,2,3,-2,Target,-1,Target
Principense,paˈpa,pɐˈpaɾ,pa.ˈpa,pɐ.ˈpaɾ,ˈpa,ˈpaɾ,2,2,4,5,2,2,-1,Target,0,Equal
Principense,pareˈse,ɐpɐɾɨˈseɾ,pa.re.ˈse,ɐ.pɐ.ɾɨ.ˈseɾ,ˈse,ˈseɾ,3,4,6,8,3,4,-2,Target,-1,Target
Principense,piˈdi,pɨˈdiɾ,pi.ˈdi,pɨ.ˈdiɾ,ˈdi,ˈdiɾ,2,2,4,5,2,2,-1,Target,0,Equal
Principense,piˈka,piˈkaɾ,pi.ˈka,pi.ˈkaɾ,ˈka,ˈkaɾ,2,2,4,5,2,2,-1,Target,0,Equal
Principense,pĩˈsa,ẽpuˈʀaɾ,pĩ.ˈsa,ẽ.pu.ˈʀaɾ,ˈsa,ˈʀaɾ,2,3,5,7,2,3,-2,Target,-1,Target
Principense,pɛˈga,pɾɨˈgaɾ,pɛ.ˈga,pɾɨ.ˈgaɾ,ˈga,ˈgaɾ,2,2,4,6,2,2,-2,Target,0,Equal
Principense,peˈde,pɨɾˈdeɾ,pe.ˈde,pɨɾ.ˈdeɾ,ˈde,ˈdeɾ,2,2,4,6,2,2,-2,Target,0,Equal
Principense,pɛˈsa,ẽpɾɨʃˈtaɾ,pɛ.ˈsa,ẽ.pɾɨʃ.ˈtaɾ,ˈsa,ˈtaɾ,2,3,4,9,2,3,-5,Target,-1,Target
Principense,pu:ˈga,puɾ'gaɾ,pu:.ˈga,puɾ.ˈgaɾ,ˈga,ˈgaɾ,2,2,5,7,2,2,-2,Target,0,Equal
Principense,raˈla,ʀɐˈlaɾ,ra.ˈla,ʀɐ.ˈlaɾ,ˈla,ˈlaɾ,2,2,4,5,2,2,-1,Target,0,Equal
Principense,rɐ̃ˈka,aʀɐ̃ˈkaɾ,rɐ̃.ˈka,a.ʀɐ̃.ˈkaɾ,ˈka,ˈkaɾ,2,3,5,7,2,3,-2,Target,-1,Target
Principense,rɛˈma,ʀɨˈmaɾ,rɛ.ˈma,ʀɨ.ˈmaɾ,ˈma,ˈmaɾ,2,2,4,5,2,2,-1,Target,0,Equal
Principense,reˈge,iɾˈgeɾ,re.ˈge,iɾ.ˈgeɾ,re,iɾ,1,1,4,5,2,2,-1,Target,0,Equal
Principense,rɔ̃ˈka,ʀõˈkaɾ,rɔ̃.ˈka,ʀõ.ˈkaɾ,ˈka,ˈkaɾ,2,2,5,6,2,2,-1,Target,0,Equal
Principense,ruˈma,aʀuˈmaɾ,ru.ˈma,a.ʀu.ˈmaɾ,ˈma,ˈmaɾ,2,3,4,6,2,3,-2,Target,-1,Target
Principense,saˈgwa,ẽʃɐˈgwaɾ,sa.ˈgwa,ẽ.ʃɐ.ˈgwaɾ,ˈgwa,ˈgwaɾ,2,3,5,8,2,3,-3,Target,-1,Target
Principense,ˈsa:,puˈʃaɾ,ˈsa:,pu.ˈʃaɾ,ˈsa:,pu,1,1,3,5,1,2,-2,Target,-1,Target
Principense,sakuˈdi,ɐʒiˈtaɾ,sa.ku.ˈdi,ɐ.ʒi.ˈtaɾ,ˈdi,ˈtaɾ,3,3,6,6,3,3,0,Equal,0,Equal
Principense,saˈga,salˈgaɾ,sa.ˈga,sal.ˈgaɾ,sa,sal,1,1,4,6,2,2,-2,Target,0,Equal
Principense,saˈta,salˈtaɾ,sa.ˈta,sal.ˈtaɾ,ˈta,ˈtaɾ,2,2,4,6,2,2,-2,Target,0,Equal
Principense,saˈva,salˈvaɾ,sa.ˈva,sal.ˈvaɾ,sa,sal,1,1,4,6,2,2,-2,Target,0,Equal
Principense,saˈma,t̠ʃɐˈmaɾ,sa.ˈma,t̠ʃɐ.ˈmaɾ,ˈma,ˈmaɾ,2,2,4,5,2,2,-1,Target,0,Equal
Principense,seˈgwa,sɨɡuˈɾaɾ,se.ˈgwa,sɨ.ɡu.ˈɾaɾ,se,sɨ,1,1,5,7,2,3,-2,Target,-1,Target
Principense,sẽˈde,ɐsẽˈdeɾ,sẽ.ˈde,ɐ.sẽ.ˈdeɾ,ˈde,ˈdeɾ,2,3,5,7,2,3,-2,Target,-1,Target
Principense,sɛˈra,ʃɐjˈɾaɾ,sɛ.ˈra,ʃɐj.ˈɾaɾ,sɛ,ʃɐj,1,1,4,6,2,2,-2,Target,0,Equal
Principense,ʃiˈga,ʃɨˈɡaɾ,ʃi.ˈga,ʃɨ.ˈɡaɾ,ˈga,ˈɡaɾ,2,2,4,5,2,2,-1,Target,0,Equal
Principense,ʃikaˈpa,ʃkɐˈpaɾ,ʃi.ka.ˈpa,ʃ.kɐ.ˈpaɾ,ʃi,ʃ,1,1,6,6,3,3,0,Equal,0,Equal
Principense,ʃikeˈve,ʃkɾɨˈveɾ,ʃi.ke.ˈve,ʃ.kɾɨ.ˈveɾ,ˈve,ˈveɾ,3,3,6,7,3,3,-1,Target,0,Equal
Principense,ʃiˈmja,sɨmiˈaɾ,ʃi.ˈmja,sɨ.mi.ˈaɾ,ʃi,sɨ,1,1,5,6,2,3,-1,Target,-1,Target
Principense,ˈgo,ʃuˈɾaɾ,ˈgo,ʃu.ˈɾaɾ,-,ˈɾaɾ,-,2,2,5,1,2,-3,Target,-1,Target
Principense,sɔ̃mˈba,ɐsõˈbɾaɾ,sɔ̃m.ˈba,ɐ.sõ.ˈbɾaɾ,sɔ̃m,ɐ,1,1,6,8,2,3,-2,Target,-1,Target
Principense,sɔˈpa,suˈpɾaɾ,sɔ.ˈpa,su.ˈpɾaɾ,ˈpa,ˈpɾaɾ,2,2,4,6,2,2,-2,Target,0,Equal
Principense,suˈbi,suˈbiɾ,su.ˈbi,su.ˈbiɾ,su,su,1,1,4,5,2,2,-1,Target,0,Equal
Principense,suˈga,ẽʃuˈgaɾ,su.ˈga,ẽ.ʃu.ˈgaɾ,ˈga,ˈgaɾ,2,3,4,7,2,3,-3,Target,-1,Target
Principense,suˈpa,ʃuˈpaɾ,su.ˈpa,ʃu.ˈpaɾ,su,ʃu,1,1,4,5,2,2,-1,Target,0,Equal
Principense,ˈswa,suˈaɾ,ˈswa,su.ˈaɾ,-,ˈaɾ,-,2,3,4,1,2,-1,Target,-1,Target
Principense,tuˈsɐ̃,sẽˈtaɾ,tu.ˈsɐ̃,sẽ.ˈtaɾ,tu.ˈsɐ̃,sẽ,1,1,5,6,2,2,-1,Target,0,Equal
Principense,ˈte,ˈteɾ,ˈte,ˈteɾ,ˈte,ˈteɾ,1,1,2,3,1,1,-1,Target,0,Equal
Principense,tẽˈde,oˈviɾ,tẽ.ˈde,o.ˈviɾ,tẽ,o,1,1,5,4,2,2,1,Source,0,Equal
Principense,ˈt̠ʃa,tiˈɾaɾ,ˈt̠ʃa,ti.ˈɾaɾ,-,ˈɾaɾ,-,2,2,5,1,2,-3,Target,-1,Target
Principense,tɔˈbja,tɾɐbɐˈʎaɾ,tɔ.ˈbja,tɾɐ.bɐ.ˈʎaɾ,tɔ,tɾɐ,1,1,5,8,2,3,-3,Target,-1,Target
Principense,tɔˈra,tuˈʀaɾ,tɔ.ˈra,tu.ˈʀaɾ,ˈra,ˈʀaɾ,2,2,4,5,2,2,-1,Target,0,Equal
Principense,zuˈda,ɐʒuˈdaɾ,zu.ˈda,ɐ.ʒu.ˈdaɾ,zu,ɐ,1,1,4,6,2,3,-2,Target,-1,Target
Principense,fiˈmĩgɐ,fuɾˈmigɐ,fi.ˈmĩ.gɐ,fuɾ.ˈmi.gɐ,gɐ,gɐ,3,3,7,7,3,3,0,Equal,0,Equal
Principense,iˈdu,piˈoʎu,i.ˈdu,pi.ˈo.ʎu,i,pi,1,1,3,5,2,3,-2,Target,-1,Target
Principense,sɛ̃ˈkwa,pɨɾsɨˈvɐjʒu,sɛ̃.ˈkwa,pɨɾ.sɨ.ˈvɐj.ʒu,ˈkwa,ʒu,2,4,6,10,2,4,-4,Target,-2,Target
Principense,bũˈbu,ɐˈbɐʎɐ,bũ.ˈbu,ɐ.ˈbɐ.ʎɐ,bũ,ɐ,1,1,5,5,2,3,0,Equal,-1,Target
Principense,deˈfũtu,dɨˈfũtu,de.ˈfũ.tu,dɨ.ˈfũ.tu,tu,tu,3,3,7,7,3,3,0,Equal,0,Equal
Principense,ˈbwɛvɐ,ˈgɛmiu,ˈbwɛ.vɐ,ˈgɛ.mi.u,ˈbwɛ,ˈgɛ,1,1,5,5,2,3,0,Equal,-1,Target
Principense,ˈminu,mɨˈninu,ˈmi.nu,mɨ.ˈni.nu,nu,nu,2,3,4,6,2,3,-2,Target,-1,Target
Principense,ˈmjɛ,muˈʎeɾ,ˈmjɛ,mu.ˈʎeɾ,ˈmjɛ,mu,1,1,3,5,1,2,-2,Target,-1,Target
Principense,nĩˈŋge,alˈgɐ̃j̃,nĩ.ˈŋge,al.ˈgɐ̃j̃,ˈŋge,gɐ̃j̃,2,2,6,7,2,2,-1,Target,0,Equal
Principense,ɔˈmi,ˈomɐ̃j̃,ɔ.ˈmi,ˈo.mɐ̃j̃,ˈmi,mɐ̃j̃,2,2,3,6,2,2,-3,Target,0,Equal
Principense,viˈd̠ʒĩ,viˈziɲu,vi.ˈd̠ʒĩ,vi.ˈzi.ɲu,ˈd̠ʒĩ,ɲu,2,3,5,6,2,3,-1,Target,-1,Target
Principense,aʀimɐ̃ˈzɛ̃,aɾmɐˈzɐ̃j̃,a.ʀi.mɐ̃.ˈzɛ̃,aɾ.mɐ.ˈzɐ̃j̃,a,aɾ,1,1,9,9,4,3,0,Equal,1,Source
Principense,ˈpɔ̃t̠ʃivaˈpo,ˈkajʃ,ˈpɔ̃.t̠ʃi.va ˈpo,ˈkajʃ,ˈpo,-,4,-,9,4,4,1,5,Source,3,Source
Principense,ˈfja,ˈfejɾɐ,ˈfja,ˈfej.ɾɐ,ˈfja,ˈfej,1,1,3,5,1,2,-2,Target,-1,Target
Principense,ˈge:zɐ,iˈgɾɐjʒɐ,ˈge:.zɐ,i.ˈgɾɐj.ʒɐ,zɐ,ʒɐ,2,3,5,7,2,3,-2,Target,-1,Target
Principense,kaˈd̠ʒja,kɐˈdejɐ,ka.ˈd̠ʒja,kɐ.ˈdej.ɐ,ka,kɐ,1,1,5,6,2,3,-1,Target,-1,Target
Principense,ˈkaʃi,ˈkazɐ,ˈka.ʃi,ˈka.zɐ,ˈka,ˈka,1,1,4,4,2,2,0,Equal,0,Equal
Principense,oˈvjo,fluˈɾeʃtɐ,o.ˈvjo,flu.ˈɾeʃ.tɐ,o,flu,1,1,4,8,2,3,-4,Target,-1,Target
Principense,kuˈʃɐ̃,kuˈziɲɐ,ku.ˈʃɐ̃,ku.ˈzi.ɲɐ,ˈʃɐ̃,ɲɐ,2,3,5,6,2,3,-1,Target,-1,Target
Principense,uˈkwatu,ˈkwaɾtu,u.ˈkwa.tu,ˈkwaɾ.tu,u,ˈkwaɾ,1,1,6,6,3,2,0,Equal,1,Source
Principense,ˈugɐ,ˈʀuɐ,ˈugɐ,ˈʀu.ɐ,-,ɐ,-,2,3,3,1,2,0,Equal,-1,Target
Principense,ˈmuro,ˈmuɾu,ˈmu.ro,ˈmu.ɾu,ˈmu,ˈmu,1,1,4,4,2,2,0,Equal,0,Equal
Principense,ˈpa:sɐ,ˈpɾasɐ,ˈpa:.sɐ,ˈpɾa.sɐ,sɐ,sɐ,2,2,5,5,2,2,0,Equal,0,Equal
Principense,pɔˈsɐ̃,puvuɐˈsɐ̃w̃,pɔ.ˈsɐ̃,pu.vu.ɐ.ˈsɐ̃w̃,pɔ,pu,1,1,5,10,2,4,-5,Target,-2,Target
Principense,pɔˈtɐ̃ˈga:ni,puɾˈtɐ̃w̃,pɔ.ˈtɐ̃ ˈga:.ni,puɾ.ˈtɐ̃w̃,ni,ˈtɐ̃w̃,4,2,10,8,4,2,2,Source,2,Source
Principense,ˈsalɐ,ˈsalɐ,ˈsa.lɐ,ˈsa.lɐ,ˈsa,ˈsa,1,1,4,4,2,2,0,Equal,0,Equal
Principense,sɐ̃ˈzalɐ,sẽˈzalɐ,sɐ̃.ˈza.lɐ,sẽ.ˈza.lɐ,lɐ,lɐ,3,3,7,7,3,3,0,Equal,0,Equal
Principense,ʃimĩˈtɛw,sɨmiˈtɛɾiu,ʃi.mĩ.ˈtɛw,sɨ.mi.ˈtɛ.ɾi.u,ʃi,sɨ,1,1,8,9,3,5,-1,Target,-2,Target
Principense,ˈto,ˈtoʀɨ,ˈto,ˈto.ʀɨ,-,ʀɨ,-,2,2,4,1,2,-2,Target,-1,Target
Principense,uˈfɛw,ˈfɛʀu,u.ˈfɛw,ˈfɛ.ʀu,u,ˈfɛ,1,1,4,4,2,2,0,Equal,0,Equal
Principense,ˈoro,ˈoɾu,ˈo.ro,ˈo.ɾu,ro,ɾu,2,2,3,3,2,2,0,Equal,0,Equal
Principense,ˈpa:tɐ,ˈpɾatɐ,ˈpa:.tɐ,ˈpɾa.tɐ,ˈpa:,ˈpɾa,1,1,5,5,2,2,0,Equal,0,Equal
Principense,ˈsũbu,ˈʃũbu,ˈsũ.bu,ˈʃũ.bu,bu,bu,2,2,5,5,2,2,0,Equal,0,Equal
Principense,aˈrja,ɐˈɾɐjɐ,a.ˈrja,ɐ.ˈɾɐj.ɐ,a,ɐ,1,1,4,5,2,3,-1,Target,-1,Target
Principense,ˈaruku,ˈaɾku ˈiɾɨʃ,ˈa.ru.ku,ˈaɾ.ku ˈi.ɾɨʃ,ku,ɾɨʃ,3,4,5,9,3,3,-4,Target,0,Equal
Principense,uˈbaw,ˈbaʀu,u.ˈbaw,ˈba.ʀu,u,ˈba,1,1,4,4,2,2,0,Equal,0,Equal
Principense,uˈbudu,ˈpedɾɐ,u.ˈbu.du,ˈpe.dɾɐ,ˈbu,-,2,-,5,5,3,2,0,Equal,1,Source
Principense,ˈfjo,ˈfɾiu,ˈfjo,ˈfɾi.u,ˈfjo,ˈfɾi,1,1,3,4,1,2,-1,Target,-1,Target
Principense,igiˈgu,fuˈmaɾ,i.gi.ˈgu,fu.ˈmaɾ,ˈgu,ˈmaɾ,3,2,5,5,3,2,0,Equal,1,Source
Principense,ˈiɛ,ˈiʎɐ,ˈiɛ,ˈi.ʎɐ,ˈiɛ,ˈi,1,1,2,3,1,2,-1,Target,-1,Target
Principense,kaˈlo,kɐˈloɾ,ka.ˈlo,kɐ.ˈloɾ,ˈlo,ˈloɾ,2,2,4,5,2,2,-1,Target,0,Equal
Principense,iˈbi,kaɾˈvɐ̃w̃,i.ˈbi,kaɾ.ˈvɐ̃w̃,i,kaɾ,1,1,3,8,2,2,-5,Target,0,Equal
Principense,mjɐ̃ˈmja,ʀɨˈlɐ̃pɐgu,mjɐ̃.ˈmja,ʀɨ.ˈlɐ̃.pɐ.gu,ˈmja,gu,2,4,7,9,2,4,-2,Target,-2,Target
Principense,ˈnovi,ˈnuvɐ̃j̃,ˈno.vi,ˈnu.vɐ̃j̃,ˈno,ˈnu,1,1,4,7,2,2,-3,Target,0,Equal
Principense,uˈnwa,ˈluɐ,u.ˈnwa,ˈlu.ɐ,ˈnwa,ɐ,2,2,4,3,2,2,1,Source,0,Equal
Principense,iˈɲɐ̃,ˈlɐɲɐ,i.ˈɲɐ̃,ˈlɐ.ɲɐ,i,ˈlɐ,1,1,4,4,2,2,0,Equal,0,Equal
Principense,oˈmwe,ˈmaɾ,o.ˈmwe,ˈmaɾ,ˈmwe,-,2,-,4,3,2,1,1,Source,1,Source
Principense,ɔˈpɔ,ˈpɔ,ɔ.ˈpɔ,ˈpɔ,ɔ,ˈpɔ,1,1,3,2,2,1,1,Source,1,Source
Principense,oˈrjo,ˈʀiu,o.ˈrjo,ˈʀi.u,ˈrjo,u,2,2,4,3,2,2,1,Source,0,Equal
Principense,ɔˈsɛ,ˈsɛw,ɔ.ˈsɛ,ˈsɛw,ɔ,ˈsɛw,1,1,3,3,2,1,0,Equal,1,Source
Principense,uˈpiku,ˈpiku,u.ˈpi.ku,ˈpi.ku,ku,ku,3,2,5,4,3,2,1,Source,1,Source
Principense,rɔˈvwɛ,oɾˈvaʎu,rɔ.ˈvwɛ,oɾ.ˈva.ʎu,rɔ,oɾ,1,1,5,6,2,3,-1,Target,-1,Target
Principense,uˈsɔlu,ˈsɔl,u.ˈsɔ.lu,ˈsɔl,lu,-,3,-,5,3,3,1,2,Source,2,Source
Principense,ʃˈtɛlɐ,ʃˈtɾelɐ,ʃ.ˈtɛ.lɐ,ʃ.ˈtɾe.lɐ,ʃ,ʃ,1,1,5,6,3,3,-1,Target,0,Equal
Principense,uˈsuvɐ,ˈʃuvɐ,u.ˈsu.vɐ,ˈʃu.vɐ,vɐ,vɐ,3,2,5,4,3,2,1,Source,1,Source
Principense,ˈtɛ,ˈteʀɐ,ˈtɛ,ˈte.ʀɐ,ˈtɛ,ˈte,1,1,2,4,1,2,-2,Target,-1,Target
Principense,toˈvadɐ,tɾuvuˈadɐ,to.ˈva.dɐ,tɾu.vu.ˈa.dɐ,dɐ,dɐ,3,4,6,8,3,4,-2,Target,-1,Target
Principense,uˈvɛ̃tu,ˈvẽtu,u.ˈvɛ̃.tu,ˈvẽ.tu,u,ˈvẽ,1,1,6,4,3,2,2,Source,1,Source
Principense,aˈre,ˈʀɐj,a.ˈre,ˈʀɐj,ˈre,-,2,-,3,3,2,1,0,Equal,1,Source
Principense,doˈto,ˈmɛdiku,do.ˈto,ˈmɛ.di.ku,ˈto,ku,2,3,4,6,2,3,-2,Target,-1,Target
Principense,kapĩˈtew,kɐɾpĩˈtejɾu,ka.pĩ.ˈtew,kɐɾ.pĩ.ˈtej.ɾu,ka,kɐɾ,1,1,8,11,3,4,-3,Target,-1,Target
Principense,piʃikaˈdo,pɨʃkɐˈdoɾ,pi.ʃi.ka.ˈdo,pɨʃ.kɐ.ˈdoɾ,ˈdo,ˈdoɾ,4,3,8,8,4,3,0,Equal,1,Source
Principense,ˈrãɲɐ,ʀɐˈiɲɐ,ˈrã.ɲɐ,ʀɐ.ˈi.ɲɐ,ˈrã,ʀɐ,1,1,4,5,2,3,-1,Target,-1,Target
Principense,sapaˈtew,sɐpɐˈtejɾu,sa.pa.ˈtew,sɐ.pɐ.ˈtej.ɾu,ˈtew,ɾu,3,4,7,9,3,4,-2,Target,-1,Target
Principense,sɔˈdadi,sɔlˈdadu,sɔ.ˈda.di,sɔl.ˈda.du,sɔ,sɔl,1,1,6,7,3,3,-1,Target,0,Equal
Principense,bizaˈvɔ,bizɐˈvɔ,bi.za.ˈvɔ,bi.zɐ.ˈvɔ,ˈvɔ,ˈvɔ,3,3,6,6,3,3,0,Equal,0,Equal
Principense,bizaˈvo,bizɐˈvo,bi.zɐ.ˈvo,bi.zɐ.ˈvo,bi,bi,1,1,6,6,3,3,0,Equal,0,Equal
Principense,kɔtɐˈbwɛgɐ,ˈʒovɐ̃j̃,kɔ.tɐ.ˈbwɛ.gɐ,ˈʒo.vɐ̃j̃,gɐ,vɐ̃j̃,4,2,9,7,4,2,2,Source,2,Source
Principense,kuˈɲadɐ,kuˈɲadɐ,ku.ˈɲa.dɐ,ku.ˈɲa.dɐ,ku,ku,1,1,6,6,3,3,0,Equal,0,Equal
Principense,kuˈɲadu,kuˈɲadu,ku.ˈɲa.du,ku.ˈɲa.du,du,du,3,3,6,6,3,3,0,Equal,0,Equal
Principense,maˈma,mɐˈmɐ̃,ma.ˈma,mɐ.ˈmɐ̃,ma,mɐ,1,1,4,5,2,2,-1,Target,0,Equal
Principense,ˈmanɐ,iɾˈmɐ̃,ˈma.nɐ,iɾ.ˈmɐ̃,nɐ,ˈmɐ̃,2,2,4,5,2,2,-1,Target,0,Equal
Principense,ˈmanu,iɾˈmɐ̃w̃,ˈma.nu,iɾ.ˈmɐ̃w̃,ˈma,iɾ,1,1,4,7,2,2,-3,Target,0,Equal
Principense,ˈma:du,mɐˈɾidu,ˈma:.du,mɐ.ˈɾi.du,du,du,2,3,5,6,2,3,-1,Target,-1,Target
Principense,ˈdɐ̃ma,ʃˈpozɐ,ˈdɐ̃.ma,ʃ.ˈpo.zɐ,ma,zɐ,2,3,5,5,2,3,0,Equal,-1,Target
Principense,paˈpa,ˈpaj,pa.ˈpa,ˈpaj,pa,ˈpaj,1,1,4,3,2,1,1,Source,1,Source
Principense,ˈt̠ʃio,ˈtiu,ˈt̠ʃi.o,ˈti.u,o,u,2,2,3,3,2,2,0,Equal,0,Equal
Principense,ˈvjuvɐ,ˈviuvɐ,ˈvju.vɐ,ˈvi.u.vɐ,ˈvju,ˈvi,1,1,5,5,2,3,0,Equal,-1,Target
Principense,aˈmi,ˈew,a.ˈmi,ˈew,ˈmi,-,2,-,3,2,2,1,1,Source,1,Source
Principense,ˈeli,ˈelɨ,ˈe.li,ˈe.lɨ,ˈe,ˈe,1,1,3,3,2,2,0,Equal,0,Equal
Principense,ˈinɛ,ˈelɨʃ,ˈi.nɛ,ˈe.lɨʃ,nɛ,lɨʃ,2,2,3,4,2,2,-1,Target,0,Equal
Principense,ˈkõ,ˈkõ,ˈkõ,ˈkõ,ˈkõ,ˈkõ,1,1,2,2,1,1,0,Equal,0,Equal
Principense,ˈkumɐ,ˈkomu,ˈku.mɐ,ˈko.mu,ˈku,ˈko,1,1,4,4,2,2,0,Equal,0,Equal
Principense,ˈmɔ̃t̠ʃi,ˈmũj̃tu,ˈmɔ̃.t̠ʃi,ˈmũj̃.tu,t̠ʃi,tu,2,2,5,7,2,2,-2,Target,0,Equal
Principense,ˈmũtu,ˈmũj̃tu,ˈmũ.tu,ˈmũj̃.tu,ˈmũ,ˈmũj̃,1,1,5,7,2,2,-2,Target,0,Equal
Principense,ˈnadɐ,ˈnadɐ,ˈna.dɐ,ˈna.dɐ,dɐ,dɐ,2,2,4,4,2,2,0,Equal,0,Equal
Principense,ˈnɔ̃,ˈnɔʃ,ˈnɔ̃,ˈnɔʃ,ˈnɔ̃,ˈnɔʃ,1,1,3,3,1,1,0,Equal,0,Equal
Principense,ˈnukɐ,ˈnũkɐ,ˈnu.kɐ,ˈnũ.kɐ,kɐ,kɐ,2,2,4,5,2,2,-1,Target,0,Equal
Principense,ˈpoke,puɾkɨ,ˈpo.ke,puɾ.kɨ,ˈpo,puɾ,1,1,4,5,2,2,-1,Target,0,Equal
Principense,ˈpoko,ˈpoku,ˈpo.ko,ˈpo.ku,ko,ku,2,2,4,4,2,2,0,Equal,0,Equal
Principense,ˈsɛ̃pi,ˈsẽpɾɨ,ˈsɛ̃.pi,ˈsẽ.pɾɨ,ˈsɛ̃,ˈsẽ,1,1,5,6,2,2,-1,Target,0,Equal
Principense,ˈsũ,sɨˈɲoɾ,ˈsũ,sɨ.ˈɲoɾ,-,ˈɲoɾ,-,2,3,5,1,2,-2,Target,-1,Target
Principense,ˈtudu,ˈtudu,ˈtu.du,ˈtu.du,ˈtu,ˈtu,1,1,4,4,2,2,0,Equal,0,Equal
Principense,ˈɐ̃zu,ʀɨˈsɐ̃j̃ nɐʃˈsidu,ˈɐ̃.zu,ʀɨ.ˈsɐ̃j̃ nɐʃ.ˈsi.du,-,nɐʃ,-,3,4,15,2,4,-11,Target,-2,Target
Principense,ˈba:tu,bɐˈɾatu,ˈba:.tu,bɐ.ˈɾa.tu,tu,tu,2,3,5,6,2,3,-1,Target,-1,Target
Principense,bɛbɛˈdadu,ẽbɨbɨˈdadu,bɛ.bɛ.ˈda.du,ẽ.bɨ.bɨ.ˈda.du,bɛ,ẽ,1,1,8,10,4,5,-2,Target,-1,Target
Principense,ˈbuku,ʀuˈĩ,ˈbu.ku,ʀu.ˈĩ,ku,ˈĩ,2,2,4,4,2,2,0,Equal,0,Equal
Principense,boˈbo,boˈbu,bo.ˈbo,bo.ˈbu,bo,bo,1,1,4,4,2,2,0,Equal,0,Equal
Principense,boˈnitu,buˈnitu,bo.ˈni.tu,bu.ˈni.tu,tu,tu,3,3,6,6,3,3,0,Equal,0,Equal
Principense,ˈde:tu,diˈɾɐjtu,ˈde:.tu,di.ˈɾɐj.tu,ˈde:,di,1,1,5,7,2,3,-2,Target,-1,Target
Principense,uˈdodo,ˈdojdu,u.ˈdo.do,ˈdoj.du,do,du,3,2,5,5,3,2,0,Equal,1,Source
Principense,ˈfeju,ˈfeju,ˈfe.ju,ˈfe.ju,ˈfe,ˈfe,1,1,4,4,2,2,0,Equal,0,Equal
Principense,ˈfa:ku,ˈfɾaku,ˈfa:.ku,ˈfɾa.ku,ku,ku,2,2,5,5,2,2,0,Equal,0,Equal
Principense,ˈfɛʃku,ˈfɾeʃku,ˈfɛʃ.ku,ˈfɾeʃ.ku,ˈfɛʃ,ˈfɾeʃ,1,1,5,6,2,2,-1,Target,0,Equal
Principense,ˈfɔt̠ʃi,ˈfɔɾtɨ,ˈfɔ.t̠ʃi,ˈfɔɾ.tɨ,t̠ʃi,tɨ,2,2,4,5,2,2,-1,Target,0,Equal
Principense,uˈfũdu,ˈfũdu,u.ˈfũ.du,ˈfũ.du,u,ˈfũ,1,1,6,5,3,2,1,Source,1,Source
Principense,uˈgagu,ˈgagu,u.ˈga.gu,ˈga.gu,gu,gu,3,2,5,4,3,2,1,Source,1,Source
Principense,ˈga:vi,buˈnitu,ˈga:.vi,bu.ˈni.tu,ˈga:,bu,1,1,5,6,2,3,-1,Target,-1,Target
Principense,ˈgodo,goɾˈdu,ˈgo.do,goɾ.ˈdu,do,ˈdu,2,2,4,5,2,2,-1,Target,0,Equal
Principense,kaˈĩ,ɐvɐˈɾẽtu,ka.ˈĩ,ɐ.vɐ.ˈɾẽ.tu,ka,ɐ,1,1,4,8,2,4,-4,Target,-2,Target
Principense,ˈkasu,ɐvɐˈɾẽtu,ˈka.su,ɐ.vɐ.ˈɾẽ.tu,su,tu,2,4,4,8,2,4,-4,Target,-2,Target
Principense,kuˈpadu,kulˈpadu,ku.ˈpa.du,kul.ˈpa.du,ku,kul,1,1,6,7,3,3,-1,Target,0,Equal
Principense,ˈkutu,ˈkuɾtu,ˈku.tu,ˈkuɾ.tu,tu,tu,2,2,4,5,2,2,-1,Target,0,Equal
Principense,ukuˈru,ˈkɾu,u.ku.ˈru,ˈkɾu,u,ˈkɾu,1,1,5,3,3,1,2,Source,2,Source
Principense,uˈkuʀu,ʃˈkuɾu,u.ˈku.ʀu,ʃ.ˈku.ɾu,ˈru,ɾu,3,3,5,5,3,3,0,Equal,0,Equal
Principense,ˈlĩpu,ˈlĩpu,ˈlĩ.pu,ˈlĩ.pu,ˈlĩ,ˈlĩ,1,1,5,4,2,3,1,Source,-1,Target
Principense,ˈlõgo,ˈaltu,ˈlõ.go,ˈal.tu,go,tu,2,2,4,4,2,2,0,Equal,0,Equal
Principense,ˈmagu,ˈmagɾu,ˈma.gu,ˈma.gɾu,ˈma,ˈma,1,1,4,5,2,2,-1,Target,0,Equal
Principense,maˈloko,mɐˈluku,ma.ˈlo.ko,mɐ.ˈlu.ku,ko,ku,3,3,6,6,3,3,0,Equal,0,Equal
Principense,ˈmɐ̃su,ˈmɐ̃su,ˈmɐ̃.su,ˈmɐ̃.su,ˈmɐ̃,ˈmɐ̃,1,1,5,5,2,2,0,Equal,0,Equal
Principense,ˈmjo,mɨˈʎoɾ,ˈmjo,mɨ.ˈʎoɾ,-,ˈʎoɾ,-,2,3,5,1,2,-2,Target,-1,Target
Principense,ˈmɔli,ˈmolɨ,ˈmɔ.li,ˈmo.lɨ,ˈmɔ,ˈmo,1,1,4,4,2,2,0,Equal,0,Equal
Principense,ˈmwadu,muˈʎadu,ˈmwa.du,mu.ˈʎa.du,du,du,2,3,5,6,2,3,-1,Target,-1,Target
Principense,ˈmoro,ˈmoɾu,ˈmo.ro,ˈmo.ɾu,ˈmo,ˈmo,1,1,4,4,2,2,0,Equal,0,Equal
Principense,ˈmudu,ˈmudu,ˈmu.du,ˈmu.du,du,du,2,2,4,4,2,2,0,Equal,0,Equal
Principense,niˈmigu,inɨˈmigu,ni.ˈmi.gu,i.nɨ.ˈmi.gu,ni,i,1,1,6,7,3,4,-1,Target,-1,Target
Principense,ˈpjɔrɔ,piˈoɾ,ˈpjɔ.rɔ,pi.ˈoɾ,rɔ,ˈoɾ,2,2,5,4,2,2,1,Source,0,Equal
Principense,ˈpɔbi,ˈpobɾɨ,ˈpɔ.bi,ˈpo.bɾɨ,ˈpɔ,ˈpo,1,1,4,5,2,2,-1,Target,0,Equal
Principense,podeˈrozo,pudɨˈɾozu,po.de.ˈro.zo,pu.dɨ.ˈɾo.zu,zo,zu,4,4,8,8,4,4,0,Equal,0,Equal
Principense,ˈriku,ˈʀiku,ˈri.ku,ˈʀi.ku,ˈri,ˈʀi,1,1,4,4,2,2,0,Equal,0,Equal
Principense,ˈrizu,ˈʀiʒu,ˈri.zu,ˈʀi.ʒu,zu,ʒu,2,2,4,4,2,2,0,Equal,0,Equal
Principense,ˈsadu,ɐˈsadu,ˈsa.du,ɐ.ˈsa.du,ˈsa,ɐ,1,1,4,5,2,3,-1,Target,-1,Target
Principense,ˈsɛgu,ˈsɛɡu,ˈsɛ.gu,ˈsɛ.gu,gu,gu,2,2,4,4,2,2,0,Equal,0,Equal
Principense,ˈsudu,ˈsuɾdu,ˈsu.du,ˈsuɾ.du,ˈsu,ˈsuɾ,1,1,4,5,2,2,-1,Target,0,Equal
Principense,suˈgadu,ẽˈʃutu,su.ˈga.du,ẽ.ˈʃu.tu,ˈga,ˈʃu,2,2,6,6,3,3,0,Equal,0,Equal
Principense,ˈsumi,siuˈmẽtu,ˈsu.mi,si.u.ˈmẽ.tu,ˈsu,si,1,1,4,8,2,4,-4,Target,-2,Target
Principense,suˈpɛtu,ʃˈpeɾtu,su.ˈpɛ.tu,ʃ.ˈpeɾ.tu,tu,tu,3,3,6,6,3,3,0,Equal,0,Equal
Principense,t̠ʃɔkɔˈlɔ,pɨˈkenu,t̠ʃɔ.kɔ.ˈlɔ,pɨ.ˈke.nu,t̠ʃɔ,pɨ,1,1,6,6,3,3,0,Equal,0,Equal
Principense,ˈvɛ,ˈveʎu,ˈvɛ,ˈve.ʎu,-,ʎu,-,2,2,4,1,2,-2,Target,-1,Target
Principense,ˈzɛdu,ɐˈzedu,ˈzɛ.du,ɐ.ˈze.du,ˈzɛ,ɐ,1,1,4,5,2,3,-1,Target,-1,Target
Principense,ˈzudɐ,pɨˈsoɐ,ˈzu.dɐ,pɨ.ˈso.ɐ,dɐ,ɐ,2,3,4,5,2,3,-1,Target,-1,Target
Principense,ˈdɛʃi,ˈdeʃ,ˈdɛ.ʃi,ˈdeʃ,ˈdɛ,ˈdeʃ,1,1,4,3,2,1,1,Source,1,Source
Principense,ˈdosu,ˈdojʃ,ˈdo.su,ˈdojʃ,su,-,2,-,4,4,2,1,0,Equal,1,Source
Principense,ˈkwatu,ˈkwatɾu,ˈkwa.tu,ˈkwa.tɾu,ˈkwa,ˈkwa,1,1,5,6,2,2,-1,Target,0,Equal
Principense,ˈlitu,ˈlitɾu,ˈli.tu,ˈli.tɾu,tu,tɾu,2,2,4,5,2,2,-1,Target,0,Equal
Principense,mɛˈtɛdi,mɨˈtadɨ,mɛ.ˈtɛ.di,mɨ.ˈta.dɨ,mɛ,mɨ,1,1,6,6,3,3,0,Equal,0,Equal
Principense,ˈnɔvɛ,ˈnovɨ,ˈnɔ.vɛ,ˈno.vɨ,vɛ,vɨ,2,2,4,4,2,2,0,Equal,0,Equal
Principense,piˈmew,pɾiˈmɐjɾu,pi.ˈmew,pɾi.ˈmɐj.ɾu,pi,pɾi,1,1,5,8,2,3,-3,Target,-1,Target
Principense,ˈsej,ˈsejʃ,ˈsej,ˈsejʃ,ˈsej,ˈsejʃ,1,1,3,4,1,1,-1,Target,0,Equal
Principense,ˈsɛt̠ʃi,ˈsɛtɨ,ˈsɛ.t̠ʃi,ˈsɛ.tɨ,ˈsɛ,ˈsɛ,1,1,4,4,2,2,0,Equal,0,Equal
Principense,ˈʃĩku,ˈsĩku,ˈʃĩ.ku,ˈsĩ.ku,ku,ku,2,2,5,4,2,2,1,Source,0,Equal
Principense,nˈtɛru,ĩˈtɐjɾu,n.ˈtɛ.ru,ĩ.ˈtɐj.ɾu,n,ĩ,1,1,5,7,3,3,-2,Target,0,Equal
Principense,ˈte:ʃi,ˈtɾeʃ,ˈte:.ʃi,ˈtɾeʃ,ʃi,-,2,-,5,4,2,1,1,Source,1,Source
Principense,ˈũa,ˈũ,ˈũa,ˈũ,ˈũa,ˈũ,1,1,3,2,1,1,1,Source,0,Equal
Principense,ˈwetu,ˈojtu,ˈwe.tu,ˈoj.tu,ˈwe,ˈoj,1,1,4,4,2,2,0,Equal,0,Equal
Principense,aˈbili,ɐˈbɾiɫ,a.ˈbi.li,ɐ.ˈbɾiɫ,li,ˈbɾiɫ,3,2,5,5,3,2,0,Equal,1,Source
Principense,aˈgoʃto,ɐˈgoʃtu,a.ˈgoʃ.to,ɐ.ˈgoʃ.tu,a,ɐ,1,1,6,6,3,3,0,Equal,0,Equal
Principense,aˈmɐ̃,ɐmɐˈɲɐ̃,a.ˈmɐ̃,ɐ.mɐ.ˈɲɐ̃,ˈmɐ̃,ˈɲɐ̃,2,3,4,6,2,3,-2,Target,-1,Target
Principense,ɔˈtɔ̃t̠ʃi,ɐ̃tiˈõtɐ̃j̃,ɔ.ˈtɔ̃.t̠ʃi,ɐ̃.ti.ˈõ.tɐ̃j̃,ɔ,ɐ̃,1,1,6,11,3,4,-5,Target,-1,Target
Principense,deˈzẽbu,dɨˈzẽbɾu,de.ˈzẽ.bu,dɨ.ˈzẽ.bɾu,bu,bɾu,3,3,7,8,3,3,-1,Target,0,Equal
Principense,ˈdja,diˈa,ˈdja,di.ˈa,ˈdja,di,1,1,3,3,1,2,0,Equal,-1,Target
Principense,djaˈdĩgu,duˈmĩgu,dja.ˈdĩ.gu,du.ˈmĩ.gu,gu,gu,3,3,8,7,3,3,1,Source,0,Equal
Principense,feveˈrew,fɨvɨˈɾejɾu,fe.ve.ˈrew,fɨ.vɨ.ˈɾej.ɾu,fe,fɨ,1,1,7,9,3,4,-2,Target,-1,Target
Principense,ˈkĩtɐˈfja,ˈkĩtɐ ˈfɐjɾɐ,ˈkĩ.tɐ.ˈfja,ˈkĩ.tɐ ˈfɐj.ɾɐ,tɐ,tɐ,2,2,8,11,3,3,-3,Target,0,Equal
Principense,ˈkwatɐˈfja,ˈkwaɾtɐ ˈfɐjɾɐ,ˈkwa.tɐ ˈfja,ˈkwaɾ.tɐ ˈfɐj.ɾɐ,tɐ,tɐ,2,2,8,12,3,3,-4,Target,0,Equal
Principense,ˈkuru,ʃˈkuɾu,ˈku.ru,ʃ.ˈku.ɾu,ru,ɾu,2,3,4,5,2,3,-1,Target,-1,Target
Principense,uˈmaju,ˈmaju,u.ˈma.ju,ˈmaj.u,u,ˈmaj,1,1,5,4,3,2,1,Source,1,Source
Principense,uˈmasu,ˈmaɾsu,u.ˈma.su,ˈmaɾ.su,su,su,3,2,5,5,3,2,0,Equal,1,Source
Principense,uˈnot̠ʃi,ˈnojtɨ,u.ˈno.t̠ʃi,ˈnoj.tɨ,u,ˈnoj,1,1,5,5,3,2,0,Equal,1,Source
Principense,nɔˈvɛ̃bu,nuˈvẽbɾu,nɔ.ˈvɛ̃.bu,nu.ˈvẽ.bɾu,bu,bɾu,3,3,7,8,3,3,-1,Target,0,Equal
Principense,oˈtubu,oˈtubɾu,o.ˈtu.bu,o.ˈtu.bɾu,o,o,1,1,5,6,3,3,-1,Target,0,Equal
Principense,ˈoze,ˈoʒɨ,ˈo.ze,ˈo.ʒɨ,ze,ʒɨ,2,2,3,3,2,2,0,Equal,0,Equal
Principense,ˈsabudu,ˈsabɐdu,ˈsa.bu.du,ˈsa.bɐ.du,ˈsa,ˈsa,1,1,6,6,3,3,0,Equal,0,Equal
Principense,ˈsɛdu,ˈsedu,ˈsɛ.du,ˈse.du,du,du,2,2,4,4,2,2,0,Equal,0,Equal
Principense,sũdɐˈfjɐ,sɨˈgũdɐˈfejɾɐ,sũ.dɐ.ˈfjɐ,sɨ.ˈgũ.dɐ ˈfej.ɾɐ,sũ,sɨ,1,1,8,12,3,5,-4,Target,-2,Target
Principense,sũdɐˈfjɐ,sɨˈgũdɐˈfejɾɐ,sũ.dɐ.ˈfjɐ,sɨ.ˈgũ.dɐ ˈfej.ɾɐ,ˈfjɐ,ɾɐ,3,5,8,12,3,5,-4,Target,-2,Target
Principense,ˈseʃtɐˈfja,ˈsɐʃtɐˈfɐjɾɐ,ˈseʃ.tɐ ˈfja,ˈsɐʃ.tɐ ˈfɐj.ɾɐ,ˈseʃ,ˈsɐʃ,1,1,8,10,3,4,-2,Target,-1,Target
Principense,sɛˈtɛ̃bu,sɨˈtẽbɾu,sɛ.ˈtɛ̃.bu,sɨ.ˈtẽ.bɾu,sɛ,sɨ,1,1,7,8,3,3,-1,Target,0,Equal
Principense,ˈtadi,ˈtaɾdɨ,ˈta.di,ˈtaɾ.dɨ,ˈta,ˈtaɾ,1,1,4,5,2,2,-1,Target,0,Equal
Principense,ˈtɛsɐˈfja,ˈteɾsɐ ˈfɐjɾɐ,ˈtɛ.sɐ ˈfja,ˈteɾ.sɐ ˈfɐj.ɾɐ,ˈfja,ɾɐ,3,4,7,11,3,3,-4,Target,0,Equal
Principense,ʒaˈnew,ʒɐˈnejɾu,ʒa.ˈnew,ʒɐ.ˈnej.ɾu,ʒa,ʒɐ,1,1,5,7,2,3,-2,Target,-1,Target
Principense,ˈʒulu,ˈʒuʎu,ˈʒu.lu,ˈʒu.ʎu,lu,ʎu,2,2,4,4,2,2,0,Equal,0,Equal
Principense,ˈzũɲu,ˈʒuɲu,ˈzũ.ɲu,ˈʒu.ɲu,ˈzũ,ˈʒu,1,1,5,4,2,2,1,Source,0,Equal
Principense,ˈalimɐ,ˈalmɐ,ˈa.li.mɐ,ˈal.mɐ,mɐ,mɐ,3,2,5,4,3,2,1,Source,1,Source
Principense,ˈdesu,ˈdewʃ,ˈde.su,ˈdewʃ,ˈde,ˈdewʃ,1,1,4,4,2,1,0,Equal,1,Source
Principense,uˈdjabu,diˈabu,u.ˈdja.bu,di.ˈa.bu,bu,bu,3,3,6,5,3,3,1,Source,0,Equal
Principense,ˈgɔrja,ˈglɔɾiɐ,ˈgɔr.ja,ˈglɔ.ɾi.ɐ,ˈgɔr,ˈglɔ,1,1,5,6,2,3,-1,Target,-1,Target
Principense,ˈku:zu,ˈkɾuʃ,ˈku:.zu,ˈkɾuʃ,zu,-,2,-,5,4,2,1,1,Source,1,Source
Principense,miˈlagi,miˈlagɾɨ,mi.ˈla.gi,mi.ˈla.gɾɨ,mi,mi,1,1,6,7,3,3,-1,Target,0,Equal
Principense,rɔˈsɐ̃,oɾɐˈsɐ̃w̃,rɔ.ˈsɐ̃,o.ɾɐ.ˈsɐ̃w̃,ˈsɐ̃,ˈsɐ̃w̃,2,3,5,8,2,3,-3,Target,-1,Target
Principense,ˈsɐ̃tu,ˈsɐ̃tu,ˈsɐ̃.tu,ˈsɐ̃.tu,ˈsɐ̃,ˈsɐ̃,1,1,5,5,2,2,0,Equal,0,Equal
Principense,ˈaʀibɐ,ˈeɾvɐ,ˈa.ʀi.bɐ,ˈeɾ.vɐ,bɐ,vɐ,3,2,5,4,3,2,1,Source,1,Source
Principense,aluguˈdɐ̃,alguˈdɐ̃w̃,a.lu.gu.ˈdɐ̃,al.gu.ˈdɐ̃w̃,ˈdɐ̃,ˈdɐ̃w̃,4,3,8,9,4,3,-1,Target,1,Source
Principense,ˈfja,ˈfoʎɐ,ˈfja,ˈfo.ʎɐ,ˈfja,ˈfo,1,1,3,4,1,2,-1,Target,-1,Target
Principense,uˈfɔli,ˈfloɾ,u.ˈfɔ.li,ˈfloɾ,li,-,3,-,5,4,3,1,1,Source,2,Source
Principense,ˈko:,kɐˈɾosu,ˈko:,kɐ.ˈɾo.su,ˈko:,kɐ,1,1,3,6,1,3,-3,Target,-2,Target
Principense,ˈpajɐ,ˈpaʎɐ,ˈpa.jɐ,ˈpa.ʎɐ,jɐ,ʎɐ,2,2,4,4,2,2,0,Equal,0,Equal
Principense,ˈpwɛmɐ,palˈmɐjɾɐ,ˈpwɛ.mɐ,pal.ˈmɐj.ɾɐ,ˈpwɛ,pal,1,1,5,8,2,3,-3,Target,-1,Target
Principense,paˈmitu,palˈmitu,pa.ˈmi.tu,pal.ˈmi.tu,pa,pal,1,1,6,7,3,3,-1,Target,0,Equal
Principense,ˈpɐ̃ta,ˈplɐ̃tɐ,ˈpɐ̃.ta,ˈplɐ̃.tɐ,ta,tɐ,2,2,5,6,2,2,-1,Target,0,Equal
Principense,ʃiˈmɛ̃t̠ʃi,sɨˈmẽtɨ,ʃi.ˈmɛ̃.t̠ʃi,sɨ.ˈmẽ.tɨ,ʃi,sɨ,1,1,7,6,3,3,1,Source,0,Equal
Principense,suˈpigɐ,ʃˈpigɐ,su.ˈpi.gɐ,ʃ.ˈpi.gɐ,gɐ,gɐ,3,3,6,5,3,3,1,Source,0,Equal
Principense,uˈbasu,ẽ.bajʃu,u.ˈba.su,ẽ.ˈbaj.ʃu,u,ẽ,1,1,5,8,3,3,-3,Target,0,Equal
Principense,uˈdẽtu,ˈdẽtɾu,u.ˈdẽ.tu,ˈdẽ.tɾu,ˈdẽ,-,2,-,6,6,3,2,0,Equal,1,Source
Principense,ˈfɔ,ˈfɔɾɐ,ˈfɔ,ˈfɔ.ɾɐ,-,ɾɐ,-,2,2,4,1,2,-2,Target,-1,Target
Principense,ˈla,ˈla,ˈla,ˈla,la,la,1,1,2,2,1,1,0,Equal,0,Equal
Principense,ˈlõʒi,ˈlõʒɨ,ˈlõ.ʒi,ˈlõ.ʒi,ˈlõ,ˈlõ,1,1,4,5,2,1,-1,Target,1,Source
Principense,ˈpɛtu,ˈpeɾtu,ˈpɛ.tu,ˈpeɾ.tu,tu,tu,2,2,4,5,2,2,-1,Target,0,Equal
Principense,ʃiˈkɛdɛ,ʃˈkeɾdu,ʃi.ˈkɛ.dɛ,ʃ.ˈkeɾ.du,ʃi,ʃ,1,1,6,6,3,3,0,Equal,0,Equal
Principense,bɐ̃ˈdja,bɐ̃w̃ˈdɐjɾɐ,bɐ̃.ˈdja,bɐ̃w̃.ˈdɐj.ɾɐ,ˈdja,ɾɐ,2,3,6,10,2,3,-4,Target,-1,Target
Principense,uˈbɐ̃ku,ˈbɐ̃ku,u.ˈbɐ̃.ku,ˈbɐ̃.ku,u,ˈbɐ̃,1,1,6,5,3,2,1,Source,1,Source
Principense,ˈbaʀɐ,ˈbaʀɐ,ˈba.ʀɐ,ˈba.ʀɐ,ʀɐ,ʀɐ,2,2,4,4,2,2,0,Equal,0,Equal
Principense,bɔˈswa,vɐˈsoɾɐ,bɔ.ˈswa,vɐ.ˈso.ɾɐ,bɔ,vɐ,1,1,5,6,2,3,-1,Target,-1,Target
Principense,buˈtɐ̃,buˈtɐ̃w̃,bu.ˈtɐ̃,bu.ˈtɐ̃w̃,ˈtɐ̃,ˈtɐ̃w̃,2,2,5,7,2,2,-2,Target,0,Equal
Principense,uˈfakɐ,ˈfakɐ,u.ˈfa.kɐ,ˈfa.kɐ,u,ˈfa,1,1,5,4,3,2,1,Source,1,Source
Principense,fiˈnete,alfiˈnetɨ,fi.ˈne.te,al.fi.ˈne.tɨ,fi.ˈne.te,tɨ,3,4,6,8,3,4,-2,Target,-1,Target
Principense,gaˈrafɐ,gɐˈʀafɐ,ga.ˈra.fɐ,gɐ.ˈʀa.fɐ,ga,gɐ,1,1,6,6,3,3,0,Equal,0,Equal
Principense,uˈgafu,ˈgaɾfu,u.ˈga.fu,ˈgaɾ.fu,fu,fu,3,2,5,5,3,2,0,Equal,1,Source
Principense,ˈʃtakɐ,ʃˈtakɐ,ˈʃta.kɐ,ʃ.ˈta.kɐ,ˈʃta,ʃ,1,1,5,5,2,3,0,Equal,-1,Target
Principense,ˈkɔpu,ˈkɔpu,ˈkɔ.pu,ˈkɔ.pu,pu,pu,2,2,4,4,2,2,0,Equal,0,Equal
Principense,ˈkwa:,ˈkɔɾdɐ,ˈkwa:,ˈkɔɾ.dɐ,ˈkwa:,ˈkɔɾ,1,1,4,5,1,2,-1,Target,-1,Target
Principense,kwaˈdo,kuɐˈdoɾ,kwa.ˈdo,ku.ɐ.ˈdoɾ,ˈdo,ˈdoɾ,2,3,5,6,2,3,-1,Target,-1,Target
Principense,lɐ̃ˈpjɐ̃,lɐ̃piˈɐ̃w̃,lɐ̃.ˈpjɐ̃,lɐ̃.pi.ˈɐ̃w̃,lɐ̃,lɐ̃,1,1,7,9,2,3,-2,Target,-1,Target
Principense,ˈlɐ̃sɐ,lɐ̃ˈsaɾ,ˈlɐ̃.sɐ,lɐ̃.ˈsaɾ,sɐ,ˈsaɾ,2,2,5,6,2,2,-1,Target,0,Equal
Principense,maˈtɛlu,maɾˈtelu,ma.ˈtɛ.lu,maɾ.ˈte.lu,ma,maɾ,1,1,6,7,3,3,-1,Target,0,Equal
Principense,maˈsadu,mɐˈʃadu,ma.ˈsa.du,mɐ.ˈʃa.du,du,du,3,3,6,6,3,3,0,Equal,0,Equal
Principense,ˈmwɛdɐ,muˈedɐ,ˈmwɛ.dɐ,mu.ˈe.dɐ,ˈmwɛ,mu,1,1,5,5,2,3,0,Equal,-1,Target
Principense,paˈnɛlɐ,pɐˈnelɐ,pa.ˈnɛ.lɐ,pɐ.ˈne.lɐ,lɐ,lɐ,3,3,6,6,3,3,0,Equal,0,Equal
Principense,ˈpẽte,ˈpẽtɨ,ˈpẽ.te,ˈpẽ.tɨ,ˈpẽ,ˈpẽ,1,1,5,5,2,2,0,Equal,0,Equal
Principense,piˈnɛʀɐ,pɨˈnɐjɾɐ,pi.ˈnɛ.ʀɐ,pɨ.ˈnɐj.ɾɐ,ʀɐ,ɾɐ,3,3,6,7,3,3,-1,Target,0,Equal
Principense,ˈpa:tu,ˈpɾatu,ˈpa:.tu,ˈpɾa.tu,ˈpa:,ˈpɾa,1,1,5,5,2,2,0,Equal,0,Equal
Principense,ˈpɛ:gu,ˈpɾegu,ˈpɛ:.gu,ˈpɾe.gu,gu,gu,2,2,5,5,2,2,0,Equal,0,Equal
Principense,ˈrɔdɐ,ˈʀodɐ,ˈrɔ.dɐ,ˈʀo.dɐ,ˈrɔ,ˈʀo,1,1,4,4,2,2,0,Equal,0,Equal
Principense,rɔˈdɔmɐ,ʀɨˈdomɐ,rɔ.ˈdɔ.mɐ,ʀɨ.ˈdo.mɐ,mɐ,mɐ,3,3,6,6,3,3,0,Equal,0,Equal
Principense,ˈsadɐ,ẽˈʃadɐ,ˈsa.dɐ,ẽ.ˈʃa.dɐ,ˈsa,ẽ,1,1,4,6,2,3,-2,Target,-1,Target
Principense,ˈʃinu,ˈsinu,ˈʃi.nu,ˈsi.nu,nu,nu,2,2,4,4,2,2,0,Equal,0,Equal
Principense,ˈsot̠ʃi,ɐˈsojtɨ,ˈso.t̠ʃi,ɐ.ˈsoj.tɨ,ˈso,ɐ,1,1,4,6,2,3,-2,Target,-1,Target
Principense,suˈpe,ʃˈpɐʎu,su.ˈpe,ʃ.ˈpɐ.ʎu,ˈpe,ʎu,2,3,4,5,2,3,-1,Target,-1,Target
Principense,ˈtɐ̃pɐ,ˈtɐ̃pɐ,ˈtɐ̃.pɐ,ˈtɐ̃.pɐ,ˈtɐ̃,ˈtɐ̃,1,1,5,5,2,2,0,Equal,0,Equal
Principense,uˈtasu,ˈtaʃu,u.ˈta.su,ˈta.ʃu,su,ʃu,3,2,5,4,3,2,1,Source,1,Source
Principense,ˈvɛlɐ,ˈvɛlɐ,ˈvɛ.lɐ,ˈvɛ.lɐ,ˈvɛ,ˈvɛ,1,1,4,4,2,2,0,Equal,0,Equal
Principense,ĩˈzɔlu,ɐ̃ˈzɔɫ,ĩ.ˈzɔ.lu,ɐ̃.ˈzɔɫ,lu,ˈzɔɫ,3,2,6,5,3,2,1,Source,1,Source
Principense,biˈʃidu,vɨʃˈtidu,bi.ˈʃi.du,vɨʃ.ˈti.du,bi,vɨʃ,1,1,6,7,3,3,-1,Target,0,Equal
Principense,ˈbɔtɐ,ˈbotɐ,ˈbɔ.tɐ,ˈbo.tɐ,tɐ,tɐ,2,2,4,4,2,2,0,Equal,0,Equal
Principense,kaˈmizɐ,kɐˈmizɐ,ka.ˈmi.zɐ,kɐ.ˈmi.zɐ,ka,kɐ,1,1,6,6,3,3,0,Equal,0,Equal
Principense,kaliˈsɐ̃,kalˈsɐ̃w̃,ka.li.ˈsɐ̃,kal.ˈsɐ̃w̃,ˈsɐ̃,ˈsɐ̃w̃,3,2,7,8,3,2,-1,Target,1,Source
Principense,ˈmɛjɐ,ˈmɐjɐ,ˈmɛ.jɐ,ˈmɐj.ɐ,ˈmɛ,ˈmɐj,1,1,4,4,2,2,0,Equal,0,Equal
Principense,ˈsɛjɐ,ˈsajɐ,ˈsɛ.jɐ,ˈsa.jɐ,jɐ,jɐ,2,2,4,4,2,2,0,Equal,0,Equal
Principense,saˈpɛ,t̠ʃɐˈpɛw,sa.ˈpɛ,t̠ʃɐ.ˈpɛw,sa,t̠ʃɐ,1,1,4,5,2,2,-1,Target,0,Equal
Principense,ˈsɛdɐ,ˈsedɐ,ˈsɛ.dɐ,ˈse.dɐ,dɐ,dɐ,2,2,4,4,2,2,0,Equal,0,Equal
Principense,t̠ʃiˈʃidu,tɨˈsidu,t̠ʃi.ˈʃi.du,tɨ.ˈsi.du,t̠ʃi,tɨ,1,1,6,6,3,3,0,Equal,0,Equal
Principense,ˈafikɐ,ˈafɾikɐ,ˈafi.kɐ,ˈa.fɾi.kɐ,kɐ,kɐ,2,3,5,6,2,3,-1,Target,-1,Target
Principense,gaˈbɐ̃,gɐˈbɐ̃w̃,ga.ˈbɐ̃,gɐ.ˈbɐ̃w̃,ga,gɐ,1,1,5,7,2,2,-2,Target,0,Equal
Principense,ˈiɛ,ˈiʎɐ du ˈpɾĩsɨpɨ,ˈiɛ,ˈi.ʎɐ du ˈpɾĩ.sɨ.pɨ,-,pɨ,-,6,2,15,1,4,-13,Target,-3,Target
Principense,ˈpĩʃipi,ˈpɾĩsɨpɨ,ˈpĩ.ʃi.pi,ˈpɾĩ.sɨ.pɨ,ˈpĩ,ˈpɾĩ,1,1,7,8,3,3,-1,Target,0,Equal
Principense,putuˈga,puɾtuˈgaɫ,pu.tu.ˈga,puɾ.tu.ˈgaɫ,ˈga,ˈgaɫ,3,3,6,8,3,3,-2,Target,0,Equal
Principense,sɐ̃tɔˈmɛ,sɐ̃w̃tuˈmɛ,sɐ̃.tɔ.ˈmɛ,sɐ̃w̃.tu.ˈmɛ,sɐ̃,sɐ̃w̃,1,1,7,9,3,3,-2,Target,0,Equal
Principense,ˌdesupaˈga,obɾiˈgadu,de.su.pa.ˈga,o.bɾi.ˈga.du,ˈga,du,4,4,9,8,3,4,1,Source,-1,Target
Principense,ˈdjo,diˈɲɐjɾu,ˈdjo,di.ˈɲɐj.ɾu,ˈdjo,di,1,1,3,7,1,3,-4,Target,-2,Target
Principense,faˈvo,fɐˈvoɾ,fa.ˈvo,fɐ.ˈvoɾ,ˈvo,ˈvoɾ,2,2,4,5,2,2,-1,Target,0,Equal
Principense,fuˈtunɐ,fuɾˈtunɐ,fu.ˈtu.nɐ,fuɾ.ˈtu.nɐ,fu,fuɾ,1,1,6,7,3,3,-1,Target,0,Equal
Principense,kuˈmĩ,kɐˈmiɲu,ku.ˈmĩ,kɐ.ˈmi.ɲu,ˈmĩ,ɲu,2,3,5,6,2,3,-1,Target,-1,Target
Principense,ˈkatɐ,ˈkaɾtɐ,ˈka.tɐ,ˈkaɾ.tɐ,ˈka,ˈkaɾ,1,1,4,5,2,2,-1,Target,0,Equal
Principense,kazaˈmẽtu,kɐzɐˈmẽtu,ka.za.ˈmẽ.tu,kɐ.zɐ.ˈmẽ.tu,tu,tu,4,4,9,9,4,4,0,Equal,0,Equal
Principense,ɔkɛˈrɛ,buˈɾaku,ɔ.kɛ.ˈrɛ,bu.ˈɾa.ku,ɔ,bu,1,1,5,6,3,3,-1,Target,0,Equal
Principense,liˈsɐ̃,liˈsɐ̃w̃,li.ˈsɐ̃,li.ˈsɐ̃w̃,ˈsɐ̃,ˈsɐ̃w̃,2,2,5,7,2,2,-2,Target,0,Equal
Principense,ˈlivu,ˈlivɾu,ˈli.vu,ˈli.vɾu,ˈli,ˈli,1,1,4,5,2,2,-1,Target,0,Equal
Principense,ˈmɔt̠ʃi,ˈmoɾtɨ,ˈmɔ.t̠ʃi,ˈmoɾ.tɨ,t̠ʃi,tɨ,2,2,4,5,2,2,-1,Target,0,Equal
Principense,paˈlavɐ,pɐˈlavɾɐ,pa.ˈla.vɐ,pɐ.ˈla.vɾɐ,pa,pɐ,1,1,6,7,3,3,-1,Target,0,Equal
Principense,pɐ̃ˈkadɐ,pɐ̃ˈkadɐ,pɐ̃.ˈka.dɐ,pɐ̃.ˈka.dɐ,dɐ,dɐ,3,3,7,7,3,3,0,Equal,0,Equal
Principense,pɛˈpɛlu,pɐˈpɛɫ,pɛ.ˈpɛ.lu,pɐ.ˈpɛɫ,pɛ,pɐ,1,1,6,5,3,2,1,Source,1,Source
Principense,ˈpɔtɔ,ˈpoɾtɐ,ˈpɔ.tɔ,ˈpoɾ.tɐ,tɔ,tɐ,2,2,4,5,2,2,-1,Target,0,Equal
Principense,ˈrɛʃtu,ˈʀɛʃtu,ˈrɛʃ.tu,ˈrɛʃ.tu,ˈrɛʃ,ˈrɛʃ,1,1,5,5,2,2,0,Equal,0,Equal
Principense,saˈbɐ̃,sɐˈbɐ̃w̃,sa.ˈbɐ̃,sɐ.ˈbɐ̃w̃,ˈbɐ̃,ˈbɐ̃w̃,2,2,5,7,2,2,-2,Target,0,Equal
Principense,ˈsɛrɐ,ˈsɛʀɐ,ˈsɛ.rɐ,ˈsɛ.ʀɐ,ˈsɛ,ˈsɛ,1,1,4,4,2,2,0,Equal,0,Equal
Principense,ˈt̠ʃĩtɐ,ˈtĩtɐ,ˈt̠ʃĩ.tɐ,ˈtĩ.tɐ,tɐ,tɐ,2,2,5,5,2,2,0,Equal,0,Equal
Principense,tɔˈmɛ̃tu,tuɾˈmẽtu,tɔ.ˈmɛ̃.tu,tuɾ.ˈmẽ.tu,tɔ,tuɾ,1,1,7,8,3,3,-1,Target,0,Equal
Principense,uˈtu,ˈmofu,u.ˈtu,ˈmo.fu,ˈtu,fu,2,2,3,4,2,2,-1,Target,0,Equal
Principense,vɛˈdadi,vɨɾˈdadɨ,vɛ.ˈda.di,vɨɾ.ˈda.dɨ,vɛ,vɨɾ,1,1,6,7,3,3,-1,Target,0,Equal