Language,SourceWord,TargetWord,SourceWordSyl,TargetWordSyl,SourceSyllable,TargetSyllable,SourceWordSyl Length,TargetWordSyl Length,PositionSource,PositionTarget,Simple PositionSource,Simple PositionTarget,Previous source,Next source,Previous target,Next target,Process,TargetOrthography,Translation,Reference,Notes
Cape Verdean Sao Vicente,tud,ˈtudu,tud,tu.’du,tud,tu,1,2,1,1,Final,Initial,0,-,0,ˈdu ,,tudo,everything,Baptista2019[271-277],
Cape Verdean Sao Vicente,tud,ˈtudu,tud,tu.’du,-,ˈdu ,1,2,-,2,-,Final,tud,-,tu,2,,tudo,everything,Baptista2019[271-277],
Cape Verdean Sao Vicente,ma,ˈmɐʃ,ma,ˈmɐʃ,ma,ˈmɐʃ,1,1,1,1,Final,Final,0,1,0,1,,mas,and,Baptista2019[271-277],
Cape Verdean Sao Vicente,j,i,j,i,j,i,1,1,1,1,Final,Final,0,1,0,1,,e,and,Baptista2019[271-277],
Cape Verdean Sao Vicente,animal,ɐniˈmaɫ,a.ni.mal,ɐ.ni.ˈmaɫ,a,ɐ,3,3,1,1,Initial,Initial,0,ni,0,ni,,animal,animal,Baptista2019[271-277],
Cape Verdean Sao Vicente,animal,ɐniˈmaɫ,a.ni.mal,ɐ.ni.ˈmaɫ,ni,ni,3,3,2,2,Medial,Medial,a,mal,ɐ,ˈmaɫ,,animal,animal,Baptista2019[271-277],
Cape Verdean Sao Vicente,animal,ɐniˈmaɫ,a.ni.mal,ɐ.ni.ˈmaɫ,mal,ˈmaɫ,3,3,3,3,Final,Final,ni,3,ni,3,,animal,animal,Baptista2019[271-277],
Cape Verdean Sao Vicente,bit̠ʃ,biʃu,bi.t̠ʃ,bi.ʃu,bi,bi,2,2,1,1,Initial,Initial,0,t̠ʃ,0,ʃu,,bicho,worm,Baptista2019[271-277],
Cape Verdean Sao Vicente,bit̠ʃ,biʃu,bi.t̠ʃ,bi.ʃu,t̠ʃ,ʃu,2,2,2,2,Final,Final,bi,2,bi,2,,bicho,worm,Baptista2019[271-277],
Cape Verdean Sao Vicente,sinza,ˈsĩzɐ,sin.za,ˈsĩ.zɐ,sin,ˈsĩ,2,2,1,1,Initial,Initial,0,za,0,zɐ,,cinza,ashes,Baptista2019[271-277],
Cape Verdean Sao Vicente,sinza,ˈsĩzɐ,sin.za,ˈsĩ.zɐ,za,zɐ,2,2,2,2,Final,Final,sin,2,ˈsĩ,2,,cinza,ashes,Baptista2019[271-277],
Cape Verdean Sao Vicente,na,nɐ,na,nɐ,na,nɐ,1,1,1,1,Final,Final,0,1,0,1,,na,at,Baptista2019[271-277],
Cape Verdean Sao Vicente,koʃta,ˈkɔʃtɐ,koʃ.ta,ˈkɔʃ.tɐ,koʃ,ˈkɔʃ,2,2,1,1,Initial,Initial,0,ta,0,tɐ,,costa,back,Baptista2019[271-277],
Cape Verdean Sao Vicente,koʃta,ˈkɔʃtɐ,koʃ.ta,ˈkɔʃ.tɐ,ta,tɐ,2,2,2,2,Final,Final,koʃ,2,ˈkɔʃ,2,,costa,back,Baptista2019[271-277],
Cape Verdean Sao Vicente,mau,ˈmaw,mau,ˈmaw,mau,ˈmaw,1,1,1,1,Final,Final,0,1,0,1,,mau,bad,Baptista2019[271-277],
Cape Verdean Sao Vicente,maɾiod,mɐɾiˈadu,ma.ɾi.od,mɐ.ɾiˈa.du,ma,mɐ,3,3,1,1,Initial,Initial,0,ɾi,0,ɾiˈa,,mariado,bad,Baptista2019[271-277],
Cape Verdean Sao Vicente,maɾiod,mɐɾiˈadu,ma.ɾi.od,mɐ.ɾiˈa.du,ɾi,ɾiˈa,3,3,2,2,Medial,Medial,ma,od,mɐ,du,,mariado,bad,Baptista2019[271-277],
Cape Verdean Sao Vicente,maɾiod,mɐɾiˈadu,ma.ɾi.od,mɐ.ɾiˈa.du,od,du,3,3,3,3,Final,Final,ɾi,3,ɾiˈa,3,,mariado,bad,Baptista2019[271-277],
Cape Verdean Sao Vicente,ɾom,,ɾom,,,,1,1,,,#N/A,#N/A,0,,0,,,casca,bark,Baptista2019[271-277],Not of Portuguese origin
Cape Verdean Sao Vicente,puɾke,ˈpuɾkɨ,puɾ.ke,ˈpuɾ.kɨ,puɾ,ˈpuɾ,2,2,1,1,Initial,Initial,0,ke,0,kɨ,,porque,because,Baptista2019[271-277],
Cape Verdean Sao Vicente,puɾke,ˈpuɾkɨ,puɾ.ke,ˈpuɾ.kɨ,ke,kɨ,2,2,2,2,Final,Final,puɾ,2,ˈpuɾ,2,,porque,because,Baptista2019[271-277],
Cape Verdean Sao Vicente,beɾiga,bɐˈʀigɐ,be.ɾi.ga,bɐ.ˈʀi.gɐ,be,bɐ,3,3,1,1,Initial,Initial,0,ɾi,0,ˈʀi,,barriga,belly,Baptista2019[271-277],
Cape Verdean Sao Vicente,beɾiga,bɐˈʀigɐ,be.ɾi.ga,bɐ.ˈʀi.gɐ,ɾi,ˈʀi,3,3,2,2,Medial,Medial,be,ga,bɐ,gɐ,,barriga,belly,Baptista2019[271-277],
Cape Verdean Sao Vicente,beɾiga,bɐˈʀigɐ,be.ɾi.ga,bɐ.ˈʀi.gɐ,ga,gɐ,3,3,3,3,Final,Final,ɾi,3,ˈʀi,3,,barriga,belly,Baptista2019[271-277],
Cape Verdean Sao Vicente,gɾande,ˈɡɾɐ̃dɨ,gɾan.de,ˈɡɾɐ̃.dɨ,gɾan,ˈɡɾɐ̃,2,2,1,1,Initial,Initial,0,de,0,dɨ,,grande,big,Baptista2019[271-277],
Cape Verdean Sao Vicente,gɾande,ˈɡɾɐ̃dɨ,gɾan.de,ˈɡɾɐ̃.dɨ,de,dɨ,2,2,2,2,Final,Final,gɾan,2,ˈɡɾɐ̃,2,,grande,big,Baptista2019[271-277],
Cape Verdean Sao Vicente,pos,ˈpasɐru,pos,ˈpa.sɐ.ru,pos,ˈpa,1,3,1,1,Final,Initial,0,-,0,sɐ,metathesis,pássaro,bird,Baptista2019[271-277],
Cape Verdean Sao Vicente,pos,ˈpasɐru,pos,ˈpa.sɐ.ru,-,sɐ,1,3,-,2,-,Medial,pos,-,ˈpa,ru,metathesis,pássaro,bird,Baptista2019[271-277],
Cape Verdean Sao Vicente,pos,ˈpasɐru,pos,ˈpa.sɐ.ru,-,ru,1,3,-,3,-,Final,-,-,sɐ,3,metathesis,pássaro,bird,Baptista2019[271-277],
Cape Verdean Sao Vicente,moɾde,muɾˈdeɾ,moɾ.de,muɾ.ˈdeɾ,moɾ,muɾ,2,2,1,1,Initial,Initial,0,de,0,ˈdeɾ,,morder,bite,Baptista2019[271-277],
Cape Verdean Sao Vicente,moɾde,muɾˈdeɾ,moɾ.de,muɾ.ˈdeɾ,de,ˈdeɾ,2,2,2,2,Final,Final,moɾ,2,muɾ,2,,morder,bite,Baptista2019[271-277],
Cape Verdean Sao Vicente,pɾet,ˈpɾetu,pɾet,ˈpɾe.tu,pɾet,ˈpɾe,1,2,1,1,Final,Initial,0,-,0,tu,metathesis,preto,black,Baptista2019[271-277],
Cape Verdean Sao Vicente,pɾet,ˈpɾetu,pɾet,ˈpɾe.tu,-,tu,1,2,-,2,-,Final,pɾet,-,ˈpɾe,2,metathesis,preto,black,Baptista2019[271-277],
Cape Verdean Sao Vicente,sang,ˈsɐ̃ɡɨ,sang,ˈsɐ̃.ɡɨ,sang,ˈsɐ̃,1,2,1,1,Final,Initial,0,-,0,ɡɨ,metathesis,sangue,blood,Baptista2019[271-277],
Cape Verdean Sao Vicente,sang,ˈsɐ̃ɡɨ,sang,ˈsɐ̃.ɡɨ,-,ɡɨ,1,2,-,2,-,Final,sang,-,ˈsɐ̃,2,metathesis,sangue,blood,Baptista2019[271-277],
Cape Verdean Sao Vicente,sopɾa,suˈpɾaɾ,so.pɾa,su.ˈpɾaɾ,so,su,2,2,1,1,Initial,Initial,0,pɾa,0,ˈpɾaɾ,,soprar,blow,Baptista2019[271-277],
Cape Verdean Sao Vicente,sopɾa,suˈpɾaɾ,so.pɾa,su.ˈpɾaɾ,pɾa,ˈpɾaɾ,2,2,2,2,Final,Final,so,2,su,2,,soprar,blow,Baptista2019[271-277],
Cape Verdean Sao Vicente,os,ˈosu,os,o.ˈsu,os,o,1,2,1,1,Final,Initial,0,-,0,ˈsu,metathesis,osso,bone,Baptista2019[271-277],
Cape Verdean Sao Vicente,os,ˈosu,os,o.ˈsu,-,ˈsu,1,2,-,2,-,Final,os,-,o,2,metathesis,osso,bone,Baptista2019[271-277],
Cape Verdean Sao Vicente,kema,kejˈmaɾ,ke.ma,kej.ˈmaɾ,ke,kej,2,2,1,1,Initial,Initial,0,ma,0,ˈmaɾ,,queimar,burn,Baptista2019[271-277],
Cape Verdean Sao Vicente,kema,kejˈmaɾ,ke.ma,kej.ˈmaɾ,ma,ˈmaɾ,2,2,2,2,Final,Final,ke,2,kej,2,,queimar,burn,Baptista2019[271-277],
Cape Verdean Sao Vicente,mnin,mɨˈninu,mnin,mɨ.ˈni.nu,mnin,mɨ,1,3,1,1,Final,Initial,0,-,0,ˈni,,menino,child,Baptista2019[271-277],
Cape Verdean Sao Vicente,mnin,mɨˈninu,mnin,mɨ.ˈni.nu,-,ˈni,1,3,-,2,-,Medial,mnin,-,mɨ,nu,,menino,child,Baptista2019[271-277],
Cape Verdean Sao Vicente,mnin,mɨˈninu,mnin,mɨ.ˈni.nu,-,nu,1,3,-,3,-,Final,-,-,ˈni,3,,menino,child,Baptista2019[271-277],
Cape Verdean Sao Vicente,nuven,ˈnuvɐ̃j̃,nu.ven,ˈnu.vɐ̃j̃,nu,ˈnu,2,2,1,1,Initial,Initial,0,ven,0,vɐ̃j̃,,nuvem,cloud,Baptista2019[271-277],
Cape Verdean Sao Vicente,nuven,ˈnuvɐ̃j̃,nu.ven,ˈnu.vɐ̃j̃,ven,vɐ̃j̃,2,2,2,2,Final,Final,nu,2,ˈnu,2,,nuvem,cloud,Baptista2019[271-277],
Cape Verdean Sao Vicente,fɾiu,ˈfɾiu,fɾi.u,ˈfɾi.u,fɾi,ˈfɾi,2,2,1,1,Initial,Initial,0,u,0,u,,frio,cold,Baptista2019[271-277],
Cape Verdean Sao Vicente,fɾiu,ˈfɾiu,fɾi.u,ˈfɾi.u,u,u,2,2,2,2,Final,Final,fɾi,2,ˈfɾi,2,,frio,cold,Baptista2019[271-277],
Cape Verdean Sao Vicente,ben,ˈvɐ̃j̃,ben,ˈvɐ̃j̃,ben,ˈvɐ̃j̃,1,1,1,1,Final,Final,0,1,0,1,,vem,come,Baptista2019[271-277],
Cape Verdean Sao Vicente,t̠ʃega,ʃɨˈɡaɾ,t̠ʃe.ga,ʃɨ.ˈɡaɾ,t̠ʃe,ʃɨ,2,2,1,1,Initial,Initial,0,ga,0,ˈɡaɾ,,chegar,arrive,Baptista2019[271-277],
Cape Verdean Sao Vicente,t̠ʃega,ʃɨˈɡaɾ,t̠ʃe.ga,ʃɨ.ˈɡaɾ,ga,ˈɡaɾ,2,2,2,2,Final,Final,t̠ʃe,2,ʃɨ,2,,chegar,arrive,Baptista2019[271-277],
Cape Verdean Sao Vicente,konta,kõˈtaɾ,kon.ta,kõ.ˈtaɾ,kon,kõ,2,2,1,1,Initial,Initial,0,ta,0,ˈtaɾ,,contar,count,Baptista2019[271-277],
Cape Verdean Sao Vicente,konta,kõˈtaɾ,kon.ta,kõ.ˈtaɾ,ta,ˈtaɾ,2,2,2,2,Final,Final,kon,2,kõ,2,,contar,count,Baptista2019[271-277],
Cape Verdean Sao Vicente,sapa,ɐsɐˈpaɾ,sa.pa,ɐ.sɐ.ˈpaɾ,-,ɐ,2,3,-,1,-,Initial,0,sa,0,sɐ,,assapar,cut,Baptista2019[271-277],
Cape Verdean Sao Vicente,sapa,ɐsɐˈpaɾ,sa.pa,ɐ.sɐ.ˈpaɾ,sa,sɐ,2,3,1,2,Initial,Medial,-,pa,ɐ,ˈpaɾ,,assapar,cut,Baptista2019[271-277],
Cape Verdean Sao Vicente,sapa,ɐsɐˈpaɾ,sa.pa,ɐ.sɐ.ˈpaɾ,pa,ˈpaɾ,2,3,2,3,Final,Final,sa,2,sɐ,3,,assapar,cut,Baptista2019[271-277],
Cape Verdean Sao Vicente,koɾta,kuɾˈtaɾ,koɾ.ta,kuɾ.ˈtaɾ,koɾ,kuɾ,2,2,1,1,Initial,Initial,0,ta,0,ˈtaɾ,,cortar,cut,Baptista2019[271-277],
Cape Verdean Sao Vicente,koɾta,kuɾˈtaɾ,koɾ.ta,kuɾ.ˈtaɾ,ta,ˈtaɾ,2,2,2,2,Final,Final,koɾ,2,kuɾ,2,,cortar,cut,Baptista2019[271-277],
Cape Verdean Sao Vicente,dia,ˈdiɐ,di.a,ˈdi.ɐ,di,ˈdi,2,2,1,1,Initial,Initial,0,a,0,ɐ,,dia,day,Baptista2019[271-277],
Cape Verdean Sao Vicente,dia,ˈdiɐ,di.a,ˈdi.ɐ,a,ɐ,2,2,2,2,Final,Final,di,2,ˈdi,2,,dia,day,Baptista2019[271-277],
Cape Verdean Sao Vicente,moɾe,muˈʀeɾ,mo.ɾe,mu.ˈʀeɾ,mo,mu,2,2,1,1,Initial,Initial,0,ɾe,0,ˈʀeɾ,,morrer,die,Baptista2019[271-277],
Cape Verdean Sao Vicente,moɾe,muˈʀeɾ,mo.ɾe,mu.ˈʀeɾ,ɾe,ˈʀeɾ,2,2,2,2,Final,Final,mo,2,mu,2,,morrer,die,Baptista2019[271-277],
Cape Verdean Sao Vicente,kava,kɐˈvaɾ,ka.va,kɐ.ˈvaɾ,ka,kɐ,2,2,1,1,Initial,Initial,0,va,0,ˈvaɾ,,cavar,dig,Baptista2019[271-277],
Cape Verdean Sao Vicente,kava,kɐˈvaɾ,ka.va,kɐ.ˈvaɾ,va,ˈvaɾ,2,2,2,2,Final,Final,ka,2,kɐ,2,,cavar,dig,Baptista2019[271-277],
Cape Verdean Sao Vicente,ʃuʒ,ˈsuʒu,ʃuʒ,ˈsu.ʒu,ʃuʒ,ˈsu,1,2,1,1,Final,Initial,0,-,0,ʒu,metathesis,sujo,dirty,Baptista2019[271-277],
Cape Verdean Sao Vicente,ʃuʒ,ˈsuʒu,ʃuʒ,ˈsu.ʒu,-,ʒu,1,2,-,2,-,Final,ʃuʒ,-,ˈsu,2,metathesis,sujo,dirty,Baptista2019[271-277],
Cape Verdean Sao Vicente,inkaɾdid,ẽkɐɾˈdidu,in.kaɾ.did,ẽ.kɐɾ.ˈdi.du,in,ẽ,3,4,1,1,Initial,Initial,0,kaɾ,0,kɐɾ,,encardido,dirty,Baptista2019[271-277],
Cape Verdean Sao Vicente,inkaɾdid,ẽkɐɾˈdidu,in.kaɾ.did,ẽ.kɐɾ.ˈdi.du,kaɾ,kɐɾ,3,4,2,2,Medial,Medial,in,did,ẽ,ˈdi,,encardido,dirty,Baptista2019[271-277],
Cape Verdean Sao Vicente,inkaɾdid,ẽkɐɾˈdidu,in.kaɾ.did,ẽ.kɐɾ.ˈdi.du,did,ˈdi,3,4,3,3,Final,Medial,kaɾ,-,kɐɾ,du,,encardido,dirty,Baptista2019[271-277],
Cape Verdean Sao Vicente,inkaɾdid,ẽkɐɾˈdidu,in.kaɾ.did,ẽ.kɐɾ.ˈdi.du,-,du,3,4,-,4,-,Final,did,-,ˈdi,4,,encardido,dirty,Baptista2019[271-277],
Cape Verdean Sao Vicente,kot̠ʃoɾ,kɐˈʃoʀu,ko.t̠ʃoɾ,kɐ.ˈʃo.ʀu,ko,kɐ,2,3,1,1,Initial,Initial,0,t̠ʃoɾ,0,ˈʃo,,cachorro,dog,Baptista2019[271-277],
Cape Verdean Sao Vicente,kot̠ʃoɾ,kɐˈʃoʀu,ko.t̠ʃoɾ,kɐ.ˈʃo.ʀu,t̠ʃoɾ,ˈʃo,2,3,2,2,Final,Medial,ko,-,kɐ,ʀu,metathesis,cachorro,dog,Baptista2019[271-277],
Cape Verdean Sao Vicente,kot̠ʃoɾ,kɐˈʃoʀu,ko.t̠ʃoɾ,kɐ.ˈʃo.ʀu,-,ʀu,2,3,-,3,-,Final,t̠ʃoɾ,-,ˈʃo,3,metathesis,cachorro,dog,Baptista2019[271-277],
Cape Verdean Sao Vicente,bibe,bɨˈbeɾ,bi.be,bɨ.ˈbeɾ,bi,bɨ,2,2,1,1,Initial,Initial,0,be,0,ˈbeɾ,,beber,drink,Baptista2019[271-277],
Cape Verdean Sao Vicente,bibe,bɨˈbeɾ,bi.be,bɨ.ˈbeɾ,be,ˈbeɾ,2,2,2,2,Final,Final,bi,2,bɨ,2,,beber,drink,Baptista2019[271-277],
Cape Verdean Sao Vicente,sek,ˈseku,sek,ˈse.ku,sek,ˈse,1,2,1,1,Final,Initial,0,-,0,ku,metathesis,seco,dry,Baptista2019[271-277],
Cape Verdean Sao Vicente,sek,ˈseku,sek,ˈse.ku,-,ku,1,2,-,2,-,Final,sek,-,ˈse,2,metathesis,seco,dry,Baptista2019[271-277],
Cape Verdean Sao Vicente,teɾ,teɾ,teɾ,teɾ,teɾ,teɾ,1,1,1,1,Final,Final,0,1,0,1,,ter,have,Baptista2019[271-277],
Cape Verdean Sao Vicente,mok,ˈmoku,mok,ˈmo.ku,mok,ˈmo,1,2,1,1,Final,Initial,0,-,0,ku,metathesis,moco,dull,Baptista2019[271-277],
Cape Verdean Sao Vicente,mok,ˈmoku,mok,ˈmo.ku,-,ku,1,2,-,2,-,Final,mok,-,ˈmo,2,metathesis,moco,dull,Baptista2019[271-277],
Cape Verdean Sao Vicente,teɾa,ˈtɛʀɐ,te.ɾa,ˈtɛ.ʀɐ,te,ˈtɛ,2,2,1,1,Initial,Initial,0,ɾa,0,ʀɐ,,terra,dust,Baptista2019[271-277],
Cape Verdean Sao Vicente,teɾa,ˈtɛʀɐ,te.ɾa,ˈtɛ.ʀɐ,ɾa,ʀɐ,2,2,2,2,Final,Final,te,2,ˈtɛ,2,,terra,dust,Baptista2019[271-277],
Cape Verdean Sao Vicente,po,po,po,po,po,po,1,1,1,1,Final,Final,0,1,0,1,,pó,dust,Baptista2019[271-277],
Cape Verdean Sao Vicente,pueɾa,ˈpuɐjɾɐ,pu.e.ɾa,ˈpu.ɐj.ɾɐ,pu,ˈpu,3,3,1,1,Initial,Initial,0,e,0,ɐj,,poeira,dust,Baptista2019[271-277],
Cape Verdean Sao Vicente,pueɾa,ˈpuɐjɾɐ,pu.e.ɾa,ˈpu.ɐj.ɾɐ,e,ɐj,3,3,2,2,Medial,Medial,pu,ɾa,ˈpu,ɾɐ,,poeira,dust,Baptista2019[271-277],
Cape Verdean Sao Vicente,pueɾa,ˈpuɐjɾɐ,pu.e.ɾa,ˈpu.ɐj.ɾɐ,ɾa,ɾɐ,3,3,3,3,Final,Final,e,3,ɐj,3,,poeira,dust,Baptista2019[271-277],
Cape Verdean Sao Vicente,oɾea,ɔˈɾɐʎɐ,o.ɾe.a,ɔ.ˈɾɐ.ʎɐ,o,ɔ,3,3,1,1,Initial,Initial,0,ɾe,0,ˈɾɐ,,orelha,ear,Baptista2019[271-277],
Cape Verdean Sao Vicente,oɾea,ɔˈɾɐʎɐ,o.ɾe.a,ɔ.ˈɾɐ.ʎɐ,ɾe,ˈɾɐ,3,3,2,2,Medial,Medial,o,a,ɔ,ʎɐ,,orelha,ear,Baptista2019[271-277],
Cape Verdean Sao Vicente,oɾea,ɔˈɾɐʎɐ,o.ɾe.a,ɔ.ˈɾɐ.ʎɐ,a,ʎɐ,3,3,3,3,Final,Final,ɾe,3,ˈɾɐ,3,,orelha,ear,Baptista2019[271-277],
Cape Verdean Sao Vicente,t̠ʃon,t̠ʃɐ̃w̃,t̠ʃon,t̠ʃɐ̃w̃,t̠ʃon,t̠ʃɐ̃w̃,1,1,1,1,Final,Final,0,1,0,1,,chão,earth,Baptista2019[271-277],
Cape Verdean Sao Vicente,kme,kuˈmeɾ,kme,ku.ˈmeɾ,kme,ku,1,2,1,1,Final,Initial,0,-,0,ˈmeɾ,,comer,eat,Baptista2019[271-277],
Cape Verdean Sao Vicente,kme,kuˈmeɾ,kme,ku.ˈmeɾ,-,ˈmeɾ,1,2,-,2,-,Final,kme,-,ku,2,,comer,eat,Baptista2019[271-277],
Cape Verdean Sao Vicente,ov,ˈovu,ov,ˈo.vu,ov,ˈo,1,2,1,1,Final,Initial,0,-,0,vu,metathesis,ovo,egg,Baptista2019[271-277],
Cape Verdean Sao Vicente,ov,ˈovu,ov,ˈo.vu,-,vu,1,2,-,2,-,Final,ov,-,ˈo,2,metathesis,ovo,egg,Baptista2019[271-277],
Cape Verdean Sao Vicente,oi,ˈoʎu,oi,ˈo.ʎu,oi,ˈo,1,2,1,1,Final,Initial,0,-,0,ʎu,,olho,eye,Baptista2019[271-277],
Cape Verdean Sao Vicente,oi,ˈoʎu,oi,ˈo.ʎu,-,ʎu,1,2,-,2,-,Final,oi,-,ˈo,2,,olho,eye,Baptista2019[271-277],
Cape Verdean Sao Vicente,kei,kɐˈiɾ,kei,kɐ.ˈiɾ,kei,kɐ,1,2,1,1,Final,Initial,0,-,0,ˈiɾ,,cair,fall,Baptista2019[271-277],
Cape Verdean Sao Vicente,kei,kɐˈiɾ,kei,kɐ.ˈiɾ,-,ˈiɾ,1,2,-,2,-,Final,kei,-,kɐ,2,,cair,fall,Baptista2019[271-277],
Cape Verdean Sao Vicente,lonʒ,ˈlõʒɨ,lonʒ,ˈlõ.ʒɨ,lonʒ,ˈlõ,1,2,1,1,Final,Initial,0,-,0,ʒɨ,,longe,far,Baptista2019[271-277],
Cape Verdean Sao Vicente,lonʒ,ˈlõʒɨ,lonʒ,ˈlõ.ʒɨ,-,ʒɨ,1,2,-,2,-,Final,lonʒ,-,ˈlõ,2,,longe,far,Baptista2019[271-277],
Cape Verdean Sao Vicente,guɾduɾa,ɡuɾˈduɾɐ,guɾ.du.ɾa,ɡuɾ.ˈdu.ɾɐ,guɾ,ɡuɾ,3,3,1,1,Initial,Initial,0,du,0,ˈdu,,gordura,fat,Baptista2019[271-277],
Cape Verdean Sao Vicente,guɾduɾa,ɡuɾˈduɾɐ,guɾ.du.ɾa,ɡuɾ.ˈdu.ɾɐ,du,ˈdu,3,3,2,2,Medial,Medial,guɾ,ɾa,ɡuɾ,ɾɐ,,gordura,fat,Baptista2019[271-277],
Cape Verdean Sao Vicente,guɾduɾa,ɡuɾˈduɾɐ,guɾ.du.ɾa,ɡuɾ.ˈdu.ɾɐ,ɾa,ɾɐ,3,3,3,3,Final,Final,du,3,ˈdu,3,,gordura,fat,Baptista2019[271-277],
Cape Verdean Sao Vicente,baɲa,ˈbɐ̃ɲɐ,ba.ɲa,ˈbɐ̃.ɲɐ,ba,ˈbɐ̃,2,2,1,1,Initial,Initial,0,ɲa,0,ɲɐ,,banha,fat,Baptista2019[271-277],
Cape Verdean Sao Vicente,baɲa,ˈbɐ̃ɲɐ,ba.ɲa,ˈbɐ̃.ɲɐ,ɲa,ɲɐ,2,2,2,2,Final,Final,ba,2,ˈbɐ̃,2,,banha,fat,Baptista2019[271-277],
Cape Verdean Sao Vicente,pai,paj,pai,paj,pai,paj,1,1,1,1,Final,Final,0,1,0,1,,pai,father,Baptista2019[271-277],
Cape Verdean Sao Vicente,tenmed,tɐ̃j̃ˈmedu,ten.med,tɐ̃j̃.ˈme.du,ten,tɐ̃j̃,2,3,1,1,Initial,Initial,0,med,0,ˈme,,tem medo,fear,Baptista2019[271-277],
Cape Verdean Sao Vicente,tenmed,tɐ̃j̃ˈmedu,ten.med,tɐ̃j̃.ˈme.du,med,ˈme,2,3,2,2,Final,Medial,ten,-,tɐ̃j̃,du,,tem medo,fear,Baptista2019[271-277],
Cape Verdean Sao Vicente,tenmed,tɐ̃j̃ˈmedu,ten.med,tɐ̃j̃.ˈme.du,-,du,2,3,-,3,-,Final,med,-,ˈme,3,,tem medo,fear,Baptista2019[271-277],
Cape Verdean Sao Vicente,pena,ˈpenɐ,pe.na,ˈpe.nɐ,pe,ˈpe,2,2,1,1,Initial,Initial,0,na,0,nɐ,,pena,feather,Baptista2019[271-277],
Cape Verdean Sao Vicente,pena,ˈpenɐ,pe.na,ˈpe.nɐ,na,nɐ,2,2,2,2,Final,Final,pe,2,ˈpe,2,,pena,feather,Baptista2019[271-277],
Cape Verdean Sao Vicente,pok,ˈpoku,pok,ˈpo.ku,pok,ˈpo,1,2,1,1,Final,Initial,0,-,0,ku,metathesis,pouco,few,Baptista2019[271-277],
Cape Verdean Sao Vicente,pok,ˈpoku,pok,ˈpo.ku,-,ku,1,2,-,2,-,Final,pok,-,ˈpo,2,metathesis,pouco,few,Baptista2019[271-277],
Cape Verdean Sao Vicente,bkedin,bukaˈdiɲu,bke.din,bu.kɐ.ˈdi.ɲu,bke,bu,2,4,1,1,Initial,Initial,0,-,0,kɐ,,bocadinho,few,Baptista2019[271-277],
Cape Verdean Sao Vicente,bkedin,bukaˈdiɲu,bke.din,bu.kɐ.ˈdi.ɲu,-,kɐ,2,4,-,2,-,Medial,bke,din,bu,ˈdi,,bocadinho,few,Baptista2019[271-277],
Cape Verdean Sao Vicente,bkedin,bukaˈdiɲu,bke.din,bu.kɐ.ˈdi.ɲu,din,ˈdi,2,4,2,3,Final,Medial,-,-,kɐ,ɲu,,bocadinho,few,Baptista2019[271-277],
Cape Verdean Sao Vicente,bkedin,bukaˈdiɲu,bke.din,bu.kɐ.ˈdi.ɲu,-,ɲu,2,4,-,4,-,Final,din,-,ˈdi,4,metathesis,bocadinho,few,Baptista2019[271-277],
Cape Verdean Sao Vicente,kziɲa,kojˈziɲɐ,kzi.ɲa,koj.ˈzi.ɲɐ,kzi,Koj,2,3,1,1,Initial,Initial,0,-,0,ˈzi,,coisinha,few,Baptista2019[271-277],
Cape Verdean Sao Vicente,kziɲa,kojˈziɲɐ,kzi.ɲa,koj.ˈzi.ɲɐ,-,ˈzi,2,3,-,2,-,Medial,kzi,ɲa,Koj,ɲɐ,,coisinha,few,Baptista2019[271-277],
Cape Verdean Sao Vicente,kziɲa,kojˈziɲɐ,kzi.ɲa,koj.ˈzi.ɲɐ,ɲa,ɲɐ,2,3,2,3,Final,Final,-,2,ˈzi,3,metathesis,coisinha,few,Baptista2019[271-277],
Cape Verdean Sao Vicente,bɾiga,bɾiˈɡaɾ,bɾi.ga,bɾi.ˈɡaɾ,bɾi,bɾi,2,2,1,1,Initial,Initial,0,ga,0,ˈɡaɾ,,brigar,fight,Baptista2019[271-277],
Cape Verdean Sao Vicente,bɾiga,bɾiˈɡaɾ,bɾi.ga,bɾi.ˈɡaɾ,ga,ˈɡaɾ,2,2,2,2,Final,Final,bɾi,2,bɾi,2,,brigar,fight,Baptista2019[271-277],
Cape Verdean Sao Vicente,lum,ˈlumɨ,lum,ˈlu.mɨ,lum,ˈlu ,1,2,1,1,Final,Initial,0,-,0,mɨ,metathesis,lume,fire,Baptista2019[271-277],
Cape Verdean Sao Vicente,lum,ˈlumɨ,lum,ˈlu.mɨ,-,mɨ,1,2,-,2,-,Final,lum,-,ˈlu ,2,metathesis,lume,fire,Baptista2019[271-277],
Cape Verdean Sao Vicente,peʃ,ˈpejʃɨ,peʃ,ˈpej.ʃɨ,peʃ,ˈpej,1,2,1,1,Final,Initial,0,-,0,ʃɨ,,peixe,fish,Baptista2019[271-277],
Cape Verdean Sao Vicente,peʃ,ˈpejʃɨ,peʃ,ˈpej.ʃɨ,-,ʃɨ,1,2,-,2,-,Final,peʃ,-,ˈpej,2,,peixe,fish,Baptista2019[271-277],
Cape Verdean Sao Vicente,sink,ˈsĩku,sink,ˈsĩ.ku,sink,ˈsĩ,1,2,1,1,Final,Initial,0,-,0,ku,metathesis,cinco,five,Baptista2019[271-277],
Cape Verdean Sao Vicente,sink,ˈsĩku,sink,ˈsĩ.ku,-,ku,1,2,-,2,-,Final,sink,-,ˈsĩ,2,metathesis,cinco,five,Baptista2019[271-277],
Cape Verdean Sao Vicente,boia,bojˈaɾ,boi.a,boj.ˈaɾ,boi,boj,2,2,1,1,Initial,Initial,0,a,0,ˈaɾ,,boiar,float,Baptista2019[271-277],
Cape Verdean Sao Vicente,boia,bojˈaɾ,boi.a,boj.ˈaɾ,a,ˈaɾ,2,2,2,2,Final,Final,boi,2,boj,2,,boiar,float,Baptista2019[271-277],
Cape Verdean Sao Vicente,koɾe,kuˈʀeɾ,ko.ɾe,ku.ˈʀeɾ,ko,ku,2,2,1,1,Initial,Initial,0,ɾe,0,ˈʀeɾ,,correr,flow,Baptista2019[271-277],
Cape Verdean Sao Vicente,koɾe,kuˈʀeɾ,ko.ɾe,ku.ˈʀeɾ,ɾe,ˈʀeɾ,2,2,2,2,Final,Final,ko,2,ku,2,,correr,flow,Baptista2019[271-277],
Cape Verdean Sao Vicente,floɾ,ˈfloɾ,floɾ,ˈfloɾ,floɾ,ˈfloɾ,1,1,1,1,Final,Final,0,1,0,1,,flor,flower,Baptista2019[271-277],
Cape Verdean Sao Vicente,vuə,ˈvuaɾ,vuə,ˈvu.aɾ,vuə,ˈvu,1,2,1,1,Final,Initial,0,-,0,aɾ,,voar,fly,Baptista2019[271-277],
Cape Verdean Sao Vicente,vuə,ˈvuaɾ,vuə,ˈvu.aɾ,-,aɾ,1,2,-,2,-,Final,vuə,-,ˈvu,2,,voar,fly,Baptista2019[271-277],
Cape Verdean Sao Vicente,nevueɾ,nɨvuˈɐjɾu,ne.vu.eɾ,nɨ.vu.ˈɐj.ɾu,ne,nɨ,3,4,1,1,Initial,Initial,0,vu,0,vu,,nevoeiro,fog,Baptista2019[271-277],
Cape Verdean Sao Vicente,nevueɾ,nɨvuˈɐjɾu,ne.vu.eɾ,nɨ.vu.ˈɐj.ɾu,vu,vu,3,4,2,2,Medial,Medial,ne,-,nɨ,ˈɐj,,nevoeiro,fog,Baptista2019[271-277],
Cape Verdean Sao Vicente,nevueɾ,nɨvuˈɐjɾu,ne.vu.eɾ,nɨ.vu.ˈɐj.ɾu,-,ˈɐj,3,4,-,3,-,Medial,vu,eɾ,vu,ɾu,,nevoeiro,fog,Baptista2019[271-277],
Cape Verdean Sao Vicente,nevueɾ,nɨvuˈɐjɾu,ne.vu.eɾ,nɨ.vu.ˈɐj.ɾu,eɾ,ɾu,3,4,3,4,Final,Final,-,3,ˈɐj,4,,nevoeiro,fog,Baptista2019[271-277],
Cape Verdean Sao Vicente,pe,ˈpɛ,pe,ˈpɛ,pe,ˈpɛ,1,1,1,1,Final,Final,0,1,0,1,,pé,foot,Baptista2019[271-277],
Cape Verdean Sao Vicente,kuat,ˈkuatɾu,ku.at,ˈkua.tɾu,ku,ˈkua,2,2,1,1,Initial,Initial,0,at,0,tɾu,,quatro,four,Baptista2019[271-277],
Cape Verdean Sao Vicente,kuat,ˈkuatɾu,ku.at,ˈkua.tɾu,at,tɾu,2,2,2,2,Final,Final,ku,2,ˈkua,2,,quatro,four,Baptista2019[271-277],
Cape Verdean Sao Vicente,ʒela,ʒɨˈlaɾ,ʒe.la,ʒɨ.ˈlaɾ,ʒe,ʒɨ,2,2,1,1,Initial,Initial,0,la,0,ˈlaɾ,,gelar,freeze,Baptista2019[271-277],
Cape Verdean Sao Vicente,ʒela,ʒɨˈlaɾ,ʒe.la,ʒɨ.ˈlaɾ,la,ˈlaɾ,2,2,2,2,Final,Final,ʒe,2,ʒɨ,2,,gelar,freeze,Baptista2019[271-277],
Cape Verdean Sao Vicente,fɾuta,ˈfɾutɐ,fɾu.ta,ˈfɾu.tɐ,fɾu,ˈfɾu,2,2,1,1,Initial,Initial,0,ta,0,tɐ,,fruta,fruit,Baptista2019[271-277],
Cape Verdean Sao Vicente,fɾuta,ˈfɾutɐ,fɾu.ta,ˈfɾu.tɐ,ta,tɐ,2,2,2,2,Final,Final,fɾu,2,ˈfɾu,2,,fruta,fruit,Baptista2019[271-277],
Cape Verdean Sao Vicente,da,ˈdaɾ,da,ˈdaɾ,da,ˈdaɾ,1,1,1,1,Final,Final,0,1,0,1,,dar,give,Baptista2019[271-277],
Cape Verdean Sao Vicente,bon,ˈbõ,bon,ˈbõ,bon,ˈbõ,1,1,1,1,Final,Final,0,#REF!,0,#REF!,,bom,good,Baptista2019[271-277],
Cape Verdean Sao Vicente,eɾva,ˈɛɾvɐ,eɾ.va,ˈɛɾ.vɐ,eɾ,ˈɛɾ,2,2,1,1,Initial,Initial,#REF!,va,#REF!,vɐ,,erva,grass,Baptista2019[271-277],
Cape Verdean Sao Vicente,eɾva,ˈɛɾvɐ,eɾ.va,ˈɛɾ.vɐ,va,vɐ,2,2,2,2,Final,Final,eɾ,2,ˈɛɾ,2,,erva,grass,Baptista2019[271-277],
Cape Verdean Sao Vicente,paia,ˈpaʎɐ,pa.ia,ˈpa.ʎɐ,pa,ˈpa,2,2,1,1,Initial,Initial,0,ia,0,ʎɐ,,palha,straw,Baptista2019[271-277],
Cape Verdean Sao Vicente,paia,ˈpaʎɐ,pa.ia,ˈpa.ʎɐ,ia,ʎɐ,2,2,2,2,Final,Final,pa,2,ˈpa,2,,palha,straw,Baptista2019[271-277],
Cape Verdean Sao Vicente,veɾd,ˈveɾdɨ,veɾ.d,ˈveɾ.dɨ,veɾ,ˈveɾ,2,2,1,1,Initial,Initial,0,d,0,dɨ,,verde,green,Baptista2019[271-277],
Cape Verdean Sao Vicente,veɾd,ˈveɾdɨ,veɾ.d,ˈveɾ.dɨ,d,dɨ,2,2,2,2,Final,Final,veɾ,2,ˈveɾ,2,,verde,green,Baptista2019[271-277],
Cape Verdean Sao Vicente,tɾipa,ˈtɾipɐ,tɾi.pa,ˈtɾi.pɐ,tɾi,ˈtɾi,2,2,1,1,Initial,Initial,0,pa,0,pɐ,,tripa,guts,Baptista2019[271-277],
Cape Verdean Sao Vicente,tɾipa,ˈtɾipɐ,tɾi.pa,ˈtɾi.pɐ,pa,pɐ,2,2,2,2,Final,Final,tɾi,2,ˈtɾi,2,,tripa,guts,Baptista2019[271-277],
Cape Verdean Sao Vicente,kabel,kɐˈbelu,ka.bel,kɐ.ˈbe.lu,ka,kɐ,2,3,1,1,Initial,Initial,0,bel,0,ˈbe,,cabelo,hair,Baptista2019[271-277],
Cape Verdean Sao Vicente,kabel,kɐˈbelu,ka.bel,kɐ.ˈbe.lu,bel,ˈbe,2,3,2,2,Final,Medial,ka,-,kɐ,lu,metathesis,cabelo,hair,Baptista2019[271-277],
Cape Verdean Sao Vicente,kabel,kɐˈbelu,ka.bel,kɐ.ˈbe.lu,-,lu,2,3,-,3,-,Final,bel,-,ˈbe,3,metathesis,cabelo,hair,Baptista2019[271-277],
Cape Verdean Sao Vicente,mon,ˈmɐ̃w̃,mon,ˈmɐ̃w̃,mon,ˈmɐ̃w̃,1,1,1,1,Final,Final,0,1,0,1,,mão,hand,Baptista2019[271-277],
Cape Verdean Sao Vicente,el,ˈelɨ,el,ˈe.lɨ,el,ˈe,1,2,1,1,Final,Initial,0,-,0,lɨ,,ele,he,Baptista2019[271-277],
Cape Verdean Sao Vicente,el,ˈelɨ,el,ˈe.lɨ,-,lɨ,1,2,-,2,-,Final,el,-,ˈe,2,,ele,he,Baptista2019[271-277],
Cape Verdean Sao Vicente,kabɛsa,kɐˈbesɐ,ka.bɛ.sa,kɐ.ˈbe.sɐ,ka,kɐ,3,3,1,1,Initial,Initial,0,bɛ,0,ˈbe,,cabeça,head,Baptista2019[271-277],
Cape Verdean Sao Vicente,kabɛsa,kɐˈbesɐ,ka.bɛ.sa,kɐ.ˈbe.sɐ,bɛ,ˈbe,3,3,2,2,Medial,Medial,ka,sa,kɐ,sɐ,,cabeça,head,Baptista2019[271-277],
Cape Verdean Sao Vicente,kabɛsa,kɐˈbesɐ,ka.bɛ.sa,kɐ.ˈbe.sɐ,sa,sɐ,3,3,3,3,Final,Final,bɛ,3,ˈbe,3,,cabeça,head,Baptista2019[271-277],
Cape Verdean Sao Vicente,uvi,oˈviɾ,u.vi,o.ˈviɾ,u,o,2,2,1,1,Initial,Initial,0,vi,0,ˈviɾ,,ouvir,hear,Baptista2019[271-277],
Cape Verdean Sao Vicente,uvi,oˈviɾ,u.vi,o.ˈviɾ,vi,ˈviɾ,2,2,2,2,Final,Final,u,2,o,2,,ouvir,hear,Baptista2019[271-277],
Cape Verdean Sao Vicente,koɾason,kuɾɐˈsɐ̃w̃,ko.ɾa.son,ku.ɾɐ.ˈsɐ̃w̃,ko,ku,3,3,1,1,Initial,Initial,0,ɾa,0,ɾɐ,,coração,heart,Baptista2019[271-277],
Cape Verdean Sao Vicente,koɾason,kuɾɐˈsɐ̃w̃,ko.ɾa.son,ku.ɾɐ.ˈsɐ̃w̃,ɾa,ɾɐ,3,3,2,2,Medial,Medial,ko,son,ku,ˈsɐ̃w̃,,coração,heart,Baptista2019[271-277],
Cape Verdean Sao Vicente,koɾason,kuɾɐˈsɐ̃w̃,ko.ɾa.son,ku.ɾɐ.ˈsɐ̃w̃,son,ˈsɐ̃w̃,3,3,3,3,Final,Final,ɾa,3,ɾɐ,3,,coração,heart,Baptista2019[271-277],
Cape Verdean Sao Vicente,pezod,pɨˈzadu,pe.zo.d,pɨ.ˈza.du,pe,pɨ,3,3,1,1,Initial,Initial,0,zo,0,ˈza,,pesado,hurt,Baptista2019[271-277],
Cape Verdean Sao Vicente,pezod,pɨˈzadu,pe.zo.d,pɨ.ˈza.du,zo,ˈza,3,3,2,2,Medial,Medial,pe,d,pɨ,du,,pesado,hurt,Baptista2019[271-277],
Cape Verdean Sao Vicente,pezod,pɨˈzadu,pe.zo.d,pɨ.ˈza.du,d,du,3,3,3,3,Final,Final,zo,3,ˈza,3,,pesado,hurt,Baptista2019[271-277],
Cape Verdean Sao Vicente,li,ɐˈli,li,ɐ.ˈli,-,ɐ,1,2,-,1,-,Initial,0,li,0,ˈli,,ali,here,Baptista2019[271-277],
Cape Verdean Sao Vicente,li,ɐˈli,li,ɐ.ˈli,li,ˈli,1,2,1,2,Final,Final,-,1,ɐ,2,,ali,here,Baptista2019[271-277],
Cape Verdean Sao Vicente,ei,,ei,ɐ.ˈi,ei,ɐ,1,5,1,1,Final,Initial,0,-,0,1,,aí,here,Baptista2019[271-277],
Cape Verdean Sao Vicente,ei,ɐˈi,ei,ɐ.ˈi,-,ˈi,1,2,-,2,-,Final,ei,-,0,2,,aí,here,Baptista2019[271-277],
Cape Verdean Sao Vicente,da,da,da,da,da,da,1,1,1,1,Final,Final,0,1,0,1,,dá,hit,Baptista2019[271-277],
Cape Verdean Sao Vicente,lonba,ɐɫõˈbaɾ,lon.ba,ɐ.ɫõ.ˈbaɾ,-,ɐ,2,3,-,1,-,Initial,0,lon,0,ɫõ,,alombar,hit,Baptista2019[271-277],
Cape Verdean Sao Vicente,lonba,ɐɫõˈbaɾ,lon.ba,ɐ.ɫõ.ˈbaɾ,lon,ɫõ,2,3,1,2,Initial,Medial,-,ba,ɐ,ˈbaɾ,,alombar,hit,Baptista2019[271-277],
Cape Verdean Sao Vicente,lonba,ɐɫõˈbaɾ,lon.ba,ɐ.ɫõ.ˈbaɾ,ba,ˈbaɾ,2,3,2,3,Final,Final,lon,#REF!,ɫõ,#REF!,,alombar,hit,Baptista2019[271-277],
Cape Verdean Sao Vicente,suʃte,suʃˈteɾ,suʃ.te,suʃ.ˈteɾ,suʃ,suʃ,2,2,1,1,Initial,Initial,#REF!,te,#REF!,ˈteɾ,,suster,hold,Baptista2019[271-277],
Cape Verdean Sao Vicente,suʃte,suʃˈteɾ,suʃ.te,suʃ.ˈteɾ,te,ˈteɾ,2,2,2,2,Final,Final,suʃ,2,suʃ,2,,suster,hold,Baptista2019[271-277],
Cape Verdean Sao Vicente,guenta,ɐɡwẽˈtaɾ,gu.en.ta,ɐ.ɡwẽ.ˈtaɾ,gu,ɐ,3,3,1,1,Initial,Initial,0,en,0,ɡwẽ,,aguentar,hold,Baptista2019[271-277],
Cape Verdean Sao Vicente,guenta,ɐɡwẽˈtaɾ,gu.en.ta,ɐ.ɡwẽ.ˈtaɾ,en,ɡwẽ,3,3,2,2,Medial,Medial,gu,ta,ɐ,ˈtaɾ,,aguentar,hold,Baptista2019[271-277],
Cape Verdean Sao Vicente,guenta,ɐɡwẽˈtaɾ,gu.en.ta,ɐ.ɡwẽ.ˈtaɾ,ta,ˈtaɾ,3,3,3,3,Final,Final,en,3,ɡwẽ,3,,aguentar,hold,Baptista2019[271-277],
Cape Verdean Sao Vicente,sgeɾa,sɨɡuˈɾaɾ,s.ge.ɾa,sɨ.ɡu.ˈɾaɾ,s,sɨ,3,3,1,1,Initial,Initial,0,ge,0,ɡu,,segurar,hold,Baptista2019[271-277],
Cape Verdean Sao Vicente,sgeɾa,sɨɡuˈɾaɾ,s.ge.ɾa,sɨ.ɡu.ˈɾaɾ,ge,ɡu,3,3,2,2,Medial,Medial,s,ɾa,sɨ,ˈɾaɾ,,segurar,hold,Baptista2019[271-277],
Cape Verdean Sao Vicente,sgeɾa,sɨɡuˈɾaɾ,s.ge.ɾa,sɨ.ɡu.ˈɾaɾ,ɾa,ˈɾaɾ,3,3,3,3,Final,Final,ge,3,ɡu,3,,segurar,hold,Baptista2019[271-277],
Cape Verdean Sao Vicente,mod,ˈmɔdu,mo.d,ˈmɔ.du,mo,ˈmɔ,2,2,1,1,Initial,Initial,0,d,0,du,,modo,how,Baptista2019[271-277],
Cape Verdean Sao Vicente,mod,ˈmɔdu,mo.d,ˈmɔ.du,d,du,2,2,2,2,Final,Final,mo,2,ˈmɔ,2,,modo,how,Baptista2019[271-277],
Cape Verdean Sao Vicente,kimaneɾa,kɨmɐˈnejɾɐ,ki.ma.ne.ɾa,kɨ.mɐ.ˈnej.ɾɐ,ki,kɨ,4,4,1,1,Initial,Initial,0,ma,0,mɐ,,que maneira,how,Baptista2019[271-277],
Cape Verdean Sao Vicente,kimaneɾa,kɨmɐˈnejɾɐ,ki.ma.ne.ɾa,kɨ.mɐ.ˈnej.ɾɐ,ma,mɐ,4,4,2,2,Medial,Medial,ki,ne,kɨ,ˈnej,,que maneira,how,Baptista2019[271-277],
Cape Verdean Sao Vicente,kimaneɾa,kɨmɐˈnejɾɐ,ki.ma.ne.ɾa,kɨ.mɐ.ˈnej.ɾɐ,ne,ˈnej,4,4,3,3,Medial,Medial,ma,ɾa,mɐ,ɾɐ,,que maneira,how,Baptista2019[271-277],
Cape Verdean Sao Vicente,kimaneɾa,kɨmɐˈnejɾɐ,ki.ma.ne.ɾa,kɨ.mɐ.ˈnej.ɾɐ,ɾa,ɾɐ,4,4,4,4,Final,Final,ne,4,ˈnej,4,,que maneira,how,Baptista2019[271-277],
Cape Verdean Sao Vicente,kasa,kɐˈsaɾ,ka.sa,kɐ.ˈsaɾ,ka,kɐ,2,2,1,1,Initial,Initial,0,sa,0,ˈsaɾ,,caçar,hunt,Baptista2019[271-277],
Cape Verdean Sao Vicente,kasa,kɐˈsaɾ,ka.sa,kɐ.ˈsaɾ,sa,ˈsaɾ,2,2,2,2,Final,Final,ka,2,kɐ,2,,caçar,hunt,Baptista2019[271-277],
Cape Verdean Sao Vicente,pega,pɨˈɡaɾ,pe.ga,pɨ.ˈɡaɾ,pe,pɨ,2,2,1,1,Initial,Initial,0,ga,0,ˈɡaɾ,,pegar,hunt,Baptista2019[271-277],
Cape Verdean Sao Vicente,pega,pɨˈɡaɾ,pe.ga,pɨ.ˈɡaɾ,ga,ˈɡaɾ,2,2,2,2,Final,Final,pe,2,pɨ,2,,pegar,hunt,Baptista2019[271-277],
Cape Verdean Sao Vicente,meɾid,mɐˈɾidu,me.ɾi.d,mɐ.ˈɾi.du,me,mɐ,3,3,1,1,Initial,Initial,0,ɾi,0,ˈɾi,,marido,husband,Baptista2019[271-277],
Cape Verdean Sao Vicente,meɾid,mɐˈɾidu,me.ɾi.d,mɐ.ˈɾi.du,ɾi,ˈɾi,3,3,2,2,Medial,Medial,me,d,mɐ,du,,marido,husband,Baptista2019[271-277],
Cape Verdean Sao Vicente,meɾid,mɐˈɾidu,me.ɾi.d,mɐ.ˈɾi.du,d,du,3,3,3,3,Final,Final,ɾi,3,ˈɾi,3,,marido,husband,Baptista2019[271-277],
Cape Verdean Sao Vicente,kunpaɲeɾ,kõpɐˈɲejɾu,kun.pa.ɲeɾ,kõ.pɐ.ˈɲej.ɾu,kun,kõ,3,4,1,1,Initial,Initial,0,pa,0,pɐ,,companheiro,husband,Baptista2019[271-277],
Cape Verdean Sao Vicente,kunpaɲeɾ,kõpɐˈɲejɾu,kun.pa.ɲeɾ,kõ.pɐ.ˈɲej.ɾu,pa,pɐ,3,4,2,2,Medial,Medial,kun,ɲeɾ,kõ,ˈɲej,,companheiro,husband,Baptista2019[271-277],
Cape Verdean Sao Vicente,kunpaɲeɾ,kõpɐˈɲejɾu,kun.pa.ɲeɾ,kõ.pɐ.ˈɲej.ɾu,ɲeɾ,ˈɲej,3,4,3,3,Final,Medial,pa,-,pɐ,ɾu,,companheiro,husband,Baptista2019[271-277],
Cape Verdean Sao Vicente,kunpaɲeɾ,kõpɐˈɲejɾu,kun.pa.ɲeɾ,kõ.pɐ.ˈɲej.ɾu,-,ɾu,3,4,-,4,-,Final,ɲeɾ,-,ˈɲej,4,,companheiro,husband,Baptista2019[271-277],
Cape Verdean Sao Vicente,n,ɐj̃,n,ɐj̃,n,ɐj̃,1,1,1,1,Final,Final,0,1,0,1,,em,in,Baptista2019[271-277],
Cape Verdean Sao Vicente,ʒel,ˈʒelu,ʒel,ˈʒe.lu,ʒel,ˈʒe,1,2,1,1,Final,Initial,0,-,0,lu,,gelo,ice,Baptista2019[271-277],
Cape Verdean Sao Vicente,ʒel,ˈʒelu,ʒel,ˈʒe.lu,-,lu,1,2,-,2,-,Final,ʒel,-,ˈʒe,2,,gelo,ice,Baptista2019[271-277],
Cape Verdean Sao Vicente,se,sɨ,se,sɨ,se,sɨ,1,1,1,1,Final,Final,0,1,0,1,,se,if,Baptista2019[271-277],
Cape Verdean Sao Vicente,dent,ˈdẽtɾu,den.t,ˈdẽ.tɾu,den,ˈdẽ,2,2,1,1,Initial,Initial,0,t,0,tɾu,,dentro,inside,Baptista2019[271-277],
Cape Verdean Sao Vicente,dent,ˈdẽtɾu,den.t,ˈdẽ.tɾu,t,tɾu,2,2,2,2,Final,Final,den,2,ˈdẽ,2,assimilation,dentro,inside,Baptista2019[271-277],
Cape Verdean Sao Vicente,mata,mɐˈtaɾ,ma.ta,mɐ.ˈtaɾ,ma,mɐ,2,2,1,1,Initial,Initial,0,ta,0,ˈtaɾ,,matar,kill,Baptista2019[271-277],
Cape Verdean Sao Vicente,mata,mɐˈtaɾ,ma.ta,mɐ.ˈtaɾ,ta,ˈtaɾ,2,2,2,2,Final,Final,ma,2,mɐ,2,,matar,kill,Baptista2019[271-277],
Cape Verdean Sao Vicente,konʃe,kuɲɨˈseɾ,kon.ʃe,ku.ɲɨ.ˈseɾ,kon,ku,2,3,1,1,Initial,Initial,0,-,0,ɲɨ,,conhecer,know,Baptista2019[271-277],
Cape Verdean Sao Vicente,konʃe,kuɲɨˈseɾ,kon.ʃe,ku.ɲɨ.ˈseɾ,-,ɲɨ,2,3,-,2,-,Medial,kon,ʃe,ku,ˈseɾ,,conhecer,know,Baptista2019[271-277],
Cape Verdean Sao Vicente,konʃe,kuɲɨˈseɾ,kon.ʃe,ku.ɲɨ.ˈseɾ,ʃe,ˈseɾ,2,3,2,3,Final,Final,-,2,ɲɨ,3,,conhecer,know,Baptista2019[271-277],
Cape Verdean Sao Vicente,sabe,sɐˈbeɾ,sa.be,sɐ.ˈbeɾ,sa,sɐ,2,2,1,1,Initial,Initial,0,be,0,ˈbeɾ,,saber,know,Baptista2019[271-277],
Cape Verdean Sao Vicente,sabe,sɐˈbeɾ,sa.be,sɐ.ˈbeɾ,be,ˈbeɾ,2,2,2,2,Final,Final,sa,2,sɐ,2,,saber,know,Baptista2019[271-277],
Cape Verdean Sao Vicente,pɔsa,ˈposɐ,pɔ.sa,ˈpo.sɐ,pɔ,ˈpo,2,2,1,1,Initial,Initial,0,sa,0,sɐ,,poça,lake,Baptista2019[271-277],
Cape Verdean Sao Vicente,pɔsa,ˈposɐ,pɔ.sa,ˈpo.sɐ,sa,sɐ,2,2,2,2,Final,Final,pɔ,2,ˈpo,2,,poça,lake,Baptista2019[271-277],
Cape Verdean Sao Vicente,eɾi,ˈʀiɾ,eɾi,ˈʀiɾ,eɾi,ˈʀiɾ,1,1,1,1,Final,Final,0,1,0,1,,rir,laugh,Baptista2019[271-277],
Cape Verdean Sao Vicente,fɔʎa,ˈfoʎɐ,fɔ.ʎa,ˈfo.ʎɐ,fɔ,ˈfo,2,2,1,1,Initial,Initial,0,ʎa,0,ʎɐ,,folha,leaf,Baptista2019[271-277],
Cape Verdean Sao Vicente,fɔʎa,ˈfoʎɐ,fɔ.ʎa,ˈfo.ʎɐ,ʎa,ʎɐ,2,2,2,2,Final,Final,fɔ,2,ˈfo,2,,folha,leaf,Baptista2019[271-277],
Cape Verdean Sao Vicente,skeɾda,iʃˈkeɾdɐ,s.keɾ.da,iʃ.ˈkeɾ.dɐ,s,iʃ,3,3,1,1,Initial,Initial,0,keɾ,0,ˈkeɾ,,esquerda,left,Baptista2019[271-277],
Cape Verdean Sao Vicente,skeɾda,iʃˈkeɾdɐ,s.keɾ.da,iʃ.ˈkeɾ.dɐ,keɾ,ˈkeɾ,3,3,2,2,Medial,Medial,s,da,iʃ,dɐ,,esquerda,left,Baptista2019[271-277],
Cape Verdean Sao Vicente,skeɾda,iʃˈkeɾdɐ,s.keɾ.da,iʃ.ˈkeɾ.dɐ,da,dɐ,3,3,3,3,Final,Final,keɾ,3,ˈkeɾ,3,,esquerda,left,Baptista2019[271-277],
Cape Verdean Sao Vicente,pɛɾna,ˈpɛɾnɐ,pɛɾ.na,ˈpɛɾ.nɐ,pɛɾ,ˈpɛɾ,2,2,1,1,Initial,Initial,0,na,0,nɐ,,perna,leg,Baptista2019[271-277],
Cape Verdean Sao Vicente,pɛɾna,ˈpɛɾnɐ,pɛɾ.na,ˈpɛɾ.nɐ,na,nɐ,2,2,2,2,Final,Final,pɛɾ,2,ˈpɛɾ,2,,perna,leg,Baptista2019[271-277],
Cape Verdean Sao Vicente,detɔddlɔd,dejˈtadudɨˈladu,de.tɔd.d.lɔ.d,dej.ˈta.du.dɨˈla.du,de,dej,5,5,1,1,Initial,Initial,0,tɔd,0,ˈta,,deitado de lado,lie,Baptista2019[271-277],
Cape Verdean Sao Vicente,detɔddlɔd,dejˈtadudɨˈladu,de.tɔd.d.lɔ.d,dej.ˈta.du.dɨˈla.du,tɔd,ˈta,5,5,2,2,Medial,Medial,de,d,dej,du,,deitado de lado,lie,Baptista2019[271-277],
Cape Verdean Sao Vicente,detɔddlɔd,dejˈtadudɨˈladu,de.tɔd.d.lɔ.d,dej.ˈta.du.dɨˈla.du,d,du,5,5,3,3,Medial,Medial,tɔd,lɔ,ˈta,dɨ,,deitado de lado,lie,Baptista2019[271-277],
Cape Verdean Sao Vicente,detɔddlɔd,dejˈtadudɨˈladu,de.tɔd.d.lɔ.d,dej.ˈta.du.dɨˈla.du,lɔ,dɨ,5,5,4,4,Medial,Medial,d,d,du,ˈla,,deitado de lado,lie,Baptista2019[271-277],
Cape Verdean Sao Vicente,detɔddlɔd,dejˈtadudɨˈladu,de.tɔd.d.lɔ.d,dej.ˈta.du.dɨˈla.du,d,ˈla,5,5,5,5,Final,Final,lɔ,-,dɨ,du,,deitado de lado,lie,Baptista2019[271-277],
Cape Verdean Sao Vicente,detɔddlɔd,dejˈtadudɨˈladu,de.tɔd.d.lɔ.d,dej.ˈta.du.dɨˈla.du,-,du,5,5,-,6,-,Medial,d,-,ˈla,6,,deitado de lado,lie,Baptista2019[271-277],
Cape Verdean Sao Vicente,moɾa,muˈɾaɾ,mo.ɾa,mu.ˈɾaɾ,mo,mu,2,2,1,1,Initial,Initial,0,ɾa,0,ˈɾaɾ,,morar,live,Baptista2019[271-277],
Cape Verdean Sao Vicente,moɾa,muˈɾaɾ,mo.ɾa,mu.ˈɾaɾ,ɾa,ˈɾaɾ,2,2,2,2,Final,Final,mo,2,mu,2,,morar,live,Baptista2019[271-277],
Cape Verdean Sao Vicente,vive,viˈveɾ,vi.ve,viˈ.veɾ,vi,vi,2,2,1,1,Initial,Initial,0,ve,0,ˈveɾ,,viver,live,Baptista2019[271-277],
Cape Verdean Sao Vicente,vive,viˈveɾ,vi.ve,vi.ˈveɾ,ve,ˈveɾ,2,2,2,2,Final,Final,vi,2,vi,2,,viver,live,Baptista2019[271-277],
Cape Verdean Sao Vicente,fig,ˈfiɡɐdu,fig,ˈfi.ɡɐ.du,fig,ˈfi,1,3,1,1,Final,Initial,0,-,0,ɡɐ,,fígado,liver,Baptista2019[271-277],
Cape Verdean Sao Vicente,fig,ˈfiɡɐdu,fig,ˈfi.ɡɐ.du,-,ɡɐ,1,3,-,2,-,Medial,fig,-,ˈfi,du,,fígado,liver,Baptista2019[271-277],
Cape Verdean Sao Vicente,fig,ˈfiɡɐdu,fig,ˈfi.ɡɐ.du,-,du,1,3,-,3,-,Final,-,-,ɡɐ,3,,fígado,liver,Baptista2019[271-277],
Cape Verdean Sao Vicente,kunpɾid,kõˈpɾidu,kun.pɾi.d,Kõ.ˈpɾi.du,kun,Kõ,3,3,1,1,Initial,Initial,0,pɾi,0,ˈpɾi,,comprido,long,Baptista2019[271-277],
Cape Verdean Sao Vicente,kunpɾid,kõˈpɾidu,kun.pɾi.d,Kõ.ˈpɾi.du,pɾi,ˈpɾi,3,3,2,2,Medial,Medial,kun,d,Kõ,du,,comprido,long,Baptista2019[271-277],
Cape Verdean Sao Vicente,kunpɾid,kõˈpɾidu,kun.pɾi.d,Kõ.ˈpɾi.du,d,du,3,3,3,3,Final,Final,pɾi,3,ˈpɾi,3,,comprido,long,Baptista2019[271-277],
Cape Verdean Sao Vicente,gɾande,ˈɡɾɐ̃dɨ,gɾan.de,ˈɡɾɐ̃.dɨ,gɾan,ˈɡɾɐ̃,2,2,1,1,Initial,Initial,0,de,0,dɨ,,grande,long,Baptista2019[271-277],
Cape Verdean Sao Vicente,gɾande,ˈɡɾɐ̃dɨ,gɾan.de,ˈɡɾɐ̃.dɨ,de,dɨ,2,2,2,2,Final,Final,gɾan,2,ˈɡɾɐ̃,2,,grande,long,Baptista2019[271-277],
Cape Verdean Sao Vicente,pioi,ˈpioʎu,pi.oj,ˈpi.o.ʎu,pi,ˈpi,2,3,1,1,Initial,Initial,0,oj,0,o,,piolho,lice,Baptista2019[271-277],
Cape Verdean Sao Vicente,pioi,ˈpioʎu,pi.oj,ˈpi.o.ʎu,oj,o,2,3,2,2,Final,Medial,pi,-,ˈpi,ʎu,metathesis,piolho,lice,Baptista2019[271-277],
Cape Verdean Sao Vicente,pioi,ˈpioʎu,pi.oj,ˈpi.o.ʎu,-,ʎu,2,3,-,3,-,Final,oj,-,o,3,metathesis,piolho,lice,Baptista2019[271-277],
Cape Verdean Sao Vicente,ome,ˈɔm,ome,ˈɔm,ome,ˈɔm,1,1,1,1,Final,Final,0,1,0,1,,homem,man,Baptista2019[271-277],
Cape Verdean Sao Vicente,t̠ʃeu,ˈʃɐju,t̠ʃe.u,ˈʃɐj.u,t̠ʃe,ˈʃɐj,2,2,1,1,Initial,Initial,0,u,0,u,,cheio,many,Baptista2019[271-277],
Cape Verdean Sao Vicente,t̠ʃeu,ˈʃɐju,t̠ʃe.u,ˈʃɐj.u,u,u,2,2,2,2,Final,Final,t̠ʃe,2,ˈʃɐj,2,,cheio,many,Baptista2019[271-277],
Cape Verdean Sao Vicente,bastent,bɐʃˈtɐ̃tɨ,bas.ten.t,bɐʃ.ˈtɐ̃.tɨ,bas,bɐʃ,3,3,1,1,Initial,Initial,0,ten,0,ˈtɐ̃,,bastante,many,Baptista2019[271-277],
Cape Verdean Sao Vicente,bastent,bɐʃˈtɐ̃tɨ,bas.ten.t,bɐʃ.ˈtɐ̃.tɨ,ten,ˈtɐ̃,3,3,2,2,Medial,Medial,bas,t,bɐʃ,tɨ,,bastante,many,Baptista2019[271-277],
Cape Verdean Sao Vicente,bastent,bɐʃˈtɐ̃tɨ,bas.ten.t,bɐʃ.ˈtɐ̃.tɨ,t,tɨ,3,3,3,3,Final,Final,ten,3,ˈtɐ̃,3,,bastante,many,Baptista2019[271-277],
Cape Verdean Sao Vicente,kaɾ,ˈkaɾnɨ,kaɾ,ˈkaɾ.nɨ,kaɾ,ˈkaɾ,1,2,1,1,Final,Initial,0,-,0,nɨ,,carne,meat,Baptista2019[271-277],
Cape Verdean Sao Vicente,kaɾ,ˈkaɾnɨ,kaɾ,ˈkaɾ.nɨ,-,nɨ,1,2,-,2,-,Final,kaɾ,-,ˈkaɾ,2,,carne,meat,Baptista2019[271-277],
Cape Verdean Sao Vicente,mai,ˈmɐ̃j̃,mai,ˈmɐ̃j̃,mai,ˈmɐ̃j̃,1,1,1,1,Final,Final,0,1,0,1,,mãe,mother,Baptista2019[271-277],
Cape Verdean Sao Vicente,mont,ˈmõtɨ,mon.t,ˈmõ.tɨ,mon,ˈmõ,2,2,1,1,Initial,Initial,0,t,0,tɨ,,monte,moutain,Baptista2019[271-277],
Cape Verdean Sao Vicente,mont,ˈmõtɨ,mon.t,ˈmõ.tɨ,t,tɨ,2,2,2,2,Final,Final,mon,2,ˈmõ,2,assimilation,monte,moutain,Baptista2019[271-277],
Cape Verdean Sao Vicente,bɔka,ˈbokɐ,bɔ.ka,ˈbo.kɐ,bɔ,ˈbo,2,2,1,1,Initial,Initial,0,ka,0,kɐ,,boca,mouth,Baptista2019[271-277],
Cape Verdean Sao Vicente,bɔka,ˈbokɐ,bɔ.ka,ˈbo.kɐ,ka,kɐ,2,2,2,2,Final,Final,bɔ,2,ˈbo,2,,boca,mouth,Baptista2019[271-277],
Cape Verdean Sao Vicente,nom,ˈnomɨ,nom,ˈno.mɨ,nom,ˈno,1,2,1,1,Final,Initial,0,-,0,mɨ,,nome,name,Baptista2019[271-277],
Cape Verdean Sao Vicente,nom,ˈnomɨ,nom,ˈno.mɨ,-,mɨ,1,2,-,2,-,Final,nom,-,ˈno,2,,nome,name,Baptista2019[271-277],
Cape Verdean Sao Vicente,stɾet,iʃˈtɾɐjtu,s.tɾe.t,iʃ.ˈtɾɐj.tu,s,iʃ,3,3,1,1,Initial,Initial,0,tɾe,0,ˈtɾɐj,,estreito,narrow,Baptista2019[271-277],
Cape Verdean Sao Vicente,stɾet,iʃˈtɾɐjtu,s.tɾe.t,iʃ.ˈtɾɐj.tu,tɾe,ˈtɾɐj,3,3,2,2,Medial,Medial,s,t,iʃ,tu,,estreito,narrow,Baptista2019[271-277],
Cape Verdean Sao Vicente,stɾet,iʃˈtɾɐjtu,s.tɾe.t,iʃ.ˈtɾɐj.tu,t,tu,3,3,3,3,Final,Final,tɾe,3,ˈtɾɐj,3,,estreito,narrow,Baptista2019[271-277],
Cape Verdean Sao Vicente,peɾtɔd,ɐpɨɾˈtadu,peɾ.tɔd,ɐ.pɨɾ.ˈta.du,-,ɐ,2,4,-,1,-,Initial,0,peɾ,0,pɨɾ,,apertado,narrow,Baptista2019[271-277],
Cape Verdean Sao Vicente,peɾtɔd,ɐpɨɾˈtadu,peɾ.tɔd,ɐ.pɨɾ.ˈta.du,peɾ,pɨɾ,2,4,1,2,Initial,Medial,-,tɔd,ɐ,ˈta,,apertado,narrow,Baptista2019[271-277],
Cape Verdean Sao Vicente,peɾtɔd,ɐpɨɾˈtadu,peɾ.tɔd,ɐ.pɨɾ.ˈta.du,tɔd,ˈta,2,4,2,3,Final,Medial,peɾ,-,pɨɾ,du,,apertado,narrow,Baptista2019[271-277],
Cape Verdean Sao Vicente,peɾtɔd,ɐpɨɾˈtadu,peɾ.tɔd,ɐ.pɨɾ.ˈta.du,-,du,2,4,-,4,-,Final,tɔd,-,ˈta,4,,apertado,narrow,Baptista2019[271-277],
Cape Verdean Sao Vicente,peɾt,ˈpɛɾtu,peɾ.t,ˈpɛɾ.tu,peɾ,ˈpɛɾ,2,2,1,1,Initial,Initial,0,t,0,tu,,perto,near,Baptista2019[271-277],
Cape Verdean Sao Vicente,peɾt,ˈpɛɾtu,peɾ.t,ˈpɛɾ.tu,t,tu,2,2,2,2,Final,Final,peɾ,2,ˈpɛɾ,2,,perto,near,Baptista2019[271-277],
Cape Verdean Sao Vicente,d̠ʒunt,ˈʒũtu,d̠ʒun.t,ˈʒũ.tu,d̠ʒun,ˈʒũ,2,2,1,1,Initial,Initial,0,t,0,tu,,junto,near,Baptista2019[271-277],
Cape Verdean Sao Vicente,d̠ʒunt,ˈʒũtu,d̠ʒun.t,ˈʒũ.tu,t,tu,2,2,2,2,Final,Final,d̠ʒun,2,ˈʒũ,2,,junto,near,Baptista2019[271-277],
Cape Verdean Sao Vicente,peskos,pɨʃˈkosu,pes.kos,pɨʃ.ˈko.su,pes,pɨʃ,2,3,1,1,Initial,Initial,0,kos,0,ˈko,,pescoço,neck,Baptista2019[271-277],
Cape Verdean Sao Vicente,peskos,pɨʃˈkosu,pes.kos,pɨʃ.ˈko.su,kos,ˈko,2,3,2,2,Final,Medial,pes,-,pɨʃ,su,,pescoço,neck,Baptista2019[271-277],
Cape Verdean Sao Vicente,peskos,pɨʃˈkosu,pes.kos,pɨʃ.ˈko.su,-,su,2,3,-,3,-,Final,kos,-,ˈko,3,metathesis,pescoço,neck,Baptista2019[271-277],
Cape Verdean Sao Vicente,nov,ˈnovu,nov,ˈno.vu,nov,ˈno,1,2,1,1,Final,Initial,0,-,0,vu,,novo,new,Baptista2019[271-277],
Cape Verdean Sao Vicente,nov,ˈnovu,nov,ˈno.vu,-,vu,1,2,-,2,-,Final,nov,-,ˈno,2,,novo,new,Baptista2019[271-277],
Cape Verdean Sao Vicente,dnot,ˈdɨ 'nojtɨ,d.not,ˈdɨ 'noj.tɨ,d,ˈdɨ,2,2,1,1,Initial,Initial,0,not,0,noj,,de noite,night,Baptista2019[271-277],
Cape Verdean Sao Vicente,dnot,ˈdɨ 'nojtɨ,d.not,ˈdɨ 'noj.tɨ,not,noj,2,2,2,2,Final,Final,d,-,ˈdɨ,tɨ,,de noite,night,Baptista2019[271-277],
Cape Verdean Sao Vicente,dnot,ˈdɨ 'nojtɨ,d.not,ˈdɨ 'noj.tɨ,-,tɨ,2,2,-,3,-,Medial,not,-,noj,3,,de noite,night,Baptista2019[271-277],
Cape Verdean Sao Vicente,skuɾ,iʃˈkuɾu,skuɾ,iʃ.ˈku.ɾu,skuɾ,iʃ,1,3,1,1,Final,Initial,0,-,0,ˈku,,escuro,night,Baptista2019[271-277],
Cape Verdean Sao Vicente,skuɾ,iʃˈkuɾu,skuɾ,iʃ.ˈku.ɾu,-,ˈku,1,3,-,2,-,Medial,skuɾ,-,iʃ,ɾu,,escuro,night,Baptista2019[271-277],
Cape Verdean Sao Vicente,skuɾ,iʃˈkuɾu,skuɾ,iʃ.ˈku.ɾu,-,ɾu,1,3,-,3,-,Final,-,-,ˈku,3,,escuro,night,Baptista2019[271-277],
Cape Verdean Sao Vicente,neɾis,nɐˈɾiʃ,ne.ɾis,nɐ.ˈɾiʃ,ne,nɐ,2,2,1,1,Initial,Initial,0,ɾis,0,ˈɾiʃ,,nariz,nose,Baptista2019[271-277],
Cape Verdean Sao Vicente,neɾis,nɐˈɾiʃ,ne.ɾis,nɐ.ˈɾiʃ,ɾis,ˈɾiʃ,2,2,2,2,Final,Final,ne,2,nɐ,2,,nariz,nose,Baptista2019[271-277],
Cape Verdean Sao Vicente,no,ˈnɐ̃w̃,no,ˈnɐ̃w̃,no,ˈnɐ̃w̃,1,1,1,1,Final,Final,0,1,0,1,,não,no,Baptista2019[271-277],
Cape Verdean Sao Vicente,bed̠ʒ,ˈveʎu,be.d̠ʒ,ˈve.ʎu,be,ˈve,2,2,1,1,Initial,Initial,0,d̠ʒ,0,ʎu,,velho,old,Baptista2019[271-277],
Cape Verdean Sao Vicente,bed̠ʒ,ˈveʎu,be.d̠ʒ,ˈve.ʎu,d̠ʒ,ʎu,2,2,2,2,Final,Final,be,2,ˈve,2,dissimilation,velho,old,Baptista2019[271-277],
Cape Verdean Sao Vicente,uzɔd,uˈzadu,u.zɔ.d,u.ˈza.du,u,u,3,3,1,1,Initial,Initial,0,zɔ,0,ˈza,,usado,old,Baptista2019[271-277],
Cape Verdean Sao Vicente,uzɔd,uˈzadu,u.zɔ.d,u.ˈza.du,zɔ,ˈza,3,3,2,2,Medial,Medial,u,d,u,du,,usado,old,Baptista2019[271-277],
Cape Verdean Sao Vicente,uzɔd,uˈzadu,u.zɔ.d,u.ˈza.du,d,du,3,3,3,3,Final,Final,zɔ,3,ˈza,3,metathesis,usado,old,Baptista2019[271-277],
Cape Verdean Sao Vicente,antig,ɐ̃ˈtiɡu,an.tig,ɐ̃.ˈti.ɡu,-,ɐ̃,2,3,-,1,-,Initial,0,an,0,ˈti,,antigo,old,Baptista2019[271-277],
Cape Verdean Sao Vicente,antig,ɐ̃ˈtiɡu,an.tig,ɐ̃.ˈti.ɡu,an,ˈti,2,3,1,2,Initial,Medial,-,tig,ɐ̃,ɡu,,antigo,old,Baptista2019[271-277],
Cape Verdean Sao Vicente,antig,ɐ̃ˈtiɡu,an.tig,ɐ̃.ˈti.ɡu,tig,ɡu,2,3,2,3,Final,Final,an,2,ˈti,3,assimilation,antigo,old,Baptista2019[271-277],
Cape Verdean Sao Vicente,un,ũ,un,ũ,un,ũ,1,1,1,1,Final,Final,0,1,0,1,assimilation,um,one,Baptista2019[271-277],
Cape Verdean Sao Vicente,ot,ˈowtɾu,ot,ˈow.tɾu,ot,ˈow,1,2,1,1,Final,Initial,0,-,0,tɾu,,outro,other,Baptista2019[271-277],
Cape Verdean Sao Vicente,ot,ˈowtɾu,ot,ˈow.tɾu,-,tɾu,1,2,-,2,-,Final,ot,-,ˈow,2,,outro,other,Baptista2019[271-277],
Cape Verdean Sao Vicente,psoa,pɨˈsoɐ,p.so.a,pɨ.ˈso.ɐ,p,pɨ,3,3,1,1,Initial,Initial,0,so,0,ˈso,,pessoa,person,Baptista2019[271-277],
Cape Verdean Sao Vicente,psoa,pɨˈsoɐ,p.so.a,pɨ.ˈso.ɐ,so,ˈso,3,3,2,2,Medial,Medial,p,a,pɨ,ɐ,,pessoa,person,Baptista2019[271-277],
Cape Verdean Sao Vicente,psoa,pɨˈsoɐ,p.so.a,pɨ.ˈso.ɐ,a,ɐ,3,3,3,3,Final,Final,so,3,ˈso,3,metathesis,pessoa,person,Baptista2019[271-277],
Cape Verdean Sao Vicente,ʒga,ʒuˈgaɾ,ʒ.ga,ʒu.ˈgaɾ,ʒ,ʒu,2,2,1,1,Initial,Initial,0,ga,0,ˈgaɾ,,jogar,play,Baptista2019[271-277],
Cape Verdean Sao Vicente,ʒga,ʒuˈgaɾ,ʒ.ga,ʒu.ˈgaɾ,ga,ˈgaɾ,2,2,2,2,Final,Final,ʒ,2,ʒu,2,metathesis,jogar,play,Baptista2019[271-277],
Cape Verdean Sao Vicente,pʃa,puˈʃaɾ,pʃa,pu.ˈʃaɾ,pʃa,pu,1,2,1,1,Final,Initial,0,-,0,ˈʃaɾ,,puxar,pull,Baptista2019[271-277],
Cape Verdean Sao Vicente,pʃa,puˈʃaɾ,pʃa,pu.ˈʃaɾ,-,ˈʃaɾ,1,2,-,2,-,Final,pʃa,-,pu,2,metathesis,puxar,pull,Baptista2019[271-277],
Cape Verdean Sao Vicente,pint̠ʃa,pĩˈʃaɾ,pin.t̠ʃa,pĩ.ˈʃaɾ,pin,pĩ,2,2,1,1,Initial,Initial,0,t̠ʃa,0,ˈʃaɾ,,pinchar,push,Baptista2019[271-277],
Cape Verdean Sao Vicente,pint̠ʃa,pĩˈʃaɾ,pin.t̠ʃa,pĩ.ˈʃaɾ,t̠ʃa,ˈʃaɾ,2,2,2,2,Final,Final,pin,2,pĩ,2,assimilation,pinchar,push,Baptista2019[271-277],
Cape Verdean Sao Vicente,inpuɾa,ẽpuˈʀaɾ,in.pu.ɾa,ẽ.pu.ˈʀaɾ,in,ẽ,3,3,1,1,Initial,Initial,0,pu,0,pu,,empurrar,push,Baptista2019[271-277],
Cape Verdean Sao Vicente,inpuɾa,ẽpuˈʀaɾ,in.pu.ɾa,ẽ.pu.ˈʀaɾ,pu,pu,3,3,2,2,Medial,Medial,in,ɾa,ẽ,ˈʀaɾ,,empurrar,push,Baptista2019[271-277],
Cape Verdean Sao Vicente,inpuɾa,ẽpuˈʀaɾ,in.pu.ɾa,ẽ.pu.ˈʀaɾ,ɾa,ˈʀaɾ,3,3,3,3,Final,Final,pu,3,pu,3,assimilation,empurrar,push,Baptista2019[271-277],
Cape Verdean Sao Vicente,dat̠ʃuva,ʃuˈveɾ,da.t̠ʃu.va,ʃu.ˈveɾ,da,-,3,2,1,-,Initial,-,0,t̠ʃu,0,ʃu,,chover,rain,Baptista2019[271-277],
Cape Verdean Sao Vicente,dat̠ʃuva,ʃuˈveɾ,da.t̠ʃu.va,ʃu.ˈveɾ,t̠ʃu,ʃu,3,2,2,1,Medial,Initial,da,va,-,ˈveɾ,,chover,rain,Baptista2019[271-277],
Cape Verdean Sao Vicente,dat̠ʃuva,ʃuˈveɾ,da.t̠ʃu.va,ʃu.ˈveɾ,va,ˈveɾ,3,2,3,2,Final,Final,t̠ʃu,3,ʃu,2,,chover,rain,Baptista2019[271-277],
Cape Verdean Sao Vicente,bɾumed̠ʒ,vɨɾˈmɐjʎu,bɾu.me.d̠ʒ,Vɨɾ.ˈmɐj.ʎu,bɾu,Vɨɾ,3,3,1,1,Initial,Initial,0,me,0,ˈmɐj,,vermelho,red,Baptista2019[271-277],
Cape Verdean Sao Vicente,bɾumed̠ʒ,vɨɾˈmɐjʎu,bɾu.me.d̠ʒ,Vɨɾ.ˈmɐj.ʎu,me,ˈmɐj,3,3,2,2,Medial,Medial,bɾu,d̠ʒ,Vɨɾ,ʎu,,vermelho,red,Baptista2019[271-277],
Cape Verdean Sao Vicente,bɾumed̠ʒ,vɨɾˈmɐjʎu,bɾu.me.d̠ʒ,Vɨɾ.ˈmɐj.ʎu,d̠ʒ,ʎu,3,3,3,3,Final,Final,me,3,ˈmɐj,3,dissimilation,vermelho,red,Baptista2019[271-277],
Cape Verdean Sao Vicente,dɾet,diˈɾɐjtu,dɾe.t,di.ˈɾɐj.tu,dɾe,di,2,3,1,1,Initial,Initial,0,-,0,ˈɾɐj,,direito,right,Baptista2019[271-277],
Cape Verdean Sao Vicente,dɾet,diˈɾɐjtu,dɾe.t,di.ˈɾɐj.tu,-,ˈɾɐj,2,3,-,2,-,Medial,dɾe,t,di,tu,,direito,right,Baptista2019[271-277],
Cape Verdean Sao Vicente,dɾet,diˈɾɐjtu,dɾe.t,di.ˈɾɐj.tu,t,tu,2,3,2,3,Final,Final,-,2,ˈɾɐj,3,,direito,right,Baptista2019[271-277],
Cape Verdean Sao Vicente,dɾeita,diˈɾɐjtɐ,dɾej.ta,di.ˈɾɐj.tɐ,-,di,2,3,-,1,-,Initial,0,dɾej,0,ˈɾɐj,,direita,right hand,Baptista2019[271-277],
Cape Verdean Sao Vicente,dɾeita,diˈɾɐjtɐ,dɾej.ta,di.ˈɾɐj.tɐ,dɾej,ˈɾɐj,2,3,1,2,Initial,Medial,-,ta,di,tɐ,,direita,right hand,Baptista2019[271-277],
Cape Verdean Sao Vicente,dɾeita,diˈɾɐjtɐ,dɾej.ta,di.ˈɾɐj.tɐ,ta,tɐ,2,3,2,3,Final,Final,dɾej,2,ˈɾɐj,3,metathesis,direita,right hand,Baptista2019[271-277],
Cape Verdean Sao Vicente,ɾiu,ˈʀiu,ɾiu,ˈʀiu,ɾiu,ˈʀiu,1,1,1,1,Final,Final,0,1,0,1,,rio,river,Baptista2019[271-277],
Cape Verdean Sao Vicente,stɾada,iʃˈtɾadɐ,stɾa.da,iʃ.ˈtɾa.dɐ,-,iʃ,2,3,-,1,-,Initial,0,stɾa,0,ˈtɾa,,estrada,road,Baptista2019[271-277],
Cape Verdean Sao Vicente,stɾada,iʃˈtɾadɐ,stɾa.da,iʃ.ˈtɾa.dɐ,stɾa,ˈtɾa,2,3,1,2,Initial,Medial,-,da,iʃ,dɐ,,estrada,road,Baptista2019[271-277],
Cape Verdean Sao Vicente,stɾada,iʃˈtɾadɐ,stɾa.da,iʃ.ˈtɾa.dɐ,da,dɐ,2,3,2,3,Final,Final,stɾa,2,ˈtɾa,3,metathesis,estrada,road,Baptista2019[271-277],
Cape Verdean Sao Vicente,ɾeis,ʀɐˈiʃ,ɾe.is,ʀɐ.ˈiʃ,ɾe,ʀɐ,2,2,1,1,Initial,Initial,0,is,0,ˈiʃ,,raiz,root,Baptista2019[271-277],
Cape Verdean Sao Vicente,ɾeis,ʀɐˈiʃ,ɾe.is,ʀɐ.ˈiʃ,is,ˈiʃ,2,2,2,2,Final,Final,ɾe,2,ʀɐ,2,,raiz,root,Baptista2019[271-277],
Cape Verdean Sao Vicente,kɔɾda,ˈkɔɾdɐ,kɔɾ.da,ˈkɔɾ.dɐ,kɔɾ,ˈkɔɾ,2,2,1,1,Initial,Initial,0,da,0,dɐ,,corda,rope,Baptista2019[271-277],
Cape Verdean Sao Vicente,kɔɾda,ˈkɔɾdɐ,kɔɾ.da,ˈkɔɾ.dɐ,da,dɐ,2,2,2,2,Final,Final,kɔɾ,2,ˈkɔɾ,2,,corda,rope,Baptista2019[271-277],
Cape Verdean Sao Vicente,stɾagɔd,ʃtɾɐˈgadu,s.tɾa.gɔ.d,ʃ.tɾɐ.ˈga.du,s,ʃ,4,4,1,1,Initial,Initial,0,tɾa,0,tɾɐ,,estragado,rotten,Baptista2019[271-277],
Cape Verdean Sao Vicente,stɾagɔd,ʃtɾɐˈgadu,s.tɾa.gɔ.d,ʃ.tɾɐ.ˈga.du,tɾa,tɾɐ,4,4,2,2,Medial,Medial,s,gɔ,ʃ,ˈga,,estragado,rotten,Baptista2019[271-277],
Cape Verdean Sao Vicente,stɾagɔd,ʃtɾɐˈgadu,s.tɾa.gɔ.d,ʃ.tɾɐ.ˈga.du,gɔ,ˈga,4,4,3,3,Medial,Medial,tɾa,d,tɾɐ,du,,estragado,rotten,Baptista2019[271-277],
Cape Verdean Sao Vicente,stɾagɔd,ʃtɾɐˈgadu,s.tɾa.gɔ.d,ʃ.tɾɐ.ˈga.du,d,du,4,4,4,4,Final,Final,gɔ,4,ˈga,4,metathesis,estragado,rotten,Baptista2019[271-277],
Cape Verdean Sao Vicente,podɾ,ˈpodɾɨ,po.dɾ,ˈpo.dɾɨ,po,ˈpo,2,2,1,1,Initial,Initial,0,dɾ,0,dɾɨ,,podre,rotten,Baptista2019[271-277],
Cape Verdean Sao Vicente,podɾ,ˈpodɾɨ,po.dɾ,ˈpo.dɾɨ,dɾ,dɾɨ,2,2,2,2,Final,Final,po,2,ˈpo,2,,podre,rotten,Baptista2019[271-277],
Cape Verdean Sao Vicente,sfɾega,iʃfɾɨˈɡaɾ,s.fɾe.ga,iʃ.fɾɨ.ˈɡaɾ,s,iʃ,3,3,1,1,Initial,Initial,0,fɾe,0,fɾɨ,,esfregar,rub,Baptista2019[271-277],
Cape Verdean Sao Vicente,sfɾega,iʃfɾɨˈɡaɾ,s.fɾe.ga,iʃ.fɾɨ.ˈɡaɾ,fɾe,fɾɨ,3,3,2,2,Medial,Medial,s,ga,iʃ,ˈɡaɾ,,esfregar,rub,Baptista2019[271-277],
Cape Verdean Sao Vicente,sfɾega,iʃfɾɨˈɡaɾ,s.fɾe.ga,iʃ.fɾɨ.ˈɡaɾ,ga,ˈɡaɾ,3,3,3,3,Final,Final,fɾe,3,fɾɨ,3,,esfregar,rub,Baptista2019[271-277],
Cape Verdean Sao Vicente,ʃuɾia,ẽʃuˈɡaɾ,ʃu.ɾi.a,ẽ.ʃu.ˈɡaɾ,ʃu,ẽ,3,3,1,1,Initial,Initial,0,ɾia,0,ʃu,,enxugar,rub,Baptista2019[271-277],
Cape Verdean Sao Vicente,ʃuɾia,ẽʃuˈɡaɾ,ʃu.ɾi.a,ẽ.ʃu.ˈɡaɾ,ɾia,ʃu,3,3,2,2,Medial,Medial,ʃu,a,ẽ,ˈɡaɾ,,enxugar,rub,Baptista2019[271-277],
Cape Verdean Sao Vicente,ʃuɾia,ẽʃuˈɡaɾ,ʃu.ɾi.a,ẽ.ʃu.ˈɡaɾ,a,ˈɡaɾ,3,3,3,3,Final,Final,ɾia,3,ʃu,3,,enxugar,rub,Baptista2019[271-277],
Cape Verdean Sao Vicente,sal,ˈsal,sal,ˈsal,sal,ˈsal,1,1,1,1,Final,Final,0,1,0,1,,sal,salt,Baptista2019[271-277],
Cape Verdean Sao Vicente,aɾea,ɐˈɾɐjɐ,a.ɾe.a,ɐ.ˈɾɐj.ɐ,a,ɐ,3,3,1,1,Initial,Initial,0,ɾe,0,ˈɾɐj,,areia,sand,Baptista2019[271-277],
Cape Verdean Sao Vicente,aɾea,ɐˈɾɐjɐ,a.ɾe.a,ɐ.ˈɾɐj.ɐ,ɾe,ˈɾɐj,3,3,2,2,Medial,Medial,a,a,ɐ,ɐ,,areia,sand,Baptista2019[271-277],
Cape Verdean Sao Vicente,aɾea,ɐˈɾɐjɐ,a.ɾe.a,ɐ.ˈɾɐj.ɐ,a,ɐ,3,3,3,3,Final,Final,ɾe,3,ˈɾɐj,3,,areia,sand,Baptista2019[271-277],
Cape Verdean Sao Vicente,dze,diˈzeɾ,dze,di.ˈzeɾ,dze,di,1,2,1,1,Final,Initial,0,-,0,ˈzeɾ,metathesis,dizer,say,Baptista2019[271-277],
Cape Verdean Sao Vicente,dze,diˈzeɾ,dze,di.ˈzeɾ,-,ˈzeɾ,1,2,-,2,-,Final,dze,-,di,2,metathesis,dizer,say,Baptista2019[271-277],
Cape Verdean Sao Vicente,kosa,kuˈsaɾ,ko.sa,ku.ˈsaɾ,ko,ku,2,2,1,1,Initial,Initial,0,sa,0,ˈsaɾ,,coçar,scratch,Baptista2019[271-277],
Cape Verdean Sao Vicente,kosa,kuˈsaɾ,ko.sa,ku.ˈsaɾ,sa,ˈsaɾ,2,2,2,2,Final,Final,ko,2,ku,2,,coçar,scratch,Baptista2019[271-277],
Cape Verdean Sao Vicente,maɾ,ˈmaɾ,maɾ,ˈmaɾ,maɾ,ˈmaɾ,1,1,1,1,Final,Final,0,1,0,1,,mar,sea,Baptista2019[271-277],
Cape Verdean Sao Vicente,oja,ɔˈʎaɾ,oj.a,ɔ.ˈʎaɾ,o,ɔ,2,2,1,1,Initial,Initial,0,ja,0,ˈʎaɾ,,olhar,see,Baptista2019[271-277],
Cape Verdean Sao Vicente,oja,ɔˈʎaɾ,oj.a,ɔ.ˈʎaɾ,ja,ˈʎaɾ,2,2,2,2,Final,Final,o,2,ɔ,2,,olhar,see,Baptista2019[271-277],
Cape Verdean Sao Vicente,spia,iʃˈpiaɾ,s.pi.a,iʃ.ˈpi.aɾ,s,iʃ,3,3,1,1,Initial,Initial,0,pi,0,ˈpi,,espiar,see,Baptista2019[271-277],
Cape Verdean Sao Vicente,spia,iʃˈpiaɾ,s.pi.a,iʃ.ˈpi.aɾ,pi,ˈpi,3,3,2,2,Medial,Medial,s,a,iʃ,aɾ,,espiar,see,Baptista2019[271-277],
Cape Verdean Sao Vicente,spia,iʃˈpiaɾ,s.pi.a,iʃ.ˈpi.aɾ,a,aɾ,3,3,3,3,Final,Final,pi,3,ˈpi,3,,espiar,see,Baptista2019[271-277],
Cape Verdean Sao Vicente,sment,sɨˈmẽtɨ,s.men.t,sɨ.ˈmẽ.tɨ,s,sɨ,3,3,1,1,Initial,Initial,0,men,0,ˈmẽ,,semente,seed,Baptista2019[271-277],
Cape Verdean Sao Vicente,sment,sɨˈmẽtɨ,s.men.t,sɨ.ˈmẽ.tɨ,men,ˈmẽ,3,3,2,2,Medial,Medial,s,t,sɨ,tɨ,,semente,seed,Baptista2019[271-277],
Cape Verdean Sao Vicente,sment,sɨˈmẽtɨ,s.men.t,sɨ.ˈmẽ.tɨ,t,tɨ,3,3,3,3,Final,Final,men,3,ˈmẽ,3,assimilation,semente,seed,Baptista2019[271-277],
Cape Verdean Sao Vicente,kozɛ,kuˈzeɾ,ko.zɛ,ku.ˈzeɾ,ko,ku,2,2,1,1,Initial,Initial,0,zɛ,0,ˈzeɾ,metathesis,cozer,sew / cook,Baptista2019[271-277],
Cape Verdean Sao Vicente,kozɛ,kuˈzeɾ,ko.zɛ,ku.ˈzeɾ,zɛ,ˈzeɾ,2,2,2,2,Final,Final,ko,2,ku,2,,cozer,sew / cook,Baptista2019[271-277],
Cape Verdean Sao Vicente,molɔd,ɐmuˈɫadu,mol.ɔ.d,ɐ.mu.ˈɫa.du,-,ɐ,3,4,-,1,-,Initial,0,mol,0,mu,,amolado,sharp,Baptista2019[271-277],
Cape Verdean Sao Vicente,molɔd,ɐmuˈɫadu,mol.ɔ.d,ɐ.mu.ˈɫa.du,mol,mu,3,4,1,2,Initial,Medial,-,ɔ,ɐ,ˈɫa,,amolado,sharp,Baptista2019[271-277],
Cape Verdean Sao Vicente,molɔd,ɐmuˈɫadu,mol.ɔ.d,ɐ.mu.ˈɫa.du,ɔ,ˈɫa,3,4,2,3,Medial,Medial,mol,d,mu,du,,amolado,sharp,Baptista2019[271-277],
Cape Verdean Sao Vicente,molɔd,ɐmuˈɫadu,mol.ɔ.d,ɐ.mu.ˈɫa.du,d,du,3,4,3,4,Final,Final,ɔ,3,ˈɫa,4,,amolado,sharp,Baptista2019[271-277],
Cape Verdean Sao Vicente,piknin,pɨkɨˈninu,pik.nin,pɨ.kɨ.ˈni.nu,pik,pɨ,2,4,1,1,Initial,Initial,0,-,0,kɨ,,pequenote,short,Baptista2019[271-277],
Cape Verdean Sao Vicente,piknin,pɨkɨˈninu,pik.nin,pɨ.kɨ.ˈni.nu,-,kɨ,2,4,-,2,-,Medial,pik,nin,pɨ,ˈni,,pequenino,short,Baptista2019[271-277],
Cape Verdean Sao Vicente,piknin,pɨkɨˈninu,pik.nin,pɨ.kɨ.ˈni.nu,nin,ˈni,2,4,2,3,Final,Medial,-,-,kɨ,nu,,pequenino,short,Baptista2019[271-277],
Cape Verdean Sao Vicente,piknin,pɨkɨˈninu,pik.nin,pɨ.kɨ.ˈni.nu,-,nu,2,4,-,4,-,Final,nin,-,ˈni,4,,pequenino,short,Baptista2019[271-277],
Cape Verdean Sao Vicente,kuɾt,ˈkuɾtu,kuɾ.t,ˈkuɾ.tu,kuɾ,ˈkuɾ,2,2,1,1,Initial,Initial,0,t,0,tu,,curto,short,Baptista2019[271-277],
Cape Verdean Sao Vicente,kuɾt,ˈkuɾtu,kuɾ.t,ˈkuɾ.tu,t,tu,2,2,2,2,Final,Final,kuɾ,2,ˈkuɾ,2,,curto,short,Baptista2019[271-277],
Cape Verdean Sao Vicente,kanta,kɐ̃ˈtaɾ,kan.ta,kɐ̃.ˈtaɾ,kan,kɐ̃,2,2,1,1,Initial,Initial,0,ta,0,ˈtaɾ,,cantar,sing,Baptista2019[271-277],
Cape Verdean Sao Vicente,kanta,kɐ̃ˈtaɾ,kan.ta,kɐ̃.ˈtaɾ,ta,ˈtaɾ,2,2,2,2,Final,Final,kan,2,kɐ̃,2,assimilation,cantar,sing,Baptista2019[271-277],
Cape Verdean Sao Vicente,senta,sẽˈtaɾ,sen.ta,sẽ.ˈtaɾ,sen,sẽ,2,2,1,1,Initial,Initial,0,ta,0,ˈtaɾ,,sentar,sit,Baptista2019[271-277],
Cape Verdean Sao Vicente,senta,sẽˈtaɾ,sen.ta,sẽ.ˈtaɾ,ta,ˈtaɾ,2,2,2,2,Final,Final,sen,2,sẽ,2,assimilation,sentar,sit,Baptista2019[271-277],
Cape Verdean Sao Vicente,pel,ˈpɛlɨ,pel,ˈpɛ.lɨ,pel,ˈpɛ,1,2,1,1,Final,Initial,0,-,0,lɨ,,pele,skin,Baptista2019[271-277],
Cape Verdean Sao Vicente,pel,ˈpɛlɨ,pel,ˈpɛ.lɨ,-,lɨ,1,2,-,2,-,Final,pel,-,ˈpɛ,2,,pele,skin,Baptista2019[271-277],
Cape Verdean Sao Vicente,sɛu,ˈsɛw,sɛu,ˈsɛw,sɛu,ˈsɛw,1,1,1,1,Final,Final,0,1,0,1,,céu,sky,Baptista2019[271-277],
Cape Verdean Sao Vicente,konʃe,kuɲɨˈseɾ,kon.ʃe,ku.ɲɨ.ˈseɾ,kon,ku,2,3,1,1,Initial,Initial,0,-,0,ɲɨ,,conhecer,know,Baptista2019[271-277],
Cape Verdean Sao Vicente,konʃe,kuɲɨˈseɾ,kon.ʃe,ku.ɲɨ.ˈseɾ,-,ɲɨ,2,3,-,2,-,Medial,kon,ʃe,ku,ˈseɾ,,conhecer,know,Baptista2019[271-277],
Cape Verdean Sao Vicente,konʃe,kuɲɨˈseɾ,kon.ʃe,ku.ɲɨ.ˈseɾ,ʃe,ˈseɾ,2,3,2,3,Final,Final,-,2,ɲɨ,3,,conhecer,know,Baptista2019[271-277],
Cape Verdean Sao Vicente,sabe,sɐˈbeɾ,sa.be,sɐ.ˈbeɾ,sa,sɐ,2,2,1,1,Initial,Initial,0,be,0,ˈbeɾ,,saber,know,Baptista2019[271-277],
Cape Verdean Sao Vicente,sabe,sɐˈbeɾ,sa.be,sɐ.ˈbeɾ,be,ˈbeɾ,2,2,2,2,Final,Final,sa,2,sɐ,2,,saber,know,Baptista2019[271-277],
Cape Verdean Sao Vicente,t̠ʃeɾɛ,ʃɐjˈɾaɾ,t̠ʃe.ɾɛ,ʃɐj.ˈɾaɾ,t̠ʃe,ʃɐj,2,2,1,1,Initial,Initial,0,tɾɛ,0,ˈɾaɾ,,cheirar,smell,Baptista2019[271-277],
Cape Verdean Sao Vicente,t̠ʃeɾɛ,ʃɐjˈɾaɾ,t̠ʃe.ɾɛ,ʃɐj.ˈɾaɾ,tɾɛ,ˈɾaɾ,2,2,2,2,Final,Final,t̠ʃe,2,ʃɐj,2,,cheirar,smell,Baptista2019[271-277],
Cape Verdean Sao Vicente,fma,fuˈmaɾ,f.ma,fu.ˈmaɾ,f,fu,2,2,1,1,Initial,Initial,0,ma,0,ˈmaɾ,,fumar,smoke,Baptista2019[271-277],
Cape Verdean Sao Vicente,fma,fuˈmaɾ,f.ma,fu.ˈmaɾ,ma,ˈmaɾ,2,2,2,2,Final,Final,f,2,fu,2,,fumar,smoke,Baptista2019[271-277],
Cape Verdean Sao Vicente,lize,ˈlizu,li.ze,ˈli.zu,li,ˈli,2,2,1,1,Initial,Initial,0,ze,0,zu,,liso,smooth,Baptista2019[271-277],
Cape Verdean Sao Vicente,lize,ˈlizu,li.ze,ˈli.zu,ze,zu,2,2,2,2,Final,Final,li,2,ˈli,2,,liso,smooth,Baptista2019[271-277],
Cape Verdean Sao Vicente,fine,ˈfinu,fi.ne,ˈfi.nu,fi,ˈfi,2,2,1,1,Initial,Initial,0,ne,0,nu,,fino,smooth,Baptista2019[271-277],
Cape Verdean Sao Vicente,fine,ˈfinu,fi.ne,ˈfi.nu,ne,nu,2,2,2,2,Final,Final,fi,2,ˈfi,2,,fino,smooth,Baptista2019[271-277],
Cape Verdean Sao Vicente,kobɾa,ˈkɔbɾɐ,ko.bɾa,ˈkɔ.bɾɐ,ko,ˈkɔ,2,2,1,1,Initial,Initial,0,bɾa,0,bɾɐ,,cobra,snake,Baptista2019[271-277],
Cape Verdean Sao Vicente,kobɾa,ˈkɔbɾɐ,ko.bɾa,ˈkɔ.bɾɐ,bɾa,bɾɐ,2,2,2,2,Final,Final,ko,2,ˈkɔ,2,,cobra,snake,Baptista2019[271-277],
Cape Verdean Sao Vicente,nɛve,ˈnɛvɨ,nɛ.ve,ˈnɛ.vɨ,nɛ,ˈnɛ,2,2,1,1,Initial,Initial,0,ve,0,vɨ,,neve,snow,Baptista2019[271-277],
Cape Verdean Sao Vicente,nɛve,ˈnɛvɨ,nɛ.ve,ˈnɛ.vɨ,ve,vɨ,2,2,2,2,Final,Final,nɛ,2,ˈnɛ,2,,neve,snow,Baptista2019[271-277],
Cape Verdean Sao Vicente,elgun,aɫˈgũ,el.gun,aɫ.ˈgũ,el,aɫ,2,2,1,1,Initial,Initial,0,gun,0,ˈgũ,,algum,some,Baptista2019[271-277],
Cape Verdean Sao Vicente,elgun,aɫˈgũ,el.gun,aɫ.ˈgũ,gun,ˈgũ,2,2,2,2,Final,Final,el,2,aɫ,2,assimilation,algum,some,Baptista2019[271-277],
Cape Verdean Sao Vicente,kuspi,kuʃˈpiɾ,kus.pi,kuʃ.ˈpiɾ,kus,kuʃ,2,2,1,1,Initial,Initial,0,pi,0,ˈpiɾ,,cospir,spit,Baptista2019[271-277],
Cape Verdean Sao Vicente,kuspi,kuʃˈpiɾ,kus.pi,kuʃ.ˈpiɾ,pi,ˈpiɾ,2,2,2,2,Final,Final,kus,2,kuʃ,2,,cospir,spit,Baptista2019[271-277],
Cape Verdean Sao Vicente,ɾat̠ʃa,ʀɐˈʃaɾ,ɾa.t̠ʃa,ʀɐ.ˈʃaɾ,ɾa,ʀɐ,2,2,1,1,Initial,Initial,0,t̠ʃa,0,ˈʃaɾ,,rachar,split,Baptista2019[271-277],
Cape Verdean Sao Vicente,ɾat̠ʃa,ʀɐˈʃaɾ,ɾa.t̠ʃa,ʀɐ.ˈʃaɾ,t̠ʃa,ˈʃaɾ,2,2,2,2,Final,Final,ɾa,2,ʀɐ,2,,rachar,split,Baptista2019[271-277],
Cape Verdean Sao Vicente,paɾti,pɐɾˈtiɾ,paɾ.ti,pɐɾ.ˈtiɾ,paɾ,pɐɾ,2,2,1,1,Initial,Initial,0,ti,0,ˈtiɾ,,partir,split,Baptista2019[271-277],
Cape Verdean Sao Vicente,paɾti,pɐɾˈtiɾ,paɾ.ti,pɐɾ.ˈtiɾ,ti,ˈtiɾ,2,2,2,2,Final,Final,paɾ,2,pɐɾ,2,,partir,split,Baptista2019[271-277],
Cape Verdean Sao Vicente,kebɾa,kɨˈbɾaɾ,ke.bɾa,kɨ.ˈbɾaɾ,ke,kɨ,2,2,1,1,Initial,Initial,0,bɾa,0,ˈbɾaɾ,,quebrar,split,Baptista2019[271-277],
Cape Verdean Sao Vicente,kebɾa,kɨˈbɾaɾ,ke.bɾa,kɨ.ˈbɾaɾ,bɾa,ˈbɾaɾ,2,2,2,2,Final,Final,ke,2,kɨ,2,,quebrar,split,Baptista2019[271-277],
Cape Verdean Sao Vicente,spɾeme,ʃpɾɨˈmeɾ,s.pɾe.me,ʃ.pɾɨ.ˈmeɾ,s,ʃ,3,3,1,1,Initial,Initial,0,pɾe,0,pɾɨ,,espremer,squeeze,Baptista2019[271-277],
Cape Verdean Sao Vicente,spɾeme,ʃpɾɨˈmeɾ,s.pɾe.me,ʃ.pɾɨ.ˈmeɾ,pɾe,pɾɨ,3,3,2,2,Medial,Medial,s,me,ʃ,ˈmeɾ,,espremer,squeeze,Baptista2019[271-277],
Cape Verdean Sao Vicente,spɾeme,ʃpɾɨˈmeɾ,s.pɾe.me,ʃ.pɾɨ.ˈmeɾ,me,ˈmeɾ,3,3,3,3,Final,Final,pɾe,3,pɾɨ,3,metathesis,espremer,squeeze,Baptista2019[271-277],
Cape Verdean Sao Vicente,sfakia,ʃfɐkiˈaɾ,s.fa.kia,ʃ.fɐ.ki.ˈaɾ,s,ʃ,3,4,1,1,Initial,Initial,0,fa,0,fɐ,,esfaquear,stab,Baptista2019[271-277],
Cape Verdean Sao Vicente,sfakia,ʃfɐkiˈaɾ,s.fa.kia,ʃ.fɐ.ki.ˈaɾ,fa,fɐ,3,4,2,2,Medial,Medial,s,kia,ʃ,ki,,esfaquear,stab,Baptista2019[271-277],
Cape Verdean Sao Vicente,sfakia,ʃfɐkiˈaɾ,s.fa.kia,ʃ.fɐ.ki.ˈaɾ,kia,ki,3,4,3,3,Final,Medial,fa,-,fɐ,ˈaɾ,,esfaquear,stab,Baptista2019[271-277],
Cape Verdean Sao Vicente,sfakia,ʃfɐkiˈaɾ,s.fa.kia,ʃ.fɐ.ki.ˈaɾ,-,ˈaɾ,3,4,-,4,-,Final,kia,-,ki,4,,esfaquear,stab,Baptista2019[271-277],
Cape Verdean Sao Vicente,poinpɛ,ˈpõj u ˈpɛ,pojn.pɛ,ˈpõj. u. ˈpɛ,pojn,ˈpõj,2,3,1,1,Initial,Initial,0,1,0,u,,põe o pé,stand,Baptista2019[271-277],
Cape Verdean Sao Vicente,pojnpɛ,ˈpõj u ˈpɛ,pojn.pɛ,ˈpõj. u. ˈpɛ,-,u,2,3,-,2,-,Medial,0,pɛ,ˈpõj,ˈpɛ,,põe o pé,stand,Baptista2019[271-277],
Cape Verdean Sao Vicente,pojnpɛ,ˈpõj u ˈpɛ,pojn.pɛ,ˈpõj. u. ˈpɛ,pɛ,ˈpɛ,2,3,2,3,Final,Final,-,2,u,3,,põe o pé,stand,Baptista2019[271-277],
Cape Verdean Sao Vicente,levanta,lɨvɐ̃ˈtaɾ,le.van.ta,lɨ.vɐ̃.ˈtaɾ,le,lɨ,3,3,1,1,Initial,Initial,0,van,0,vɐ̃,,levantar,stand,Baptista2019[271-277],
Cape Verdean Sao Vicente,levanta,lɨvɐ̃ˈtaɾ,le.van.ta,lɨ.vɐ̃.ˈtaɾ,van,vɐ̃,3,3,2,2,Medial,Medial,le,ta,lɨ,ˈtaɾ,,levantar,stand,Baptista2019[271-277],
Cape Verdean Sao Vicente,levanta,lɨvɐ̃ˈtaɾ,le.van.ta,lɨ.vɐ̃.ˈtaɾ,ta,ˈtaɾ,3,3,3,3,Final,Final,van,3,vɐ̃,3,assimilation,levantar,stand,Baptista2019[271-277],
Cape Verdean Sao Vicente,stɾela,iʃˈtɾelɐ,s.tɾe.la,iʃ.ˈtɾe.lɐ,s,iʃ,3,3,1,1,Initial,Initial,0,tɾe,0,ˈtɾe,,estrela,star,Baptista2019[271-277],
Cape Verdean Sao Vicente,stɾela,iʃˈtɾelɐ,s.tɾe.la,iʃ.ˈtɾe.lɐ,tɾe,ˈtɾe,3,3,2,2,Medial,Medial,s,la,iʃ,lɐ,,estrela,star,Baptista2019[271-277],
Cape Verdean Sao Vicente,stɾela,iʃˈtɾelɐ,s.tɾe.la,iʃ.ˈtɾe.lɐ,la,lɐ,3,3,3,3,Final,Final,tɾe,3,ˈtɾe,3,,estrela,star,Baptista2019[271-277],
Cape Verdean Sao Vicente,pau,ˈpaw,pau,ˈpaw,pau,ˈpaw,1,1,1,1,Final,Final,0,1,0,1,,pau,stick,Baptista2019[271-277],
Cape Verdean Sao Vicente,spet,iʃˈpetu,s.pet,iʃ.ˈpe.tu,s,iʃ,2,3,1,1,Initial,Initial,0,pet,0,ˈpe,,espeto,stick,Baptista2019[271-277],
Cape Verdean Sao Vicente,spet,iʃˈpetu,s.pet,iʃ.ˈpe.tu,pet,ˈpe,2,3,2,2,Final,Medial,s,-,iʃ,tu,,espeto,stick,Baptista2019[271-277],
Cape Verdean Sao Vicente,spet,iʃˈpetu,s.pet,iʃ.ˈpe.tu,-,tu,2,3,-,3,-,Final,pet,-,ˈpe,3,,espeto,stick,Baptista2019[271-277],
Cape Verdean Sao Vicente,pɛdɾa,ˈpedɾɐ,pɛ.dɾa,ˈpe.dɾɐ,pɛ,ˈpe,2,2,1,1,Initial,Initial,0,dɾa,0,dɾɐ,,pedra,stone,Baptista2019[271-277],
Cape Verdean Sao Vicente,pɛdɾa,ˈpedɾɐ,pɛ.dɾa,ˈpe.dɾɐ,dɾa,dɾɐ,2,2,2,2,Final,Final,pɛ,2,ˈpe,2,,pedra,stone,Baptista2019[271-277],
Cape Verdean Sao Vicente,ɾet,ˈʀetu,ɾet,ˈʀe.tu,ɾet,ˈʀe,1,2,1,1,Final,Initial,0,-,0,tu,,reto,straight,Baptista2019[271-277],
Cape Verdean Sao Vicente,ɾet,ˈʀetu,ɾet,ˈʀe.tu,-,tu,1,2,-,2,-,Final,ɾet,-,ˈʀe,2,,reto,straight,Baptista2019[271-277],
Cape Verdean Sao Vicente,t̠ʃpa,ʃuˈpaɾ,t̠ʃ.pa,ʃu.ˈpaɾ,t̠ʃ,ʃu,2,2,1,1,Initial,Initial,0,tpa,0,ˈpaɾ,,chupar,suck,Baptista2019[271-277],
Cape Verdean Sao Vicente,t̠ʃpa,ʃuˈpaɾ,t̠ʃ.pa,ʃu.ˈpaɾ,tpa,ˈpaɾ,2,2,2,2,Final,Final,t̠ʃ,2,ʃu,2,,chupar,suck,Baptista2019[271-277],
Cape Verdean Sao Vicente,mama,mɐˈmaɾ,ma.ma,mɐ.ˈmaɾ,ma,mɐ,2,2,1,1,Initial,Initial,0,ma,0,ˈmaɾ,,mamar,suck,Baptista2019[271-277],
Cape Verdean Sao Vicente,mama,mɐˈmaɾ,ma.ma,mɐ.ˈmaɾ,ma,ˈmaɾ,2,2,2,2,Final,Final,ma,2,mɐ,2,,mamar,suck,Baptista2019[271-277],
Cape Verdean Sao Vicente,sol,ˈsɔl,sol,ˈsɔl,sol,ˈsɔl,1,1,1,1,Final,Final,0,1,0,1,,sol,sun,Baptista2019[271-277],
Cape Verdean Sao Vicente,int̠ʃa,ĩˈʃaɾ,in.t̠ʃa,ĩ.ˈʃaɾ,in,ĩ,2,2,1,1,Initial,Initial,0,t̠ʃa,0,ˈʃaɾ,,inchar,swell,Baptista2019[271-277],
Cape Verdean Sao Vicente,int̠ʃa,ĩˈʃaɾ,in.t̠ʃa,ĩ.ˈʃaɾ,t̠ʃa,ˈʃaɾ,2,2,2,2,Final,Final,in,2,ĩ,2,assimilation,inchar,swell,Baptista2019[271-277],
Cape Verdean Sao Vicente,inflama,ĩflɐˈmaɾ,in.fla.ma,ĩ.flɐ.ˈmaɾ,in,ĩ,3,3,1,1,Initial,Initial,0,fla,0,flɐ,,inflamar,swell,Baptista2019[271-277],
Cape Verdean Sao Vicente,inflama,ĩflɐˈmaɾ,in.fla.ma,ĩ.flɐ.ˈmaɾ,fla,flɐ,3,3,2,2,Medial,Medial,in,ma,ĩ,ˈmaɾ,,inflamar,swell,Baptista2019[271-277],
Cape Verdean Sao Vicente,inflama,ĩflɐˈmaɾ,in.fla.ma,ĩ.flɐ.ˈmaɾ,ma,ˈmaɾ,3,3,3,3,Final,Final,fla,3,flɐ,3,assimilation,inflamar,swell,Baptista2019[271-277],
Cape Verdean Sao Vicente,nada,ˈnadɐ,na.da,ˈna.dɐ,na,ˈna,2,2,1,1,Initial,Initial,0,da,0,dɐ,,nada,swim,Baptista2019[271-277],
Cape Verdean Sao Vicente,nada,ˈnadɐ,na.da,ˈna.dɐ,da,dɐ,2,2,2,2,Final,Final,na,2,ˈna,2,,nada,swim,Baptista2019[271-277],
Cape Verdean Sao Vicente,ɾɔb,ˈʀabu,ɾɔb,ˈʀa.bu,ɾɔb,ˈʀa,1,2,1,1,Final,Initial,0,-,0,bu,,rabo,tail,Baptista2019[271-277],
Cape Verdean Sao Vicente,ɾɔb,ˈʀabu,ɾɔb,ˈʀa.bu,-,bu,1,2,-,2,-,Final,ɾɔb,-,ˈʀa,2,,rabo,tail,Baptista2019[271-277],
Cape Verdean Sao Vicente,kel,ɐˈkeɫɨ,kel,ɐ.ˈke.ɫɨ,-,ɐ,1,3,-,1,-,Initial,0,kel,0,ˈke,,aquele,that,Baptista2019[271-277],
Cape Verdean Sao Vicente,kel,ɐˈkeɫɨ,kel,ɐ.ˈke.ɫɨ,kel,ˈke,1,3,1,2,Final,Medial,-,-,ɐ,ɫɨ,,aquele,that,Baptista2019[271-277],
Cape Verdean Sao Vicente,kel,ɐˈkeɫɨ,kel,ɐ.ˈke.ɫɨ,-,ɫɨ,1,3,-,3,-,Final,kel,-,ˈke,3,,aquele,that,Baptista2019[271-277],
Cape Verdean Sao Vicente,la,ˈla,la,ˈla,la,ˈla,1,1,1,1,Final,Final,0,1,0,1,,lá,there,Baptista2019[271-277],
Cape Verdean Sao Vicente,es,ˈesɨʃ,es,ˈe.sɨʃ,es,ˈe,1,2,1,1,Final,Initial,0,-,0,sɨʃ,,esses,they,Baptista2019[271-277],
Cape Verdean Sao Vicente,es,ˈesɨʃ,es,ˈe.sɨʃ,-,sɨʃ,1,2,-,2,-,Final,es,-,ˈe,2,,esses,they,Baptista2019[271-277],
Cape Verdean Sao Vicente,gɾos,ˈgɾosu,gɾos,ˈgɾo.su,gɾos,ˈgɾo,1,2,1,1,Final,Initial,0,-,0,su,,grosso,thick,Baptista2019[271-277],
Cape Verdean Sao Vicente,gɾos,ˈgɾosu,gɾos,ˈgɾo.su,-,su,1,2,-,2,-,Final,gɾos,-,ˈgɾo,2,,grosso,thick,Baptista2019[271-277],
Cape Verdean Sao Vicente,miud,miˈudu,mi.ud,mi.ˈu.du,mi,mi,2,3,1,1,Initial,Initial,0,ud,0,ˈu,,miúdo,thin,Baptista2019[271-277],
Cape Verdean Sao Vicente,miud,miˈudu,mi.ud,mi.ˈu.du,ud,ˈu,2,3,2,2,Final,Medial,mi,-,mi,du,,miúdo,thin,Baptista2019[271-277],
Cape Verdean Sao Vicente,miud,miˈudu,mi.ud,mi.ˈu.du,-,du,2,3,-,3,-,Final,ud,-,ˈu,3,,miúdo,thin,Baptista2019[271-277],
Cape Verdean Sao Vicente,pensa,pẽˈsaɾ,pen.sa,pẽ.ˈsaɾ,pen,pẽ,2,2,1,1,Initial,Initial,0,sa,0,ˈsaɾ,assimilation,pensar,think,Baptista2019[271-277],
Cape Verdean Sao Vicente,pensa,pẽˈsaɾ,pen.sa,pẽ.ˈsaɾ,sa,ˈsaɾ,2,2,2,2,Final,Final,pen,2,pẽ,2,,pensar,think,Baptista2019[271-277],
Cape Verdean Sao Vicente,matuta,mɐtuˈtaɾ,ma.tu.ta,mɐ.tu.ˈtaɾ,ma,mɐ,3,3,1,1,Initial,Initial,0,tu,0,tu,,matutar,think,Baptista2019[271-277],
Cape Verdean Sao Vicente,matuta,mɐtuˈtaɾ,ma.tu.ta,mɐ.tu.ˈtaɾ,tu,tu,3,3,2,2,Medial,Medial,ma,ta,mɐ,ˈtaɾ,,matutar,think,Baptista2019[271-277],
Cape Verdean Sao Vicente,matuta,mɐtuˈtaɾ,ma.tu.ta,mɐ.tu.ˈtaɾ,ta,ˈtaɾ,3,3,3,3,Final,Final,tu,3,tu,3,,matutar,think,Baptista2019[271-277],
Cape Verdean Sao Vicente,esli,ɐˈkeɫɨ ɐˈɫi,es.li,ɐ.ˈke.ɫɨ ɐ.ˈɫi,es,ɐ,2,4,1,1,Initial,Initial,0,-,0,ˈke,,esse ali,this,Baptista2019[271-277],
Cape Verdean Sao Vicente,esli,ɐˈkeɫɨ ɐˈɫi,es.li,ɐ.ˈke.ɫɨ ɐ.ˈɫi,-,ˈke,2,4,-,2,-,Medial,es,-,ɐ,ɫɨ,,esse ali,this,Baptista2019[271-277],
Cape Verdean Sao Vicente,esli,ɐˈkeɫɨ ɐˈɫi,es.li,ɐ.ˈke.ɫɨ ɐ.ˈɫi,-,ɫɨ,2,4,-,3,-,Medial,-,-,ˈke,ɐ,,esse ali,this,Baptista2019[271-277],
Cape Verdean Sao Vicente,esli,ɐˈkeɫɨ ɐˈɫi,es.li,ɐ.ˈke.ɫɨ ɐ.ˈɫi,-,ɐ,2,4,-,4,-,Final,-,li,ɫɨ,ˈɫi,,esse ali,this,Baptista2019[271-277],
Cape Verdean Sao Vicente,esli,ɐˈkeɫɨ ɐˈɫi,es.li,ɐ.ˈke.ɫɨ ɐ.ˈɫi,li,ˈɫi,2,4,2,5,Final,Medial,-,2,ɐ,5,,esse ali,this,Baptista2019[271-277],
Cape Verdean Sao Vicente,tɾes,ˈtɾeʃ,tɾes,ˈtɾeʃ,tɾes,ˈtɾeʃ,1,1,1,1,Final,Final,0,1,0,1,,três,three,Baptista2019[271-277],
Cape Verdean Sao Vicente,bta,buˈtaɾ,b.ta,bu.ˈtaɾ,b,bu,2,2,1,1,Initial,Initial,0,ta,0,ˈtaɾ,,botar,throw,Baptista2019[271-277],
Cape Verdean Sao Vicente,bta,buˈtaɾ,b.ta,bu.ˈtaɾ,ta,ˈtaɾ,2,2,2,2,Final,Final,b,2,bu,2,,botar,throw,Baptista2019[271-277],
Cape Verdean Sao Vicente,manda,mɐ̃ˈdaɾ,man.da,mɐ̃.ˈdaɾ,man,mɐ̃,2,2,1,1,Initial,Initial,0,da,0,ˈdaɾ,,mandar,throw,Baptista2019[271-277],
Cape Verdean Sao Vicente,manda,mɐ̃ˈdaɾ,man.da,mɐ̃.ˈdaɾ,da,ˈdaɾ,2,2,2,2,Final,Final,man,2,mɐ̃,2,,mandar,throw,Baptista2019[271-277],
Cape Verdean Sao Vicente,ɾemesa,ɐʀɨmɨˈsaɾ,ɾe.me.sa,ɐ.ʀɨ.mɨ.ˈsaɾ,-,ɐ,3,4,-,1,-,Initial,0,ɾe,0,ʀɨ,,arremessar,throw,Baptista2019[271-277],
Cape Verdean Sao Vicente,ɾemesa,ɐʀɨmɨˈsaɾ,ɾe.me.sa,ɐ.ʀɨ.mɨ.ˈsaɾ,ɾe,ʀɨ,3,4,1,2,Initial,Medial,-,me,ɐ,mɨ,,arremessar,throw,Baptista2019[271-277],
Cape Verdean Sao Vicente,ɾemesa,ɐʀɨmɨˈsaɾ,ɾe.me.sa,ɐ.ʀɨ.mɨ.ˈsaɾ,me,mɨ,3,4,2,3,Medial,Medial,ɾe,sa,ʀɨ,ˈsaɾ,,arremessar,throw,Baptista2019[271-277],
Cape Verdean Sao Vicente,ɾemesa,ɐʀɨmɨˈsaɾ,ɾe.me.sa,ɐ.ʀɨ.mɨ.ˈsaɾ,sa,ˈsaɾ,3,4,3,4,Final,Final,me,3,mɨ,4,,arremessar,throw,Baptista2019[271-277],
Cape Verdean Sao Vicente,maɾa,ɐmaˈʀaɾ,ma.ɾa,ɐ.ma.ˈʀaɾ,-,ɐ,2,3,-,1,-,Initial,0,ma,0,ma,,amarrar,tie,Baptista2019[271-277],
Cape Verdean Sao Vicente,maɾa,ɐmaˈʀaɾ,ma.ɾa,ɐ.ma.ˈʀaɾ,ma,ma,2,3,1,2,Initial,Medial,-,ɾa,ɐ,ˈʀaɾ,,amarrar,tie,Baptista2019[271-277],
Cape Verdean Sao Vicente,maɾa,ɐmaˈʀaɾ,ma.ɾa,ɐ.ma.ˈʀaɾ,ɾa,ˈʀaɾ,2,3,2,3,Final,Final,ma,2,ma,3,,amarrar,tie,Baptista2019[271-277],
Cape Verdean Sao Vicente,linga,ˈlĩɡuɐ,lin.ga,ˈlĩ.ɡuɐ,lin,ˈlĩ,2,2,1,1,Initial,Initial,0,ga,0,ɡuɐ,,língua,tongue,Baptista2019[271-277],
Cape Verdean Sao Vicente,linga,ˈlĩɡuɐ,lin.ga,ˈlĩ.ɡuɐ,ga,ɡuɐ,2,2,2,2,Final,Final,lin,2,ˈlĩ,2,assimilation,língua,tongue,Baptista2019[271-277],
Cape Verdean Sao Vicente,dent,ˈdẽtɨ,den.t,ˈdẽ.tɨ,den,ˈdẽ,2,2,1,1,Initial,Initial,0,t,0,tɨ,,dente,tooth,Baptista2019[271-277],
Cape Verdean Sao Vicente,dent,ˈdẽtɨ,den.t,ˈdẽ.tɨ,t,tɨ,2,2,2,2,Final,Final,den,2,ˈdẽ,2,assimilation,dente,tooth,Baptista2019[271-277],
Cape Verdean Sao Vicente,aɾv,ˈaɾvuɾɨ,aɾv,ˈaɾ.vu.ɾɨ,aɾv,ˈaɾ,1,3,1,1,Final,Initial,0,-,0,vu,,árvore,tree,Baptista2019[271-277],
Cape Verdean Sao Vicente,aɾv,ˈaɾvuɾɨ,aɾv,ˈaɾ.vu.ɾɨ,-,vu,1,3,-,2,-,Medial,aɾv,-,ˈaɾ,ɾɨ,,árvore,tree,Baptista2019[271-277],
Cape Verdean Sao Vicente,aɾv,ˈaɾvuɾɨ,aɾv,ˈaɾ.vu.ɾɨ,-,ɾɨ,1,3,-,3,-,Final,-,-,vu,3,metathesis,árvore,tree,Baptista2019[271-277],
Cape Verdean Sao Vicente,vɾa,viˈɾaɾ,vɾa,vi.ˈɾaɾ,vɾa,vi,1,2,1,1,Final,Initial,0,-,0,ˈɾaɾ,,virar,turn,Baptista2019[271-277],
Cape Verdean Sao Vicente,vɾa,viˈɾaɾ,vɾa,vi.ˈɾaɾ,-,ˈɾaɾ,1,2,-,2,-,Final,vɾa,-,vi,2,,virar,turn,Baptista2019[271-277],
Cape Verdean Sao Vicente,volta,vɔlˈtaɾ,vol.ta,vɔl.ˈtaɾ,vol,vɔl,2,2,1,1,Initial,Initial,0,ta,0,ˈtaɾ,,voltar,turn,Baptista2019[271-277],
Cape Verdean Sao Vicente,volta,vɔlˈtaɾ,vol.ta,vɔl.ˈtaɾ,ta,ˈtaɾ,2,2,2,2,Final,Final,vol,2,vɔl,2,,voltar,turn,Baptista2019[271-277],
Cape Verdean Sao Vicente,dos,ˈdojʃ,dos,ˈdojʃ,dos,ˈdojʃ,1,1,1,1,Final,Final,0,1,0,1,,dois,two,Baptista2019[271-277],
Cape Verdean Sao Vicente,vmita,vumiˈtaɾ,v.mi.ta,vu.mi.ˈtaɾ,v,vu,3,3,1,1,Initial,Initial,0,mi,0,mi,,vomitar,throw up,Baptista2019[271-277],
Cape Verdean Sao Vicente,vmita,vumiˈtaɾ,v.mi.ta,vu.mi.ˈtaɾ,mi,mi,3,3,2,2,Medial,Medial,v,ta,vu,ˈtaɾ,,vomitar,throw up,Baptista2019[271-277],
Cape Verdean Sao Vicente,vmita,vumiˈtaɾ,v.mi.ta,vu.mi.ˈtaɾ,ta,ˈtaɾ,3,3,3,3,Final,Final,mi,3,mi,3,,vomitar,throw up,Baptista2019[271-277],
Cape Verdean Sao Vicente,anda,ɐ̃ˈdaɾ,an.da,ɐ̃.ˈdaɾ,an,ɐ̃,2,2,1,1,Initial,Initial,0,da,0,ˈdaɾ,,andar,walk,Baptista2019[271-277],
Cape Verdean Sao Vicente,anda,ɐ̃ˈdaɾ,an.da,ɐ̃.ˈdaɾ,da,ˈdaɾ,2,2,2,2,Final,Final,an,2,ɐ̃,2,assimilation,andar,walk,Baptista2019[271-277],
Cape Verdean Sao Vicente,kaloɾ,kɐˈloɾ,ka.loɾ,kɐ.ˈloɾ,ka,kɐ,2,2,1,1,Initial,Initial,0,loɾ,0,ˈloɾ,,calor,heat,Baptista2019[271-277],
Cape Verdean Sao Vicente,kaloɾ,kɐˈloɾ,ka.loɾ,kɐ.ˈloɾ,loɾ,ˈloɾ,2,2,2,2,Final,Final,ka,2,kɐ,2,,calor,heat,Baptista2019[271-277],
Cape Verdean Sao Vicente,lava,lɐˈvaɾ,la.va,lɐ.ˈvaɾ,la,lɐ,2,2,1,1,Initial,Initial,0,va,0,ˈvaɾ,,lavar,wash,Baptista2019[271-277],
Cape Verdean Sao Vicente,lava,lɐˈvaɾ,la.va,lɐ.ˈvaɾ,va,ˈvaɾ,2,2,2,2,Final,Final,la,2,lɐ,2,,lavar,wash,Baptista2019[271-277],
Cape Verdean Sao Vicente,aga,aguɐ,aga,a.guɐ,aga,a,1,2,1,1,Final,Initial,0,-,0,guɐ,,água,water,Baptista2019[271-277],
Cape Verdean Sao Vicente,aga,aguɐ,aga,a.guɐ,-,guɐ,1,2,-,2,-,Final,aga,-,a,2,,água,water,Baptista2019[271-277],
Cape Verdean Sao Vicente,nos,ˈnɔʃ,nos,ˈnɔʃ,nos,ˈnɔʃ,1,1,1,1,Final,Final,0,1,0,1,,nós,we,Baptista2019[271-277],
Cape Verdean Sao Vicente,mojod,muˈʎadu,moj.o.d,mu.ˈʎa.du,moj,mu,3,3,1,1,Initial,Initial,0,o,0,ˈʎa,,molhado,wet,Baptista2019[271-277],
Cape Verdean Sao Vicente,mojod,muˈʎadu,moj.o.d,mu.ˈʎa.du,o,ˈʎa,3,3,2,2,Medial,Medial,moj,d,mu,du,,molhado,wet,Baptista2019[271-277],
Cape Verdean Sao Vicente,mojod,muˈʎadu,moj.o.d,mu.ˈʎa.du,d,du,3,3,3,3,Final,Final,o,3,ˈʎa,3,,molhado,wet,Baptista2019[271-277],
Cape Verdean Sao Vicente,kondɛ,ˈkwɐ̃du,kon.dɛ,ˈkwɐ̃.du,kon,ˈkwɐ̃,2,2,1,1,Initial,Initial,0,dɛ,0,du,,quando,when,Baptista2019[271-277],
Cape Verdean Sao Vicente,kondɛ,ˈkwɐ̃du,kon.dɛ,ˈkwɐ̃.du,dɛ,du,2,2,2,2,Final,Final,kon,2,ˈkwɐ̃,2,,quando,when,Baptista2019[271-277],
Cape Verdean Sao Vicente,bɾonk,ˈbɾɐ̃ku,bɾon.k,ˈbɾɐ̃.ku,bɾon,ˈbɾɐ̃,2,2,1,1,Initial,Initial,0,k,0,ku,,branco,white,Baptista2019[271-277],
Cape Verdean Sao Vicente,bɾonk,ˈbɾɐ̃ku,bɾon.k,ˈbɾɐ̃.ku,k,ku,2,2,2,2,Final,Final,bɾon,2,ˈbɾɐ̃,2,,branco,white,Baptista2019[271-277],
Cape Verdean Sao Vicente,kenkeɲe,ˈkɐ̃j̃,ken.ke.ɲe,ˈkɐ̃j̃,ken,ˈkɐ̃j̃,3,1,1,1,Initial,Final,0,ke,0,-,,quem,who,Baptista2019[271-277],
Cape Verdean Sao Vicente,kenkeɲe,ˈkɐ̃j̃,ken.ke.ɲe,ˈkɐ̃j̃,ke,-,3,1,2,-,Medial,-,ken,ɲe,ˈkɐ̃j̃,-,,quem,who,Baptista2019[271-277],
Cape Verdean Sao Vicente,kenkeɲe,ˈkɐ̃j̃,ken.ke.ɲe,ˈkɐ̃j̃,ɲe,-,3,1,3,-,Final,-,ke,3,-,-,,quem,who,Baptista2019[271-277],
Cape Verdean Sao Vicente,lɔɾg,ˈlaɾɡu,lɔɾg,ˈlaɾ.ɡu,lɔɾg,ˈlaɾ,1,2,1,1,Final,Initial,0,-,0,ɡu,,largo,wide,Baptista2019[271-277],
Cape Verdean Sao Vicente,lɔɾg,ˈlaɾɡu,lɔɾg,ˈlaɾ.ɡu,-,ɡu,1,2,-,2,-,Final,lɔɾg,-,ˈlaɾ,2,,largo,wide,Baptista2019[271-277],
Cape Verdean Sao Vicente,amd̠ʒeɾ,muˈʎeɾ,a.m.d̠ʒeɾ,mu.ˈʎeɾ,a,-,3,2,1,-,Initial,-,0,m,0,mu,,mulher,woman,Baptista2019[271-277],
Cape Verdean Sao Vicente,amd̠ʒeɾ,muˈʎeɾ,a.m.d̠ʒeɾ,mu.ˈʎeɾ,m,mu,3,2,2,1,Medial,Initial,a,ʒeɾ,-,ˈʎeɾ,dissimilation,mulher,woman,Baptista2019[271-277],
Cape Verdean Sao Vicente,amd̠ʒeɾ,muˈʎeɾ,a.m.d̠ʒeɾ,mu.ˈʎeɾ,ʒeɾ,ˈʎeɾ,3,2,3,2,Final,Final,m,3,mu,mu,,mulher,woman,Baptista2019[271-277],
Cape Verdean Sao Vicente,md̠ʒeɾ,muˈʎeɾ,md̠.ʒeɾ,mu.ˈʎeɾ,md̠,mu,2,2,1,1,Initial,Initial,0,ʒeɾ,ˈʎeɾ,ˈʎeɾ,,mulher,woman,Baptista2019[271-277],
Cape Verdean Sao Vicente,md̠ʒeɾ,muˈʎeɾ,md̠.ʒeɾ,mu.ˈʎeɾ,ʒeɾ,ˈʎeɾ,2,2,2,2,Final,Final,md̠,2,mu,2,dissimilation,mulher,woman,Baptista2019[271-277],
Cape Verdean Sao Vicente,vent,ˈvẽtu,ven.t,ˈvẽ.tu,ven,ˈvẽ,2,2,1,1,Initial,Initial,0,t,0,tu,,vento,wind,Baptista2019[271-277],
Cape Verdean Sao Vicente,vent,ˈvẽtu,ven.t,ˈvẽ.tu,t,tu,2,2,2,2,Final,Final,ven,2,ˈvẽ,2,assimilation,vento,wind,Baptista2019[271-277],
Cape Verdean Sao Vicente,aza,ˈazɐ,a.za,ˈaz.ɐ,a,ˈa,2,2,1,1,Initial,Initial,0,za,0,zɐ,,asa,wing,Baptista2019[271-277],
Cape Verdean Sao Vicente,aza,ˈazɐ,a.za,ˈaz.ɐ,za,zɐ,2,2,2,2,Final,Final,a,2,ˈa,2,,asa,wing,Baptista2019[271-277],
Cape Verdean Sao Vicente,linpa,lĩˈpaɾ,lin.pa,lĩ.ˈpaɾ,lin,lĩ,2,2,1,1,Initial,Initial,0,pa,0,ˈpaɾ,,limpar,wipe,Baptista2019[271-277],
Cape Verdean Sao Vicente,linpa,lĩˈpaɾ,lin.pa,lĩ.ˈpaɾ,pa,ˈpaɾ,2,2,2,2,Final,Final,lin,2,lĩ,2,assimilation,limpar,wipe,Baptista2019[271-277],
Cape Verdean Sao Vicente,ma,maiʃ,ma,maiʃ,ma,maiʃ,1,1,1,1,Final,Final,0,1,0,1,,mais,with,Baptista2019[271-277],
Cape Verdean Sao Vicente,mot,ˈmatu,mot,ˈma.tu,mot,ˈma,1,2,1,1,Final,Initial,0,-,0,tu,,mato,wood,Baptista2019[271-277],
Cape Verdean Sao Vicente,mot,ˈmatu,mot,ˈma.tu,-,tu,1,2,-,2,-,Final,mot,-,ˈma,2,,mato,wood,Baptista2019[271-277],
Cape Verdean Sao Vicente,ɔn,ˈɐnu,ɔn,ˈɐ.nu,ɔn,ˈɐ,1,2,1,1,Final,Initial,0,-,0,nu,,ano,year,Baptista2019[271-277],
Cape Verdean Sao Vicente,ɔn,ˈɐnu,ɔn,ˈɐ.nu,-,nu,1,2,-,2,-,Final,ɔn,-,ˈɐ,2,,ano,year,Baptista2019[271-277],
Cape Verdean Sao Vicente,amaɾel,ɐmɐˈɾɛlu,a.ma.ɾel,ɐ.mɐ.ˈɾɛ.lu,a,ɐ,3,4,1,1,Initial,Initial,0,ma,0,mɐ,,amarelo,yellow,Baptista2019[271-277],
Cape Verdean Sao Vicente,amaɾel,ɐmɐˈɾɛlu,a.ma.ɾel,ɐ.mɐ.ˈɾɛ.lu,ma,mɐ,3,4,2,2,Medial,Medial,a,ɾel,ɐ,ˈɾɛ,,amarelo,yellow,Baptista2019[271-277],
Cape Verdean Sao Vicente,amaɾel,ɐmɐˈɾɛlu,a.ma.ɾel,ɐ.mɐ.ˈɾɛ.lu,ɾel,ˈɾɛ,3,4,3,3,Final,Medial,ma,-,mɐ,lu,,amarelo,yellow,Baptista2019[271-277],
Cape Verdean Sao Vicente,amaɾel,ɐmɐˈɾɛlu,a.ma.ɾel,ɐ.mɐ.ˈɾɛ.lu,-,lu,3,4,-,4,-,Final,ɾel,-,ˈɾɛ,4,,amarelo,yellow,Baptista2019[271-277],
Cape Verdean Sao Vicente,bo,ˈvɔʃ,bo,ˈvɔʃ,bo,ˈvɔʃ,1,1,1,1,Final,Final,0,1,0,1,,vós,you,Baptista2019[271-277],