Language,SourceWord,TargetWord,SourceWordSyllable,TargetWordSyylable,TargetSyllable,SourceSyllable,PositionSource,PositionTarget,Process,TargetOrthography,Translation,References,Notes
Fa d’Ambo,ˈaju,ˈaʎu,ˈaju,ˈa.ʎu,ˈa,ˈa,1,1,,alho,garlic,Bandeira2017[366-412],
Fa d’Ambo,ˈaju,ˈaʎu,ˈaju,ˈa.ʎu,ju,ʎu,2,2,,alho,garlic,Bandeira2017[366-412],
Fa d’Ambo,aˈloso,ɐˈʀoʃ,a.ˈlo.so,ɐ.ˈʀoʃ,a,ɐ,1,1,,arroz,rice,Bandeira2017[366-412],
Fa d’Ambo,aˈloso,ɐˈʀoʃ,a.ˈlo.so,ɐ.ˈʀoʃ,ˈlo,ˈʀoʃ,2,2,,arroz,rice,Bandeira2017[366-412],
Fa d’Ambo,aˈloso,ɐˈʀoʃ,a.ˈlo.so,ɐ.ˈʀoʃ,so,-,3,-,,arroz,rice,Bandeira2017[366-412],
Fa d’Ambo,ˈawa,ˈagwɐ,ˈa.wa,ˈa.gwɐ,ˈa,ˈa,1,1,,água,water,Bandeira2017[366-412],
Fa d’Ambo,ˈawa,ˈagwɐ,ˈa.wa,ˈa.gwɐ,wa,gwɐ,2,2,,água,water,Bandeira2017[366-412],
Fa d’Ambo,ˈawaˈdẽt̠ʃi,ˈagwaɾˈdẽtɨ,ˈa.wa.ˈdẽ.t̠ʃi,ˈa.gwaɾ.ˈdẽ.tɨ,ˈa,ˈa,1,1,,aguardente,brandy,Bandeira2017[366-412],
Fa d’Ambo,ˈawaˈdẽt̠ʃi,ˈagwaɾˈdẽtɨ,ˈa.wa.ˈdẽ.t̠ʃi,ˈa.gwaɾ.ˈdẽ.tɨ,wa,gwɐɾ,2,2,,aguardente,brandy,Bandeira2017[366-412],
Fa d’Ambo,ˈawaˈdẽt̠ʃi,ˈagwaɾˈdẽtɨ,ˈa.wa.ˈdẽ.t̠ʃi,ˈa.gwaɾ.ˈdẽ.tɨ,ˈdẽ,ˈdẽ,3,3,,aguardente,brandy,Bandeira2017[366-412],
Fa d’Ambo,ˈawaˈdẽt̠ʃi,ˈagwaɾˈdẽtɨ,ˈa.wa.ˈdẽ.t̠ʃi,ˈa.gwaɾ.ˈdẽ.tɨ,t̠ʃi,tɨ,4,4,,aguardente,brandy,Bandeira2017[366-412],
Fa d’Ambo,baˈnana,bɐˈnɐnɐ,ba.ˈna.na,bɐ.ˈnɐ.nɐ,ba,bɐ,1,1,,banana,banana,Bandeira2017[366-412],
Fa d’Ambo,baˈnana,bɐˈnɐnɐ,ba.ˈna.na,bɐ.ˈnɐ.nɐ,ˈna,ˈnɐ,2,2,,banana,banana,Bandeira2017[366-412],
Fa d’Ambo,baˈnana,bɐˈnɐnɐ,ba.ˈna.na,bɐ.ˈnɐ.nɐ,na,nɐ,3,3,,banana,banana,Bandeira2017[366-412],
Fa d’Ambo,gɔ:ˈdula,ɡuɾˈduɾɐ,gɔ:.ˈdu.la,ɡuɾ.ˈdu.ɾɐ,gɔ:,ɡuɾ,1,1,,gordura,fat,Bandeira2017[366-412],
Fa d’Ambo,gɔ:ˈdula,ɡuɾˈduɾɐ,gɔ:.ˈdu.la,ɡuɾ.ˈdu.ɾɐ,ˈdu,ˈdu,2,2,,gordura,fat,Bandeira2017[366-412],
Fa d’Ambo,gɔ:ˈdula,ɡuɾˈduɾɐ,gɔ:.ˈdu.la,ɡuɾ.ˈdu.ɾɐ,la,ɾɐ,3,3,,gordura,fat,Bandeira2017[366-412],
Fa d’Ambo,faˈĩa,fɐˈɾiɲɐ,fa.ˈĩ.a,fɐ.ˈɾi.ɲɐ,fa,fɐ,1,1,,farinha,flour,Bandeira2017[366-412],
Fa d’Ambo,faˈĩa,fɐˈɾiɲɐ,fa.ˈĩ.a,fɐ.ˈɾi.ɲɐ,ĩ,ɾi,2,2,,farinha,flour,Bandeira2017[366-412],
Fa d’Ambo,faˈĩa,fɐˈɾiɲɐ,fa.ˈĩ.a,fɐ.ˈɾi.ɲɐ,a,ɲɐ,3,3,,farinha,flour,Bandeira2017[366-412],
Fa d’Ambo,feˈzɐ̃,fɐjˈʒɐ̃w̃,fe.ˈzɐ̃,fɐj.ˈʒɐ̃w̃,fe,fɐj,1,1,,feijão,bean,Bandeira2017[366-412],
Fa d’Ambo,feˈzɐ̃,fɐjˈʒɐ̃w̃,fe.ˈzɐ̃,fɐj.ˈʒɐ̃w̃,zɐ̃,ˈʒɐ̃w̃,2,2,,feijão,bean,Bandeira2017[366-412],
Fa d’Ambo,xa:daˈlɐ̃,kaɫdejˈɾadɐ,xa:.da.ˈlɐ̃,kaɫ.dɐj.ˈɾa.dɐ,xa:,kaɫ,1,1,,caldeirada,fish stew,Bandeira2017[366-412],
Fa d’Ambo,xa:daˈlɐ̃,kaɫdejˈɾadɐ,xa:.da.ˈlɐ̃,kaɫ.dɐj.ˈɾa.dɐ,da,dɐj,2,2,,caldeirada,fish stew,Bandeira2017[366-412],
Fa d’Ambo,xa:daˈlɐ̃,kaɫdejˈɾadɐ,xa:.da.ˈlɐ̃,kaɫ.dɐj.ˈɾa.dɐ,lɐ̃,ɾa,3,3,,caldeirada,fish stew,Bandeira2017[366-412],
Fa d’Ambo,xa:daˈlɐ̃,kaɫdejˈɾadɐ,xa:.da.ˈlɐ̃,kaɫ.dɐj.ˈɾa.dɐ,-,dɐj,-,4,,caldeirada,fish stew,Bandeira2017[366-412],
Fa d’Ambo,xaˈna,ˈkɐnɐ,xa.ˈna,ˈkɐ.nɐ,xa,ˈkɐ,1,1,,cana,sugarcane,Bandeira2017[366-412],
Fa d’Ambo,xaˈna,ˈkɐnɐ,xa.ˈna,ˈkɐ.nɐ,ˈna,nɐ,2,2,,cana,sugarcane,Bandeira2017[366-412],
Fa d’Ambo,ˈxa:ni,ˈkaɾnɨ,ˈxa:.ni,ˈkaɾ.nɨ,ˈxa:,ˈkaɾ,1,1,,carne,meat,Bandeira2017[366-412],
Fa d’Ambo,ˈxa:ni,ˈkaɾnɨ,ˈxa:.ni,ˈkaɾ.nɨ,ni,nɨ,2,2,,carne,meat,Bandeira2017[366-412],
Fa d’Ambo,ˈlete,ˈlɐjtɨ,ˈle.te,ˈlɐj.tɨ,ˈle,ˈlɐj,1,1,,leite,milk,Bandeira2017[366-412],
Fa d’Ambo,ˈlete,ˈlɐjtɨ,ˈle.te,ˈlɐj.tɨ,te,tɨ,2,2,,leite,milk,Bandeira2017[366-412],
Fa d’Ambo,mɐ̃ˈmɐ̃,mɐˈmɐ̃w̃,mɐ̃.ˈmɐ̃,mɐ.ˈmɐ̃w̃,mɐ̃,mɐ,1,1,,mamão,papaya,Bandeira2017[366-412],
Fa d’Ambo,mɐ̃ˈmɐ̃,mɐˈmɐ̃w̃,mɐ̃.ˈmɐ̃,mɐ.ˈmɐ̃w̃,ˈmɐ̃,ˈmɐ̃w̃,2,2,,mamão,papaya,Bandeira2017[366-412],
Fa d’Ambo,mɐ̃ˈd̠ʒoxa,mɐ̃diˈɔkɐ,mɐ̃.ˈd̠ʒo.xa,mɐ̃.di.ˈɔ.kɐ,mɐ̃,mɐ̃,1,1,,mandioca,manjoka,Bandeira2017[366-412],
Fa d’Ambo,mɐ̃ˈd̠ʒoxa,mɐ̃diˈɔkɐ,mɐ̃.ˈd̠ʒo.xa,mɐ̃.di.ˈɔ.kɐ,d̠ʒo,di,2,2,,mandioca,manjoka,Bandeira2017[366-412],
Fa d’Ambo,mɐ̃ˈd̠ʒoxa,mɐ̃diˈɔkɐ,mɐ̃.ˈd̠ʒo.xa,mɐ̃.di.ˈɔ.kɐ,-,ˈɔ,-,3,,mandioca,manjoka,Bandeira2017[366-412],
Fa d’Ambo,mɐ̃ˈd̠ʒoxa,mɐ̃diˈɔkɐ,mɐ̃.ˈd̠ʒo.xa,mɐ̃.di.ˈɔ.kɐ,xa,kɐ,3,4,,mandioca,manjoka,Bandeira2017[366-412],
Fa d’Ambo,ˈmɛlɛ,ˈmɛɫ,ˈmɛ.lɛ,ˈmɛɫ,ˈmɛ,ˈmɛɫ,1,1,,mel,honey,Bandeira2017[366-412],
Fa d’Ambo,ˈmɛlɛ,ˈmɛɫ,ˈmɛ.lɛ,ˈmɛɫ,lɛ,-,2,-,,mel,honey,Bandeira2017[366-412],
Fa d’Ambo,ˈmoj,ˈmoʎu,ˈmoj,ˈmo.ʎu,ˈmoj,ˈmo,1,1,,molho,bunch,Bandeira2017[366-412],
Fa d’Ambo,ˈmoj,ˈmoʎu,ˈmoj,ˈmo.ʎu,-,ʎu,-,2,,molho,bunch,Bandeira2017[366-412],
Fa d’Ambo,ˈna:d̠ʒi,ɐbɐkɐˈʃi,ˈna:.d̠ʒi,ɐ.bɐ.kɐ.ˈʃi,-,ɐ,-,1,,abacaxi,pineapple,Bandeira2017[366-412],
Fa d’Ambo,ˈna:d̠ʒi,ɐbɐkɐˈʃi,ˈna:.d̠ʒi,ɐ.bɐ.kɐ.ˈʃi,-,bɐ,-,2,,abacaxi,pineapple,Bandeira2017[366-412],
Fa d’Ambo,ˈna:d̠ʒi,ɐbɐkɐˈʃi,ˈna:.d̠ʒi,ɐ.bɐ.kɐ.ˈʃi,ˈna:,kɐ,1,3,,abacaxi,pineapple,Bandeira2017[366-412],
Fa d’Ambo,ˈna:d̠ʒi,ɐbɐkɐˈʃi,ˈna:.d̠ʒi,ɐ.bɐ.kɐ.ˈʃi,d̠ʒi,ˈʃi,2,4,,abacaxi,pineapple,Bandeira2017[366-412],
Fa d’Ambo,ˈɔvu,ˈovu,ˈɔ.vu,ˈo.vu,ˈɔ,ˈo,1,1,,ovo,egg,Bandeira2017[366-412],
Fa d’Ambo,ˈɔvu,ˈovu,ˈɔ.vu,ˈo.vu,vu,vu,2,2,,ovo,egg,Bandeira2017[366-412],
Fa d’Ambo,ˈpɐ̃,ˈpɐ̃w̃,ˈpɐ̃,ˈpɐ̃w̃,ˈpɐ̃,ˈpɐ̃w̃,1,1,,pão,bread,Bandeira2017[366-412],
Fa d’Ambo,ˈsalu,ˈsaɫ,ˈsa.lu,ˈsaɫ,ˈsa,ˈsaɫ,1,1,,sal,salt,Bandeira2017[366-412],
Fa d’Ambo,ˈsalu,ˈsaɫ,ˈsa.lu,ˈsaɫ,lu,-,2,-,,sal,salt,Bandeira2017[366-412],
Fa d’Ambo,ˈsukulu,ɐˈsukaɾ,ˈsu.ku.lu,ɐ.ˈsu.kaɾ,-,ɐ,-,1,,açúcar,sugar,Bandeira2017[366-412],
Fa d’Ambo,ˈsukulu,ɐˈsukaɾ,ˈsu.ku.lu,ɐ.ˈsu.kaɾ,ˈsu,ˈsu,1,2,,açúcar,sugar,Bandeira2017[366-412],
Fa d’Ambo,ˈsukulu,ɐˈsukaɾ,ˈsu.ku.lu,ɐ.ˈsu.kaɾ,ku,kaɾ,2,3,,açúcar,sugar,Bandeira2017[366-412],
Fa d’Ambo,ˈsukulu,ɐˈsukaɾ,ˈsu.ku.lu,ɐ.ˈsu.kaɾ,lu,,3,-,,açúcar,sugar,Bandeira2017[366-412],
Fa d’Ambo,ˈtiligu,ˈtɾigu,ˈti.li.gu,ˈtɾi.gu,ˈti,ˈtɾi,1,1,,trigo,wheat,Bandeira2017[366-412],
Fa d’Ambo,ˈtiligu,ˈtɾigu,ˈti.li.gu,ˈtɾi.gu,li,-,2,-,,trigo,wheat,Bandeira2017[366-412],
Fa d’Ambo,ˈtiligu,ˈtɾigu,ˈti.li.gu,ˈtɾi.gu,gu,gu,3,2,,trigo,wheat,Bandeira2017[366-412],
Fa d’Ambo,ˈzete,ɐˈzɐjtɨ,ˈze.te,ɐ.ˈzɐj.tɨ,-,ɐ,-,1,,azeite,olive oil,Bandeira2017[366-412],
Fa d’Ambo,ˈzete,ɐˈzɐjtɨ,ˈze.te,ɐ.ˈzɐj.tɨ,ˈze,ˈzɐj,1,2,,azeite,olive oil,Bandeira2017[366-412],
Fa d’Ambo,ˈzete,ɐˈzɐjtɨ,ˈze.te,ɐ.ˈzɐj.tɨ,te,tɨ,2,3,,azeite,olive oil,Bandeira2017[366-412],
Fa d’Ambo,ˈaza,ˈazɐ,ˈa.za,ˈa.zɐ,ˈa,ˈa,1,1,,asa,wing,Bandeira2017[366-412],
Fa d’Ambo,ˈaza,ˈazɐ,ˈa.za,ˈa.zɐ,za,zɐ,2,2,,asa,wing,Bandeira2017[366-412],
Fa d’Ambo,ˈxama,ɨʃˈkɐmɐ,ˈxa.ma,ɨʃ.ˈkɐ.mɐ,-,ɨʃ,-,1,,escama de peixe,fish scale,Bandeira2017[366-412],
Fa d’Ambo,ˈxama,ɨʃˈkɐmɐ,ˈxa.ma,ɨʃ.ˈkɐ.mɐ,xa,ˈkɐ,1,2,,escama de peixe,fish scale,Bandeira2017[366-412],
Fa d’Ambo,ˈxama,ɨʃˈkɐmɐ,ˈxa.ma,ɨʃ.ˈkɐ.mɐ,ma,mɐ,2,3,,escama de peixe,fish scale,Bandeira2017[366-412],
Fa d’Ambo,ˈxõ,ˈkoɾnu,ˈxõ,ˈkoɾ.nu,xõ,ˈkoɾ,1,1,,corno,horn,Bandeira2017[366-412],
Fa d’Ambo,ˈxõ,ˈkoɾnu,ˈxõ,ˈkoɾ.nu,-,nu,-,2,,corno,horn,Bandeira2017[366-412],
Fa d’Ambo,ˈlabu,ˈʀabu,ˈla.bu,ˈʀa.bu,ˈla,ˈʀa,1,1,,rabo,tail,Bandeira2017[366-412],
Fa d’Ambo,ˈlabu,ˈʀabu,ˈla.bu,ˈʀa.bu,bu,bu,2,2,,rabo,tail,Bandeira2017[366-412],
Fa d’Ambo,ˈawad̠ʒiˈbɔxa,ˈagwɐ.dɨ.ˈbokɐ,ˈa.wa.d̠ʒi.ˈbɔ.xa,ˈa.gwɐ.dɨˈbo.kɐ,ˈa,ˈa,1,1,,água de boca,saliva,Bandeira2017[366-412],
Fa d’Ambo,ˈawad̠ʒiˈbɔxa,ˈagwɐ.dɨ.ˈbokɐ,ˈa.wa.d̠ʒi.ˈbɔ.xa,ˈa.gwɐ.dɨˈbo.kɐ,wa,gwɐ,2,2,,água de boca,saliva,Bandeira2017[366-412],
Fa d’Ambo,ˈawad̠ʒiˈbɔxa,ˈagwɐ.dɨ.ˈbokɐ,ˈa.wa.d̠ʒi.ˈbɔ.xa,ˈa.gwɐ.dɨˈbo.kɐ,d̠ʒi,dɨ,3,3,,água de boca,saliva,Bandeira2017[366-412],
Fa d’Ambo,ˈawad̠ʒiˈbɔxa,ˈagwɐ.dɨ.ˈbokɐ,ˈa.wa.d̠ʒi.ˈbɔ.xa,ˈa.gwɐ.dɨˈbo.kɐ,ˈbɔ,ˈbo,4,4,,água de boca,saliva,Bandeira2017[366-412],
Fa d’Ambo,ˈawad̠ʒiˈbɔxa,ˈagwɐ.dɨ.ˈbokɐ,ˈa.wa.d̠ʒi.ˈbɔ.xa,ˈa.gwɐ.dɨˈbo.kɐ,xa,kɐ,5,5,,água de boca,saliva,Bandeira2017[366-412],
Fa d’Ambo,ˈbɛga,bɐˈʀigɐ,ˈbɛ.ga,bɐ.ˈʀi.gɐ,ˈbɛ,bɐ,1,1,,barriga,belly,Bandeira2017[366-412],
Fa d’Ambo,ˈbɛga,bɐˈʀigɐ,ˈbɛ.ga,bɐ.ˈʀi.gɐ,-,ˈʀi,-,2,,barriga,belly,Bandeira2017[366-412],
Fa d’Ambo,ˈbɛga,bɐˈʀigɐ,ˈbɛ.ga,bɐ.ˈʀi.gɐ,ga,gɐ,2,3,,barriga,belly,Bandeira2017[366-412],
Fa d’Ambo,biˈgɔd̠ʒi,biˈgɔdi,biˈ.gɔ.d̠ʒi,bi.ˈgɔ.di,bi,bi,1,1,,bigode,mustache,Bandeira2017[366-412],
Fa d’Ambo,biˈgɔd̠ʒi,biˈgɔdi,biˈ.gɔ.d̠ʒi,bi.ˈgɔ.di,ˈgɔ,ˈgɔ,2,2,,bigode,mustache,Bandeira2017[366-412],
Fa d’Ambo,biˈgɔd̠ʒi,biˈgɔdi,biˈ.gɔ.d̠ʒi,bi.ˈgɔ.di,d̠ʒi,di,3,3,,bigode,mustache,Bandeira2017[366-412],
Fa d’Ambo,ˈba:su,ˈbɾasu,ˈba:.su,ˈbɾa.su,ˈba:,ˈbɾa,1,1,,braço,arm,Bandeira2017[366-412],
Fa d’Ambo,ˈba:su,ˈbɾasu,ˈba:.su,ˈbɾa.su,su,su,2,2,,braço,arm,Bandeira2017[366-412],
Fa d’Ambo,ˈboxa,ˈbokɐ,ˈbo.xa,ˈbo.kɐ,ˈbo,ˈbo,1,1,,boca,mouth,Bandeira2017[366-412],
Fa d’Ambo,ˈboxa,ˈbokɐ,ˈbo.xa,ˈbo.kɐ,xa,kɐ,2,2,,boca,mouth,Bandeira2017[366-412],
Fa d’Ambo,ˈdẽnt̠ʃi,ˈdẽtɨ,ˈdẽn.t̠ʃi,ˈdẽ.tɨ,ˈdẽn,ˈdẽ,1,1,,dente,tooth,Bandeira2017[366-412],
Fa d’Ambo,ˈdẽnt̠ʃi,ˈdẽtɨ,ˈdẽn.t̠ʃi,ˈdẽ.tɨ,t̠ʃi,tɨ,2,2,,dente,tooth,Bandeira2017[366-412],
Fa d’Ambo,ˈfugudu,ˈfiɡɐdu,ˈfu.gu.du,ˈfi.ɡɐ.du,ˈfu,ˈfi.,1,1,,fígado,liver,Bandeira2017[366-412],
Fa d’Ambo,ˈfugudu,ˈfiɡɐdu,ˈfu.gu.du,ˈfi.ɡɐ.du,gu,ɡɐ,2,2,,fígado,liver,Bandeira2017[366-412],
Fa d’Ambo,ˈfugudu,ˈfiɡɐdu,ˈfu.gu.du,ˈfi.ɡɐ.du,du,du,3,3,,fígado,liver,Bandeira2017[366-412],
Fa d’Ambo,xaˈbɛlu,kɐˈbelu,xa.ˈbɛ.lu,kɐ.ˈbe.lu,xa,kɐ,1,1,,cabelo,hair,Bandeira2017[366-412],
Fa d’Ambo,xaˈbɛlu,kɐˈbelu,xa.ˈbɛ.lu,kɐ.ˈbe.lu,ˈbɛ,ˈbe,2,2,,cabelo,hair,Bandeira2017[366-412],
Fa d’Ambo,xaˈbɛlu,kɐˈbelu,xa.ˈbɛ.lu,kɐ.ˈbe.lu,lu,lu,3,3,,cabelo,hair,Bandeira2017[366-412],
Fa d’Ambo,xaˈbɛsa,kɐˈbesɐ,xa.ˈbɛ.sa,kɐ.ˈbe.sɐ,xa,kɐ,1,1,,cabeça,head,Bandeira2017[366-412],
Fa d’Ambo,xaˈbɛsa,kɐˈbesɐ,xa.ˈbɛ.sa,kɐ.ˈbe.sɐ,ˈbɛ,ˈbe,2,2,,cabeça,head,Bandeira2017[366-412],
Fa d’Ambo,xaˈbɛsa,kɐˈbesɐ,xa.ˈbɛ.sa,kɐ.ˈbe.sɐ,sa,sɐ,3,3,,cabeça,head,Bandeira2017[366-412],
Fa d’Ambo,ˈzɐ̃xa,ˈnadɨgɐʃ,ˈzɐ̃.xa,ˈna.dɨ.gɐʃ,,,,,,nádegas,buttock,Bandeira2017[366-412],not of Portuguese origin
Fa d’Ambo,xo:ˈxoso,pɨʃˈkosu,xo:.ˈxo.so,pɨʃ.ˈko.su,xo:,pɨʃ,1,1,,pescoço,neck,Bandeira2017[366-412],
Fa d’Ambo,xo:ˈxoso,pɨʃˈkosu,xo:.ˈxo.so,pɨʃ.ˈko.su,ˈxo,ˈko,2,2,,pescoço,neck,Bandeira2017[366-412],
Fa d’Ambo,xo:ˈxoso,pɨʃˈkosu,xo:.ˈxo.so,pɨʃ.ˈko.su,so,su,3,3,,pescoço,neck,Bandeira2017[366-412],
Fa d’Ambo,ku:ˈsɐ̃,kuɾɐˈsɐ̃w̃,ku:.ˈsɐ̃,ku.ɾɐ.ˈsɐ̃w̃,ku:,ku,1,1,,coração,heart,Bandeira2017[366-412],
Fa d’Ambo,ku:ˈsɐ̃,kuɾɐˈsɐ̃w̃,ku:.ˈsɐ̃,ku.ɾɐ.ˈsɐ̃w̃,-,ɾɐ,-,2,,coração,heart,Bandeira2017[366-412],
Fa d’Ambo,ku:ˈsɐ̃,kuɾɐˈsɐ̃w̃,ku:.ˈsɐ̃,ku.ɾɐ.ˈsɐ̃w̃,ˈsɐ̃,ˈsɐ̃w̃,2,3,,coração,heart,Bandeira2017[366-412],
Fa d’Ambo,ˈlũŋga,ˈlĩɡuɐ,ˈlũŋ.ga,ˈlĩ.ɡwɐ,ˈlũŋ,ˈlĩ,1,1,,língua,tongue,Bandeira2017[366-412],
Fa d’Ambo,ˈlũŋga,ˈlĩɡuɐ,ˈlũŋ.ga,ˈlĩ.ɡwɐ,ga,ɡwɐ,2,2,,língua,tongue,Bandeira2017[366-412],
Fa d’Ambo,ˈmama,ˈmɐmɐ,ˈma.ma,ˈmɐ.mɐ,ˈma,ˈmɐ,1,1,,mama,bosom,Bandeira2017[366-412],
Fa d’Ambo,ˈmama,ˈmɐmɐ,ˈma.ma,ˈmɐ.mɐ,ma,mɐ,2,2,,mama,bosom,Bandeira2017[366-412],
Fa d’Ambo,oˈmɐ̃,ˈmɐ̃w̃,o.ˈmɐ̃,ˈmɐ̃w̃,o,-,1,-,,mão,mão,Bandeira2017[366-412],
Fa d’Ambo,oˈmɐ̃,ˈmɐ̃w̃,o.ˈmɐ̃,ˈmɐ̃w̃,ˈmɐ̃,ˈmɐ̃w̃,2,1,,mão,mão,Bandeira2017[366-412],
Fa d’Ambo,ˈɔxɔ,ũˈbigu,ˈɔ.xɔ,ũ.ˈbi.gu,,,,,,umbigo,belly button,Bandeira2017[366-412],not of Portuguese origin
Fa d’Ambo,ɔˈpɛ,ˈpɛ,ɔ.ˈpɛ,ˈpɛ,ɔ,-,1,-,,pé,"foot, leg",Bandeira2017[366-412],
Fa d’Ambo,ɔˈpɛ,ˈpɛ,ɔ.ˈpɛ,ˈpɛ,ˈpɛ,ˈpɛ,2,1,,pé,"foot, leg",Bandeira2017[366-412],
Fa d’Ambo,ɔˈlɛa,ɔˈɾɐʎa,ɔ.ˈlɛ.a,ɔ.ˈɾɐ.ʎa,ɔ,ɔ,1,1,,orelha,ear,Bandeira2017[366-412],
Fa d’Ambo,ɔˈlɛa,ɔˈɾɐʎa,ɔ.ˈlɛ.a,ɔ.ˈɾɐ.ʎa,ˈlɛ,ˈɾɐ,2,2,,orelha,ear,Bandeira2017[366-412],
Fa d’Ambo,ɔˈlɛa,ɔˈɾɐʎa,ɔ.ˈlɛ.a,ɔ.ˈɾɐ.ʎa,a,ʎa,3,3,,orelha,ear,Bandeira2017[366-412],
Fa d’Ambo,ˈɔsɔ,ˈosu,ˈɔ.sɔ,ˈo.su,ˈɔ,ˈo,1,1,,osso,bone,Bandeira2017[366-412],
Fa d’Ambo,ˈɔsɔ,ˈosu,ˈɔ.sɔ,ˈo.su,sɔ,su,2,2,,osso,bone,Bandeira2017[366-412],
Fa d’Ambo,oˈzojo,ʒuˈɐʎu,o.ˈzo.jo,ʒu.ˈɐ.ʎu,o,-,1,-,,joelho,knee,Bandeira2017[366-412],
Fa d’Ambo,oˈzojo,ʒuˈɐʎu,o.ˈzo.jo,ʒu.ˈɐ.ʎu,ˈzo,ʒu,2,1,,joelho,knee,Bandeira2017[366-412],
Fa d’Ambo,oˈzojo,ʒuˈɐʎu,o.ˈzo.jo,ʒu.ˈɐ.ʎu,-,ˈɐ,-,2,,joelho,knee,Bandeira2017[366-412],
Fa d’Ambo,oˈzojo,ʒuˈɐʎu,o.ˈzo.jo,ʒu.ˈɐ.ʎu,jo,ʎu,3,3,,joelho,knee,Bandeira2017[366-412],
Fa d’Ambo,ˈpɛli,ˈpɛlɨ,ˈpɛ.li,ˈpɛ.lɨ,ˈpɛ,ˈpɛ,1,1,,pele,skin,Bandeira2017[366-412],
Fa d’Ambo,ˈpɛli,ˈpɛlɨ,ˈpɛ.li,ˈpɛ.lɨ,li,lɨ,2,2,,pele,skin,Bandeira2017[366-412],
Fa d’Ambo,ˈpulusu,ˈpuɫsu,ˈpu.lu.su,ˈpuɫ.su,ˈpu,ˈpuɫ,1,1,,pulso,Pulse,Bandeira2017[366-412],
Fa d’Ambo,ˈpulusu,ˈpuɫsu,ˈpu.lu.su,ˈpuɫ.su,lu,-,2,-,,pulso,Pulse,Bandeira2017[366-412],
Fa d’Ambo,ˈpulusu,ˈpuɫsu,ˈpu.lu.su,ˈpuɫ.su,su,su,3,2,,pulso,Pulse,Bandeira2017[366-412],
Fa d’Ambo,puluˈmõ,puɫˈmɐ̃w̃,pu.lu.ˈmõ,puɫ.ˈmɐ̃w̃,pu,puɫ,1,1,,pulmão,lung,Bandeira2017[366-412],
Fa d’Ambo,puluˈmõ,puɫˈmɐ̃w̃,pu.lu.ˈmõ,puɫ.ˈmɐ̃w̃,lu,-,2,-,,pulmão,lung,Bandeira2017[366-412],
Fa d’Ambo,puluˈmõ,puɫˈmɐ̃w̃,pu.lu.ˈmõ,puɫ.ˈmɐ̃w̃,ˈmõ,ˈmɐ̃w̃,3,2,,pulmão,lung,Bandeira2017[366-412],
Fa d’Ambo,ˈliʃi,nɐˈɾiʃ,ˈli.ʃi,nɐ.ˈɾiʃ,-,nɐ,-,1,,nariz,nose,Bandeira2017[366-412],
Fa d’Ambo,ˈliʃi,nɐˈɾiʃ,ˈli.ʃi,nɐ.ˈɾiʃ,ˈli,ˈɾiʃ,1,2,,nariz,nose,Bandeira2017[366-412],
Fa d’Ambo,ˈliʃi,nɐˈɾiʃ,ˈli.ʃi,nɐ.ˈɾiʃ,ʃi,-,2,-,,nariz,nose,Bandeira2017[366-412],
Fa d’Ambo,ˈsɐ̃gi,ˈsɐ̃ɡɨ,ˈsɐ̃.gi,ˈsɐ̃.ɡɨ,ˈsɐ̃,ˈsɐ̃,1,1,,sangue,blood,Bandeira2017[366-412],
Fa d’Ambo,ˈsɐ̃gi,ˈsɐ̃ɡɨ,ˈsɐ̃.gi,ˈsɐ̃.ɡɨ,ɡi,ɡɨ,2,2,,sangue,blood,Bandeira2017[366-412],
Fa d’Ambo,ˈuɲa,ˈuɲa,ˈu.ɲa,ˈu.ɲa,ˈu,ˈu,1,1,,unha,nail,Bandeira2017[366-412],
Fa d’Ambo,ˈuɲa,ˈuɲa,ˈu.ɲa,ˈu.ɲa,ɲa,ɲa,2,2,,unha,nail,Bandeira2017[366-412],
Fa d’Ambo,ˈwe,ˈoʎu,ˈwe,ˈo.ʎu,,,,,,olho,eye,Bandeira2017[366-412],not of Portuguese origin
Fa d’Ambo,ˈbisu,ˈbiʃu,ˈbi.su,ˈbi.ʃu,ˈbi,ˈbi,1,1,,bicho,animal,Bandeira2017[366-412],
Fa d’Ambo,ˈbisu,ˈbiʃu,ˈbi.su,ˈbi.ʃu,su,ʃu,2,2,,bicho,animal,Bandeira2017[366-412],
Fa d’Ambo,ˈbwe,ˈboj,ˈbwe,ˈboj,ˈbwe,ˈboj,1,1,,boi,bull,Bandeira2017[366-412],
Fa d’Ambo,ˈxaba,ˈkabɾɐ,ˈxa.ba,ˈka.bɾɐ,ˈxa,ˈka,1,1,,cabra,goat,Bandeira2017[366-412],
Fa d’Ambo,ˈxaba,ˈkabɾɐ,ˈxa.ba,ˈka.bɾɐ,ba,bɾɐ,2,2,,cabra,goat,Bandeira2017[366-412],
Fa d’Ambo,xaˈso,kɐˈʃoʀu,xa.ˈso,kɐ.ˈʃo.ʀu,xa,kɐ,1,1,,cachorro,dog,Bandeira2017[366-412],
Fa d’Ambo,xaˈso,kɐˈʃoʀu,xa.ˈso,kɐ.ˈʃo.ʀu,ˈso,ˈʃo,2,2,,cachorro,dog,Bandeira2017[366-412],
Fa d’Ambo,xaˈso,kɐˈʃoʀu,xa.ˈso,kɐ.ˈʃo.ʀu,-,ʀu,-,3,,cachorro,dog,Bandeira2017[366-412],
Fa d’Ambo,ˈxobolo,ˈkɔbɾɐ,ˈxo.bo.lo,ˈkɔ.bɾɐ,ˈxo,ˈkɔ,1,1,,cobra,snake,Bandeira2017[366-412],
Fa d’Ambo,ˈxobolo,ˈkɔbɾɐ,ˈxo.bo.lo,ˈkɔ.bɾɐ,bo,bɾɐ,2,2,,cobra,snake,Bandeira2017[366-412],
Fa d’Ambo,ˈxobolo,ˈkɔbɾɐ,ˈxo.bo.lo,ˈkɔ.bɾɐ,lo,-,3,-,,cobra,snake,Bandeira2017[366-412],
Fa d’Ambo,maˈxaku,mɐˈkaku,ma.ˈxa.ku,mɐ.ˈka.ku,ma,mɐ,1,1,,macaco,monkey,Bandeira2017[366-412],
Fa d’Ambo,maˈxaku,mɐˈkaku,ma.ˈxa.ku,mɐ.ˈka.ku,ˈxa,ˈka,2,2,,macaco,monkey,Bandeira2017[366-412],
Fa d’Ambo,maˈxaku,mɐˈkaku,ma.ˈxa.ku,mɐ.ˈka.ku,ku,ku,3,3,,macaco,monkey,Bandeira2017[366-412],
Fa d’Ambo,moˈsɛ:gu,muɾˈsegu,mo.ˈsɛ:.gu,muɾ.ˈse.gu,mo,muɾ,1,1,,morcego,bat,Bandeira2017[366-412],
Fa d’Ambo,moˈsɛ:gu,muɾˈsegu,mo.ˈsɛ:.gu,muɾ.ˈse.gu,ˈsɛ,ˈse,2,2,,morcego,bat,Bandeira2017[366-412],
Fa d’Ambo,moˈsɛ:gu,muɾˈsegu,mo.ˈsɛ:.gu,muɾ.ˈse.gu,gu,gu,3,3,,morcego,bat,Bandeira2017[366-412],
Fa d’Ambo,ŋgɐ̃ˈɲĩa,gɐˈliɲɐ,ŋgɐ̃.ˈɲĩ.a,gɐ.ˈli.ɲɐ,ŋgɐ̃,gɐ,1,1,,galinha,hen,Bandeira2017[366-412],
Fa d’Ambo,ŋgɐ̃ˈɲĩa,gɐˈliɲɐ,ŋgɐ̃.ˈɲĩ.a,gɐ.ˈli.ɲɐ,ˈɲĩ,ˈli,2,2,,galinha,hen,Bandeira2017[366-412],
Fa d’Ambo,ŋgɐ̃ˈɲĩa,gɐˈliɲɐ,ŋgɐ̃.ˈɲĩ.a,gɐ.ˈli.ɲɐ,a,ɲɐ,3,3,,galinha,hen,Bandeira2017[366-412],
Fa d’Ambo,ˈŋga:sa,ˈgaɾsɐ,ˈŋga:.sa,ˈgaɾ.sɐ,ˈŋga:,ˈgaɾ,1,1,,garça,heron,Bandeira2017[366-412],
Fa d’Ambo,ˈŋga:sa,ˈgaɾsɐ,ˈŋga:.sa,ˈgaɾ.sɐ,sa,sɐ,2,2,,garça,heron,Bandeira2017[366-412],
Fa d’Ambo,liˈmaja,ɐniˈmaɫ,li.ˈma.ja,ɐ.ni.ˈmaɫ,-,ɐ,-,1,,animal,animal,Bandeira2017[366-412],
Fa d’Ambo,liˈmaja,ɐniˈmaɫ,li.ˈma.ja,ɐ.ni.ˈmaɫ,li,ni,1,2,metathesis,animal,animal,Bandeira2017[366-412],
Fa d’Ambo,liˈmaja,ɐniˈmaɫ,li.ˈma.ja,ɐ.ni.ˈmaɫ,ˈma,ˈmaɫ,2,3,,animal,animal,Bandeira2017[366-412],
Fa d’Ambo,liˈmaja,ɐniˈmaɫ,li.ˈma.ja,ɐ.ni.ˈmaɫ,ja,-,3,-,,animal,animal,Bandeira2017[366-412],
Fa d’Ambo,ˈpo:xo,ˈpoɾku,ˈpo:.xo,ˈpoɾ.ku,ˈpo:,ˈpoɾ,1,1,,porco,pig,Bandeira2017[366-412],
Fa d’Ambo,ˈpo:xo,ˈpoɾku,ˈpo:.xo,ˈpoɾ.ku,xo,ku,2,2,,porco,pig,Bandeira2017[366-412],
Fa d’Ambo,toˈt̠ʃi:ga,tɐɾtɐˈɾugɐ,to.ˈt̠ʃi:.ga,tɐɾ.tɐ.ˈɾu.gɐ,to,tɐɾ,1,1,,tartaruga,turtle,Bandeira2017[366-412],
Fa d’Ambo,toˈt̠ʃi:ga,tɐɾtɐˈɾugɐ,to.ˈt̠ʃi:.ga,tɐɾ.tɐ.ˈɾu.gɐ,ˈt̠ʃi:,tɐ,2,2,,tartaruga,turtle,Bandeira2017[366-412],
Fa d’Ambo,toˈt̠ʃi:ga,tɐɾtɐˈɾugɐ,to.ˈt̠ʃi:.ga,tɐɾ.tɐ.ˈɾu.gɐ,-,ˈɾu,-,3,,tartaruga,turtle,Bandeira2017[366-412],
Fa d’Ambo,toˈt̠ʃi:ga,tɐɾtɐˈɾugɐ,to.ˈt̠ʃi:.ga,tɐɾ.tɐ.ˈɾu.gɐ,ga,gɐ,3,4,,tartaruga,turtle,Bandeira2017[366-412],
Fa d’Ambo,bõˈdaʒi,bõˈdadɨ,bõ.ˈda.ʒi,bõ.ˈda.dɨ,bõ,bõ,1,1,,bondade,goodness,Bandeira2017[366-412],
Fa d’Ambo,bõˈdaʒi,bõˈdadɨ,bõ.ˈda.ʒi,bõ.ˈda.dɨ,ˈda,ˈda,2,2,,bondade,goodness,Bandeira2017[366-412],
Fa d’Ambo,bõˈdaʒi,bõˈdadɨ,bõ.ˈda.ʒi,bõ.ˈda.dɨ,ʒi,dɨ,3,3,,bondade,goodness,Bandeira2017[366-412],
Fa d’Ambo,ˈgɛla,ˈgɛʀɐ,ˈgɛ.la,ˈgɛ.ʀɐ,ˈgɛ,ˈgɛ,1,1,,guerra,war,Bandeira2017[366-412],
Fa d’Ambo,ˈgɛla,ˈgɛʀɐ,ˈgɛ.la,ˈgɛ.ʀɐ,la,ʀɐ,2,2,,guerra,war,Bandeira2017[366-412],
Fa d’Ambo,ˈxalma,ˈkaɫmɐ,ˈxal.ma,ˈkaɫ.mɐ,ˈxal,ˈkaɫ,1,1,,calma,calm,Bandeira2017[366-412],
Fa d’Ambo,ˈxalma,ˈkaɫmɐ,ˈxal.ma,ˈkaɫ.mɐ,ma,mɐ,2,2,,calma,calm,Bandeira2017[366-412],
Fa d’Ambo,ma:ˈdadi,maɫˈdadɨ,ma:.ˈda.di,maɫ.ˈda.dɨ,ma:,maɫ,1,1,,maldade,evil,Bandeira2017[366-412],
Fa d’Ambo,ma:ˈdadi,maɫˈdadɨ,ma:.ˈda.di,maɫ.ˈda.dɨ,ˈda,ˈda,2,2,,maldade,evil,Bandeira2017[366-412],
Fa d’Ambo,ma:ˈdadi,maɫˈdadɨ,ma:.ˈda.di,maɫ.ˈda.dɨ,di,dɨ,3,3,,maldade,evil,Bandeira2017[366-412],
Fa d’Ambo,ma:d̠ʒiˈsɐ̃,maɫdiˈsɐ̃w̃,ma:.d̠ʒi.ˈsɐ̃,maɫ.di.ˈsɐ̃w̃,ma:,maɫ,1,1,,maldição,curse,Bandeira2017[366-412],
Fa d’Ambo,ma:d̠ʒiˈsɐ̃,maɫdiˈsɐ̃w̃,ma:.d̠ʒi.ˈsɐ̃,maɫ.di.ˈsɐ̃w̃,d̠ʒi,di,2,2,,maldição,curse,Bandeira2017[366-412],
Fa d’Ambo,ma:d̠ʒiˈsɐ̃,maɫdiˈsɐ̃w̃,ma:.d̠ʒi.ˈsɐ̃,maɫ.di.ˈsɐ̃w̃,ˈsɐ̃,ˈsɐ̃w̃,3,3,,maldição,curse,Bandeira2017[366-412],
Fa d’Ambo,govoˈjɐ̃,vɨɾˈgoɲɐ,go.vo.ˈjɐ̃,vɨɾ.ˈgo.ɲɐ,go,vɨɾ,1,1,metathesis,vergonha,shame,Bandeira2017[366-412],
Fa d’Ambo,govoˈjɐ̃,vɨɾˈgoɲɐ,go.vo.ˈjɐ̃,vɨɾ.ˈgo.ɲɐ,vo,ˈgo,2,2,,vergonha,shame,Bandeira2017[366-412],
Fa d’Ambo,govoˈjɐ̃,vɨɾˈgoɲɐ,go.vo.ˈjɐ̃,vɨɾ.ˈgo.ɲɐ,ˈjɐ̃,ɲɐ,3,3,,vergonha,shame,Bandeira2017[366-412],
Fa d’Ambo,ˈbɐ̃:ŋku,ˈbɾɐ̃ku,ˈbɐ̃:ŋ.ku,ˈbɾɐ̃.ku,ˈbɐ̃:ŋ,ˈbɾɐ̃,1,1,,branco,white,Bandeira2017[366-412],
Fa d’Ambo,ˈbɐ̃:ŋku,ˈbɾɐ̃ku,ˈbɐ̃:ŋ.ku,ˈbɾɐ̃.ku,ku,ku,2,2,,branco,white,Bandeira2017[366-412],
Fa d’Ambo,ˈkɔl,ˈkoɾ,ˈkɔl,ˈkoɾ,ˈkɔl,ˈkoɾ,1,1,,cor,color,Bandeira2017[366-412],
Fa d’Ambo,dɔˈladu,dowˈɾadu,dɔ.ˈla.du,dow.ˈɾa.du,dɔ,dow,1,1,,dourado,yellow,Bandeira2017[366-412],
Fa d’Ambo,dɔˈladu,dowˈɾadu,dɔ.ˈla.du,dow.ˈɾa.du,ˈla,ˈɾa,2,2,,dourado,yellow,Bandeira2017[366-412],
Fa d’Ambo,dɔˈladu,dowˈɾadu,dɔ.ˈla.du,dow.ˈɾa.du,du,du,3,3,,dourado,yellow,Bandeira2017[366-412],
Fa d’Ambo,ˈpɛ:tu,ˈpɾetu,ˈpɛ:.tu,ˈpɾe.tu,ˈpɛ:,ˈpɾe,1,1,,preto,black,Bandeira2017[366-412],
Fa d’Ambo,ˈpɛ:tu,ˈpɾetu,ˈpɛ:.tu,ˈpɾe.tu,tu,tu,2,2,,preto,black,Bandeira2017[366-412],
Fa d’Ambo,ˈlɔza,ˈʀɔzɐ,ˈlɔ.za,ˈʀɔ.zɐ,ˈlɔ,ˈʀɔ,1,1,,rosa,pink,Bandeira2017[366-412],
Fa d’Ambo,ˈlɔza,ˈʀɔzɐ,ˈlɔ.za,ˈʀɔ.zɐ,za,zɐ,2,2,,rosa,pink,Bandeira2017[366-412],
Fa d’Ambo,ˈve:d̠ʒi,ˈveɾdɨ,ˈve:.d̠ʒi,ˈveɾ.dɨ,ˈve:,ˈveɾ,1,1,,verde,green,Bandeira2017[366-412],
Fa d’Ambo,ˈve:d̠ʒi,ˈveɾdɨ,ˈve:.d̠ʒi,ˈveɾ.dɨ,d̠ʒi,dɨ,2,2,,verde,green,Bandeira2017[366-412],
Fa d’Ambo,vɛˈmɛju,vɨɾˈmɐʎu,vɛ.ˈmɛ.ju,vɨɾ.ˈmɐ.ʎu,vɛ,vɨɾ,1,1,,vermelho,red,Bandeira2017[366-412],
Fa d’Ambo,vɛˈmɛju,vɨɾˈmɐʎu,vɛ.ˈmɛ.ju,vɨɾ.ˈmɐ.ʎu,ˈmɛ,ˈmɐ,2,2,,vermelho,red,Bandeira2017[366-412],
Fa d’Ambo,vɛˈmɛju,vɨɾˈmɐʎu,vɛ.ˈmɛ.ju,vɨɾ.ˈmɐ.ʎu,ju,ʎu,3,3,,vermelho,red,Bandeira2017[366-412],
Fa d’Ambo,ˈzulu,ɐˈzuɫ,ˈzu.lu,ɐ.ˈzuɫ,-,ɐ,-,1,,azul,blue,Bandeira2017[366-412],
Fa d’Ambo,ˈzulu,ɐˈzuɫ,ˈzu.lu,ɐ.ˈzuɫ,ˈzu,ˈzuɫ,1,2,metathesis,azul,blue,Bandeira2017[366-412],
Fa d’Ambo,ˈzulu,ɐˈzuɫ,ˈzu.lu,ɐ.ˈzuɫ,lu,-,2,-,,azul,blue,Bandeira2017[366-412],
Fa d’Ambo,ˈaŋxa,kɐɾɐ̃ˈgɐjʒu,ˈaŋ.xa,kɐ.ɾɐ̃.ˈgɐj.ʒu,-,kɐ,-,1,,caranguejo,crab,Bandeira2017[366-412],
Fa d’Ambo,ˈaŋxa,kɐɾɐ̃ˈgɐjʒu,ˈaŋ.xa,kɐ.ɾɐ̃.ˈgɐj.ʒu,ˈaŋ,ɾɐ̃,1,2,,caranguejo,crab,Bandeira2017[366-412],
Fa d’Ambo,ˈaŋxa,kɐɾɐ̃ˈgɐjʒu,ˈaŋ.xa,kɐ.ɾɐ̃.ˈgɐj.ʒu,xa,ˈgɐj,2,3,,caranguejo,crab,Bandeira2017[366-412],
Fa d’Ambo,ˈaŋxa,kɐɾɐ̃ˈgɐjʒu,ˈaŋ.xa,kɐ.ɾɐ̃.ˈgɐj.ʒu,-,ʒu,-,4,,caranguejo,crab,Bandeira2017[366-412],
Fa d’Ambo,baˈkuda,bɐʀɐˈkudɐ,ba.ˈku.da,bɐ.ʀɐ.ˈku.dɐ,ba,bɐ,1,1,,barracuda,barracuda fish,Bandeira2017[366-412],
Fa d’Ambo,baˈkuda,bɐʀɐˈkudɐ,ba.ˈku.da,bɐ.ʀɐ.ˈku.dɐ,-,ʀɐ,-,2,,barracuda,barracuda fish,Bandeira2017[366-412],
Fa d’Ambo,baˈkuda,bɐʀɐˈkudɐ,ba.ˈku.da,bɐ.ʀɐ.ˈku.dɐ,ˈku,ˈku,2,3,,barracuda,barracuda fish,Bandeira2017[366-412],
Fa d’Ambo,baˈkuda,bɐʀɐˈkudɐ,ba.ˈku.da,bɐ.ʀɐ.ˈku.dɐ,da,dɐ,3,4,,barracuda,barracuda fish,Bandeira2017[366-412],
Fa d’Ambo,ˈguʎɐ̃,ɐˈguʎɐ,ˈgu.ʎɐ̃,ɐ.ˈgu.ʎɐ,-,ɐ,-,1,,agulha,garfish,Bandeira2017[366-412],
Fa d’Ambo,ˈguʎɐ̃,ɐˈguʎɐ,ˈgu.ʎɐ̃,ɐ.ˈgu.ʎɐ,ˈgu,ˈgu,1,2,,agulha,garfish,Bandeira2017[366-412],
Fa d’Ambo,ˈguʎɐ̃,ɐˈguʎɐ,ˈgu.ʎɐ̃,ɐ.ˈgu.ʎɐ,ʎɐ̃,ʎɐ,2,3,,agulha,garfish,Bandeira2017[366-412],
Fa d’Ambo,ˈi:ka,ˈiʃku,ˈi:.ka,ˈiʃ.ku,ˈi:,ˈiʃ,1,1,,isco,bait,Bandeira2017[366-412],
Fa d’Ambo,ˈi:ka,ˈiʃku,ˈi:.ka,ˈiʃ.ku,ka,ku,2,2,,isco,bait,Bandeira2017[366-412],
Fa d’Ambo,ˈinzɛ,kɐmɐˈɾɐ̃w̃,ˈin.zɛ,kɐ.mɐ.ˈɾɐ̃w̃,,,,,,camarão,prawn,Bandeira2017[366-412],not of portuguese origin
Fa d’Ambo,kũˈdu,tubɐˈɾɐ̃w̃,kũ.ˈdu,tu.bɐ.ˈɾɐ̃w̃,,,,,,tubarão,shark,Bandeira2017[366-412],not of portuguese origin
Fa d’Ambo,ˈpiʃi,ˈpɐjʃɨ,ˈpi.ʃi,ˈpɐj.ʃɨ,ˈpi,ˈpɐj,1,1,,peixe,fish,Bandeira2017[366-412],
Fa d’Ambo,ˈpiʃi,ˈpɐjʃɨ,ˈpi.ʃi,ˈpɐj.ʃɨ,ʃi,ʃɨ,2,2,,peixe,fish,Bandeira2017[366-412],
Fa d’Ambo,voaˈdol,vuɐˈdoɾ,vo.a.ˈdol,vu.ɐ.ˈdoɾ,vo,vu,1,1,,voador,flying fish,Bandeira2017[366-412],
Fa d’Ambo,voaˈdol,vuɐˈdoɾ,vo.a.ˈdol,vu.ɐ.ˈdoɾ,a,ɐ,2,2,,voador,flying fish,Bandeira2017[366-412],
Fa d’Ambo,voaˈdol,vuɐˈdoɾ,vo.a.ˈdol,vu.ɐ.ˈdoɾ,ˈdol,ˈdoɾ,3,3,,voador,flying fish,Bandeira2017[366-412],
Fa d’Ambo,biˈʃiga,bɨˈʃigɐ,bi.ˈʃi.ga,bɨ.ˈʃi.gɐ,bi,bɨ,1,1,,bexiga (varíola),variola,Bandeira2017[366-412],
Fa d’Ambo,biˈʃiga,bɨˈʃigɐ,bi.ˈʃi.ga,bɨ.ˈʃi.gɐ,ˈʃi,ˈʃi,2,2,,bexiga (varíola),variola,Bandeira2017[366-412],
Fa d’Ambo,biˈʃiga,bɨˈʃigɐ,bi.ˈʃi.ga,bɨ.ˈʃi.gɐ,ga,gɐ,3,3,,bexiga (varíola),variola,Bandeira2017[366-412],
Fa d’Ambo,ˈdol,ˈdoɾ,ˈdol,ˈdoɾ,ˈdol,ˈdoɾ,1,1,,dor,pain,Bandeira2017[366-412],
Fa d’Ambo,ˈfibili,ˈfɛbɾɨ,ˈfi.bi.li,ˈfɛ.bɾɨ,ˈfi,ˈfɛ,1,1,,febre,fever,Bandeira2017[366-412],
Fa d’Ambo,ˈfibili,ˈfɛbɾɨ,ˈfi.bi.li,ˈfɛ.bɾɨ,bi,bɾɨ,2,2,,febre,fever,Bandeira2017[366-412],
Fa d’Ambo,ˈfibili,ˈfɛbɾɨ,ˈfi.bi.li,ˈfɛ.bɾɨ,li,-,3,-,,febre,fever,Bandeira2017[366-412],
Fa d’Ambo,ˈfi:da,fɨˈɾidɐ,ˈfi:.da,fɨ.ˈɾi.dɐ,ˈfi:,fɨ,1,1,,ferida,wound,Bandeira2017[366-412],
Fa d’Ambo,ˈfi:da,fɨˈɾidɐ,ˈfi:.da,fɨ.ˈɾi.dɐ,-,ˈɾi,-,2,,ferida,wound,Bandeira2017[366-412],
Fa d’Ambo,ˈfi:da,fɨˈɾidɐ,ˈfi:.da,fɨ.ˈɾi.dɐ,da,dɐ,2,3,,ferida,wound,Bandeira2017[366-412],
Fa d’Ambo,ˈlɛpa,ˈlɛpɾɐ,ˈlɛ.pa,ˈlɛ.pɾɐ,ˈlɛ,ˈlɛ,1,1,,lepra,leprosy,Bandeira2017[366-412],
Fa d’Ambo,ˈlɛpa,ˈlɛpɾɐ,ˈlɛ.pa,ˈlɛ.pɾɐ,pa,pɾɐ,2,2,,lepra,leprosy,Bandeira2017[366-412],
Fa d’Ambo,liˈmɛd̠ʒi,ʀɨˈmɛdiw,li.ˈmɛ.d̠ʒi,ʀɨ.ˈmɛ.diw,li,ʀɨ,1,1,,remédio,medicine,Bandeira2017[366-412],
Fa d’Ambo,liˈmɛd̠ʒi,ʀɨˈmɛdiw,li.ˈmɛ.d̠ʒi,ʀɨ.ˈmɛ.diw,ˈmɛ,ˈmɛ,2,2,,remédio,medicine,Bandeira2017[366-412],
Fa d’Ambo,liˈmɛd̠ʒi,ʀɨˈmɛdiw,li.ˈmɛ.d̠ʒi,ʀɨ.ˈmɛ.diw,d̠ʒi,diw,3,3,,remédio,medicine,Bandeira2017[366-412],
Fa d’Ambo,ˈtɔʃi,ˈtɔsɨ,ˈtɔ.ʃi,ˈtɔ.sɨ,ˈtɔ,ˈtɔ,1,1,,tosse,cough,Bandeira2017[366-412],
Fa d’Ambo,ˈtɔʃi,ˈtɔsɨ,ˈtɔ.ʃi,ˈtɔ.sɨ,ʃi,sɨ,2,2,,tosse,cough,Bandeira2017[366-412],
Fa d’Ambo,baˈle,vɐˈʀeɾ,ba.ˈle,vɐ.ˈʀeɾ,ba,vɐ,1,1,,varrer,sweep,Bandeira2017[366-412],
Fa d’Ambo,baˈle,vɐˈʀeɾ,ba.ˈle,vɐ.ˈʀeɾ,ˈle,ˈʀeɾ,2,2,,varrer,sweep,Bandeira2017[366-412],
Fa d’Ambo,baˈna,ɐbɐˈnaɾ,ba.ˈna,ɐ.bɐ.ˈnaɾ,-,ɐ,-,1,,abanar,shake,Bandeira2017[366-412],
Fa d’Ambo,baˈna,ɐbɐˈnaɾ,ba.ˈna,ɐ.bɐ.ˈnaɾ,ba,bɐ,1,2,,abanar,shake,Bandeira2017[366-412],
Fa d’Ambo,baˈna,ɐbɐˈnaɾ,ba.ˈna,ɐ.bɐ.ˈnaɾ,ˈna,ˈnaɾ,2,3,,abanar,shake,Bandeira2017[366-412],
Fa d’Ambo,bɐ̃dɔˈna,ɐbɐ̃duˈnaɾ,bɐ̃.dɔ.ˈna,ɐ.bɐ̃.du.ˈnaɾ,-,ɐ,-,1,,abandonar,leave,Bandeira2017[366-412],
Fa d’Ambo,bɐ̃dɔˈna,ɐbɐ̃duˈnaɾ,bɐ̃.dɔ.ˈna,ɐ.bɐ̃.du.ˈnaɾ,bɐ̃,bɐ̃,1,2,,abandonar,leave,Bandeira2017[366-412],
Fa d’Ambo,bɐ̃dɔˈna,ɐbɐ̃duˈnaɾ,bɐ̃.dɔ.ˈna,ɐ.bɐ̃.du.ˈnaɾ,dɔ,du,2,3,,abandonar,leave,Bandeira2017[366-412],
Fa d’Ambo,bɐ̃dɔˈna,ɐbɐ̃duˈnaɾ,bɐ̃.dɔ.ˈna,ɐ.bɐ̃.du.ˈnaɾ,ˈna,ˈnaɾ,3,4,,abandonar,leave,Bandeira2017[366-412],
Fa d’Ambo,deˈse,dɨʃˈseɾ,de.ˈse,dɨʃ.ˈseɾ,de,dɨʃ,1,1,,descer,lower in,Bandeira2017[366-412],
Fa d’Ambo,deˈse,dɨʃˈseɾ,de.ˈse,dɨʃ.ˈseɾ,ˈse,ˈseɾ,2,2,,descer,lower in,Bandeira2017[366-412],
Fa d’Ambo,baˈte,bɐˈteɾ,ba.ˈte,bɐ.ˈteɾ,ba,bɐ,1,1,,bater,hit,Bandeira2017[366-412],
Fa d’Ambo,baˈte,bɐˈteɾ,ba.ˈte,bɐ.ˈteɾ,ˈte,ˈteɾ,2,2,,bater,hit,Bandeira2017[366-412],
Fa d’Ambo,ˈbe,ˈveɾ,ˈbe,ˈveɾ,ˈbe,ˈveɾ,1,1,,ver,see,Bandeira2017[366-412],
Fa d’Ambo,beˈbe,bɨˈbeɾ,be.ˈbe,bɨ.ˈbeɾ,be,bɨ,1,1,,beber,drink,Bandeira2017[366-412],
Fa d’Ambo,beˈbe,bɨˈbeɾ,be.ˈbe,bɨ.ˈbeɾ,ˈbe,ˈbeɾ,2,2,,beber,drink,Bandeira2017[366-412],
Fa d’Ambo,bɛ̃ˈza,bɐjˈʒaɾ,bɛ̃.ˈza,bɐj.ˈʒaɾ,bɛ̃,bɐj,1,1,,beijar,kiss,Bandeira2017[366-412],
Fa d’Ambo,bɛ̃ˈza,bɐjˈʒaɾ,bɛ̃.ˈza,bɐj.ˈʒaɾ,ˈza,ˈʒaɾ,2,2,,beijar,kiss,Bandeira2017[366-412],
Fa d’Ambo,ˈbi,ˈviɾ,ˈbi,ˈviɾ,ˈbi,ˈviɾ,1,1,,vir,come,Bandeira2017[366-412],
Fa d’Ambo,buˈka,vɔɫˈtaɾ,buˈka,vɔɫ.ˈtaɾ,,,,,,voltar,return,Bandeira2017[366-412],not of Portuguese origin
Fa d’Ambo,biˈli,ɐˈbɾiɾ,bi.ˈli,ɐ.ˈbɾiɾ,-,ɐ,-,1,,abrir,open,Bandeira2017[366-412],
Fa d’Ambo,biˈli,ɐˈbɾiɾ,bi.ˈli,ɐ.ˈbɾiɾ,bi,ˈbɾiɾ,1,2,,abrir,open,Bandeira2017[366-412],
Fa d’Ambo,biˈli,ɐˈbɾiɾ,bi.ˈli,ɐ.ˈbɾiɾ,ˈli,-,2,-,,abrir,open,Bandeira2017[366-412],
Fa d’Ambo,biˈʃi,vɨʃˈtiɾ,bi.ˈʃi,vɨʃ.ˈtiɾ,bi,vɨʃ,1,1,metathesis,vestir,get dressed,Bandeira2017[366-412],
Fa d’Ambo,biˈʃi,vɨʃˈtiɾ,bi.ˈʃi,vɨʃ.ˈtiɾ,ˈʃi,ˈtiɾ,2,2,,vestir,get dressed,Bandeira2017[366-412],
Fa d’Ambo,boˈja,bojˈaɾ,bo.ˈja,boj.ˈaɾ,bo,boj,1,1,,boiar,float,Bandeira2017[366-412],
Fa d’Ambo,boˈja,bojˈaɾ,bo.ˈja,boj.ˈaɾ,ˈja,ˈaɾ,2,2,,boiar,float,Bandeira2017[366-412],
Fa d’Ambo,xuˈa,ʒuˈgaɾ,xu.ˈa,ʒu.ˈgaɾ,xu,ʒu,1,1,,jogar,search,Bandeira2017[366-412],
Fa d’Ambo,xuˈa,ʒuˈgaɾ,xu.ˈa,ʒu.ˈgaɾ,ˈa,ˈgaɾ,2,2,,jogar,search,Bandeira2017[366-412],
Fa d’Ambo,boxiˈa,ɐ̃j̃bɾuˈʎaɾ,bo.xi.ˈa,ɐ̃j̃.bɾu.ˈʎaɾ,-,ɐ̃j̃,-,1,,embrulhar,wrap up,Bandeira2017[366-412],
Fa d’Ambo,boxiˈa,ɐ̃j̃bɾuˈʎaɾ,bo.xi.ˈa,ɐ̃j̃.bɾu.ˈʎaɾ,bo,bɾu,1,2,,embrulhar,wrap up,Bandeira2017[366-412],
Fa d’Ambo,boxiˈa,ɐ̃j̃bɾuˈʎaɾ,bo.xi.ˈa,ɐ̃j̃.bɾu.ˈʎaɾ,xi,-,2,-,,embrulhar,wrap up,Bandeira2017[366-412],
Fa d’Ambo,boxiˈa,ɐ̃j̃bɾuˈʎaɾ,bo.xi.ˈa,ɐ̃j̃.bɾu.ˈʎaɾ,ˈa,ˈʎaɾ,3,3,,embrulhar,wrap up,Bandeira2017[366-412],
Fa d’Ambo,ˈda,ˈdaɾ,ˈda,ˈdaɾ,ˈda,ˈdaɾ,1,1,,dar,give,Bandeira2017[366-412],
Fa d’Ambo,dɐ̃ˈsaɾ,dɐ̃ˈsaɾ,dɐ̃.ˈsa,dɐ̃.ˈsaɾ,dɐ̃,dɐ̃,1,1,,dançar,to dance,Bandeira2017[366-412],
Fa d’Ambo,dɐ̃ˈsaɾ,dɐ̃ˈsaɾ,dɐ̃.ˈsa,dɐ̃.ˈsaɾ,ˈsa,ˈsaɾ,2,2,,dançar,to dance,Bandeira2017[366-412],
Fa d’Ambo,de:ˈte,dɨʀɨˈteɾ,de:.ˈte,dɨ.ʀɨ.ˈteɾ,de:,dɨ,1,1,,derreter,to melt,Bandeira2017[366-412],
Fa d’Ambo,de:ˈte,dɨʀɨˈteɾ,de:.ˈte,dɨ.ʀɨ.ˈteɾ,-,ʀɨ,-,2,,derreter,to melt,Bandeira2017[366-412],
Fa d’Ambo,de:ˈte,dɨʀɨˈteɾ,de:.ˈte,dɨ.ʀɨ.ˈteɾ,ˈte,ˈteɾ,2,3,,derreter,to melt,Bandeira2017[366-412],
Fa d’Ambo,d̠ʒjuˈni,duɾˈmiɾ,d̠ʒju.ˈni,duɾ.ˈmiɾ,d̠ʒju,duɾ,1,1,,dormir,to sleep,Bandeira2017[366-412],
Fa d’Ambo,d̠ʒjuˈni,duɾˈmiɾ,d̠ʒju.ˈni,duɾ.ˈmiɾ,ˈni,ˈmiɾ,2,2,,dormir,to sleep,Bandeira2017[366-412],
Fa d’Ambo,faˈla,fɐˈlaɾ,fa.ˈla,fɐ.ˈlaɾ,fa,fɐ,1,1,,falar,say,Bandeira2017[366-412],
Fa d’Ambo,faˈla,fɐˈlaɾ,fa.ˈla,fɐ.ˈlaɾ,ˈla,ˈlaɾ,2,2,,falar,say,Bandeira2017[366-412],
Fa d’Ambo,faˈmĩʃila,mẽˈtiɾ,fa.ˈmĩ.ʃi.la,mẽ.ˈtiɾ,fa,-,1,-,,mentir,to lie,Bandeira2017[366-412],
Fa d’Ambo,faˈmĩʃila,mẽˈtiɾ,fa.ˈmĩ.ʃi.la,mẽ.ˈtiɾ,ˈmĩ,mẽ,2,1,,mentir,to lie,Bandeira2017[366-412],
Fa d’Ambo,faˈmĩʃila,mẽˈtiɾ,fa.ˈmĩ.ʃi.la,mẽ.ˈtiɾ,ʃi,ˈtiɾ,3,2,,mentir,to lie,Bandeira2017[366-412],
Fa d’Ambo,faˈmĩʃila,mẽˈtiɾ,fa.ˈmĩ.ʃi.la,mẽ.ˈtiɾ,la,-,4,-,,mentir,to lie,Bandeira2017[366-412],
Fa d’Ambo,fa:ˈta,falˈtaɾ,fa:.ˈta,faɫ.ˈtaɾ,fa:,faɫ,1,1,,faltar,be absent,Bandeira2017[366-412],
Fa d’Ambo,fa:ˈta,falˈtaɾ,fa:.ˈta,faɫ.ˈtaɾ,ˈta,ˈtaɾ,2,2,,faltar,be absent,Bandeira2017[366-412],
Fa d’Ambo,minˈza,miˈʒaɾ,min.ˈza,mi.ˈʒaɾ,min,mi,1,1,,mijar,urinate,Bandeira2017[366-412],
Fa d’Ambo,minˈza,miˈʒaɾ,min.ˈza,mi.ˈʒaɾ,ˈza,ˈʒaɾ,2,2,,mijar,urinate,Bandeira2017[366-412],
Fa d’Ambo,fɛ̃ˈdɛ,fɨˈdeɾ,fɛ̃.ˈdɛ,fɨ.ˈdeɾ,fɛ̃,fɨ,1,1,,feder,stink,Bandeira2017[366-412],
Fa d’Ambo,fɛ̃ˈdɛ,fɨˈdeɾ,fɛ̃.ˈdɛ,fɨ.ˈdeɾ,ˈdɛ,ˈdeɾ,2,2,,feder,stink,Bandeira2017[366-412],
Fa d’Ambo,kɛˈda,fiˈkaɾ,kɛ.ˈda,fi.ˈkaɾ,,,,,,ficar,stay,Bandeira2017[366-412],not of Portuguese origin
Fa d’Ambo,fɛ:ˈga,ɨʃfɾɨˈgaɾ,fɛ:.ˈga,ɨʃ.fɾɨ.ˈgaɾ,-,ɨʃ,-,1,,esfregar,rub,Bandeira2017[366-412],
Fa d’Ambo,fɛ:ˈga,ɨʃfɾɨˈgaɾ,fɛ:.ˈga,ɨʃ.fɾɨ.ˈgaɾ,fɛ:,fɾɨ,1,2,,esfregar,rub,Bandeira2017[366-412],
Fa d’Ambo,fɛ:ˈga,ɨʃfɾɨˈgaɾ,fɛ:.ˈga,ɨʃ.fɾɨ.ˈgaɾ,ˈga,ˈgaɾ,2,3,,esfregar,rub,Bandeira2017[366-412],
Fa d’Ambo,fu:ˈga,fɔɫˈgaɾ,fu:.ˈga,fɔɫ.ˈgaɾ,fu:,fɔɫ,1,1,,folgar,play,Bandeira2017[366-412],
Fa d’Ambo,fu:ˈga,fɔɫˈgaɾ,fu:.ˈga,fɔɫ.ˈgaɾ,ˈga,ˈgaɾ,2,2,,folgar,play,Bandeira2017[366-412],
Fa d’Ambo,fũˈmɐ̃,dɨfuˈmaɾ,fũ.ˈmɐ̃,dɨ.fu.ˈmaɾ,-,dɨ,-,1,,defumar,smoke,Bandeira2017[366-412],
Fa d’Ambo,fũˈmɐ̃,dɨfuˈmaɾ,fũ.ˈmɐ̃,dɨ.fu.ˈmaɾ,fũ,fu,1,2,,defumar,smoke,Bandeira2017[366-412],
Fa d’Ambo,fũˈmɐ̃,dɨfuˈmaɾ,fũ.ˈmɐ̃,dɨ.fu.ˈmaɾ,ˈmɐ̃,ˈmaɾ,2,3,,defumar,smoke,Bandeira2017[366-412],
Fa d’Ambo,gusˈta,guʃˈtaɾ,gus.ˈta,guʃ.ˈtaɾ,gus,guʃ,1,1,,gostar,like,Bandeira2017[366-412],
Fa d’Ambo,gusˈta,guʃˈtaɾ,gus.ˈta,guʃ.ˈtaɾ,ˈta,ˈtaɾ,2,2,,gostar,like,Bandeira2017[366-412],
Fa d’Ambo,ga:ˈda,ɨʃpɨˈɾaɾ,ga:.ˈda,ɨʃ.pɨ.ˈɾaɾ,,,,,,esperar,to wait,Bandeira2017[366-412],not of Portuguese origin
Fa d’Ambo,xaˈba,ɐkɐˈbaɾ,xa.ˈba,ɐ.kɐ.ˈbaɾ,-,ɐ,-,1,,acabar,finish,Bandeira2017[366-412],
Fa d’Ambo,xaˈba,ɐkɐˈbaɾ,xa.ˈba,ɐ.kɐ.ˈbaɾ,xa,kɐ,1,2,,acabar,finish,Bandeira2017[366-412],
Fa d’Ambo,xaˈba,ɐkɐˈbaɾ,xa.ˈba,ɐ.kɐ.ˈbaɾ,ˈba,ˈbaɾ,2,3,,acabar,finish,Bandeira2017[366-412],
Fa d’Ambo,xaˈma,ɨʃkɐˈmaɾ,xa.ˈma,ɨʃ.kɐ.ˈmaɾ,-,ɨʃ,-,1,,escamar,scale fish,Bandeira2017[366-412],
Fa d’Ambo,xaˈma,ɨʃkɐˈmaɾ,xa.ˈma,ɨʃ.kɐ.ˈmaɾ,xa,kɐ,1,2,,escamar,scale fish,Bandeira2017[366-412],
Fa d’Ambo,xaˈma,ɨʃkɐˈmaɾ,xa.ˈma,ɨʃ.kɐ.ˈmaɾ,ˈma,ˈmaɾ,2,3,,escamar,scale fish,Bandeira2017[366-412],
Fa d’Ambo,xɐ̃nˈta,kɐ̃ˈtaɾ,xɐ̃n.ˈta,kɐ̃.ˈtaɾ,xɐ̃n,kɐ̃,1,1,,cantar,sing,Bandeira2017[366-412],
Fa d’Ambo,xɐ̃nˈta,kɐ̃ˈtaɾ,xɐ̃n.ˈta,kɐ̃.ˈtaɾ,ˈta,ˈtaɾ,2,2,,cantar,sing,Bandeira2017[366-412],
Fa d’Ambo,xaˈza,kɐˈzaɾ,xa.ˈza,kɐ.ˈzaɾ,xa,kɐ,1,1,,casar,marry,Bandeira2017[366-412],
Fa d’Ambo,xaˈza,kɐˈzaɾ,xa.ˈza,kɐ.ˈzaɾ,ˈza,ˈzaɾ,2,2,,casar,marry,Bandeira2017[366-412],
Fa d’Ambo,xabɛˈla,kɨˈbɾaɾ,xa.bɛ.ˈla,kɨ.ˈbɾaɾ,xa,kɨ,1,1,,quebrar,split,Bandeira2017[366-412],
Fa d’Ambo,xabɛˈla,kɨˈbɾaɾ,xa.bɛ.ˈla,kɨ.ˈbɾaɾ,bɛ,ˈbɾaɾ,2,2,,quebrar,split,Bandeira2017[366-412],
Fa d’Ambo,xabɛˈla,kɨˈbɾaɾ,xa.bɛ.ˈla,kɨ.ˈbɾaɾ,ˈla,-,3,-,,quebrar,split,Bandeira2017[366-412],
Fa d’Ambo,xeˈle,ˈkɾeɾ,xe.ˈle,ˈkɾeɾ,xe,ˈkɾeɾ,1,1,,crer,believe,Bandeira2017[366-412],
Fa d’Ambo,xeˈle,ˈkɾeɾ,xe.ˈle,ˈkɾeɾ,ˈle,-,2,-,,crer,believe,Bandeira2017[366-412],
Fa d’Ambo,kaˈma,kɐjˈmaɾ,ka.ˈma,kɐj.ˈmaɾ,ka,kɐj,1,1,,queimar,burn,Bandeira2017[366-412],
Fa d’Ambo,kaˈma,kɐjˈmaɾ,ka.ˈma,kɐj.ˈmaɾ,ˈma,ˈmaɾ,2,2,,queimar,burn,Bandeira2017[366-412],
Fa d’Ambo,xɛ̃jˈta,ɨʃkẽˈtaɾ,xɛ̃j.ˈta,ɨʃ.kẽ.ˈtaɾ,-,ɨʃ,-,1,,esquentar,warm up,Bandeira2017[366-412],
Fa d’Ambo,xɛ̃jˈta,ɨʃkẽˈtaɾ,xɛ̃j.ˈta,ɨʃ.kẽ.ˈtaɾ,xɛ̃j,kẽ,1,2,,esquentar,warm up,Bandeira2017[366-412],
Fa d’Ambo,xɛ̃jˈta,ɨʃkẽˈtaɾ,xɛ̃j.ˈta,ɨʃ.kẽ.ˈtaɾ,ˈta,ˈtaɾ,2,3,,esquentar,warm up,Bandeira2017[366-412],
Fa d’Ambo,keˈse,ɨʃkɛˈseɾ,ke.ˈse,ɨʃ.kɛ.ˈseɾ,-,ɨʃ,-,1,,esquecer,to forget,Bandeira2017[366-412],
Fa d’Ambo,keˈse,ɨʃkɛˈseɾ,ke.ˈse,ɨʃ.kɛ.ˈseɾ,ke,kɛ,1,2,,esquecer,to forget,Bandeira2017[366-412],
Fa d’Ambo,keˈse,ɨʃkɛˈseɾ,ke.ˈse,ɨʃ.kɛ.ˈseɾ,ˈse,ˈseɾ,2,3,,esquecer,to forget,Bandeira2017[366-412],
Fa d’Ambo,kaˈe,kɐˈiɾ,ka.ˈe,kɐ.ˈiɾ,ka,kɐ,1,1,,cair,fall,Bandeira2017[366-412],
Fa d’Ambo,kaˈe,kɐˈiɾ,ka.ˈe,kɐ.ˈiɾ,ˈe,ˈiɾ,2,2,,cair,fall,Bandeira2017[366-412],
Fa d’Ambo,ga:ˈga,kɐʀɨˈgaɾ,ga:.ˈga,kɐ.ʀɨ.ˈgaɾ,ga:,kɐ,1,1,,carregar,load,Bandeira2017[366-412],
Fa d’Ambo,ga:ˈga,kɐʀɨˈgaɾ,ga:.ˈga,kɐ.ʀɨ.ˈgaɾ,-,ʀɨ,-,2,,carregar,load,Bandeira2017[366-412],
Fa d’Ambo,ga:ˈga,kɐʀɨˈgaɾ,ga:.ˈga,kɐ.ʀɨ.ˈgaɾ,ˈga,ˈgaɾ,2,3,,carregar,load,Bandeira2017[366-412],
Fa d’Ambo,xe:ˈse,kɾɨʃˈseɾ,xe:.ˈse,kɾɨʃ.ˈseɾ,xe:,kɾɨʃ,1,1,,crescer,grow,Bandeira2017[366-412],
Fa d’Ambo,xe:ˈse,kɾɨʃˈseɾ,xe:.ˈse,kɾɨʃ.ˈseɾ,ˈse,ˈseɾ,2,2,,crescer,grow,Bandeira2017[366-412],
Fa d’Ambo,fɔˈlɔ,,fɔ.ˈlɔ,,,,,,,raspar,scrape,Bandeira2017[366-412],
Fa d’Ambo,kiˈli,kuˈʎeɾ,ki.ˈli,ku.ˈʎeɾ,ki,ku,1,1,,colher,harvest,Bandeira2017[366-412],
Fa d’Ambo,kiˈli,kuˈʎeɾ,ki.ˈli,ku.ˈʎeɾ,ˈli,ˈʎeɾ,2,2,,colher,harvest,Bandeira2017[366-412],
Fa d’Ambo,kuˈʎa,ɨʃkuˈʎeɾ,ku.ˈʎa,ɨʃ.ku.ˈʎeɾ,-,ɨʃ,-,1,,escolher,choose,Bandeira2017[366-412],
Fa d’Ambo,kuˈʎa,ɨʃkuˈʎeɾ,ku.ˈʎa,ɨʃ.ku.ˈʎeɾ,ku,ku,1,2,,escolher,choose,Bandeira2017[366-412],
Fa d’Ambo,kuˈʎa,ɨʃkuˈʎeɾ,ku.ˈʎa,ɨʃ.ku.ˈʎeɾ,ˈʎa,ˈʎeɾ,2,3,,escolher,choose,Bandeira2017[366-412],
Fa d’Ambo,kuˈʎa,ɐ̃j̃kuˈʎeɾ,ku.ˈʎa,ɐ̃j̃.ku.ˈʎeɾ,-,ɐ̃j̃,-,1,,encolher,shrink,Bandeira2017[366-412],
Fa d’Ambo,kuˈʎa,ɐ̃j̃kuˈʎeɾ,ku.ˈʎa,ɐ̃j̃.ku.ˈʎeɾ,ku,ku,1,2,,encolher,shrink,Bandeira2017[366-412],
Fa d’Ambo,kuˈʎa,ɐ̃j̃kuˈʎeɾ,ku.ˈʎa,ɐ̃j̃.ku.ˈʎeɾ,ˈʎa,ˈʎeɾ,2,3,,encolher,shrink,Bandeira2017[366-412],
Fa d’Ambo,xonˈde,ɨʃkõˈdeɾ,xon.ˈde,ɨʃ.kõ.ˈdeɾ,-,ɨʃ,-,1,,esconder,hide,Bandeira2017[366-412],
Fa d’Ambo,xonˈde,ɨʃkõˈdeɾ,xon.ˈde,ɨʃ.kõ.ˈdeɾ,xon,kõ,1,2,,esconder,hide,Bandeira2017[366-412],
Fa d’Ambo,xonˈde,ɨʃkõˈdeɾ,xon.ˈde,ɨʃ.kõ.ˈdeɾ,ˈde,ˈdeɾ,2,3,,esconder,hide,Bandeira2017[366-412],
Fa d’Ambo,tɔˈpa,tuˈpaɾ,tɔˈpa,tu.ˈpaɾ,tɔ,tu,1,1,,topar (encontrar),to find,Bandeira2017[366-412],
Fa d’Ambo,tɔˈpa,tuˈpaɾ,tɔˈpa,tu.ˈpaɾ,ˈpa,ˈpaɾ,2,2,,topar (encontrar),to find,Bandeira2017[366-412],
Fa d’Ambo,xoˈle,kuʀeɾ,xo.ˈle,ku.ˈʀeɾ,xo,ku,1,1,,correr,To run,Bandeira2017[366-412],
Fa d’Ambo,xoˈle,kuʀeɾ,xo.ˈle,ku.ˈʀeɾ,ˈle,ˈʀeɾ,2,2,,correr,To run,Bandeira2017[366-412],
Fa d’Ambo,ku:ˈta,kuɾˈtaɾ,ku:.ˈta,kuɾ.ˈtaɾ,ku:,kuɾ,1,1,,cortar,cut,Bandeira2017[366-412],
Fa d’Ambo,ku:ˈta,kuɾˈtaɾ,ku:.ˈta,kuɾ.ˈtaɾ,ˈta,ˈtaɾ,2,2,,cortar,cut,Bandeira2017[366-412],
Fa d’Ambo,kuˈsa,kuˈsaɾ,ku.ˈsa,ku.ˈsaɾ,ku,ku,1,1,,coçar,scratch,Bandeira2017[366-412],
Fa d’Ambo,kuˈsa,kuˈsaɾ,ku.ˈsa,ku.ˈsaɾ,ˈsa,ˈsaɾ,2,2,,coçar,scratch,Bandeira2017[366-412],
Fa d’Ambo,xoˈze,kuˈzeɾ,xo.ˈze,ku.ˈzeɾ,xo,ku,1,1,,coser,sew,Bandeira2017[366-412],
Fa d’Ambo,xoˈze,kuˈzeɾ,xo.ˈze,ku.ˈzeɾ,ˈze,ˈzeɾ,2,2,,coser,sew,Bandeira2017[366-412],
Fa d’Ambo,kubiˈli,kuˈbɾiɾ,ku.bi.ˈli,ku.ˈbɾiɾ,ku,ku,1,1,,cobrir,cover,Bandeira2017[366-412],
Fa d’Ambo,kubiˈli,kuˈbɾiɾ,ku.bi.ˈli,ku.ˈbɾiɾ,bi,ˈbɾiɾ,2,2,,cobrir,cover,Bandeira2017[366-412],
Fa d’Ambo,kubiˈli,kuˈbɾiɾ,ku.bi.ˈli,ku.ˈbɾiɾ,ˈli,-,3,-,,cobrir,cover,Bandeira2017[366-412],
Fa d’Ambo,kuˈda,kujˈdaɾ,ku.ˈda,kuj.ˈdaɾ,ku,kuj,1,1,,cuidar,care,Bandeira2017[366-412],
Fa d’Ambo,kuˈda,kujˈdaɾ,ku.ˈda,kuj.ˈdaɾ,ˈda,ˈdaɾ,2,2,,cuidar,care,Bandeira2017[366-412],
Fa d’Ambo,ku:ˈpa,kuɫˈpaɾ,ku:.ˈpa,kuɫ.ˈpaɾ,ku:,kuɫ,1,1,,culpar,to blame,Bandeira2017[366-412],
Fa d’Ambo,ku:ˈpa,kuɫˈpaɾ,ku:.ˈpa,kuɫ.ˈpaɾ,ˈpa,ˈpaɾ,2,2,,culpar,to blame,Bandeira2017[366-412],
Fa d’Ambo,kuˈmi,kuˈmeɾ,ku.ˈmi,ku.ˈmeɾ,ku,ku,1,1,,comer,to eat,Bandeira2017[366-412],
Fa d’Ambo,kuˈmi,kuˈmeɾ,ku.ˈmi,ku.ˈmeɾ,ˈmi,ˈmeɾ,2,2,,comer,to eat,Bandeira2017[366-412],
Fa d’Ambo,kuˈla,kuˈɾaɾ,ku.ˈla,ku.ˈɾaɾ,ku,ku,1,1,,curar,heal,Bandeira2017[366-412],
Fa d’Ambo,kuˈla,kuˈɾaɾ,ku.ˈla,ku.ˈɾaɾ,ˈla,ˈɾaɾ,2,2,,curar,heal,Bandeira2017[366-412],
Fa d’Ambo,laˈba,lɐˈvaɾ,la.ˈba,lɐ.ˈvaɾ,la,lɐ,1,1,,lavar,wash,Bandeira2017[366-412],
Fa d’Ambo,laˈba,lɐˈvaɾ,la.ˈba,lɐ.ˈvaɾ,ˈba,ˈvaɾ,2,2,,lavar,wash,Bandeira2017[366-412],
Fa d’Ambo,luˈza,lɐ̃ˈsaɾ,lu.ˈza,lɐ̃.ˈsaɾ,lu,lɐ̃,1,1,,lançar,to throw up,Bandeira2017[366-412],
Fa d’Ambo,luˈza,lɐ̃ˈsaɾ,lu.ˈza,lɐ̃.ˈsaɾ,ˈza,ˈsaɾ,2,2,,lançar,to throw up,Bandeira2017[366-412],
Fa d’Ambo,lɐ̃ˈta,lɨvɐ̃ˈtaɾ,lɐ̃.ˈta,lɨ.vɐ̃.ˈtaɾ,-,lɨ,-,1,,levantar,get up,Bandeira2017[366-412],
Fa d’Ambo,lɐ̃ˈta,lɨvɐ̃ˈtaɾ,lɐ̃.ˈta,lɨ.vɐ̃.ˈtaɾ,lɐ̃,vɐ̃,1,2,,levantar,get up,Bandeira2017[366-412],
Fa d’Ambo,lɐ̃ˈta,lɨvɐ̃ˈtaɾ,lɐ̃.ˈta,lɨ.vɐ̃.ˈtaɾ,ˈta,ˈtaɾ,2,3,,levantar,get up,Bandeira2017[366-412],
Fa d’Ambo,lɔˈlɔ,lɐ̃ˈbeɾ,lɔ.ˈlɔ,lɐ̃.ˈbeɾ,,,,,,lamber,lick,Bandeira2017[366-412],not of Portuguese origin
Fa d’Ambo,biliˈa,bɾiˈʎaɾ,bi.li.ˈa,bɾi.ˈʎaɾ,bi,bɾi,1,1,,brilhar,shine,Bandeira2017[366-412],
Fa d’Ambo,biliˈa,bɾiˈʎaɾ,bi.li.ˈa,bɾi.ˈʎaɾ,li,ˈʎaɾ,2,2,,brilhar,shine,Bandeira2017[366-412],
Fa d’Ambo,biliˈa,bɾiˈʎaɾ,bi.li.ˈa,bɾi.ˈʎaɾ,ˈa,-,3,-,,brilhar,shine,Bandeira2017[366-412],
Fa d’Ambo,maˈla,ɐmɐˈʀaɾ,ma.ˈla,ɐ.mɐ.ˈʀaɾ,-,ɐ,-,1,,amarrar,tie,Bandeira2017[366-412],
Fa d’Ambo,maˈla,ɐmɐˈʀaɾ,ma.ˈla,ɐ.mɐ.ˈʀaɾ,ma,mɐ,1,2,,amarrar,tie,Bandeira2017[366-412],
Fa d’Ambo,maˈla,ɐmɐˈʀaɾ,ma.ˈla,ɐ.mɐ.ˈʀaɾ,ˈla,ˈʀaɾ,2,3,,amarrar,tie,Bandeira2017[366-412],
Fa d’Ambo,ˈmɛ̃du,tɾɨˈmẽdu,ˈmɛ̃.du,tɾɨ.ˈmẽ.du,-,tɾɨ,-,1,,tremendo,to fear,Bandeira2017[366-412],
Fa d’Ambo,ˈmɛ̃du,tɾɨˈmẽdu,ˈmɛ̃.du,tɾɨ.ˈmẽ.du,ˈmɛ̃,ˈmẽ,1,2,,tremendo,to fear,Bandeira2017[366-412],
Fa d’Ambo,ˈmɛ̃du,tɾɨˈmẽdu,ˈmɛ̃.du,tɾɨ.ˈmẽ.du,du,du,2,3,,tremendo,to fear,Bandeira2017[366-412],
Fa d’Ambo,nɛsɛsiˈta,nɨsɨsiˈtaɾ,nɛ.sɛ.si.ˈta,nɨ.sɨ.si.ˈtaɾ,nɛ,nɨ,1,1,,necessitar,to want,Bandeira2017[366-412],
Fa d’Ambo,nɛsɛsiˈta,nɨsɨsiˈtaɾ,nɛ.sɛ.si.ˈta,nɨ.sɨ.si.ˈtaɾ,sɛ,sɨ,2,2,,necessitar,to want,Bandeira2017[366-412],
Fa d’Ambo,nɛsɛsiˈta,nɨsɨsiˈtaɾ,nɛ.sɛ.si.ˈta,nɨ.sɨ.si.ˈtaɾ,si,si,3,3,,necessitar,to want,Bandeira2017[366-412],
Fa d’Ambo,nɛsɛsiˈta,nɨsɨsiˈtaɾ,nɛ.sɛ.si.ˈta,nɨ.sɨ.si.ˈtaɾ,ˈta,ˈtaɾ,4,4,,necessitar,to want,Bandeira2017[366-412],
Fa d’Ambo,mũˈgwa,mĩˈgwaɾ,mũ.ˈgwa,mĩ.ˈgwaɾ,mũ,mĩ,1,1,,minguar,wane,Bandeira2017[366-412],
Fa d’Ambo,mũˈgwa,mĩˈgwaɾ,mũ.ˈgwa,mĩ.ˈgwaɾ,ˈgwa,ˈgwaɾ,2,2,,minguar,wane,Bandeira2017[366-412],
Fa d’Ambo,mũˈda,muɾˈdeɾ,mũ.ˈda,muɾ.ˈdeɾ,mũ,muɾ,1,1,,morder,to bite,Bandeira2017[366-412],
Fa d’Ambo,mũˈda,muɾˈdeɾ,mũ.ˈda,muɾ.ˈdeɾ,da,ˈdeɾ,2,2,,morder,to bite,Bandeira2017[366-412],
Fa d’Ambo,ŋgɐ̃ˈna,gɐˈɲaɾ,ŋgɐ̃.ˈna,gɐ.ˈɲaɾ,ŋgɐ̃,gɐ,1,1,,ganhar,to earn,Bandeira2017[366-412],
Fa d’Ambo,ŋgɐ̃ˈna,gɐˈɲaɾ,ŋgɐ̃.ˈna,gɐ.ˈɲaɾ,ˈna,ˈɲaɾ,2,2,,ganhar,to earn,Bandeira2017[366-412],
Fa d’Ambo,paˈga,ɐpɐˈgaɾ,pa.ˈga,ɐ.pɐ.ˈgaɾ,-,ɐ,-,1,,apagar,delete,Bandeira2017[366-412],
Fa d’Ambo,paˈga,ɐpɐˈgaɾ,pa.ˈga,ɐ.pɐ.ˈgaɾ,pa,pɐ,1,2,,apagar,delete,Bandeira2017[366-412],
Fa d’Ambo,paˈga,ɐpɐˈgaɾ,pa.ˈga,ɐ.pɐ.ˈgaɾ,ˈga,ˈgaɾ,2,3,,apagar,delete,Bandeira2017[366-412],
Fa d’Ambo,paˈpa,pɐˈpaɾ,pa.ˈpa,pɐ.ˈpaɾ,pa,pɐ,1,1,,papar,chew,Bandeira2017[366-412],
Fa d’Ambo,paˈpa,pɐˈpaɾ,pa.ˈpa,pɐ.ˈpaɾ,ˈpa,ˈpaɾ,2,2,,papar,chew,Bandeira2017[366-412],
Fa d’Ambo,pinˈd̠ʒi,pɨˈdiɾ,pin.ˈd̠ʒi,pɨ.ˈdiɾ,pɨ,pɨ,1,1,,pedir,ask,Bandeira2017[366-412],
Fa d’Ambo,pinˈd̠ʒi,pɨˈdiɾ,pin.ˈd̠ʒi,pɨ.ˈdiɾ,ˈd̠ʒi,ˈdiɾ,2,2,,pedir,ask,Bandeira2017[366-412],
Fa d’Ambo,piˈza,piˈzaɾ,pi.ˈza,pi.ˈzaɾ,pi,pi,1,1,,pisar (empurrar),to push,Bandeira2017[366-412],
Fa d’Ambo,piˈza,piˈzaɾ,pi.ˈza,pi.ˈzaɾ,ˈza,ˈzaɾ,2,2,,pisar (empurrar),to push,Bandeira2017[366-412],
Fa d’Ambo,pɛ:ˈgwa,pɾɨˈgaɾ,pɛ:.ˈgwa,pɾɨ.ˈgaɾ,pɛ:,pɾɨ,1,1,,pregar,pin,Bandeira2017[366-412],
Fa d’Ambo,pɛ:ˈgwa,pɾɨˈgaɾ,pɛ:.ˈgwa,pɾɨ.ˈgaɾ,ˈgwa,ˈgaɾ,2,2,,pregar,pin,Bandeira2017[366-412],
Fa d’Ambo,pẽˈde,pɨɾˈdeɾ,pẽ.ˈde,pɨɾ.ˈdeɾ,pẽ,pɨɾ,1,1,,perder,to lose,Bandeira2017[366-412],
Fa d’Ambo,pẽˈde,pɨɾˈdeɾ,pẽ.ˈde,pɨɾ.ˈdeɾ,ˈde,ˈdeɾ,2,2,,perder,to lose,Bandeira2017[366-412],
Fa d’Ambo,pu:ˈga,puɾˈgaɾ,pu:.ˈga,puɾ.ˈgaɾ,pu:,puɾ,1,1,,purgar,purge,Bandeira2017[366-412],
Fa d’Ambo,pu:ˈga,puɾˈgaɾ,pu:.ˈga,puɾ.ˈgaɾ,ˈga,ˈgaɾ,2,2,,purgar,purge,Bandeira2017[366-412],
Fa d’Ambo,xaˈla,ʀɐˈlaɾ,xa.ˈla,ʀɐ.ˈlaɾ,xa,ʀɐ,1,1,,ralar,grate,Bandeira2017[366-412],
Fa d’Ambo,xaˈla,ʀɐˈlaɾ,xa.ˈla,ʀɐ.ˈlaɾ,ˈla,ˈlaɾ,2,2,,ralar,grate,Bandeira2017[366-412],
Fa d’Ambo,laŋˈxa,ɐʀɐ̃ˈkaɾ,laŋ.ˈxa,ɐ.ʀɐ̃.ˈkaɾ,-,ɐ,-,1,,arrancar,pluck out,Bandeira2017[366-412],
Fa d’Ambo,laŋˈxa,ɐʀɐ̃ˈkaɾ,laŋ.ˈxa,ɐ.ʀɐ̃.ˈkaɾ,laŋ,ʀɐ̃,1,2,,arrancar,pluck out,Bandeira2017[366-412],
Fa d’Ambo,laŋˈxa,ɐʀɐ̃ˈkaɾ,laŋ.ˈxa,ɐ.ʀɐ̃.ˈkaɾ,ˈxa,ˈkaɾ,2,3,,arrancar,pluck out,Bandeira2017[366-412],
Fa d’Ambo,liˈgi,ɛɾˈgeɾ,li.ˈgi,ɛɾ.ˈgeɾ,li,ɛɾ,1,1,,erguer,raise,Bandeira2017[366-412],
Fa d’Ambo,liˈgi,ɛɾˈgeɾ,li.ˈgi,ɛɾ.ˈgeɾ,ˈgi,ˈgeɾ,2,2,,erguer,raise,Bandeira2017[366-412],
Fa d’Ambo,lõxuˈa,ʀõˈkaɾ,lõ.xu.ˈa,ʀõ.ˈkaɾ,lõ,ʀõ,1,1,,roncar,snore,Bandeira2017[366-412],
Fa d’Ambo,lõxuˈa,ʀõˈkaɾ,lõ.xu.ˈa,ʀõ.ˈkaɾ,xu,ˈkaɾ,2,2,,roncar,snore,Bandeira2017[366-412],
Fa d’Ambo,lõxuˈa,ʀõˈkaɾ,lõ.xu.ˈa,ʀõ.ˈkaɾ,ˈa,-,3,-,,roncar,snore,Bandeira2017[366-412],
Fa d’Ambo,sɛˈa,puˈʃaɾ,sɛ.ˈa,pu.ˈʃaɾ,-,pu,1,1,,puxar,pull,Bandeira2017[366-412],
Fa d’Ambo,sɛˈa,puˈʃaɾ,sɛ.ˈa,pu.ˈʃaɾ,sɛ,ˈʃaɾ,2,2,,puxar,pull,Bandeira2017[366-412],
Fa d’Ambo,sɛˈa,puˈʃaɾ,sɛ.ˈa,pu.ˈʃaɾ,ˈa,-,3,-,,puxar,pull,Bandeira2017[366-412],
Fa d’Ambo,suguˈi,ɐʒiˈtaɾ,su.gu.ˈi,ɐ.ʒi.ˈtaɾ,,,,,,agitar,shake,Bandeira2017[366-412],not of Portuguese origin
Fa d’Ambo,sa:ˈga,salˈgaɾ,sa:.ˈga,saɫ.ˈgaɾ,sa:,saɫ,1,1,,salgar,salt,Bandeira2017[366-412],
Fa d’Ambo,sa:ˈga,salˈgaɾ,sa:.ˈga,saɫ.ˈgaɾ,ˈga,ˈgaɾ,2,2,,salgar,salt,Bandeira2017[366-412],
Fa d’Ambo,sa:ˈva,saɫˈvaɾ,sa:.ˈva,saɫ.ˈvaɾ,sa,saɫ,1,1,,salvar,save,Bandeira2017[366-412],
Fa d’Ambo,sa:ˈva,saɫˈvaɾ,sa:.ˈva,saɫ.ˈvaɾ,ˈva,ˈvaɾ,2,2,,salvar,save,Bandeira2017[366-412],
Fa d’Ambo,saˈma,ʃɐˈmaɾ,sa.ˈma,ʃɐ.ˈmaɾ,sa,ʃɐ,1,1,,chamar,call,Bandeira2017[366-412],
Fa d’Ambo,saˈma,ʃɐˈmaɾ,sa.ˈma,ʃɐ.ˈmaɾ,ˈma,ˈmaɾ,2,2,,chamar,call,Bandeira2017[366-412],
Fa d’Ambo,suguˈla,sɨɡuˈɾaɾ,su.gu.ˈla,sɨ.ɡu.ˈɾaɾ,su,sɨ,1,1,,segurar,hold,Bandeira2017[366-412],
Fa d’Ambo,suguˈla,sɨɡuˈɾaɾ,su.gu.ˈla,sɨ.ɡu.ˈɾaɾ,ɡu,ɡu,2,2,,segurar,hold,Bandeira2017[366-412],
Fa d’Ambo,suguˈla,sɨɡuˈɾaɾ,su.gu.ˈla,sɨ.ɡu.ˈɾaɾ,ˈla,ˈɾaɾ,3,3,,segurar,hold,Bandeira2017[366-412],
Fa d’Ambo,sẽˈde,ɐsẽˈdeɾ,sẽ.ˈde,ɐ.sẽ.ˈdeɾ,-,ɐ,-,1,,acender,light up,Bandeira2017[366-412],
Fa d’Ambo,sẽˈde,ɐsẽˈdeɾ,sẽ.ˈde,ɐ.sẽ.ˈdeɾ,sẽ,sẽ,1,2,,acender,light up,Bandeira2017[366-412],
Fa d’Ambo,sẽˈde,ɐsẽˈdeɾ,sẽ.ˈde,ɐ.sẽ.ˈdeɾ,ˈde,ˈdeɾ,2,3,,acender,light up,Bandeira2017[366-412],
Fa d’Ambo,sɛˈla,ʃɐjˈɾaɾ,sɛ.ˈla,ʃɐj.ˈɾaɾ,sɛ,ʃɐj,1,1,,cheirar,smell,Bandeira2017[366-412],
Fa d’Ambo,sɛˈla,ʃɐjˈɾaɾ,sɛ.ˈla,ʃɐj.ˈɾaɾ,ˈla,ˈɾaɾ,2,2,,cheirar,smell,Bandeira2017[366-412],
Fa d’Ambo,ʃiˈga,ʃɨˈɡaɾ,ʃi.ˈga,ʃɨ.ˈɡaɾ,ʃi,ʃɨ,1,1,,chegar,arrive,Bandeira2017[366-412],
Fa d’Ambo,ʃiˈga,ʃɨˈɡaɾ,ʃi.ˈga,ʃɨ.ˈɡaɾ,ˈga,ˈgaɾ,2,2,,chegar,arrive,Bandeira2017[366-412],
Fa d’Ambo,ʃke:ˈve,ɨʃkɾɨˈveɾ,ʃ.ke:.ˈve,ɨʃ.kɾɨ.ˈveɾ,ʃ,ɨʃ,1,1,,escrever,write,Bandeira2017[366-412],
Fa d’Ambo,ʃke:ˈve,ɨʃkɾɨˈveɾ,ʃ.ke:.ˈve,ɨʃ.kɾɨ.ˈveɾ,ke,kɾɨ,2,2,,escrever,write,Bandeira2017[366-412],
Fa d’Ambo,ʃke:ˈve,ɨʃkɾɨˈveɾ,ʃ.ke:.ˈve,ɨʃ.kɾɨ.ˈveɾ,ˈve,ˈveɾ,3,3,,escrever,write,Bandeira2017[366-412],
Fa d’Ambo,ʃiˈmja,sɨmiˈaɾ,ʃi.ˈmja,sɨ.mi.ˈaɾ,ʃi,sɨ,1,1,,semear,plant,Bandeira2017[366-412],
Fa d’Ambo,ʃiˈmja,sɨmiˈaɾ,ʃi.ˈmja,sɨ.mi.ˈaɾ,ˈmja,mi,2,2,,semear,plant,Bandeira2017[366-412],
Fa d’Ambo,ʃiˈmja,sɨmiˈaɾ,ʃi.ˈmja,sɨ.mi.ˈaɾ,-,ˈaɾ,-,3,,semear,plant,Bandeira2017[366-412],
Fa d’Ambo,suˈla,ʃuˈɾaɾ,su.ˈla,ʃu.ˈɾaɾ,su,ʃu,1,1,,chorar,cry,Bandeira2017[366-412],
Fa d’Ambo,suˈla,ʃuˈɾaɾ,su.ˈla,ʃu.ˈɾaɾ,ˈla,ˈɾaɾ,2,2,,chorar,cry,Bandeira2017[366-412],
Fa d’Ambo,sɔ̃mbɛˈla,ɐsõˈbɾaɾ,sɔ̃m.bɛ.ˈla,ɐ.sõ.ˈbɾaɾ,-,ɐ,-,1,,assombrar,haunt,Bandeira2017[366-412],
Fa d’Ambo,sɔ̃mbɛˈla,ɐsõˈbɾaɾ,sɔ̃m.bɛ.ˈla,ɐ.sõ.ˈbɾaɾ,sɔ̃m,sõ,1,2,,assombrar,haunt,Bandeira2017[366-412],
Fa d’Ambo,sɔ̃mbɛˈla,ɐsõˈbɾaɾ,sɔ̃m.bɛ.ˈla,ɐ.sõ.ˈbɾaɾ,bɛ,ˈbɾaɾ,2,3,,assombrar,haunt,Bandeira2017[366-412],
Fa d’Ambo,sɔ̃mbɛˈla,ɐsõˈbɾaɾ,sɔ̃m.bɛ.ˈla,ɐ.sõ.ˈbɾaɾ,ˈla,-,3,-,,assombrar,haunt,Bandeira2017[366-412],
Fa d’Ambo,foˈfo,suˈpɾaɾ,fo.ˈfo,su.ˈpɾaɾ,,,,,,soprar,to blow,Bandeira2017[366-412],not of Portuguese origin
Fa d’Ambo,subiˈli,suˈbiɾ,su.bi.ˈli,su.ˈbiɾ,su,su,1,1,,subir,move up,Bandeira2017[366-412],
Fa d’Ambo,subiˈli,suˈbiɾ,su.bi.ˈli,su.ˈbiɾ,bi,ˈbiɾ,2,2,,subir,move up,Bandeira2017[366-412],
Fa d’Ambo,subiˈli,suˈbiɾ,su.bi.ˈli,su.ˈbiɾ,ˈli,-,3,-,,subir,move up,Bandeira2017[366-412],
Fa d’Ambo,sɔˈxa,sɨˈkaɾ,sɔ.ˈxa,sɨ.ˈkaɾ,sɔ,sɨ,1,1,,secar,wipe,Bandeira2017[366-412],
Fa d’Ambo,sɔˈxa,sɨˈkaɾ,sɔ.ˈxa,sɨ.ˈkaɾ,ˈkaɾ,ˈxa,2,2,,secar,wipe,Bandeira2017[366-412],
Fa d’Ambo,suˈpa,ʃuˈpaɾ,su.ˈpa,ʃu.ˈpaɾ,su,ʃu,1,1,,chupar,suck,Bandeira2017[366-412],
Fa d’Ambo,suˈpa,ʃuˈpaɾ,su.ˈpa,ʃu.ˈpaɾ,ˈpa,ˈpaɾ,2,2,,chupar,suck,Bandeira2017[366-412],
Fa d’Ambo,suˈa,suˈaɾ,su.ˈa,su.ˈaɾ,su,su,1,1,,suar,sweat,Bandeira2017[366-412],
Fa d’Ambo,suˈa,suˈaɾ,su.ˈa,su.ˈaɾ,ˈa,ˈaɾ,2,2,,suar,sweat,Bandeira2017[366-412],
Fa d’Ambo,sẽˈta,sẽˈtaɾ,sẽ.ˈta,sẽ.ˈtaɾ,sẽ,sẽ,1,1,,sentar,sit,Bandeira2017[366-412],
Fa d’Ambo,sẽˈta,sẽˈtaɾ,sẽ.ˈta,sẽ.ˈtaɾ,ˈta,ˈtaɾ,2,2,,sentar,sit,Bandeira2017[366-412],
Fa d’Ambo,ˈte,teɾ,ˈte,teɾ,ˈte,teɾ,1,1,,ter,have,Bandeira2017[366-412],
Fa d’Ambo,tẽˈde,ẽtẽˈdeɾ,tẽ.ˈde,ẽ.tẽ.ˈdeɾ,-,ẽ,-,1,,entender,to listen,Bandeira2017[366-412],
Fa d’Ambo,tẽˈde,ẽtẽˈdeɾ,tẽ.ˈde,ẽ.tẽ.ˈdeɾ,tẽ,tẽ,1,2,,entender,to listen,Bandeira2017[366-412],
Fa d’Ambo,tẽˈde,ẽtẽˈdeɾ,tẽ.ˈde,ẽ.tẽ.ˈdeɾ,ˈde,ˈdeɾ,2,3,,entender,to listen,Bandeira2017[366-412],
Fa d’Ambo,t̠ʃiˈla,tiˈɾaɾ,t̠ʃi.ˈla,ti.ˈɾaɾ,t̠ʃi,ti,1,1,,tirar,remove,Bandeira2017[366-412],
Fa d’Ambo,t̠ʃiˈla,tiˈɾaɾ,t̠ʃi.ˈla,ti.ˈɾaɾ,ˈla,ˈɾaɾ,2,2,,tirar,remove,Bandeira2017[366-412],
Fa d’Ambo,ta:baˈʎa,tɾɐbɐˈʎaɾ,ta:.ba.ˈʎa,tɾɐ.bɐ.ˈʎaɾ,ta:,tɾɐ,1,1,,trabalhar,to work,Bandeira2017[366-412],
Fa d’Ambo,ta:baˈʎa,tɾɐbɐˈʎaɾ,ta:.ba.ˈʎa,tɾɐ.bɐ.ˈʎaɾ,ba,bɐ,2,2,,trabalhar,to work,Bandeira2017[366-412],
Fa d’Ambo,ta:baˈʎa,tɾɐbɐˈʎaɾ,ta:.ba.ˈʎa,tɾɐ.bɐ.ˈʎaɾ,ˈʎa,ˈʎaɾ,3,3,,trabalhar,to work,Bandeira2017[366-412],
Fa d’Ambo,ntɔˈla,tuˈʀaɾ,ntɔ.ˈla,tu.ˈʀaɾ,n,-,1,-,,torrar,toast,Bandeira2017[366-412],
Fa d’Ambo,ntɔˈla,tuˈʀaɾ,ntɔ.ˈla,tu.ˈʀaɾ,tɔ,tu,2,1,,torrar,toast,Bandeira2017[366-412],
Fa d’Ambo,ntɔˈla,tuˈʀaɾ,ntɔ.ˈla,tu.ˈʀaɾ,ˈla,ˈʀaɾ,3,2,,torrar,toast,Bandeira2017[366-412],
Fa d’Ambo,zuˈda,ɐʒuˈdaɾ,zu.ˈda,ɐ.ʒu.ˈdaɾ,-,ɐ,-,1,,ajudar,help,Bandeira2017[366-412],
Fa d’Ambo,zuˈda,ɐʒuˈdaɾ,zu.ˈda,ɐ.ʒu.ˈdaɾ,zu,ʒu,1,2,,ajudar,help,Bandeira2017[366-412],
Fa d’Ambo,zuˈda,ɐʒuˈdaɾ,zu.ˈda,ɐ.ʒu.ˈdaɾ,ˈda,ˈdaɾ,2,3,,ajudar,help,Bandeira2017[366-412],
Fa d’Ambo,ãˈʃi,fuɾˈmigɐ,ã.ˈʃi,fuɾ.ˈmi.gɐ,,,,,,formiga,ant,Bandeira2017[366-412],not of Portuguese origin
Fa d’Ambo,iˈdu,piˈoʎuʃ,i.ˈdu,pi.ˈo.ʎuʃ,,,,,,piolhos,lice,Bandeira2017[366-412],not of Portuguese origin
Fa d’Ambo,d̠ʒiˈfũtu,dɨˈfũtu,d̠ʒi.ˈfũ.tu,dɨ.ˈfũ.tu,d̠ʒi,dɨ,1,1,,defunto,deceased,Bandeira2017[366-412],
Fa d’Ambo,d̠ʒiˈfũtu,dɨˈfũtu,d̠ʒi.ˈfũ.tu,dɨ.ˈfũ.tu,ˈfũ,ˈfũ,2,2,,defunto,deceased,Bandeira2017[366-412],
Fa d’Ambo,d̠ʒiˈfũtu,dɨˈfũtu,d̠ʒi.ˈfũ.tu,dɨ.ˈfũ.tu,tu,tu,3,3,,defunto,deceased,Bandeira2017[366-412],
Fa d’Ambo,ˈminu,mɨˈninu,ˈmi.nu,mɨ.ˈni.nu,ˈmi,mɨ,1,1,,menino,child,Bandeira2017[366-412],
Fa d’Ambo,ˈminu,mɨˈninu,ˈmi.nu,mɨ.ˈni.nu,-,ˈni,-,2,,menino,child,Bandeira2017[366-412],
Fa d’Ambo,ˈminu,mɨˈninu,ˈmi.nu,mɨ.ˈni.nu,nu,nu,2,3,,menino,child,Bandeira2017[366-412],
Fa d’Ambo,ˈmjɛle,muˈʎɛɾ,ˈmjɛ.le,mu.ˈʎɛɾ,ˈmjɛ,mu,1,1,,mulher,woman,Bandeira2017[366-412],
Fa d’Ambo,ˈmjɛle,muˈʎɛɾ,ˈmjɛ.le,mu.ˈʎɛɾ,le,ˈʎɛɾ,2,2,,mulher,woman,Bandeira2017[366-412],
Fa d’Ambo,ˈŋge,aɫˈgɐ̃j̃,ˈŋge,aɫ.ˈgɐ̃j̃,-,aɫ,-,1,,alguém,someone,Bandeira2017[366-412],
Fa d’Ambo,ˈŋge,aɫˈgɐ̃j̃,ˈŋge,aɫ.ˈgɐ̃j̃,ˈŋge,ˈgɐ̃j̃,1,2,,alguém,someone,Bandeira2017[366-412],
Fa d’Ambo,ɔˈmɛ,ɔˈmɛ̃,ɔ.ˈmɛ,ɔ.ˈmɛ̃,ɔ,ɔ,1,1,,homem,man,Bandeira2017[366-412],
Fa d’Ambo,ɔˈmɛ,ɔˈmɛ̃,ɔ.ˈmɛ,ɔ.ˈmɛ̃,ˈmɛ,ˈmɛ̃,2,2,,homem,man,Bandeira2017[366-412],
Fa d’Ambo,d̠ʒiˈvid̠ʒil,viˈziɲu,d̠ʒi.ˈvi.d̠ʒil,vi.ˈzi.ɲu,d̠ʒi,-,1,-,,vizinho,neighbor,Bandeira2017[366-412],
Fa d’Ambo,d̠ʒiˈvid̠ʒil,viˈziɲu,d̠ʒi.ˈvi.d̠ʒil,vi.ˈzi.ɲu,ˈvi,vi,2,1,,vizinho,neighbor,Bandeira2017[366-412],
Fa d’Ambo,d̠ʒiˈvid̠ʒil,viˈziɲu,d̠ʒi.ˈvi.d̠ʒil,vi.ˈzi.ɲu,d̠ʒil,ˈzi,3,2,,vizinho,neighbor,Bandeira2017[366-412],
Fa d’Ambo,d̠ʒiˈvid̠ʒil,viˈziɲu,d̠ʒi.ˈvi.d̠ʒil,vi.ˈzi.ɲu,-,ɲu,-,3,,vizinho,neighbor,Bandeira2017[366-412],
Fa d’Ambo,bɔˈdɔ,ˈkajʃ,bɔ.ˈdɔ,ˈkajʃ,,,,,,cais,pier,Bandeira2017[366-412],not of Portuguese origin
Fa d’Ambo,ˈfɛla,ˈfejɾɐ,ˈfɛ.la,ˈfɐj.ɾɐ,ˈfɛ,ˈfɐj,1,1,,feira,market,Bandeira2017[366-412],
Fa d’Ambo,ˈfɛla,ˈfejɾɐ,ˈfɛ.la,ˈfɐj.ɾɐ,la,ɾɐ,2,2,,feira,market,Bandeira2017[366-412],
Fa d’Ambo,ˈge:za,iˈgrɐʒɐ,ˈge:.za,i.ˈgrɐ.ʒɐ,-,i,-,1,,igreja,church,Bandeira2017[366-412],
Fa d’Ambo,ˈge:za,iˈgrɐʒɐ,ˈge:.za,i.ˈgrɐ.ʒɐ,ˈge,ˈgrɐ,1,2,,igreja,church,Bandeira2017[366-412],
Fa d’Ambo,ˈge:za,iˈgrɐʒɐ,ˈge:.za,i.ˈgrɐ.ʒɐ,za,ʒɐ,2,3,,igreja,church,Bandeira2017[366-412],
Fa d’Ambo,xaˈd̠ʒia,kɐˈdɐjɐ,xa.ˈd̠ʒi.a,kɐ.ˈdɐj.ɐ,xa,kɐ,1,1,,cadeia,prison,Bandeira2017[366-412],
Fa d’Ambo,xaˈd̠ʒia,kɐˈdɐjɐ,xa.ˈd̠ʒi.a,kɐ.ˈdɐj.ɐ,ˈd̠ʒi,ˈdɐj,2,2,,cadeia,prison,Bandeira2017[366-412],
Fa d’Ambo,xaˈd̠ʒia,kɐˈdɐjɐ,xa.ˈd̠ʒi.a,kɐ.ˈdɐj.ɐ,a,ɐ,3,3,,cadeia,prison,Bandeira2017[366-412],
Fa d’Ambo,ˈxai,ˈkazɐ,ˈxai,ˈka.zɐ,ˈxai,ˈka,1,1,,casa,house,Bandeira2017[366-412],
Fa d’Ambo,ˈxai,ˈkazɐ,ˈxai,ˈka.zɐ,-,zɐ,-,2,,casa,house,Bandeira2017[366-412],
Fa d’Ambo,oˈgo,fluˈɾɛʃtɐ,o.ˈgo,flu.ˈɾɛʃ.tɐ,,,,,,floresta,forest,Bandeira2017[366-412],not of Portuguese origin
Fa d’Ambo,xɔˈt̠ʃjɐ̃,ˈkwaɾtu,xɔ.ˈt̠ʃjɐ̃,ˈkwaɾ.tu,,,,,,quarto,room,Bandeira2017[366-412],not of Portuguese origin
Fa d’Ambo,ˈkaɛ,ˈʀuɐ,ˈkaɛ,ˈʀu.ɐ,,,,,,rua,street,Bandeira2017[366-412],not of Portuguese origin
Fa d’Ambo,fɐ̃ˈtɛ:za,fuɾtɐˈlezɐ,fɐ̃.ˈtɛ:.za,fuɾ.tɐ.ˈle.zɐ,fɐ̃,fuɾ,1,1,,fortaleza,wall,Bandeira2017[366-412],
Fa d’Ambo,fɐ̃ˈtɛ:za,fuɾtɐˈlezɐ,fɐ̃.ˈtɛ:.za,fuɾ.tɐ.ˈle.zɐ,ˈtɛ,tɐ,2,2,,fortaleza,wall,Bandeira2017[366-412],
Fa d’Ambo,fɐ̃ˈtɛ:za,fuɾtɐˈlezɐ,fɐ̃.ˈtɛ:.za,fuɾ.tɐ.ˈle.zɐ,-,ˈle,-,3,,fortaleza,wall,Bandeira2017[366-412],
Fa d’Ambo,fɐ̃ˈtɛ:za,fuɾtɐˈlezɐ,fɐ̃.ˈtɛ:.za,fuɾ.tɐ.ˈle.zɐ,za,zɐ,3,4,,fortaleza,wall,Bandeira2017[366-412],
Fa d’Ambo,ˈpa:sa,ˈpɾasɐ,ˈpa:.sa,ˈpɾa.sɐ,ˈpa:,ˈpɾa,1,1,,praça,square,Bandeira2017[366-412],
Fa d’Ambo,ˈpa:sa,ˈpɾasɐ,ˈpa:.sa,ˈpɾa.sɐ,sa,sɐ,2,2,,praça,square,Bandeira2017[366-412],
Fa d’Ambo,ˈtol,ˈtoʀɨ,ˈtol,ˈto.ʀɨ,ˈtol,ˈto,1,1,,torre,tower,Bandeira2017[366-412],
Fa d’Ambo,ˈtol,ˈtoʀɨ,ˈtol,ˈto.ʀɨ,-,ʀɨ,-,2,,torre,tower,Bandeira2017[366-412],
Fa d’Ambo,ˈfɛlu,ˈfɛʀu,ˈfɛ.lu,ˈfɛ.ʀu,ˈfɛ,ˈfɛ,1,1,,ferro,iron,Bandeira2017[366-412],
Fa d’Ambo,ˈfɛlu,ˈfɛʀu,ˈfɛ.lu,ˈfɛ.ʀu,lu,ʀu,2,2,,ferro,iron,Bandeira2017[366-412],
Fa d’Ambo,ˈpa:ta,ˈpɾatɐ,ˈpa:.ta,ˈpɾa.tɐ,ˈpa:,ˈpɾa,1,1,,prata,silver,Bandeira2017[366-412],
Fa d’Ambo,ˈpa:ta,ˈpɾatɐ,ˈpa:.ta,ˈpɾa.tɐ,ta,tɐ,2,2,,prata,silver,Bandeira2017[366-412],
Fa d’Ambo,ˈsũba,ˈʃũbu,ˈsũ.ba,ˈʃũ.bu,ˈsũ,ˈʃũ,1,1,,chumbo,lead,Bandeira2017[366-412],
Fa d’Ambo,ˈsũba,ˈʃũbu,ˈsũ.ba,ˈʃũ.bu,ba,bu,2,2,,chumbo,lead,Bandeira2017[366-412],
Fa d’Ambo,aˈlɛa,ɐˈɾɐjɐ,a.ˈlɛ.a,ɐ.ˈɾɐj.ɐ,a,ɐ,1,1,,areia,sand,Bandeira2017[366-412],
Fa d’Ambo,aˈlɛa,ɐˈɾɐjɐ,a.ˈlɛ.a,ɐ.ˈɾɐj.ɐ,ˈlɛ,ˈɾɐj,2,2,,areia,sand,Bandeira2017[366-412],
Fa d’Ambo,aˈlɛa,ɐˈɾɐjɐ,a.ˈlɛ.a,ɐ.ˈɾɐj.ɐ,a,ɐ,3,3,,areia,sand,Bandeira2017[366-412],
Fa d’Ambo,gɔˈ:vɛla,aɾkuˈiɾiʃ,gɔ:.ˈvɛ.la,aɾ.ku.ˈi.ɾiʃ,,,,,,arco-íris,rainbow,Bandeira2017[366-412],not of Portuguese origin
Fa d’Ambo,ˈbalu,ˈbaʀu,ˈba.lu,ˈba.ʀu,ˈba,ˈba,1,1,,barro,clay,Bandeira2017[366-412],
Fa d’Ambo,ˈbalu,ˈbaʀu,ˈba.lu,ˈba.ʀu,lu,ʀu,2,2,,barro,clay,Bandeira2017[366-412],
Fa d’Ambo,ˈfiu,ˈfɾiu,ˈfi.u,ˈfɾi.u,ˈfi,ˈfɾi,1,1,,frio,cold,Bandeira2017[366-412],
Fa d’Ambo,ˈfiu,ˈfɾiu,ˈfi.u,ˈfɾi.u,u,u,2,2,,frio,cold,Bandeira2017[366-412],
Fa d’Ambo,iˈʎa,ˈiʎɐ,i.ˈʎa,ˈi.ʎɐ,i,i,1,1,,ilha,island,Bandeira2017[366-412],
Fa d’Ambo,iˈʎa,ˈiʎɐ,i.ˈʎa,ˈi.ʎɐ,ˈʎa,ʎɐ,2,2,,ilha,island,Bandeira2017[366-412],
Fa d’Ambo,ˈkɛĩt̠ʃi,ˈkẽtɨ,ˈkɛĩ.t̠ʃi,ˈkẽ.tɨ,ˈkɛĩ,ˈkẽ,1,1,,quente,heat,Bandeira2017[366-412],
Fa d’Ambo,ˈkɛĩt̠ʃi,ˈkẽtɨ,ˈkɛĩ.t̠ʃi,ˈkẽ.tɨ,t̠ʃi,tɨ,2,2,,quente,heat,Bandeira2017[366-412],
Fa d’Ambo,xa:ˈbɐ̃,kɐɾˈvɐ̃w̃,xa:.ˈbɐ̃,kɐɾ.ˈvɐ̃w̃,xa:,kɐɾ,1,1,,carvão,coal,Bandeira2017[366-412],
Fa d’Ambo,xa:ˈbɐ̃,kɐɾˈvɐ̃w̃,xa:.ˈbɐ̃,kɐɾ.ˈvɐ̃w̃,ˈbɐ̃,ˈvɐ̃w̃,2,2,,carvão,coal,Bandeira2017[366-412],
Fa d’Ambo,ˈlali,ʀɨˈlɐ̃pɐgu,ˈla.li,ʀɨ.ˈlɐ̃.pɐ.gu,,,,,,relâmpago,lightning,Bandeira2017[366-412],not of Portuguese origin
Fa d’Ambo,ˈnovi,ˈnuvɐ̃j̃,ˈno.vi,ˈnu.vɐ̃j̃,ˈno,ˈnu,1,1,,nuvem,cloud,Bandeira2017[366-412],
Fa d’Ambo,ˈnovi,ˈnuvɐ̃j̃,ˈno.vi,ˈnu.vɐ̃j̃,vi,vɐ̃j̃,2,2,,nuvem,cloud,Bandeira2017[366-412],
Fa d’Ambo,ˈnwa,ˈluɐ,ˈnwa,ˈlu.ɐ,ˈnwa,ˈlu,1,1,,lua,moon,Bandeira2017[366-412],
Fa d’Ambo,ˈnwa,ˈluɐ,ˈnwa,ˈlu.ɐ,-,ɐ,-,2,,lua,moon,Bandeira2017[366-412],
Fa d’Ambo,ˈnia,ˈlɐɲɐ,ˈni.a,ˈlɐ.ɲɐ,-,ˈlɐ,-,1,,lenha,wood,Bandeira2017[366-412],
Fa d’Ambo,ˈnia,ˈlɐɲɐ,ˈni.a,ˈlɐ.ɲɐ,ˈni,ɲɐ,1,2,,lenha,wood,Bandeira2017[366-412],
Fa d’Ambo,ˈnia,ˈlɐɲɐ,ˈni.a,ˈlɐ.ɲɐ,a,-,2,-,,lenha,wood,Bandeira2017[366-412],
Fa d’Ambo,ɔˈmɛ,ˈmaɾ,ɔ.ˈmɛ,ˈmaɾ,ɔ,-,1,-,,mar,sea,Bandeira2017[366-412],
Fa d’Ambo,ɔˈmɛ,ˈmaɾ,ɔ.ˈmɛ,ˈmaɾ,ˈmɛ,ˈmaɾ,2,1,,mar,sea,Bandeira2017[366-412],
Fa d’Ambo,luˈbɛla,ʀiˈbɐjɾu,lu.ˈbɛ.la,ʀi.ˈbɐj.ɾu,lu,ʀi,1,1,,ribeiro,river,Bandeira2017[366-412],
Fa d’Ambo,luˈbɛla,ʀiˈbɐjɾu,lu.ˈbɛ.la,ʀi.ˈbɐj.ɾu,ˈbɛ,ˈbɐj,2,2,,ribeiro,river,Bandeira2017[366-412],
Fa d’Ambo,luˈbɛla,ʀiˈbɐjɾu,lu.ˈbɛ.la,ʀi.ˈbɐj.ɾu,la,ɾu,3,3,,ribeiro,river,Bandeira2017[366-412],
Fa d’Ambo,ɔˈsɛ,ˈsɛw,ɔ.ˈsɛ,ˈsɛw,ɔ,-,1,-,,céu,sky,Bandeira2017[366-412],
Fa d’Ambo,ɔˈsɛ,ˈsɛw,ɔ.ˈsɛ,ˈsɛw,ˈsɛ,ˈsɛw,2,1,,céu,sky,Bandeira2017[366-412],
Fa d’Ambo,ˈpiku,ˈpiku,ˈpi.ku,ˈpi.ku,ˈpi,ˈpi,1,1,,pico,peak,Bandeira2017[366-412],
Fa d’Ambo,ˈpiku,ˈpiku,ˈpi.ku,ˈpi.ku,ku,ku,2,2,,pico,peak,Bandeira2017[366-412],
Fa d’Ambo,seˈlema,ɔɾˈvaʎu,se.ˈle.ma,ɔɾ.ˈva.ʎu,,,,,,orvalho,dew,Bandeira2017[366-412],not of Portuguese origin
Fa d’Ambo,ˈsɔlɔ,ˈsɔl,ˈsɔ.lɔ,ˈsɔl,ˈsɔ,ˈsɔl,1,1,,sol,sun,Bandeira2017[366-412],
Fa d’Ambo,ˈsɔlɔ,ˈsɔl,ˈsɔ.lɔ,ˈsɔl,lɔ,-,2,-,,sol,sun,Bandeira2017[366-412],
Fa d’Ambo,ˈtɛ:la,ɨʃˈtɾelɐ,ˈtɛ:.la,ɨʃ.ˈtɾe.lɐ,-,ɨʃ,-,1,,estrela,star,Bandeira2017[366-412],
Fa d’Ambo,ˈtɛ:la,ɨʃˈtɾelɐ,ˈtɛ:.la,ɨʃ.ˈtɾe.lɐ,ˈtɛ:,ˈtɾe,1,2,,estrela,star,Bandeira2017[366-412],
Fa d’Ambo,ˈtɛ:la,ɨʃˈtɾelɐ,ˈtɛ:.la,ɨʃ.ˈtɾe.lɐ,la,lɐ,2,3,,estrela,star,Bandeira2017[366-412],
Fa d’Ambo,ˈʃuva,ˈʃuvɐ,ˈʃu.va,ˈʃu.vɐ,ˈʃu,ˈʃu,1,1,,chuva,rain,Bandeira2017[366-412],
Fa d’Ambo,ˈʃuva,ˈʃuvɐ,ˈʃu.va,ˈʃu.vɐ,va,vɐ,2,2,,chuva,rain,Bandeira2017[366-412],
Fa d’Ambo,ˈtɛla,ˈtɛʀɐ,ˈtɛ.la,ˈtɛ.ʀɐ,ˈtɛ,ˈtɛ,1,1,,terra,earth,Bandeira2017[366-412],
Fa d’Ambo,ˈtɛla,ˈtɛʀɐ,ˈtɛ.la,ˈtɛ.ʀɐ,la,ʀɐ,2,2,,terra,earth,Bandeira2017[366-412],
Fa d’Ambo,toloˈvada,tɾuvuˈada,to.lo.ˈva.da,tɾu.vu.ˈa.dɐ,to,tɾu,1,1,,trovoada,thunderstorm,Bandeira2017[366-412],
Fa d’Ambo,toloˈvada,tɾuvuˈada,to.lo.ˈva.da,tɾu.vu.ˈa.dɐ,lo,-,2,-,,trovoada,thunderstorm,Bandeira2017[366-412],
Fa d’Ambo,toloˈvada,tɾuvuˈada,to.lo.ˈva.da,tɾu.vu.ˈa.dɐ,-,vu,-,2,,trovoada,thunderstorm,Bandeira2017[366-412],
Fa d’Ambo,toloˈvada,tɾuvuˈada,to.lo.ˈva.da,tɾu.vu.ˈa.dɐ,ˈva,ˈa,3,3,,trovoada,thunderstorm,Bandeira2017[366-412],
Fa d’Ambo,toloˈvada,tɾuvuˈada,to.lo.ˈva.da,tɾu.vu.ˈa.dɐ,da,dɐ,4,4,,trovoada,thunderstorm,Bandeira2017[366-412],
Fa d’Ambo,ɔˈvɛ̃tu,ˈvẽtu,ɔ.ˈvɛ̃.tu,ˈvẽ.tu,ɔ,-,1,-,,vento,wind,Bandeira2017[366-412],
Fa d’Ambo,ɔˈvɛ̃tu,ˈvẽtu,ɔ.ˈvɛ̃.tu,ˈvẽ.tu,ˈvɛ̃,ˈvẽ,2,1,,vento,wind,Bandeira2017[366-412],
Fa d’Ambo,ɔˈvɛ̃tu,ˈvẽtu,ɔ.ˈvɛ̃.tu,ˈvẽ.tu,tu,tu,3,2,,vento,wind,Bandeira2017[366-412],
Fa d’Ambo,aˈle,ˈʀɐj,a.ˈle,ˈʀɐj,a,-,1,-,,rei,king,Bandeira2017[366-412],
Fa d’Ambo,aˈle,ˈʀɐj,a.ˈle,ˈʀɐj,ˈle,ˈʀɐj,2,1,,rei,king,Bandeira2017[366-412],
Fa d’Ambo,doˈtolo,dowˈtoɾ,do.ˈto.lo,do.ˈtoɾ,do,do,1,1,,doutor,doctor,Bandeira2017[366-412],
Fa d’Ambo,doˈtolo,dowˈtoɾ,do.ˈto.lo,do.ˈtoɾ,ˈto,ˈtoɾ,2,2,,doutor,doctor,Bandeira2017[366-412],
Fa d’Ambo,doˈtolo,dowˈtoɾ,do.ˈto.lo,do.ˈtoɾ,lo,-,3,-,,doutor,doctor,Bandeira2017[366-412],
Fa d’Ambo,xɐ̃ˈtelu,kɐɾpĩˈtejɾu,xɐ̃.ˈte.lu,kɐɾ.pĩ.ˈtɐj.ɾu,xɐ̃,kɐɾ,1,1,,carpinteiro,carpenter,Bandeira2017[366-412],
Fa d’Ambo,xɐ̃ˈtelu,kɐɾpĩˈtejɾu,xɐ̃.ˈte.lu,kɐɾ.pĩ.ˈtɐj.ɾu,-,pĩ,-,2,,carpinteiro,carpenter,Bandeira2017[366-412],
Fa d’Ambo,xɐ̃ˈtelu,kɐɾpĩˈtejɾu,xɐ̃.ˈte.lu,kɐɾ.pĩ.ˈtɐj.ɾu,ˈte,ˈtɐj,2,3,,carpinteiro,carpenter,Bandeira2017[366-412],
Fa d’Ambo,xɐ̃ˈtelu,kɐɾpĩˈtejɾu,xɐ̃.ˈte.lu,kɐɾ.pĩ.ˈtɐj.ɾu,lu,ɾu,3,4,,carpinteiro,carpenter,Bandeira2017[366-412],
Fa d’Ambo,mataˈdo,mɐtɐˈdoɾ,ma.ta.ˈdo,mɐ.tɐ.ˈdoɾ,ma,mɐ,1,1,,matador,butcher,Bandeira2017[366-412],
Fa d’Ambo,mataˈdo,mɐtɐˈdoɾ,ma.ta.ˈdo,mɐ.tɐ.ˈdoɾ,ta,tɐ,2,2,,matador,butcher,Bandeira2017[366-412],
Fa d’Ambo,mataˈdo,mɐtɐˈdoɾ,ma.ta.ˈdo,mɐ.tɐ.ˈdoɾ,ˈdo,ˈdoɾ,3,3,,matador,butcher,Bandeira2017[366-412],
Fa d’Ambo,pisxaˈdo,pɨʃkɐˈdoɾ,pis.xa.ˈdo,pɨʃ.kɐ.ˈdoɾ,pis,pɨʃ,1,1,,pescador,fisherman,Bandeira2017[366-412],
Fa d’Ambo,pisxaˈdo,pɨʃkɐˈdoɾ,pis.xa.ˈdo,pɨʃ.kɐ.ˈdoɾ,xa,kɐ,2,2,,pescador,fisherman,Bandeira2017[366-412],
Fa d’Ambo,pisxaˈdo,pɨʃkɐˈdoɾ,pis.xa.ˈdo,pɨʃ.kɐ.ˈdoɾ,ˈdo,ˈdoɾ,3,3,,pescador,fisherman,Bandeira2017[366-412],
Fa d’Ambo,ˈlɐ̃jɐ̃,ʀɐ̃ˈiɲɐ,ˈlɐ̃j.ɐ̃,ʀɐ.ˈi.ɲɐ,ˈlɐ̃j,ʀɐ,1,1,,rainha,queen,Bandeira2017[366-412],
Fa d’Ambo,ˈlɐ̃jɐ̃,ʀɐ̃ˈiɲɐ,ˈlɐ̃j.ɐ̃,ʀɐ.ˈi.ɲɐ,-,ˈi,-,2,,rainha,queen,Bandeira2017[366-412],
Fa d’Ambo,ˈlɐ̃jɐ̃,ʀɐ̃ˈiɲɐ,ˈlɐ̃j.ɐ̃,ʀɐ.ˈi.ɲɐ,ɐ̃,ɲɐ,2,3,,rainha,queen,Bandeira2017[366-412],
Fa d’Ambo,sapaˈtelu,sɐpɐˈtɐjɾu,sa.pa.ˈte.lu,sɐ.pɐ.ˈtɐj.ɾu,sa,sɐ,1,1,,sapateiro,shoemaker,Bandeira2017[366-412],
Fa d’Ambo,sapaˈtelu,sɐpɐˈtɐjɾu,sa.pa.ˈte.lu,sɐ.pɐ.ˈtɐj.ɾu,pa,pɐ,2,2,,sapateiro,shoemaker,Bandeira2017[366-412],
Fa d’Ambo,sapaˈtelu,sɐpɐˈtɐjɾu,sa.pa.ˈte.lu,sɐ.pɐ.ˈtɐj.ɾu,te,ˈtɐj,3,3,,sapateiro,shoemaker,Bandeira2017[366-412],
Fa d’Ambo,sapaˈtelu,sɐpɐˈtɐjɾu,sa.pa.ˈte.lu,sɐ.pɐ.ˈtɐj.ɾu,lu,ɾu,4,4,,sapateiro,shoemaker,Bandeira2017[366-412],
Fa d’Ambo,sɔ:ˈdad̠ʒi,sɔɫˈdadu,sɔ:.ˈda.d̠ʒi,sɔɫ.ˈda.du,sɔ:,sɔɫ,1,1,,soldado,soldier,Bandeira2017[366-412],
Fa d’Ambo,sɔ:ˈdad̠ʒi,sɔɫˈdadu,sɔ:.ˈda.d̠ʒi,sɔɫ.ˈda.du,ˈda,ˈda,2,2,,soldado,soldier,Bandeira2017[366-412],
Fa d’Ambo,sɔ:ˈdad̠ʒi,sɔɫˈdadu,sɔ:.ˈda.d̠ʒi,sɔɫ.ˈda.du,d̠ʒi,du,3,3,,soldado,soldier,Bandeira2017[366-412],
Fa d’Ambo,ˈmɐ̃i,ˈmɐ̃j̃,ˈmɐ̃i,ˈmɐ̃j̃,ˈmɐ̃i,ˈmɐ̃j̃,1,1,,mãe,mother,Bandeira2017[366-412],
Fa d’Ambo,naˈmɐ̃i,iɾˈmɐ̃,na.ˈmɐ̃i,iɾ.ˈmɐ̃,,,,,,irmã,sister,Bandeira2017[366-412],not of Portuguese origin
Fa d’Ambo,ˈnamẽ,iɾˈmɐ̃w̃,ˈna.mẽ,iɾ.ˈmɐ̃w̃,,,,,,irmão,brother,Bandeira2017[366-412],not of Portuguese origin
Fa d’Ambo,ˈmɛ:du,mɐˈɾidu,ˈmɛ:.du,mɐ.ˈɾi.du,ˈmɛ:,mɐ,1,1,,marido,husband,Bandeira2017[366-412],
Fa d’Ambo,ˈmɛ:du,mɐˈɾidu,ˈmɛ:.du,mɐ.ˈɾi.du,-,ˈɾi,-,2,,marido,husband,Bandeira2017[366-412],
Fa d’Ambo,ˈmɛ:du,mɐˈɾidu,ˈmɛ:.du,mɐ.ˈɾi.du,du,du,2,3,,marido,husband,Bandeira2017[366-412],
Fa d’Ambo,mẽ:ˈxai,ɨʃˈpozɐ,mẽ:.ˈxai,ɨʃ.ˈpo.zɐ,,,,,,esposa,wife,Bandeira2017[366-412],not of Portuguese origin
Fa d’Ambo,paˈpa,pɐˈpa,pa.ˈpa,pɐ.ˈpa,pa,pɐ,1,1,,papá,father,Bandeira2017[366-412],
Fa d’Ambo,paˈpa,pɐˈpa,pa.ˈpa,pɐ.ˈpa,ˈpa,ˈpa,2,2,,papá,father,Bandeira2017[366-412],
Fa d’Ambo,ˈvjuva,viˈuvɐ,ˈvju.va,vi.ˈu.vɐ,-,vi,-,1,,viúva,widow,Bandeira2017[366-412],
Fa d’Ambo,ˈvjuva,viˈuvɐ,ˈvju.va,vi.ˈu.vɐ,ˈvju,ˈu,1,2,,viúva,widow,Bandeira2017[366-412],
Fa d’Ambo,ˈvjuva,viˈuvɐ,ˈvju.va,vi.ˈu.vɐ,va,vɐ,2,3,,viúva,widow,Bandeira2017[366-412],
Fa d’Ambo,aˈmu,ˈew,aˈmu,ˈew,,,,,,eu,I,Bandeira2017[366-412],
Fa d’Ambo,ˈeli,ˈelɨ,ˈe.li,ˈe.lɨ,ˈe,ˈe,1,1,,ele,he,Bandeira2017[366-412],
Fa d’Ambo,ˈeli,ˈelɨ,ˈe.li,ˈe.lɨ,li,lɨ,2,2,,ele,he,Bandeira2017[366-412],
Fa d’Ambo,ˈɛnɛ,elɨʃ,ˈɛ.nɛ,e.lɨʃ,,,,,,eles,they,Bandeira2017[366-412],
Fa d’Ambo,ˈku,kõ,ˈku,kõ,ˈku,kõ,1,1,,com,with,Bandeira2017[366-412],
Fa d’Ambo,ˈkoma,ˈkomu,ˈko.ma,ˈko.mu,ˈko,ˈko,1,1,,como,as,Bandeira2017[366-412],
Fa d’Ambo,ˈkoma,ˈkomu,ˈko.ma,ˈko.mu,ma,mu,2,2,,como,as,Bandeira2017[366-412],
Fa d’Ambo,ˈmɔ̃t̠ʃi,ˈmõtɨ,ˈmɔ̃.t̠ʃi,ˈmõ.tɨ,ˈmɔ̃,ˈmõ,1,1,,monte,much,Bandeira2017[366-412],
Fa d’Ambo,ˈmɔ̃t̠ʃi,ˈmõtɨ,ˈmɔ̃.t̠ʃi,ˈmõ.tɨ,t̠ʃi,tɨ,2,2,,monte,much,Bandeira2017[366-412],
Fa d’Ambo,ˈmuĩtu,ˈmuĩtu,ˈmu.ĩ.tu,ˈmu.ĩ.tu,ˈmu,ˈmu,1,1,,muito,much,Bandeira2017[366-412],
Fa d’Ambo,ˈmuĩtu,ˈmuĩtu,ˈmu.ĩ.tu,ˈmu.ĩ.tu,ĩ,ĩ,2,2,,muito,much,Bandeira2017[366-412],
Fa d’Ambo,ˈmuĩtu,ˈmuĩtu,ˈmu.ĩ.tu,ˈmu.ĩ.tu,tu,tu,3,3,,muito,much,Bandeira2017[366-412],
Fa d’Ambo,ˈnada,ˈnadɐ,ˈna.da,ˈna.dɐ,ˈna,ˈna,1,1,,nada,nothing,Bandeira2017[366-412],
Fa d’Ambo,ˈnada,ˈnadɐ,ˈna.da,ˈna.dɐ,da,dɐ,2,2,,nada,nothing,Bandeira2017[366-412],
Fa d’Ambo,ˈnõ,ˈnɔʃ,ˈnõ,ˈnɔʃ,ˈnõ,ˈnɔʃ,1,1,,nós,we,Bandeira2017[366-412],
Fa d’Ambo,ˈt̠ʃjamɐ̃,ˈnũkɐ,ˈt̠ʃja.mɐ̃,ˈnũ.kɐ,,,,,,nunca,never,Bandeira2017[366-412],not of Portuguese origin
Fa d’Ambo,ˈpɔke,ˈpuɾkɨ,ˈpɔ.ke,ˈpuɾ.kɨ,ˈpɔ,ˈpuɾ,1,1,,porque,because,Bandeira2017[366-412],
Fa d’Ambo,ˈpɔke,ˈpuɾkɨ,ˈpɔ.ke,ˈpuɾ.kɨ,ke,kɨ,2,2,,porque,because,Bandeira2017[366-412],
Fa d’Ambo,ˈsɛ̃pɛlɛ,ˈsẽpɾɨ,ˈsɛ̃.pɛ.lɛ,ˈsẽ.pɾɨ,ˈsɛ̃,ˈsẽ,1,1,,sempre,always,Bandeira2017[366-412],
Fa d’Ambo,ˈsɛ̃pɛlɛ,ˈsẽpɾɨ,ˈsɛ̃.pɛ.lɛ,ˈsẽ.pɾɨ,pɛ,pɾɨ,2,2,,sempre,always,Bandeira2017[366-412],
Fa d’Ambo,ˈsɛ̃pɛlɛ,ˈsẽpɾɨ,ˈsɛ̃.pɛ.lɛ,ˈsẽ.pɾɨ,lɛ,-,3,-,,sempre,always,Bandeira2017[366-412],
Fa d’Ambo,ˈsũ,sɨˈɲoɾ,ˈsũ,sɨ.ˈɲoɾ,ˈsũ,sɨ,1,1,,senhor,lord,Bandeira2017[366-412],
Fa d’Ambo,ˈsũ,sɨˈɲoɾ,ˈsũ,sɨ.ˈɲoɾ,-,ˈɲoɾ,-,2,,senhor,lord,Bandeira2017[366-412],
Fa d’Ambo,ˈtudu,ˈtudu,ˈtu.du,ˈtu.du,ˈtu,ˈtu,1,1,,tudo,everything,Bandeira2017[366-412],
Fa d’Ambo,ˈtudu,ˈtudu,ˈtu.du,ˈtu.du,du,du,2,2,,tudo,everything,Bandeira2017[366-412],
Fa d’Ambo,ˈɐ̃nzu,ʀɨˈsɐ̃j̃ nɐʃˈsidu,ˈɐ̃n.zu,ʀɨ.ˈsɐ̃j̃. nɐʃ.ˈsi.du,,,,,,recémnascido,newborn,Bandeira2017[366-412],not of Portuguese origin
Fa d’Ambo,bebeˈdo,bɨbɨˈdoɾ,be.be.ˈdo,bɨ.bɨ.ˈdoɾ,be,bɨ.,1,1,,"bêbado (""bebebdor"")",drunk,Bandeira2017[366-412],
Fa d’Ambo,bebeˈdo,bɨbɨˈdoɾ,be.be.ˈdo,bɨ.bɨ.ˈdoɾ,be,bɨ.,2,2,,"bêbado (""bebebdor"")",drunk,Bandeira2017[366-412],
Fa d’Ambo,bebeˈdo,bɨbɨˈdoɾ,be.be.ˈdo,bɨ.bɨ.ˈdoɾ,ˈdo,ˈdoɾ,3,3,,"bêbado (""bebebdor"")",drunk,Bandeira2017[366-412],
Fa d’Ambo,ˈbobo,ˈbobu,ˈbo.bo,ˈbo.bu,ˈbo,ˈbo,1,1,,bobo,,Bandeira2017[366-412],
Fa d’Ambo,ˈbobo,ˈbobu,ˈbo.bo,ˈbo.bu,bo,bu,2,2,,bobo,,Bandeira2017[366-412],
Fa d’Ambo,biˈnitu,buˈnitu,bi.ˈni.tu,bu.ˈni.tu,bi,bu,1,1,,bonito,handsome,Bandeira2017[366-412],
Fa d’Ambo,biˈnitu,buˈnitu,bi.ˈni.tu,bu.ˈni.tu,ˈni,ˈni,2,2,,bonito,handsome,Bandeira2017[366-412],
Fa d’Ambo,biˈnitu,buˈnitu,bi.ˈni.tu,bu.ˈni.tu,tu,tu,3,3,,bonito,handsome,Bandeira2017[366-412],
Fa d’Ambo,ˈde:tu,diˈɾɐjtu,ˈde:.tu,di.ˈɾɐj.tu,-,di,-,1,,direito,straight,Bandeira2017[366-412],
Fa d’Ambo,ˈde:tu,diˈɾɐjtu,ˈde:.tu,di.ˈɾɐj.tu,ˈde:,ˈɾɐj,1,2,,direito,straight,Bandeira2017[366-412],
Fa d’Ambo,ˈde:tu,diˈɾɐjtu,ˈde:.tu,di.ˈɾɐj.tu,tu,tu,2,3,,direito,straight,Bandeira2017[366-412],
Fa d’Ambo,ˈdodo,ˈdojdu,ˈdo.do,ˈdoj.du,ˈdo,ˈdoj,1,1,,doido,crazy,Bandeira2017[366-412],
Fa d’Ambo,ˈdodo,ˈdojdu,ˈdo.do,ˈdoj.du,do,du,2,2,,doido,crazy,Bandeira2017[366-412],
Fa d’Ambo,ˈfeju,ˈfɐju,ˈfe.ju,ˈfɐj.u,ˈfe,ˈfɐj,1,1,,feio,ugly,Bandeira2017[366-412],
Fa d’Ambo,ˈfeju,ˈfɐju,ˈfe.ju,ˈfɐj.u,ju,u,2,2,,feio,ugly,Bandeira2017[366-412],
Fa d’Ambo,ˈfa:ku,ˈfɾaku,ˈfa:.ku,ˈfɾa.ku,ˈfa:,ˈfɾa,1,1,,fraco,weak,Bandeira2017[366-412],
Fa d’Ambo,ˈfa:ku,ˈfɾaku,ˈfa:.ku,ˈfɾa.ku,ku,ku,2,2,,fraco,weak,Bandeira2017[366-412],
Fa d’Ambo,ˈfɛsku,ˈfɾeʃku,ˈfɛs.ku,ˈfɾeʃ.ku,ˈfɛs,ˈfɾeʃ,1,1,,fresco,fresh,Bandeira2017[366-412],
Fa d’Ambo,ˈfɛsku,ˈfɾeʃku,ˈfɛs.ku,ˈfɾeʃ.ku,ku,ku,2,2,,fresco,fresh,Bandeira2017[366-412],
Fa d’Ambo,ˈfɔt̠ʃi,ˈfɔɾtɨ,ˈfɔ.t̠ʃi,ˈfɔɾ.tɨ,ˈfɔ,ˈfɔɾ,1,1,,forte,strong,Bandeira2017[366-412],
Fa d’Ambo,ˈfɔt̠ʃi,ˈfɔɾtɨ,ˈfɔ.t̠ʃi,ˈfɔɾ.tɨ,t̠ʃi,tɨ,2,2,,forte,strong,Bandeira2017[366-412],
Fa d’Ambo,ˈfũdu,ˈfũdu,ˈfũ.du,ˈfũ.du,ˈfũ,ˈfũ,1,1,,fundo,bottom,Bandeira2017[366-412],
Fa d’Ambo,ˈfũdu,ˈfũdu,ˈfũ.du,ˈfũ.du,du,du,2,2,,fundo,bottom,Bandeira2017[366-412],
Fa d’Ambo,ˈgagi,ˈgagu,ˈga.gi,ˈga.gu,ˈga,ˈga,1,1,,gago,stutterer,Bandeira2017[366-412],
Fa d’Ambo,ˈgagi,ˈgagu,ˈga.gi,ˈga.gu,gi,gu,2,2,,gago,stutterer,Bandeira2017[366-412],
Fa d’Ambo,ˈgo:do,ˈɡoɾdu,ˈgo:.do,ˈɡoɾ.du,ˈɡo:,ˈɡoɾ,1,1,,gordo,fat,Bandeira2017[366-412],
Fa d’Ambo,ˈgo:do,ˈɡoɾdu,ˈgo:.do,ˈɡoɾ.du,do,du,2,2,,gordo,fat,Bandeira2017[366-412],
Fa d’Ambo,ˈgwal,iˈgwaɫ,ˈgwal,i.ˈgwaɫ,-,i,-,1,,igual,equal,Bandeira2017[366-412],
Fa d’Ambo,ˈgwal,iˈgwaɫ,ˈgwal,i.ˈgwaɫ,ˈgwal,ˈgwaɫ,1,2,,igual,equal,Bandeira2017[366-412],
Fa d’Ambo,ˈxasu,ɐvɐˈɾẽtu,ˈxa.su,ɐ.vɐ.ˈɾẽ.tu,,,,,,avarento,miser,Bandeira2017[366-412],not of Portuguese origin
Fa d’Ambo,ku:ˈpadu,kuɫˈpadu,ku:.ˈpa.du,kuɫ.ˈpa.du,ku:,kuɫ,1,1,,culpado,guilty,Bandeira2017[366-412],
Fa d’Ambo,ku:ˈpadu,kuɫˈpadu,ku:.ˈpa.du,kuɫ.ˈpa.du,ˈpa,ˈpa,2,2,,culpado,guilty,Bandeira2017[366-412],
Fa d’Ambo,ku:ˈpadu,kuɫˈpadu,ku:.ˈpa.du,kuɫ.ˈpa.du,du,du,3,3,,culpado,guilty,Bandeira2017[366-412],
Fa d’Ambo,ˈku:tu,ˈkuɾtu,ˈku:.tu,ˈkuɾ.tu,ˈku:,ˈkuɾ,1,1,,curto,short,Bandeira2017[366-412],
Fa d’Ambo,ˈku:tu,ˈkuɾtu,ˈku:.tu,ˈkuɾ.tu,tu,tu,2,2,,curto,short,Bandeira2017[366-412],
Fa d’Ambo,kuˈlu,ˈkɾu,ku.ˈlu,ˈkɾu,ku,ˈkɾu,1,1,,cru,raw,Bandeira2017[366-412],
Fa d’Ambo,kuˈlu,ˈkɾu,ku.ˈlu,ˈkɾu,ˈlu,-,2,-,,cru,raw,Bandeira2017[366-412],
Fa d’Ambo,ˈkulu,ɨʃˈkuɾu,ˈku.lu,ɨʃ.ˈku.ɾu,-,ɨʃ,-,1,,escuro,dark,Bandeira2017[366-412],
Fa d’Ambo,ˈkulu,ɨʃˈkuɾu,ˈku.lu,ɨʃ.ˈku.ɾu,ˈku,ˈku,1,2,,escuro,dark,Bandeira2017[366-412],
Fa d’Ambo,ˈkulu,ɨʃˈkuɾu,ˈku.lu,ɨʃ.ˈku.ɾu,lu,ɾu,2,3,,escuro,dark,Bandeira2017[366-412],
Fa d’Ambo,ˈlĩpu,ˈlĩpu,ˈlĩ.pu,ˈlĩ.pu,ˈlĩ,ˈlĩ,1,1,,limpo,clean,Bandeira2017[366-412],
Fa d’Ambo,ˈlĩpu,ˈlĩpu,ˈlĩ.pu,ˈlĩ.pu,pu,pu,2,2,,limpo,clean,Bandeira2017[366-412],
Fa d’Ambo,ˈlõgo,ˈaɫtu,ˈlõ.go,ˈaɫ.tu,,,,,,alto,tall,Bandeira2017[366-412],not of Portuguese origin
Fa d’Ambo,ˈmũgulu,ˈmagɾu,ˈmũ.gu.lu,ˈma.gɾu,ˈmũ,ˈma:,1,1,,magro,thin,Bandeira2017[366-412],
Fa d’Ambo,ˈmũgulu,ˈmagɾu,ˈmũ.gu.lu,ˈma.gɾu,gu,gɾu,2,2,,magro,thin,Bandeira2017[366-412],
Fa d’Ambo,ˈmũgulu,ˈmagɾu,ˈmũ.gu.lu,ˈma.gɾu,lu,-,3,-,,magro,thin,Bandeira2017[366-412],
Fa d’Ambo,ˈma:su,ˈmɐ̃su,ˈma:.su,ˈmɐ̃.su,ˈma:,ˈmɐ̃,1,1,,manso,meek,Bandeira2017[366-412],
Fa d’Ambo,ˈma:su,ˈmɐ̃su,ˈma:.su,ˈmɐ̃.su,su,su,2,2,,manso,meek,Bandeira2017[366-412],
Fa d’Ambo,ˈmɔlɛ,ˈmɔlɨ,ˈmɔ.lɛ,ˈmɔ.lɨ,ˈmɔ,ˈmɔ,1,1,,mole,soft,Bandeira2017[366-412],
Fa d’Ambo,ˈmɔlɛ,ˈmɔlɨ,ˈmɔ.lɛ,ˈmɔ.lɨ,lɛ,lɨ,2,2,,mole,soft,Bandeira2017[366-412],
Fa d’Ambo,ˈmol,ˈmowɾu,ˈmol,ˈmow.ɾu,ˈmol,ˈmow,1,1,,mouro,moorish,Bandeira2017[366-412],
Fa d’Ambo,ˈmol,ˈmowɾu,ˈmol,ˈmow.ɾu,-,ɾu,-,2,,mouro,moorish,Bandeira2017[366-412],
Fa d’Ambo,ˈmudu,ˈmudu,ˈmu.du,ˈmu.du,ˈmu,ˈmu,1,1,,mudo,mute,Bandeira2017[366-412],
Fa d’Ambo,ˈmudu,ˈmudu,ˈmu.du,ˈmu.du,du,du,2,2,,mudo,mute,Bandeira2017[366-412],
Fa d’Ambo,niˈmigu,iniˈmigu,ni.ˈmi.gu,i.ni.ˈmi.gu,-,i,-,1,,inimigo,enemy,Bandeira2017[366-412],
Fa d’Ambo,niˈmigu,iniˈmigu,ni.ˈmi.gu,i.ni.ˈmi.gu,ni,ni,1,2,,inimigo,enemy,Bandeira2017[366-412],
Fa d’Ambo,niˈmigu,iniˈmigu,ni.ˈmi.gu,i.ni.ˈmi.gu,ˈmi,ˈmi,2,3,,inimigo,enemy,Bandeira2017[366-412],
Fa d’Ambo,niˈmigu,iniˈmigu,ni.ˈmi.gu,i.ni.ˈmi.gu,gu,gu,3,4,,inimigo,enemy,Bandeira2017[366-412],
Fa d’Ambo,ˈpobili,ˈpɔbɾɨ,ˈpo.bi.li,ˈpɔ.bɾɨ,ˈpo,ˈpɔ,1,1,,pobre,poor,Bandeira2017[366-412],
Fa d’Ambo,ˈpobili,ˈpɔbɾɨ,ˈpo.bi.li,ˈpɔ.bɾɨ,bi,bɾɨ,2,2,,pobre,poor,Bandeira2017[366-412],
Fa d’Ambo,ˈpobili,ˈpɔbɾɨ,ˈpo.bi.li,ˈpɔ.bɾɨ,li,-,3,-,,pobre,poor,Bandeira2017[366-412],
Fa d’Ambo,podeˈlozo,pudɨˈɾozu,po.de.ˈlo.zo,pu.dɨ.ˈɾo.zu,po,pu,1,1,,poderoso,powerful,Bandeira2017[366-412],
Fa d’Ambo,podeˈlozo,pudɨˈɾozu,po.de.ˈlo.zo,pu.dɨ.ˈɾo.zu,de,dɨ,2,2,,poderoso,powerful,Bandeira2017[366-412],
Fa d’Ambo,podeˈlozo,pudɨˈɾozu,po.de.ˈlo.zo,pu.dɨ.ˈɾo.zu,ˈlo,ˈɾo,3,3,,poderoso,powerful,Bandeira2017[366-412],
Fa d’Ambo,podeˈlozo,pudɨˈɾozu,po.de.ˈlo.zo,pu.dɨ.ˈɾo.zu,zo,zu,4,4,,poderoso,powerful,Bandeira2017[366-412],
Fa d’Ambo,ˈliku,ˈʀiku,ˈli.ku,ˈʀi.ku,ˈli,ˈʀi,1,1,,rico,rich,Bandeira2017[366-412],
Fa d’Ambo,ˈliku,ˈʀiku,ˈli.ku,ˈʀi.ku,ku,ku,2,2,,rico,rich,Bandeira2017[366-412],
Fa d’Ambo,ˈlizu,ˈʀiʒu,ˈli.zu,ˈʀi.ʒu,ˈli,ˈʀi,1,1,,rijo,hard,Bandeira2017[366-412],
Fa d’Ambo,ˈlizu,ˈʀiʒu,ˈli.zu,ˈʀi.ʒu,zu,ʒu,2,2,,rijo,hard,Bandeira2017[366-412],
Fa d’Ambo,ˈsɛgu,ˈsɛɡu,ˈsɛ.gu,ˈsɛ.ɡu,ˈsɛ,ˈsɛ,1,1,,cego,blind,Bandeira2017[366-412],
Fa d’Ambo,ˈsɛgu,ˈsɛɡu,ˈsɛ.gu,ˈsɛ.ɡu,gu,gu,2,2,,cego,blind,Bandeira2017[366-412],
Fa d’Ambo,soˈxadu,sɨˈkadu,so.ˈxa.du,sɨ.ˈka.du,so,sɨ,1,1,,"""secado"" enxuto",lean,Bandeira2017[366-412],
Fa d’Ambo,soˈxadu,sɨˈkadu,so.ˈxa.du,sɨ.ˈka.du,ˈxa,ˈka,2,2,,"""secado"" enxuto",lean,Bandeira2017[366-412],
Fa d’Ambo,soˈxadu,sɨˈkadu,so.ˈxa.du,sɨ.ˈka.du,du,du,3,3,,"""secado"" enxuto",lean,Bandeira2017[366-412],
Fa d’Ambo,suˈpɛtu,ɨʃˈpɛɾtu,su.ˈpɛ.tu,ɨʃ.ˈpɛɾ.tu,su,ɨʃ,1,1,,esperto,clever,Bandeira2017[366-412],
Fa d’Ambo,suˈpɛtu,ɨʃˈpɛɾtu,su.ˈpɛ.tu,ɨʃ.ˈpɛɾ.tu,ˈpɛ,ˈpɛɾ,2,2,,esperto,clever,Bandeira2017[366-412],
Fa d’Ambo,suˈpɛtu,ɨʃˈpɛɾtu,su.ˈpɛ.tu,ɨʃ.ˈpɛɾ.tu,tu,tu,3,3,,esperto,clever,Bandeira2017[366-412],
Fa d’Ambo,ˈvɛ,ˈvɛʎu,ˈvɛ,ˈvɛ.ʎu,ˈvɛ,ˈvɛ,1,1,,velho,old,Bandeira2017[366-412],
Fa d’Ambo,ˈvɛ,ˈvɛʎu,ˈvɛ,ˈvɛ.ʎu,-,ʎu,-,2,,velho,old,Bandeira2017[366-412],
Fa d’Ambo,ˈzuda,pɨˈsoɐ,ˈzu.da,pɨ.ˈso.ɐ,-,pɨ,-,1,,pessoa,person,Bandeira2017[366-412],
Fa d’Ambo,ˈzuda,pɨˈsoɐ,ˈzu.da,pɨ.ˈso.ɐ,ˈzu,ˈso,1,2,,pessoa,person,Bandeira2017[366-412],
Fa d’Ambo,ˈzuda,pɨˈsoɐ,ˈzu.da,pɨ.ˈso.ɐ,da,ɐ,2,3,,pessoa,person,Bandeira2017[366-412],
Fa d’Ambo,ˈdɛiʃ,ˈdɛʃ,ˈdɛ.iʃ,ˈdɛʃ,ˈdɛ,ˈdɛʃ,1,1,,dez,ten,Bandeira2017[366-412],
Fa d’Ambo,ˈdɛiʃ,ˈdɛʃ,ˈdɛ.iʃ,ˈdɛʃ,iʃ,-,2,-,,dez,ten,Bandeira2017[366-412],
Fa d’Ambo,ˈdosu,ˈdojʃ,ˈdo.su,ˈdojʃ,ˈdo,ˈdojʃ,1,1,,dois,two,Bandeira2017[366-412],
Fa d’Ambo,ˈdosu,ˈdojʃ,ˈdo.su,ˈdojʃ,su,-,2,-,,dois,two,Bandeira2017[366-412],
Fa d’Ambo,ˈxatulu,ˈkwatɾu,ˈxa.tu.lu,ˈkwa.tɾu,ˈxa,ˈkwa,1,1,,quatro,four,Bandeira2017[366-412],
Fa d’Ambo,ˈxatulu,ˈkwatɾu,ˈxa.tu.lu,ˈkwa.tɾu,tu,tɾu,2,2,,quatro,four,Bandeira2017[366-412],
Fa d’Ambo,ˈxatulu,ˈkwatɾu,ˈxa.tu.lu,ˈkwa.tɾu,lu,-,3,-,,quatro,four,Bandeira2017[366-412],
Fa d’Ambo,mɛˈtad̠ʒi,mɨˈtadɨ,mɛ.ˈta.d̠ʒi,mɨ.ˈta.dɨ,mɛ,mɨ,1,1,,metade,half,Bandeira2017[366-412],
Fa d’Ambo,mɛˈtad̠ʒi,mɨˈtadɨ,mɛ.ˈta.d̠ʒi,mɨ.ˈta.dɨ,ˈta,ˈta,2,2,,metade,half,Bandeira2017[366-412],
Fa d’Ambo,mɛˈtad̠ʒi,mɨˈtadɨ,mɛ.ˈta.d̠ʒi,mɨ.ˈta.dɨ,d̠ʒi,dɨ,3,3,,metade,half,Bandeira2017[366-412],
Fa d’Ambo,ˈnɔvi,ˈnɔvɨ,ˈnɔ.vi,ˈnɔ.vɨ,ˈnɔ,ˈnɔ,1,1,,nove,nine,Bandeira2017[366-412],
Fa d’Ambo,ˈnɔvi,ˈnɔvɨ,ˈnɔ.vi,ˈnɔ.vɨ,vi,vɨ,2,2,,nove,nine,Bandeira2017[366-412],
Fa d’Ambo,piˈmelu,pɾiˈmɐjɾu,pi.ˈme.lu,pɾi.ˈmɐj.ɾu,pi,pɾi,1,1,,primeiro,first,Bandeira2017[366-412],
Fa d’Ambo,piˈmelu,pɾiˈmɐjɾu,pi.ˈme.lu,pɾi.ˈmɐj.ɾu,ˈme,ˈmɐj,2,2,,primeiro,first,Bandeira2017[366-412],
Fa d’Ambo,piˈmelu,pɾiˈmɐjɾu,pi.ˈme.lu,pɾi.ˈmɐj.ɾu,lu,ɾu,3,3,,primeiro,first,Bandeira2017[366-412],
Fa d’Ambo,ˈseiʃ,ˈsejʃ,ˈse.iʃ,ˈsejʃ,ˈse,ˈsejʃ,1,1,,seis,six,Bandeira2017[366-412],
Fa d’Ambo,ˈseiʃ,ˈsejʃ,ˈse.iʃ,ˈsejʃ,iʃ,-,2,-,,seis,six,Bandeira2017[366-412],
Fa d’Ambo,ˈsɛtɛ,ˈsɛtɨ,ˈsɛ.tɛ,ˈsɛ.tɨ,ˈsɛ,ˈsɛ,1,1,,sete,seven,Bandeira2017[366-412],
Fa d’Ambo,ˈsɛtɛ,ˈsɛtɨ,ˈsɛ.tɛ,ˈsɛ.tɨ,tɛ,tɨ,2,2,,sete,seven,Bandeira2017[366-412],
Fa d’Ambo,ˈʃĩku,ˈsĩku,ˈʃĩ.ku,ˈsĩ.ku,ˈʃĩ,ˈsĩ,1,1,,cinco,five,Bandeira2017[366-412],
Fa d’Ambo,ˈʃĩku,ˈsĩku,ˈʃĩ.ku,ˈsĩ.ku,ku,ku,2,2,,cinco,five,Bandeira2017[366-412],
Fa d’Ambo,ˈte:ʃi,ˈtɾeʃ,ˈte:.ʃi,ˈtɾeʃ,ˈte:,ˈtɾeʃ,1,1,,três,three,Bandeira2017[366-412],
Fa d’Ambo,ˈte:ʃi,ˈtɾeʃ,ˈte:.ʃi,ˈtɾeʃ,ʃi,-,2,-,,três,three,Bandeira2017[366-412],
Fa d’Ambo,ˈũ,ˈũ,ˈũ,ˈũ,ˈũ,ˈũ,1,1,,um,one,Bandeira2017[366-412],
Fa d’Ambo,ˈɔ:tu,ˈojtu,ˈɔ.:tu,ˈoj.tu,ˈɔ.,ˈoj,1,1,,oito,eight,Bandeira2017[366-412],
Fa d’Ambo,ˈɔ:tu,ˈojtu,ˈɔ.:tu,ˈoj.tu,tu,tu,2,2,,oito,eight,Bandeira2017[366-412],
Fa d’Ambo,aˈbi,ɐˈbɾiɫ,a.ˈbi,ɐ.ˈbɾiɫ,a,ɐ,1,1,,março,April,Bandeira2017[366-412],
Fa d’Ambo,aˈbi,ɐˈbɾiɫ,a.ˈbi,ɐ.ˈbɾiɫ,ˈbi,bɾiɫ,2,2,,abril,April,Bandeira2017[366-412],
Fa d’Ambo,aˈgoto,ɐˈgoʃtu,a.ˈgo.to,ɐ.ˈgoʃ.tu,a,ɐ,1,1,,junho,August,Bandeira2017[366-412],
Fa d’Ambo,aˈgoto,ɐˈgoʃtu,a.ˈgo.to,ɐ.ˈgoʃ.tu,ˈgo,ˈgoʃ,2,2,,julho,August,Bandeira2017[366-412],
Fa d’Ambo,aˈgoto,ɐˈgoʃtu,a.ˈgo.to,ɐ.ˈgoʃ.tu,to,tu,3,3,,agosto,August,Bandeira2017[366-412],
Fa d’Ambo,aˈmɐ̃ia,amɐˈɲɐ̃,a.ˈmɐ̃.i.a,a.mɐ.ˈɲɐ̃,a,a,1,1,,amanhã,tomorrow,Bandeira2017[366-412],
Fa d’Ambo,aˈmɐ̃ia,amɐˈɲɐ̃,a.ˈmɐ̃.i.a,a.mɐ.ˈɲɐ̃,ˈmɐ̃,mɐ,2,2,,amanhã,tomorrow,Bandeira2017[366-412],
Fa d’Ambo,aˈmɐ̃ia,amɐˈɲɐ̃,a.ˈmɐ̃.i.a,a.mɐ.ˈɲɐ̃,i,-,3,-,,amanhã,tomorrow,Bandeira2017[366-412],
Fa d’Ambo,aˈmɐ̃ia,amɐˈɲɐ̃,a.ˈmɐ̃.i.a,a.mɐ.ˈɲɐ̃,a,ˈɲɐ̃,4,3,,amanhã,tomorrow,Bandeira2017[366-412],
Fa d’Ambo,aˈtõte,ɐ̃tiˈɔ̃tɐ̃j̃,a.ˈtõ.te,ɐ̃.ti.ˈɔ̃.tɐ̃j̃,a,ɐ̃,1,1,,anteontem,the day before yesterday,Bandeira2017[366-412],
Fa d’Ambo,aˈtõte,ɐ̃tiˈɔ̃tɐ̃j̃,a.ˈtõ.te,ɐ̃.ti.ˈɔ̃.tɐ̃j̃,-,ti,-,2,,anteontem,the day before yesterday,Bandeira2017[366-412],
Fa d’Ambo,aˈtõte,ɐ̃tiˈɔ̃tɐ̃j̃,a.ˈtõ.te,ɐ̃.ti.ˈɔ̃.tɐ̃j̃,ˈtõ,ˈɔ̃,2,3,,anteontem,the day before yesterday,Bandeira2017[366-412],
Fa d’Ambo,aˈtõte,ɐ̃tiˈɔ̃tɐ̃j̃,a.ˈtõ.te,ɐ̃.ti.ˈɔ̃.tɐ̃j̃,te,tɐ̃j̃,3,4,,anteontem,the day before yesterday,Bandeira2017[366-412],
Fa d’Ambo,diˈʃiẽbulu,dɨˈzẽbɾu,di.ˈʃi.ẽ.bu.lu,dɨ.ˈzẽ.bɾu,di,dɨ,1,1,,agosto,December,Bandeira2017[366-412],
Fa d’Ambo,diˈʃiẽbulu,dɨˈzẽbɾu,di.ˈʃi.ẽ.bu.lu,dɨ.ˈzẽ.bɾu,ˈʃi,ˈzẽ,2,2,,setembro,December,Bandeira2017[366-412],
Fa d’Ambo,diˈʃiẽbulu,dɨˈzẽbɾu,di.ˈʃi.ẽ.bu.lu,dɨ.ˈzẽ.bɾu,ẽ,-,3,-,,outubro,December,Bandeira2017[366-412],
Fa d’Ambo,diˈʃiẽbulu,dɨˈzẽbɾu,di.ˈʃi.ẽ.bu.lu,dɨ.ˈzẽ.bɾu,bu,bɾu,4,3,metathesis,novembro,December,Bandeira2017[366-412],
Fa d’Ambo,diˈʃiẽbulu,dɨˈzẽbɾu,di.ˈʃi.ẽ.bu.lu,dɨ.ˈzẽ.bɾu,lu,-,5,-,,dezembro,December,Bandeira2017[366-412],
Fa d’Ambo,ˈd̠ʒja,ˈdiɐ,ˈd̠ʒja,ˈdi.ɐ,ˈd̠ʒja,ˈdi,1,1,,dia,day,Bandeira2017[366-412],
Fa d’Ambo,ˈd̠ʒja,ˈdiɐ,ˈd̠ʒja,ˈdi.ɐ,-,ɐ,-,2,,dia,day,Bandeira2017[366-412],
Fa d’Ambo,d̠ʒiˈmĩgu,duˈmĩgu,d̠ʒi.ˈmĩ.gu,du.ˈmĩ.gu,d̠ʒi,du,1,1,,sexta-feira,sunday,Bandeira2017[366-412],
Fa d’Ambo,d̠ʒiˈmĩgu,duˈmĩgu,d̠ʒi.ˈmĩ.gu,du.ˈmĩ.gu,ˈmĩ,ˈmĩ,2,2,,sábado,sunday,Bandeira2017[366-412],
Fa d’Ambo,d̠ʒiˈmĩgu,duˈmĩgu,d̠ʒi.ˈmĩ.gu,du.ˈmĩ.gu,gu,gu,3,3,,domingo,sunday,Bandeira2017[366-412],
Fa d’Ambo,febeˈlelu,fɨvɨˈɾejɾu,fe.be.ˈle.lu,fɨ.vɨ.ˈɾej.ɾu,fe,fɨ,1,1,,novembro,February,Bandeira2017[366-412],
Fa d’Ambo,febeˈlelu,fɨvɨˈɾejɾu,fe.be.ˈle.lu,fɨ.vɨ.ˈɾej.ɾu,be,vɨ,2,2,,dezembro,February,Bandeira2017[366-412],
Fa d’Ambo,febeˈlelu,fɨvɨˈɾejɾu,fe.be.ˈle.lu,fɨ.vɨ.ˈɾej.ɾu,ˈle,ˈɾej,3,3,,janeiro,February,Bandeira2017[366-412],
Fa d’Ambo,febeˈlelu,fɨvɨˈɾejɾu,fe.be.ˈle.lu,fɨ.vɨ.ˈɾej.ɾu,lu,ɾu,4,4,,fevereiro,February,Bandeira2017[366-412],
Fa d’Ambo,ˈkĩtaˈfɛla,ˈkĩtɐˈfɐjɾɐ,ˈkĩ.ta.ˈfɛ.la,ˈkĩ.tɐ.ˈfɐj.ɾɐ,ˈkĩ,ˈkĩ,1,1,,segunda-feira,thursday,Bandeira2017[366-412],
Fa d’Ambo,ˈkĩtaˈfɛla,ˈkĩtɐˈfɐjɾɐ,ˈkĩ.ta.ˈfɛ.la,ˈkĩ.tɐ.ˈfɐj.ɾɐ,ta,tɐ,2,2,,terça-feira,thursday,Bandeira2017[366-412],
Fa d’Ambo,ˈkĩtaˈfɛla,ˈkĩtɐˈfɐjɾɐ,ˈkĩ.ta.ˈfɛ.la,ˈkĩ.tɐ.ˈfɐj.ɾɐ,ˈfɛ,ˈfɐj,3,3,,quarta-feira,thursday,Bandeira2017[366-412],
Fa d’Ambo,ˈkĩtaˈfɛla,ˈkĩtɐˈfɐjɾɐ,ˈkĩ.ta.ˈfɛ.la,ˈkĩ.tɐ.ˈfɐj.ɾɐ,la,ɾɐ,4,4,,quinta-feira,thursday,Bandeira2017[366-412],
Fa d’Ambo,ˈxwataˈfɛla,ˈkwaɾtaˈfɐjɾɐ,ˈxwa.ta.ˈfɛ.la,ˈkwaɾ.tɐ.ˈfɐj.ɾɐ,ˈxwa,ˈkwaɾ,1,1,,domingo,wednesday,Bandeira2017[366-412],
Fa d’Ambo,ˈxwataˈfɛla,ˈkwaɾtaˈfɐjɾɐ,ˈxwa.ta.ˈfɛ.la,ˈkwaɾ.tɐ.ˈfɐj.ɾɐ,ta,tɐ,2,2,,segunda-feira,wednesday,Bandeira2017[366-412],
Fa d’Ambo,ˈxwataˈfɛla,ˈkwaɾtaˈfɐjɾɐ,ˈxwa.ta.ˈfɛ.la,ˈkwaɾ.tɐ.ˈfɐj.ɾɐ,ˈfɛ,ˈfɐj,3,3,,terça-feira,wednesday,Bandeira2017[366-412],
Fa d’Ambo,ˈxwataˈfɛla,ˈkwaɾtaˈfɐjɾɐ,ˈxwa.ta.ˈfɛ.la,ˈkwaɾ.tɐ.ˈfɐj.ɾɐ,la,ɾɐ,4,4,,quarta-feira,wednesday,Bandeira2017[366-412],
Fa d’Ambo,ˈmalusu,ˈmaɾsu,ˈma.lu.su,ˈmaɾ.su,ˈma,ˈmaɾ,1,1,,janeiro,March,Bandeira2017[366-412],
Fa d’Ambo,ˈmalusu,ˈmaɾsu,ˈma.lu.su,ˈmaɾ.su,lu,-,2,-,,fevereiro,March,Bandeira2017[366-412],
Fa d’Ambo,ˈmalusu,ˈmaɾsu,ˈma.lu.su,ˈmaɾ.su,su,su,3,2,,março,March,Bandeira2017[366-412],
Fa d’Ambo,ˈnot̠ʃi,ˈnojtɨ,ˈno.t̠ʃi,ˈnoj.tɨ,ˈno,ˈnoj,1,1,,noite,good night,Bandeira2017[366-412],
Fa d’Ambo,ˈnot̠ʃi,ˈnojtɨ,ˈno.t̠ʃi,ˈnoj.tɨ,t̠ʃi,tɨ,2,2,,noite,good night,Bandeira2017[366-412],
Fa d’Ambo,ˈoze,ˈoʒɨ,ˈo.ze,ˈo.ʒɨ,ˈo,ˈo,1,1,,hoje,today,Bandeira2017[366-412],
Fa d’Ambo,ˈoze,ˈoʒɨ,ˈo.ze,ˈo.ʒɨ,ze,ʒɨ,2,2,,hoje,today,Bandeira2017[366-412],
Fa d’Ambo,ˈsabudu,ˈsabɐdu,ˈsa.bu.du,ˈsa.bɐ.du,ˈsa,ˈsa,1,1,,quinta-feira,saturday,Bandeira2017[366-412],
Fa d’Ambo,ˈsabudu,ˈsabɐdu,ˈsa.bu.du,ˈsa.bɐ.du,ba,bɐ,2,2,,sexta-feira,saturday,Bandeira2017[366-412],
Fa d’Ambo,ˈsabudu,ˈsabɐdu,ˈsa.bu.du,ˈsa.bɐ.du,du,du,3,3,,sábado,saturday,Bandeira2017[366-412],
Fa d’Ambo,sũdɐˈfɛlɐ,sɨˈgũdɐˈfejɾɐ,sũ.dɐ.ˈfɛ.lɐ,sɨ.ˈgũ.dɐ.ˈfej.ɾɐ,sũ,sɨ,1,1,,segundafeira,Monday,Bandeira2017[366-412],
Fa d’Ambo,sũdɐˈfɛlɐ,sɨˈgũdɐˈfejɾɐ,sũ.dɐ.ˈfɛ.lɐ,sɨ.ˈgũ.dɐ.ˈfej.ɾɐ,dɐ,ˈgũ,2,2,,segundafeira,Monday,Bandeira2017[366-412],
Fa d’Ambo,sũdɐˈfɛlɐ,sɨˈgũdɐˈfejɾɐ,sũ.dɐ.ˈfɛ.lɐ,sɨ.ˈgũ.dɐ.ˈfej.ɾɐ,ˈfɛ,ˈfɐj,3,3,,segundafeira,Monday,Bandeira2017[366-412],
Fa d’Ambo,sũdɐˈfɛlɐ,sɨˈgũdɐˈfejɾɐ,sũ.dɐ.ˈfɛ.lɐ,sɨ.ˈgũ.dɐ.ˈfej.ɾɐ,la,ɾɐ,4,4,,segundafeira,Monday,Bandeira2017[366-412],
Fa d’Ambo,ˈsistaˈfɛla,ˈsɐʃtɐˈfɐjɾɐ,ˈsis.ta.ˈfɛ.la,ˈsɐʃ.tɐ.ˈfɐj.ɾɐ,ˈsis,ˈsɐjʃ,1,1,,sextafeira,Friday,Bandeira2017[366-412],
Fa d’Ambo,ˈsistaˈfɛla,ˈsɐʃtɐˈfɐjɾɐ,ˈsis.ta.ˈfɛ.la,ˈsɐʃ.tɐ.ˈfɐj.ɾɐ,ta,tɐ,2,2,,sextafeira,Friday,Bandeira2017[366-412],
Fa d’Ambo,ˈsistaˈfɛla,ˈsɐʃtɐˈfɐjɾɐ,ˈsis.ta.ˈfɛ.la,ˈsɐʃ.tɐ.ˈfɐj.ɾɐ,ˈfɛ,ˈfɐj,3,3,,sextafeira,Friday,Bandeira2017[366-412],
Fa d’Ambo,ˈsistaˈfɛla,ˈsɐʃtɐˈfɐjɾɐ,ˈsis.ta.ˈfɛ.la,ˈsɐʃ.tɐ.ˈfɐj.ɾɐ,la,ɾɐ,4,4,,sextafeira,Friday,Bandeira2017[366-412],
Fa d’Ambo,ˈtad̠ʒi,ˈtaɾdɨ,ˈta.d̠ʒi,ˈtaɾ.dɨ,ˈta,ˈtaɾ,1,1,,tarde,afternoon,Bandeira2017[366-412],
Fa d’Ambo,ˈtad̠ʒi,ˈtaɾdɨ,ˈta.d̠ʒi,ˈtaɾ.dɨ,d̠ʒi,dɨ,2,2,,tarde,afternoon,Bandeira2017[366-412],
Fa d’Ambo,ˈtɛ:saˈfɛla,ˈteɾsɐˈfɐjɾɐ,ˈtɛ:.sa.ˈfɛ.la,ˈteɾ.sɐ.ˈfɐj.ɾɐ,ˈtɛ:,ˈteɾ,1,1,,terçafeira,Tuesday,Bandeira2017[366-412],
Fa d’Ambo,ˈtɛ:saˈfɛla,ˈteɾsɐˈfɐjɾɐ,ˈtɛ:.sa.ˈfɛ.la,ˈteɾ.sɐ.ˈfɐj.ɾɐ,sa,sɐ,2,2,,terçafeira,Tuesday,Bandeira2017[366-412],
Fa d’Ambo,ˈtɛ:saˈfɛla,ˈteɾsɐˈfɐjɾɐ,ˈtɛ:.sa.ˈfɛ.la,ˈteɾ.sɐ.ˈfɐj.ɾɐ,ˈfɛ,ˈfɐj,3,3,,terçafeira,Tuesday,Bandeira2017[366-412],
Fa d’Ambo,ˈtɛ:saˈfɛla,ˈteɾsɐˈfɐjɾɐ,ˈtɛ:.sa.ˈfɛ.la,ˈteɾ.sɐ.ˈfɐj.ɾɐ,la,ɾɐ,4,4,,terçafeira,Tuesday,Bandeira2017[366-412],
Fa d’Ambo,zeˈnelu,ʒɐˈnejɾu,ze.ˈne.lu,ʒɐ.ˈnej.ɾu,ze,ʒɐ,1,1,,novembro,January,Bandeira2017[366-412],
Fa d’Ambo,zeˈnelu,ʒɐˈnejɾu,ze.ˈne.lu,ʒɐ.ˈnej.ɾu,ˈne,ˈnej,2,2,,dezembro,January,Bandeira2017[366-412],
Fa d’Ambo,zeˈnelu,ʒɐˈnejɾu,ze.ˈne.lu,ʒɐ.ˈnej.ɾu,lu,ɾu,3,3,,janeiro,January,Bandeira2017[366-412],
Fa d’Ambo,ˈzulu,ˈʒuʎu,ˈzu.lu,ˈʒu.ʎu,ˈzu,ˈʒu,1,1,,junho,July,Bandeira2017[366-412],
Fa d’Ambo,ˈzulu,ˈʒuʎu,ˈzu.lu,ˈʒu.ʎu,lu,ʎu,2,2,,julho,July,Bandeira2017[366-412],
Fa d’Ambo,ˈzuju,ˈʒuɲu,ˈzu.ju,ˈʒu.ɲu,ˈzu,ˈʒu,1,1,,maio,June,Bandeira2017[366-412],
Fa d’Ambo,ˈzuju,ˈʒuɲu,ˈzu.ju,ˈʒu.ɲu,ju,ɲu,2,2,,junho,June,Bandeira2017[366-412],
Fa d’Ambo,ˈalma,ˈaɫmɐ,ˈal.ma,ˈaɫ.mɐ,ˈal,ˈaɫ,1,1,,alma,soul,Bandeira2017[366-412],
Fa d’Ambo,ˈalma,ˈaɫmɐ,ˈal.ma,ˈaɫ.mɐ,ma,mɐ,2,2,,alma,soul,Bandeira2017[366-412],
Fa d’Ambo,a:ˈtali,aɫˈtaɾ,a:.ˈta.li,aɫ.ˈtaɾ,a:,aɫ,1,1,,altar,Altar,Bandeira2017[366-412],
Fa d’Ambo,a:ˈtali,aɫˈtaɾ,a:.ˈta.li,aɫ.ˈtaɾ,ˈta,ˈtaɾ,2,2,,altar,Altar,Bandeira2017[366-412],
Fa d’Ambo,a:ˈtali,aɫˈtaɾ,a:.ˈta.li,aɫ.ˈtaɾ,li,-,3,-,,altar,Altar,Bandeira2017[366-412],
Fa d’Ambo,ˈdɛzu,ˈdewʃ,ˈdɛ.zu,ˈdewʃ,ˈdɛ,ˈdewʃ,1,1,,deus,god,Bandeira2017[366-412],
Fa d’Ambo,ˈdɛzu,ˈdewʃ,ˈdɛ.zu,ˈdewʃ,zu,-,2,-,,deus,god,Bandeira2017[366-412],
Fa d’Ambo,ˈd̠ʒjabu,diˈabu,ˈd̠ʒja.bu,di.ˈa.bu,ˈd̠ʒja,di,1,1,,diabo,devil,Bandeira2017[366-412],
Fa d’Ambo,ˈd̠ʒjabu,diˈabu,ˈd̠ʒja.bu,di.ˈa.bu,-,ˈa,-,2,,diabo,devil,Bandeira2017[366-412],
Fa d’Ambo,ˈd̠ʒjabu,diˈabu,ˈd̠ʒja.bu,di.ˈa.bu,bu,bu,2,3,,diabo,devil,Bandeira2017[366-412],
Fa d’Ambo,gɔˈlɔlja,ˈglɔɾjɐ,gɔ.ˈlɔ.lja,ˈglɔ.ɾjɐ,gɔ,ˈglɔ,1,1,metathesis,glória,glory,Bandeira2017[366-412],
Fa d’Ambo,gɔˈlɔlja,ˈglɔɾjɐ,gɔ.ˈlɔ.lja,ˈglɔ.ɾjɐ,ˈlɔ,-,2,-,,glória,glory,Bandeira2017[366-412],
Fa d’Ambo,gɔˈlɔlja,ˈglɔɾjɐ,gɔ.ˈlɔ.lja,ˈglɔ.ɾjɐ,lja,ɾjɐ,3,2,,glória,glory,Bandeira2017[366-412],
Fa d’Ambo,ˈku:su,ˈkɾuʃ,ˈku:.su,ˈkɾuʃ,ˈku:,ˈkɾuʃ,1,1,,cruz,cross,Bandeira2017[366-412],
Fa d’Ambo,ˈku:su,ˈkɾuʃ,ˈku:.su,ˈkɾuʃ,su,-,2,-,,cruz,cross,Bandeira2017[366-412],
Fa d’Ambo,miˈlagulu,miˈlagɾɨ,mi.ˈla.gu.lu,mi.ˈla.gɾɨ,mi,mi,1,1,,milagre,miracle,Bandeira2017[366-412],
Fa d’Ambo,miˈlagulu,miˈlagɾɨ,mi.ˈla.gu.lu,mi.ˈla.gɾɨ,ˈla,ˈla,2,2,,milagre,miracle,Bandeira2017[366-412],
Fa d’Ambo,miˈlagulu,miˈlagɾɨ,mi.ˈla.gu.lu,mi.ˈla.gɾɨ,gu,gɾɨ,3,3,,milagre,miracle,Bandeira2017[366-412],
Fa d’Ambo,miˈlagulu,miˈlagɾɨ,mi.ˈla.gu.lu,mi.ˈla.gɾɨ,lu,-,4,-,,milagre,miracle,Bandeira2017[366-412],
Fa d’Ambo,laˈsɐ̃,ɔɾɐˈsɐ̃w̃,la.ˈsɐ̃,ɔ.ɾɐ.ˈsɐ̃w̃,-,ɔ,-,1,,oração,prayer,Bandeira2017[366-412],
Fa d’Ambo,laˈsɐ̃,ɔɾɐˈsɐ̃w̃,la.ˈsɐ̃,ɔ.ɾɐ.ˈsɐ̃w̃,la,ɾɐ,2,2,,oração,prayer,Bandeira2017[366-412],
Fa d’Ambo,laˈsɐ̃,ɔɾɐˈsɐ̃w̃,la.ˈsɐ̃,ɔ.ɾɐ.ˈsɐ̃w̃,ˈsɐ̃,ˈsɐ̃w̃,3,3,,oração,prayer,Bandeira2017[366-412],
Fa d’Ambo,ˈsɐ̃tu,ˈsɐ̃tu,ˈsɐ̃.tu,ˈsɐ̃.tu,ˈsɐ̃,ˈsɐ̃,1,1,,santo,saint,Bandeira2017[366-412],
Fa d’Ambo,ˈsɐ̃tu,ˈsɐ̃tu,ˈsɐ̃.tu,ˈsɐ̃.tu,tu,tu,2,2,,santo,saint,Bandeira2017[366-412],
Fa d’Ambo,ˈalba,ˈɛɾvɐ,ˈal.ba,ˈɛɾ.vɐ,ˈal,ˈɛɾ,1,1,,erva,grass,Bandeira2017[366-412],
Fa d’Ambo,ˈalba,ˈɛɾvɐ,ˈal.ba,ˈɛɾ.vɐ,ba,vɐ,2,2,,erva,grass,Bandeira2017[366-412],
Fa d’Ambo,ˈo:,aɫguˈdɐ̃w̃,ˈo:,aɫ.gu.ˈdɐ̃w̃,,,,,,algodão,cotton,Bandeira2017[366-412],not of Portuguese origin
Fa d’Ambo,ˈfol,ˈfoʎɐ,ˈfol,ˈfo.ʎɐ,ˈfol,ˈfo,1,1,,folha,leaf,Bandeira2017[366-412],
Fa d’Ambo,ˈfol,ˈfoʎɐ,ˈfol,ˈfo.ʎɐ,-,ʎɐ,-,2,,folha,leaf,Bandeira2017[366-412],
Fa d’Ambo,ˈfɔ:l,ˈfloɾ,ˈfɔ:l,ˈfloɾ,ˈfɔ:l,ˈfloɾ,1,1,,flor,flower,Bandeira2017[366-412],
Fa d’Ambo,ˈxo:su,kɐˈɾosu,ˈxo:.su,kɐ.ˈɾo.su,ˈxo:,kɐ,1,1,,caroço,lump,Bandeira2017[366-412],
Fa d’Ambo,ˈxo:su,kɐˈɾosu,ˈxo:.su,kɐ.ˈɾo.su,-,ˈɾo,-,2,,caroço,lump,Bandeira2017[366-412],
Fa d’Ambo,ˈxo:su,kɐˈɾosu,ˈxo:.su,kɐ.ˈɾo.su,su,su,2,3,,caroço,lump,Bandeira2017[366-412],
Fa d’Ambo,ˈpalma,ˈpaɫmɐ,ˈpal.ma,ˈpaɫ.mɐ,ˈpal,ˈpaɫ,1,1,,palma,palm,Bandeira2017[366-412],
Fa d’Ambo,ˈpalma,ˈpaɫmɐ,ˈpal.ma,ˈpaɫ.mɐ,ma,mɐ,2,2,,palma,palm,Bandeira2017[366-412],
Fa d’Ambo,pa:ˈmitu,paɫˈmitu,pa:.ˈmi.tu,paɫ.ˈmi.tu,pa:,paɫ,1,1,,palmito,palm heart,Bandeira2017[366-412],
Fa d’Ambo,pa:ˈmitu,paɫˈmitu,pa:.ˈmi.tu,paɫ.ˈmi.tu,ˈmi,ˈmi,2,2,,palmito,palm heart,Bandeira2017[366-412],
Fa d’Ambo,pa:ˈmitu,paɫˈmitu,pa:.ˈmi.tu,paɫ.ˈmi.tu,tu,tu,3,3,,palmito,palm heart,Bandeira2017[366-412],
Fa d’Ambo,ʃiˈmɛnt̠ʃi,sɨˈmẽtɨ,ʃi.ˈmɛn.t̠ʃi,sɨ.ˈmẽ.tɨ,ʃi,sɨ,1,1,,semente,seed,Bandeira2017[366-412],
Fa d’Ambo,ʃiˈmɛnt̠ʃi,sɨˈmẽtɨ,ʃi.ˈmɛn.t̠ʃi,sɨ.ˈmẽ.tɨ,ˈmɛn,ˈmẽ,2,2,,semente,seed,Bandeira2017[366-412],
Fa d’Ambo,ʃiˈmɛnt̠ʃi,sɨˈmẽtɨ,ʃi.ˈmɛn.t̠ʃi,sɨ.ˈmẽ.tɨ,t̠ʃi,tɨ,3,3,,semente,seed,Bandeira2017[366-412],
Fa d’Ambo,ˈspiga,ɨʃˈpigɐ,ˈspi.ga,ɨʃ.ˈpi.gɐ,-,ɨʃ,-,1,,espiga,cob,Bandeira2017[366-412],
Fa d’Ambo,ˈspiga,ɨʃˈpigɐ,ˈspi.ga,ɨʃ.ˈpi.gɐ,ˈspi,ˈpi,1,2,,espiga,cob,Bandeira2017[366-412],
Fa d’Ambo,ˈspiga,ɨʃˈpigɐ,ˈspi.ga,ɨʃ.ˈpi.gɐ,ga,gɐ,2,3,,espiga,cob,Bandeira2017[366-412],
Fa d’Ambo,ˈbasu,ɐ̃j̃ˈbajʃu,ˈba.su,ɐ̃j̃.ˈbaj.ʃu,-,ɐ̃j̃,-,1,,embaixo,under,Bandeira2017[366-412],
Fa d’Ambo,ˈbasu,ɐ̃j̃ˈbajʃu,ˈba.su,ɐ̃j̃.ˈbaj.ʃu,ˈba,ˈbaj,1,2,,embaixo,under,Bandeira2017[366-412],
Fa d’Ambo,ˈbasu,ɐ̃j̃ˈbajʃu,ˈba.su,ɐ̃j̃.ˈbaj.ʃu,su,ʃu,2,3,,embaixo,under,Bandeira2017[366-412],
Fa d’Ambo,ˈdẽtulu,ˈdẽtɾu,ˈdẽ.tu.lu,ˈdẽ.tɾu,ˈdẽ,ˈdẽ,1,1,,dentro,in,Bandeira2017[366-412],
Fa d’Ambo,ˈdẽtulu,ˈdẽtɾu,ˈdẽ.tu.lu,ˈdẽ.tɾu,tu,tɾu,2,2,,dentro,in,Bandeira2017[366-412],
Fa d’Ambo,ˈdẽtulu,ˈdẽtɾu,ˈdẽ.tu.lu,ˈdẽ.tɾu,lu,-,3,-,,dentro,in,Bandeira2017[366-412],
Fa d’Ambo,ˈfɔla,ˈfɔɾɐ,ˈfɔ.la,ˈfɔ.ɾɐ,ˈfɔ,ˈfɔ,1,1,,fora,outside,Bandeira2017[366-412],
Fa d’Ambo,ˈfɔla,ˈfɔɾɐ,ˈfɔ.la,ˈfɔ.ɾɐ,la,ɾɐ,2,2,,fora,outside,Bandeira2017[366-412],
Fa d’Ambo,ˈpɛ:tu,ˈpɛɾtu,ˈpɛ:.tu,ˈpɛɾ.tu,ˈpɛ:,ˈpɛɾ,1,1,,perto,near,Bandeira2017[366-412],
Fa d’Ambo,ˈpɛ:tu,ˈpɛɾtu,ˈpɛ:.tu,ˈpɛɾ.tu,tu,tu,2,2,,perto,near,Bandeira2017[366-412],
Fa d’Ambo,ˈskɛd̠ʒi,ɨʃˈkeɾdu,ˈskɛ.d̠ʒi,ɨʃ.ˈkeɾ.du,-,ɨʃ,-,1,,esquerdo,left,Bandeira2017[366-412],
Fa d’Ambo,ˈskɛd̠ʒi,ɨʃˈkeɾdu,ˈskɛ.d̠ʒi,ɨʃ.ˈkeɾ.du,ˈskɛ,ˈkeɾ,1,2,,esquerdo,left,Bandeira2017[366-412],
Fa d’Ambo,ˈskɛd̠ʒi,ɨʃˈkeɾdu,ˈskɛ.d̠ʒi,ɨʃ.ˈkeɾ.du,d̠ʒi,du,2,3,,esquerdo,left,Bandeira2017[366-412],
Fa d’Ambo,baˈli,bɐˈʀiɫ,ba.ˈli,bɐ.ˈʀiɫ,ba,bɐ,1,1,,barril,barrel,Bandeira2017[366-412],
Fa d’Ambo,baˈli,bɐˈʀiɫ,ba.ˈli,bɐ.ˈʀiɫ,ˈli,ˈʀiɫ,2,2,,barril,barrel,Bandeira2017[366-412],
Fa d’Ambo,banˈdɛla,bɐ̃ˈdɐjɾɐ,ban.ˈdɛ.la,bɐ̃.ˈdɐj.ɾɐ,ban,bɐ̃,1,1,,bandeira,flag,Bandeira2017[366-412],
Fa d’Ambo,banˈdɛla,bɐ̃ˈdɐjɾɐ,ban.ˈdɛ.la,bɐ̃.ˈdɐj.ɾɐ,ˈdɛ,ˈdɐj,2,2,,bandeira,flag,Bandeira2017[366-412],
Fa d’Ambo,banˈdɛla,bɐ̃ˈdɐjɾɐ,ban.ˈdɛ.la,bɐ̃.ˈdɐj.ɾɐ,la,ɾɐ,3,3,,bandeira,flag,Bandeira2017[366-412],
Fa d’Ambo,ˈbɐ̃ŋku,ˈbɾɐ̃ku,ˈbɐ̃ŋ.ku,ˈbɐ̃.ku,ˈbɐ̃ŋ,ˈbɐ̃,1,1,,banco,bench,Bandeira2017[366-412],
Fa d’Ambo,ˈbɐ̃ŋku,ˈbɾɐ̃ku,ˈbɐ̃ŋ.ku,ˈbɐ̃.ku,ku,ku,2,2,,banco,bench,Bandeira2017[366-412],
Fa d’Ambo,bɔˈsɔl,vɐˈsoɾɐ,bɔ.ˈsɔl,vɐ.ˈso.ɾɐ,bɔ,vɐ,1,1,,vassoura,broom,Bandeira2017[366-412],
Fa d’Ambo,bɔˈsɔl,vɐˈsoɾɐ,bɔ.ˈsɔl,vɐ.ˈso.ɾɐ,ˈsɔl,ˈso,2,2,,vassoura,broom,Bandeira2017[366-412],
Fa d’Ambo,bɔˈsɔl,vɐˈsoɾɐ,bɔ.ˈsɔl,vɐ.ˈso.ɾɐ,-,ɾɐ,3,3,,vassoura,broom,Bandeira2017[366-412],
Fa d’Ambo,bɔnˈtɐ̃,buˈtɐ̃w̃,bɔn.ˈtɐ̃,bu.ˈtɐ̃w̃,bɔn,bu,1,1,,botão,button,Bandeira2017[366-412],
Fa d’Ambo,bɔnˈtɐ̃,buˈtɐ̃w̃,bɔn.ˈtɐ̃,bu.ˈtɐ̃w̃,ˈtɐ̃,ˈtɐ̃w̃,2,2,,botão,button,Bandeira2017[366-412],
Fa d’Ambo,ˈfaxa,ˈfakɐ,ˈfa.xa,ˈfa.kɐ,ˈfa,ˈfa,1,1,,faca,knife,Bandeira2017[366-412],
Fa d’Ambo,ˈfaxa,ˈfakɐ,ˈfa.xa,ˈfa.kɐ,xa,kɐ,2,2,,faca,knife,Bandeira2017[366-412],
Fa d’Ambo,fiˈnẽt̠ʃi,aɫfiˈnetɨ,fi.ˈnẽ.t̠ʃi,aɫ.fi.ˈne.tɨ,-,aɫ,-,1,,alfinete,pin,Bandeira2017[366-412],
Fa d’Ambo,fiˈnẽt̠ʃi,aɫfiˈnetɨ,fi.ˈnẽ.t̠ʃi,aɫ.fi.ˈne.tɨ,fi,fi,1,2,,alfinete,pin,Bandeira2017[366-412],
Fa d’Ambo,fiˈnẽt̠ʃi,aɫfiˈnetɨ,fi.ˈnẽ.t̠ʃi,aɫ.fi.ˈne.tɨ,ˈnẽ,ˈne,2,3,,alfinete,pin,Bandeira2017[366-412],
Fa d’Ambo,fiˈnẽt̠ʃi,aɫfiˈnetɨ,fi.ˈnẽ.t̠ʃi,aɫ.fi.ˈne.tɨ,t̠ʃi,tɨ,3,4,,alfinete,pin,Bandeira2017[366-412],
Fa d’Ambo,gaˈlafa,gɐˈʀafɐ,ga.ˈla.fa,gɐ.ˈʀa.fɐ,ga,gɐ,1,1,,garrafa,bottle,Bandeira2017[366-412],
Fa d’Ambo,gaˈlafa,gɐˈʀafɐ,ga.ˈla.fa,gɐ.ˈʀa.fɐ,ˈla,ˈʀa,2,2,,garrafa,bottle,Bandeira2017[366-412],
Fa d’Ambo,gaˈlafa,gɐˈʀafɐ,ga.ˈla.fa,gɐ.ˈʀa.fɐ,fa,fɐ,3,3,,garrafa,bottle,Bandeira2017[366-412],
Fa d’Ambo,ˈgɛfa,ˈgaɾfu,ˈgɛ.fa,ˈgaɾ.fu,ˈgɛ,ˈgaɾ,1,1,,garfo,fork,Bandeira2017[366-412],
Fa d’Ambo,ˈgɛfa,ˈgaɾfu,ˈgɛ.fa,ˈgaɾ.fu,fa,fu,2,2,,garfo,fork,Bandeira2017[366-412],
Fa d’Ambo,ˈxɔ:dɔ,ˈkɔɾdɐ,ˈxɔ:.dɔ,ˈkɔɾ.dɐ,ˈxɔ:,ˈkɔɾ,1,1,,corda,rope,Bandeira2017[366-412],
Fa d’Ambo,ˈxɔ:dɔ,ˈkɔɾdɐ,ˈxɔ:.dɔ,ˈkɔɾ.dɐ,dɔ,dɐ,2,2,,corda,rope,Bandeira2017[366-412],
Fa d’Ambo,xoaˈdol,kuɐˈdoɾ,xo.a.ˈdol,ku.ɐ.ˈdoɾ,xo,ku,1,1,,coador,strainer,Bandeira2017[366-412],
Fa d’Ambo,xoaˈdol,kuɐˈdoɾ,xo.a.ˈdol,ku.ɐ.ˈdoɾ,a,ɐ,2,2,,coador,strainer,Bandeira2017[366-412],
Fa d’Ambo,xoaˈdol,kuɐˈdoɾ,xo.a.ˈdol,ku.ɐ.ˈdoɾ,ˈdol,ˈdoɾ,3,3,,coador,strainer,Bandeira2017[366-412],
Fa d’Ambo,ˈlɐ̃sa,ˈlɐ̃sɐ,ˈlɐ̃.sa,ˈlɐ̃.sɐ,ˈlɐ̃,ˈlɐ̃,1,1,,lança,lance,Bandeira2017[366-412],
Fa d’Ambo,ˈlɐ̃sa,ˈlɐ̃sɐ,ˈlɐ̃.sa,ˈlɐ̃.sɐ,sa,sɐ,2,2,,lança,lance,Bandeira2017[366-412],
Fa d’Ambo,ma:ˈtɛlu,mɐɾˈtɛlu,ma:.ˈtɛ.lu,mɐɾ.ˈtɛ.lu,ma:,mɐɾ,1,1,,martelo,hammer,Bandeira2017[366-412],
Fa d’Ambo,ma:ˈtɛlu,mɐɾˈtɛlu,ma:.ˈtɛ.lu,mɐɾ.ˈtɛ.lu,ˈtɛ,ˈtɛ,2,2,,martelo,hammer,Bandeira2017[366-412],
Fa d’Ambo,ma:ˈtɛlu,mɐɾˈtɛlu,ma:.ˈtɛ.lu,mɐɾ.ˈtɛ.lu,lu,lu,3,3,,martelo,hammer,Bandeira2017[366-412],
Fa d’Ambo,maˈʃadu,mɐˈʃadu,ma.ˈʃa.du,mɐ.ˈʃa.du,ma:,mɐ,1,1,,machado,ax,Bandeira2017[366-412],
Fa d’Ambo,maˈʃadu,mɐˈʃadu,ma.ˈʃa.du,mɐ.ˈʃa.du,ˈʃa,ˈʃa,2,2,,machado,ax,Bandeira2017[366-412],
Fa d’Ambo,maˈʃadu,mɐˈʃadu,ma.ˈʃa.du,mɐ.ˈʃa.du,du,du,3,3,,machado,ax,Bandeira2017[366-412],
Fa d’Ambo,ˈpɛ̃int̠ʃi,ˈpẽtɨ,ˈpɛ̃.in.t̠ʃi,ˈpẽ.tɨ,ˈpɛ̃,ˈpẽ,1,1,,pente,comb,Bandeira2017[366-412],
Fa d’Ambo,ˈpɛ̃int̠ʃi,ˈpẽtɨ,ˈpɛ̃.in.t̠ʃi,ˈpẽ.tɨ,in,-,2,-,,pente,comb,Bandeira2017[366-412],
Fa d’Ambo,ˈpɛ̃int̠ʃi,ˈpẽtɨ,ˈpɛ̃.in.t̠ʃi,ˈpẽ.tɨ,t̠ʃi,tɨ,3,2,,pente,comb,Bandeira2017[366-412],
Fa d’Ambo,utaˈdol,ũtɐˈdoɾ,u.ta.ˈdol,ũ.tɐ.ˈdoɾ,u,ũ,1,1,,untador,sieve,Bandeira2017[366-412],
Fa d’Ambo,utaˈdol,ũtɐˈdoɾ,u.ta.ˈdol,ũ.tɐ.ˈdoɾ,ta,tɐ,2,2,,untador,sieve,Bandeira2017[366-412],
Fa d’Ambo,utaˈdol,ũtɐˈdoɾ,u.ta.ˈdol,ũ.tɐ.ˈdoɾ,ˈdol,ˈdoɾ,3,3,,untador,sieve,Bandeira2017[366-412],
Fa d’Ambo,ˈpa:tu,ˈpɾatu,ˈpa:.tu,ˈpɾa.tu,ˈpa:,ˈpɾa,1,1,,prato,plate,Bandeira2017[366-412],
Fa d’Ambo,ˈpa:tu,ˈpɾatu,ˈpa:.tu,ˈpɾa.tu,tu,tu,2,2,,prato,plate,Bandeira2017[366-412],
Fa d’Ambo,ˈpɛ:gu,ˈpɾɛgu,ˈpɛ:.gu,ˈpɾɛ.gu,ˈpɛ:,ˈpɾɛ,1,1,,prego,nail,Bandeira2017[366-412],
Fa d’Ambo,ˈpɛ:gu,ˈpɾɛgu,ˈpɛ:.gu,ˈpɾɛ.gu,gu,gu,2,2,,prego,nail,Bandeira2017[366-412],
Fa d’Ambo,ˈloda,ˈʀɔdɐ,ˈlo.da,ˈʀɔ.dɐ,ˈlo,ˈʀɔ,1,1,,roda,wheel,Bandeira2017[366-412],
Fa d’Ambo,ˈloda,ˈʀɔdɐ,ˈlo.da,ˈʀɔ.dɐ,da,dɐ,2,2,,roda,wheel,Bandeira2017[366-412],
Fa d’Ambo,ˈt̠ʃinu,ˈsinu,ˈt̠ʃi.nu,ˈsi.nu,ˈt̠ʃi,ˈsi,1,1,,sino,bell,Bandeira2017[366-412],
Fa d’Ambo,ˈt̠ʃinu,ˈsinu,ˈt̠ʃi.nu,ˈsi.nu,nu,nu,2,2,,sino,bell,Bandeira2017[366-412],
Fa d’Ambo,suˈpɛ,ɨʃˈpɐʎu,su.ˈpɛ,ɨʃ.ˈpɐ.ʎu,su,ɨʃ,1,1,,espelho,mirror,Bandeira2017[366-412],
Fa d’Ambo,suˈpɛ,ɨʃˈpɐʎu,su.ˈpɛ,ɨʃ.ˈpɐ.ʎu,ˈpɛ,ˈpɐ,2,2,,espelho,mirror,Bandeira2017[366-412],
Fa d’Ambo,suˈpɛ,ɨʃˈpɐʎu,su.ˈpɛ,ɨʃ.ˈpɐ.ʎu,-,ʎu,-,3,,espelho,mirror,Bandeira2017[366-412],
Fa d’Ambo,kuˈbierta,kuˈbɛɾtɐ,ku.ˈbi.er.ta,ku.ˈbɛɾ.tɐ,ku,ku,1,1,,cuberta,cover,Bandeira2017[366-412],
Fa d’Ambo,kuˈbierta,kuˈbɛɾtɐ,ku.ˈbi.er.ta,ku.ˈbɛɾ.tɐ,ˈbi,ˈbɛɾ,2,2,metathesis,cuberta,cover,Bandeira2017[366-412],
Fa d’Ambo,kuˈbierta,kuˈbɛɾtɐ,ku.ˈbi.er.ta,ku.ˈbɛɾ.tɐ,er,-,3,-,,cuberta,cover,Bandeira2017[366-412],
Fa d’Ambo,kuˈbierta,kuˈbɛɾtɐ,ku.ˈbi.er.ta,ku.ˈbɛɾ.tɐ,ta,tɐ,4,3,,cuberta,cover,Bandeira2017[366-412],
Fa d’Ambo,kasoˈlola,kɐsɐˈɾɔlɐ,ka.so.ˈlo.la,kɐ.sɐ.ˈɾɔ.lɐ,ka,kɐ,1,1,,caçarola,pan,Bandeira2017[366-412],
Fa d’Ambo,kasoˈlola,kɐsɐˈɾɔlɐ,ka.so.ˈlo.la,kɐ.sɐ.ˈɾɔ.lɐ,so,sɐ,2,2,,caçarola,pan,Bandeira2017[366-412],
Fa d’Ambo,kasoˈlola,kɐsɐˈɾɔlɐ,ka.so.ˈlo.la,kɐ.sɐ.ˈɾɔ.lɐ,ˈlo,ˈɾɔ,3,3,assimilation,caçarola,pan,Bandeira2017[366-412],
Fa d’Ambo,kasoˈlola,kɐsɐˈɾɔlɐ,ka.so.ˈlo.la,kɐ.sɐ.ˈɾɔ.lɐ,la,lɐ,4,4,,caçarola,pan,Bandeira2017[366-412],
Fa d’Ambo,ˈvela,ˈvɛlɐ,ˈve.la,ˈvɛ.lɐ,ˈve,ˈvɛ,1,1,,vela,candle,Bandeira2017[366-412],
Fa d’Ambo,ˈvela,ˈvɛlɐ,ˈve.la,ˈvɛ.lɐ,la,lɐ,2,2,,vela,candle,Bandeira2017[366-412],
Fa d’Ambo,ˈbiʃi,vɨʃˈtidu,ˈbi.ʃi,vɨʃ.ˈti.du,ˈbi,vɨʃ,1,1,,vestido,dress,Bandeira2017[366-412],
Fa d’Ambo,ˈbiʃi,vɨʃˈtidu,ˈbi.ʃi,vɨʃ.ˈti.du,ʃi,ˈti,2,2,,vestido,dress,Bandeira2017[366-412],
Fa d’Ambo,ˈbiʃi,vɨʃˈtidu,ˈbi.ʃi,vɨʃ.ˈti.du,-,du,-,3,,vestido,dress,Bandeira2017[366-412],
Fa d’Ambo,ˈbɔta,ˈbɔta,ˈbɔ.ta,ˈbɔ.ta,ˈbɔ,ˈbɔ,1,1,,bota,boot,Bandeira2017[366-412],
Fa d’Ambo,ˈbɔta,ˈbɔta,ˈbɔ.ta,ˈbɔ.ta,ta,tɐ,2,2,,bota,boot,Bandeira2017[366-412],
Fa d’Ambo,xaˈmĩza,kɐˈmizɐ,xa.ˈmĩ.za,kɐ.ˈmi.zɐ,xa,kɐ,1,1,,camisa,shirt,Bandeira2017[366-412],
Fa d’Ambo,xaˈmĩza,kɐˈmizɐ,xa.ˈmĩ.za,kɐ.ˈmi.zɐ,ˈmĩ,ˈmi,2,2,,camisa,shirt,Bandeira2017[366-412],
Fa d’Ambo,xaˈmĩza,kɐˈmizɐ,xa.ˈmĩ.za,kɐ.ˈmi.zɐ,za,zɐ,3,3,,camisa,shirt,Bandeira2017[366-412],
Fa d’Ambo,xa:ˈsɐ̃,kaɫˈsɐ̃w̃,xa:.ˈsɐ̃,kaɫ.ˈsɐ̃w̃,xa:,kaɫ,1,1,,calção,short trousers,Bandeira2017[366-412],
Fa d’Ambo,xa:ˈsɐ̃,kaɫˈsɐ̃w̃,xa:.ˈsɐ̃,kaɫ.ˈsɐ̃w̃,ˈsɐ̃,ˈsɐ̃w̃,2,2,,calção,short trousers,Bandeira2017[366-412],
Fa d’Ambo,ˈmɛja,ˈmɐjɐ,ˈmɛ.ja,ˈmɐj.ɐ,ˈmɛ,ˈmɐj,1,1,,meia,sock,Bandeira2017[366-412],
Fa d’Ambo,ˈmɛja,ˈmɐjɐ,ˈmɛ.ja,ˈmɐj.ɐ,ja,ɐ,2,2,,meia,sock,Bandeira2017[366-412],
Fa d’Ambo,ˈsɛja,ˈsajɐ,ˈsɛ.ja,ˈsaj.ɐ,ˈsɛ,ˈsaj,1,1,,saia,skirt,Bandeira2017[366-412],
Fa d’Ambo,ˈsɛja,ˈsajɐ,ˈsɛ.ja,ˈsaj.ɐ,ja,ɐ,2,2,,saia,skirt,Bandeira2017[366-412],
Fa d’Ambo,ˈsɛda,ˈsedɐ,ˈsɛ.da,ˈse.dɐ,ˈsɛ,ˈse,1,1,,seda,silk,Bandeira2017[366-412],
Fa d’Ambo,ˈsɛda,ˈsedɐ,ˈsɛ.da,ˈse.dɐ,da,dɐ,2,2,,seda,silk,Bandeira2017[366-412],
Fa d’Ambo,teˈʃidu,tɨˈsidu,te.ˈʃi.du,tɨ.ˈsi.du,te,tɨ,1,1,,tecido,fabric,Bandeira2017[366-412],
Fa d’Ambo,teˈʃidu,tɨˈsidu,te.ˈʃi.du,tɨ.ˈsi.du,ˈʃi,ˈsi,2,2,,tecido,fabric,Bandeira2017[366-412],
Fa d’Ambo,teˈʃidu,tɨˈsidu,te.ˈʃi.du,tɨ.ˈsi.du,du,du,3,3,,tecido,fabric,Bandeira2017[366-412],
Fa d’Ambo,ˈiʎe,ˈiʎɐ,ˈi.ʎe,ˈi.ʎɐ,ˈi,ˈi,1,1,,Ilha do Príncipe,Príncipe,Bandeira2017[366-412],
Fa d’Ambo,ˈiʎe,ˈiʎɐ,ˈi.ʎe,ˈi.ʎɐ,ʎe,ʎɐ,2,2,,Ilha do Príncipe,Príncipe,Bandeira2017[366-412],
Fa d’Ambo,ˈpilĩʃipi,ˈpɾĩsɨpɨ,ˈpi.lĩ.ʃi.pi,ˈpɾĩ.sɨ.pɨ,ˈpi,ˈpɾĩ,1,1,,Príncipe,prince,Bandeira2017[366-412],
Fa d’Ambo,ˈpilĩʃipi,ˈpɾĩsɨpɨ,ˈpi.lĩ.ʃi.pi,ˈpɾĩ.sɨ.pɨ,lĩ,-,2,-,,Príncipe,prince,Bandeira2017[366-412],
Fa d’Ambo,ˈpilĩʃipi,ˈpɾĩsɨpɨ,ˈpi.lĩ.ʃi.pi,ˈpɾĩ.sɨ.pɨ,ʃi,sɨ,3,2,,Príncipe,prince,Bandeira2017[366-412],
Fa d’Ambo,ˈpilĩʃipi,ˈpɾĩsɨpɨ,ˈpi.lĩ.ʃi.pi,ˈpɾĩ.sɨ.pɨ,pi,pɨ,4,3,,Príncipe,prince,Bandeira2017[366-412],
Fa d’Ambo,ˈd̠ʒielu,diˈɲɐjɾu,ˈd̠ʒi.e.lu,di.ˈɲɐj.ɾu,ˈd̠ʒi,di,1,1,,dinheiro,money,Bandeira2017[366-412],
Fa d’Ambo,ˈd̠ʒielu,diˈɲɐjɾu,ˈd̠ʒi.e.lu,di.ˈɲɐj.ɾu,e,ˈɲɐj,2,2,,dinheiro,money,Bandeira2017[366-412],
Fa d’Ambo,ˈd̠ʒielu,diˈɲɐjɾu,ˈd̠ʒi.e.lu,di.ˈɲɐj.ɾu,lu,ɾu,3,3,,dinheiro,money,Bandeira2017[366-412],
Fa d’Ambo,faˈvolu,fɐˈvoɾ,fa.ˈvo.lu,fɐ.ˈvoɾ,fa,fɐ,1,1,,favor,favor,Bandeira2017[366-412],
Fa d’Ambo,faˈvolu,fɐˈvoɾ,fa.ˈvo.lu,fɐ.ˈvoɾ,ˈvo,ˈvoɾ,2,2,,favor,favor,Bandeira2017[366-412],
Fa d’Ambo,faˈvolu,fɐˈvoɾ,fa.ˈvo.lu,fɐ.ˈvoɾ,lu,-,3,-,,favor,favor,Bandeira2017[366-412],
Fa d’Ambo,fo:ˈtuna,fuɾˈtunɐ,fo:.ˈtu.na,fuɾ.ˈtu.nɐ,fo:,fuɾ,1,1,,fortuna,luck,Bandeira2017[366-412],
Fa d’Ambo,fo:ˈtuna,fuɾˈtunɐ,fo:.ˈtu.na,fuɾ.ˈtu.nɐ,ˈtu,ˈtu,2,2,,fortuna,luck,Bandeira2017[366-412],
Fa d’Ambo,fo:ˈtuna,fuɾˈtunɐ,fo:.ˈtu.na,fuɾ.ˈtu.nɐ,na,nɐ,3,3,,fortuna,luck,Bandeira2017[366-412],
Fa d’Ambo,xaˈmĩu,kɐˈmiɲu,xa.ˈmĩ.u,kɐ.ˈmi.ɲu,xa,kɐ,1,1,,caminho,path,Bandeira2017[366-412],
Fa d’Ambo,xaˈmĩu,kɐˈmiɲu,xa.ˈmĩ.u,kɐ.ˈmi.ɲu,ˈmĩ,ˈmi,2,2,,caminho,path,Bandeira2017[366-412],
Fa d’Ambo,xaˈmĩu,kɐˈmiɲu,xa.ˈmĩ.u,kɐ.ˈmi.ɲu,u,ɲu,3,3,,caminho,path,Bandeira2017[366-412],
Fa d’Ambo,ˈxata,ˈkaɾtɐ,ˈxa.ta,ˈkaɾ.tɐ,ˈxa,ˈkaɾ,1,1,,carta,letter,Bandeira2017[366-412],
Fa d’Ambo,ˈxata,ˈkaɾtɐ,ˈxa.ta,ˈkaɾ.tɐ,ta,tɐ,2,2,,carta,letter,Bandeira2017[366-412],
Fa d’Ambo,xazaˈmẽtu,kɐzɐˈmẽtu,xa.za.ˈmẽ.tu,kɐ.zɐ.ˈmẽ.tu,xa,kɐ,1,1,,casamento,marriage,Bandeira2017[366-412],
Fa d’Ambo,xazaˈmẽtu,kɐzɐˈmẽtu,xa.za.ˈmẽ.tu,kɐ.zɐ.ˈmẽ.tu,za,zɐ,2,2,,casamento,marriage,Bandeira2017[366-412],
Fa d’Ambo,xazaˈmẽtu,kɐzɐˈmẽtu,xa.za.ˈmẽ.tu,kɐ.zɐ.ˈmẽ.tu,ˈmẽ,ˈmẽ,3,3,,casamento,marriage,Bandeira2017[366-412],
Fa d’Ambo,xazaˈmẽtu,kɐzɐˈmẽtu,xa.za.ˈmẽ.tu,kɐ.zɐ.ˈmẽ.tu,tu,tu,4,4,,casamento,marriage,Bandeira2017[366-412],
Fa d’Ambo,ˈxɔbɔ,buˈɾaku,ˈxɔ.bɔ,bu.ˈɾa.ku,,,,,,buraco,hole,Bandeira2017[366-412],not of Portuguese origin
Fa d’Ambo,liˈsɐ̃,liˈsɐ̃w̃,li.ˈsɐ̃,li.ˈsɐ̃w̃,li,li,1,1,,lição,﻿lesson,Bandeira2017[366-412],
Fa d’Ambo,liˈsɐ̃,liˈsɐ̃w̃,li.ˈsɐ̃,li.ˈsɐ̃w̃,ˈsɐ̃,ˈsɐ̃w̃,2,2,,lição,﻿lesson,Bandeira2017[366-412],
Fa d’Ambo,ˈmɔt̠ʃi,ˈmɔɾtɨ,ˈmɔ.t̠ʃi,ˈmɔɾ.tɨ,ˈmɔ,ˈmɔɾ,1,1,,morte,death,Bandeira2017[366-412],
Fa d’Ambo,ˈmɔt̠ʃi,ˈmɔɾtɨ,ˈmɔ.t̠ʃi,ˈmɔɾ.tɨ,t̠ʃi,tɨ,2,2,,morte,death,Bandeira2017[366-412],
Fa d’Ambo,paˈlavala,pɐˈlavɾɐ,pa.ˈla.va.la,pɐ.ˈla.vɾɐ,pa,pɐ,1,1,,palavra,word,Bandeira2017[366-412],
Fa d’Ambo,paˈlavala,pɐˈlavɾɐ,pa.ˈla.va.la,pɐ.ˈla.vɾɐ,ˈla,ˈla,2,2,,palavra,word,Bandeira2017[366-412],
Fa d’Ambo,paˈlavala,pɐˈlavɾɐ,pa.ˈla.va.la,pɐ.ˈla.vɾɐ,va,vɾɐ,3,3,,palavra,word,Bandeira2017[366-412],
Fa d’Ambo,paˈlavala,pɐˈlavɾɐ,pa.ˈla.va.la,pɐ.ˈla.vɾɐ,la,-,4,-,,palavra,word,Bandeira2017[366-412],
Fa d’Ambo,pɐ̃ˈxada,pɐ̃ˈkadɐ,pɐ̃.ˈxa.da,pɐ̃.ˈka.dɐ,pɐ̃,pɐ̃,1,1,,pancada,blow,Bandeira2017[366-412],
Fa d’Ambo,pɐ̃ˈxada,pɐ̃ˈkadɐ,pɐ̃.ˈxa.da,pɐ̃.ˈka.dɐ,ˈxa,ˈka,2,2,,pancada,blow,Bandeira2017[366-412],
Fa d’Ambo,pɐ̃ˈxada,pɐ̃ˈkadɐ,pɐ̃.ˈxa.da,pɐ̃.ˈka.dɐ,da,dɐ,3,3,,pancada,blow,Bandeira2017[366-412],
Fa d’Ambo,ˈpɔtɔ,ˈpɔɾtɐ,ˈpɔ.tɔ,ˈpɔɾ.tɐ,ˈpɔ,ˈpɔɾ,1,1,,porta,door,Bandeira2017[366-412],
Fa d’Ambo,ˈpɔtɔ,ˈpɔɾtɐ,ˈpɔ.tɔ,ˈpɔɾ.tɐ,tɔ,tɐ,2,2,,porta,door,Bandeira2017[366-412],
Fa d’Ambo,ˈlɛ:tu,ˈʀɛʃtu,ˈlɛ:.tu,ˈʀɛʃ.tu,ˈlɛ:,ˈʀɛʃ,1,1,,resto,leftovers,Bandeira2017[366-412],
Fa d’Ambo,ˈlɛ:tu,ˈʀɛʃtu,ˈlɛ:.tu,ˈʀɛʃ.tu,tu,tu,2,2,,resto,leftovers,Bandeira2017[366-412],
Fa d’Ambo,saˈbɐ̃,sɐˈbɐ̃w̃,sa.ˈbɐ̃,sɐ.ˈbɐ̃w̃,sa,sɐ,1,1,,sabão,soap,Bandeira2017[366-412],
Fa d’Ambo,saˈbɐ̃,sɐˈbɐ̃w̃,sa.ˈbɐ̃,sɐ.ˈbɐ̃w̃,ˈbɐ̃,ˈbɐ̃w̃,2,2,,sabão,soap,Bandeira2017[366-412],
Fa d’Ambo,ˈt̠ʃĩta,ˈtĩtɐ,ˈt̠ʃĩ.ta,ˈtĩ.tɐ,ˈt̠ʃĩ,ˈtĩ,1,1,,tinta,ink,Bandeira2017[366-412],
Fa d’Ambo,ˈt̠ʃĩta,ˈtĩtɐ,ˈt̠ʃĩ.ta,ˈtĩ.tɐ,ta,tɐ,2,2,,tinta,ink,Bandeira2017[366-412],
Fa d’Ambo,tɔ:ˈmɛ̃tu,tuɾˈmẽtu,tɔ:.ˈmɛ̃.tu,tuɾ.ˈmẽ.tu,tɔ:,tuɾ,1,1,,tormento,"noise, confusion",Bandeira2017[366-412],
Fa d’Ambo,tɔ:ˈmɛ̃tu,tuɾˈmẽtu,tɔ:.ˈmɛ̃.tu,tuɾ.ˈmẽ.tu,ˈmɛ̃,ˈmẽ,2,2,,tormento,"noise, confusion",Bandeira2017[366-412],
Fa d’Ambo,tɔ:ˈmɛ̃tu,tuɾˈmẽtu,tɔ:.ˈmɛ̃.tu,tuɾ.ˈmẽ.tu,tu,tu,3,3,,tormento,"noise, confusion",Bandeira2017[366-412],
Fa d’Ambo,ˈmbo,moˈfu,ˈmbo,mo.ˈfu,ˈmbo,mo,1,1,,mofo,mold,Bandeira2017[366-412],
Fa d’Ambo,ˈmbo,moˈfu,ˈmbo,mo.ˈfu,-,ˈfu,2,2,,mofo,mold,Bandeira2017[366-412],
Fa d’Ambo,ve:ˈdad̠ʒi,vɨɾˈdadɨ,ve:.ˈda.d̠ʒi,vɨɾ.ˈda.dɨ,ve:,vɨɾ,1,1,,verdade,truth,Bandeira2017[366-412],
Fa d’Ambo,ve:ˈdad̠ʒi,vɨɾˈdadɨ,ve:.ˈda.d̠ʒi,vɨɾ.ˈda.dɨ,ˈda,ˈda,2,2,,verdade,truth,Bandeira2017[366-412],
Fa d’Ambo,ve:ˈdad̠ʒi,vɨɾˈdadɨ,ve:.ˈda.d̠ʒi,vɨɾ.ˈda.dɨ,d̠ʒi,dɨ,3,3,,verdade,truth,Bandeira2017[366-412],